# File generated by ImageToStl.com - Free Image and 3D model conversion tools

mtllib turkish evil eye bead.mtl

o obj1
v 0.17092139 -0.45511305 0.01783311
v 0.18441795 -0.44996199 0.01139686
v 0.17886585 -0.45001379 0.02128607
v 0.17187661 -0.45127511 0.02479827
v 0.14999539 -0.45988271 0.02745783
v 0.14979942 -0.46016791 0.02725582
v 0.15045434 -0.45982057 0.02729166
v 0.15397726 -0.46319455 0.01059932
v 0.17088389 -0.45636371 0.0012718
v 0.15581004 -0.46209356 -0.00593277
v 0.17695034 -0.45076138 -0.01361315
v 0.17122906 -0.45220584 -0.01428968
v 0.17487717 -0.45094004 -0.01423854
v 0.14886856 -0.45997107 0.02765632
v 0.14979798 -0.46014518 0.02723259
v 0.14999093 -0.45987436 0.02744551
v 0.12864262 -0.46643877 0.02520663
v 0.12591225 -0.47159374 0.02027327
v 0.13016079 -0.47135893 0.0187895
v 0.12864262 -0.46643877 0.02520663
v 0.12975043 -0.45821244 0.03310806
v 0.10830599 -0.4617981 0.03503788
v 0.10433698 -0.46802333 0.03126079
v 0.11086673 -0.46659103 0.03078055
v 0.11956573 -0.46169031 0.03349787
v 0.11086673 -0.46659103 0.03078055
v 0.10433698 -0.46802333 0.03126079
v 0.1061937 -0.4774006 0.01571975
v 0.13378452 -0.47111294 0.00525971
v 0.12784566 -0.47005805 -0.01088763
v 0.15179729 -0.46025214 -0.01110309
v 0.11003023 -0.46314415 -0.01871568
v 0.12788767 -0.46990687 -0.01086652
v 0.10883743 -0.47546831 -0.00982839
v 0.11653341 -0.47596321 0.00198374
v 0.0961529 -0.48056182 -0.00201626
v 0.10883743 -0.47546831 -0.00982839
v 0.13058706 -0.45544076 -0.021256
v 0.14930119 -0.45350358 -0.01949386
v 0.13096863 -0.46701849 -0.01254243
v 0.08601574 -0.46108037 0.03703979
v 0.08065969 -0.477211 0.02772093
v 0.09058553 -0.47613969 0.02635306
v 0.09058553 -0.47613969 0.02635306
v 0.06813505 -0.4830125 0.01931806
v 0.08065969 -0.477211 0.02772093
v 0.06480312 -0.46106356 0.03911221
v 0.05852675 -0.47298709 0.03396064
v 0.07003117 -0.47138068 0.03346729
v 0.07003117 -0.47138068 0.03346729
v 0.06750989 -0.48103273 0.02378756
v 0.06016773 -0.481363 0.02483386
v 0.10637002 -0.45762822 -0.02192225
v 0.08868837 -0.47517702 -0.01523826
v 0.09530079 -0.476457 -0.01240861
v 0.08455934 -0.48214886 0.01091083
v 0.09769224 -0.48068452 0.00244648
v 0.08195081 -0.48297298 -0.0025516
v 0.08720577 -0.47739771 -0.01274383
v 0.0722366 -0.48093837 -0.01248413
v 0.06468257 -0.48328179 -0.01077156
v 0.06597 -0.48223826 -0.01197803
v 0.06465038 -0.48529962 0.0048411
v 0.08870345 -0.47522342 -0.01530468
v 0.08720577 -0.47739771 -0.01274383
v 0.08658826 -0.47524282 -0.01528324
v 0.08658558 -0.47530833 -0.01540893
v 0.0423722 -0.4608413 0.0397735
v 0.06016773 -0.481363 0.02483386
v 0.04962385 -0.47884715 0.03054011
v 0.03556538 -0.47963208 0.03136194
v 0.04962385 -0.47884715 0.03054011
v 0.04193845 -0.48741472 0.01684557
v 0.01383561 -0.4757733 0.0350675
v 0.02785718 -0.47460246 0.03458935
v 0.02683896 -0.48254576 0.02834284
v 0.02114953 -0.4865548 0.02149574
v 0.02683896 -0.48254576 0.02834284
v 0.01479423 -0.48263201 0.0294885
v 0.03556538 -0.47963208 0.03136194
v 0.06468278 -0.48328432 -0.01077288
v 0.06257212 -0.48217034 -0.01256078
v 0.06597 -0.48223826 -0.01197803
v 0.04412055 -0.48811433 0.00112851
v 0.04218085 -0.48715892 -0.00662863
v 0.02089436 -0.48986143 0.00664269
v 0.01865025 -0.48911071 -0.000634
v 0.02660888 -0.48595285 -0.01230627
v 0.04369491 -0.48246908 -0.01302904
v 0.04369491 -0.48246908 -0.01302904
v 0.04515925 -0.4763914 -0.01859487
v 0.02327056 -0.48500946 -0.01360442
v 0.02266753 -0.48578569 -0.01302761
v 0.02217227 -0.48503634 -0.01363605
v 0.02266757 -0.48578665 -0.01302839
v 0.02327079 -0.48502651 -0.01362538
v -0.00095717 -0.46115902 0.04053488
v 0.00737381 -0.48020312 0.03274721
v 0.01479423 -0.48263201 0.0294885
v 0.00737381 -0.48020312 0.03274721
v 0.00251645 -0.4868077 0.02309233
v -0.02242702 -0.46070862 0.04121071
v -0.02932477 -0.47563586 0.03500998
v -0.01467443 -0.4761366 0.03525388
v -0.00831866 -0.48025334 0.03273529
v -0.01584482 -0.48266 0.02954817
v -0.0232147 -0.48647425 0.02189752
v -0.01584482 -0.48266 0.02954817
v -0.02828115 -0.48254851 0.02906954
v -0.00058625 -0.4895986 0.01844559
v -0.00831866 -0.48025334 0.03273529
v -0.01050014 -0.48975763 0.00124318
v 0.0003355 -0.48857003 -0.00787562
v 0.01788306 -0.48634398 -0.01229405
v 0.00063562 -0.48410416 -0.01298755
v -0.02219652 -0.48986879 0.00704139
v -0.01630145 -0.48629609 -0.01235044
v 0.02217227 -0.48503634 -0.01363605
v -0.02103214 -0.48488685 -0.01374492
v -0.02163774 -0.4856846 -0.01314104
v -0.02219367 -0.48489526 -0.01376218
v -0.02163837 -0.48569182 -0.01314894
v -0.02103198 -0.48490337 -0.01376677
v -0.04433809 -0.46142763 0.04063899
v -0.03610075 -0.47991127 0.03189874
v -0.02828115 -0.48254851 0.02906954
v -0.03610075 -0.47991127 0.03189874
v -0.04318472 -0.48746228 0.01763684
v -0.065512 -0.46102285 0.03998506
v -0.07080328 -0.47206083 0.03385401
v -0.05865335 -0.47393388 0.03435528
v -0.05075961 -0.4791522 0.0310815
v -0.05075961 -0.4791522 0.0310815
v -0.05865335 -0.47393388 0.03435528
v -0.06862972 -0.48106509 0.024589
v -0.05644062 -0.48680338 0.00021338
v -0.04396818 -0.48675552 -0.0068843
v -0.04302287 -0.48241487 -0.01308829
v -0.064409 -0.48603022 0.00461226
v -0.07028729 -0.48326188 0.01914079
v -0.06436153 -0.483289 -0.01165935
v -0.0229483 -0.45877966 -0.02639413
v -0.04408347 -0.47642332 -0.01865649
v -0.04630865 -0.47470236 -0.01895722
v -0.06377932 -0.48310575 -0.012462
v -0.04302287 -0.48241487 -0.01308829
v -0.08740954 -0.46122286 0.03830591
v -0.07080328 -0.47206083 0.03385401
v -0.08079284 -0.47732499 0.02846968
v -0.0916267 -0.47620797 0.02725232
v -0.08079284 -0.47732499 0.02846968
v -0.0916267 -0.47620797 0.02725232
v -0.10964704 -0.46165779 0.036452
v -0.11257249 -0.46719727 0.03134835
v -0.10452861 -0.46920186 0.03187269
v -0.10452861 -0.46920186 0.03187269
v -0.1075434 -0.47774616 0.01651889
v -0.06435585 -0.48326397 -0.01164716
v -0.06605804 -0.48256847 -0.01240212
v -0.0798164 -0.48327065 -0.00425684
v -0.09580699 -0.4810831 -0.00246614
v -0.08633107 -0.47808412 -0.01283419
v -0.11786006 -0.47633097 0.00129226
v -0.10713416 -0.47636551 -0.01066929
v -0.09621119 -0.47695723 -0.01253819
v -0.08365441 -0.4828153 0.01171153
v -0.09850301 -0.48109135 0.00237357
v -0.08633107 -0.47808412 -0.01283419
v -0.08805672 -0.47522157 -0.01591163
v -0.09801662 -0.46854654 -0.01785627
v -0.09621119 -0.47695723 -0.01253819
v -0.08809876 -0.47534192 -0.01610899
v -0.12883174 -0.4598085 0.03394203
v -0.11257249 -0.46719727 0.03134835
v -0.13101067 -0.47125596 0.01963905
v -0.15126802 -0.45900211 0.02820237
v -0.15087402 -0.45958412 0.02772522
v -0.14857411 -0.45930484 0.02874285
v -0.13026488 -0.4656232 0.02676308
v -0.15122165 -0.46364957 0.01257495
v -0.15087669 -0.45962167 0.02776262
v -0.10713416 -0.47636551 -0.01066929
v -0.12713629 -0.47018105 -0.01175594
v -0.15452707 -0.4630523 0.00607497
v -0.13596231 -0.47054181 0.00168475
v -0.12711217 -0.47027087 -0.01177224
v -0.13282299 -0.46860263 -0.01070887
v -0.12918097 -0.46792805 -0.01287544
v -0.15067172 -0.45954496 -0.0123511
v -0.15165234 -0.46288189 -0.00710612
v -0.13240461 -0.45453069 -0.02143432
v -0.12221873 -0.45727295 -0.0210066
v -0.12918097 -0.46792805 -0.01287544
v -0.14147961 -0.45620427 -0.01944393
v -0.15238357 -0.45890486 0.02782428
v -0.15127087 -0.45900819 0.02820998
v -0.17209506 -0.45521244 0.01824397
v -0.1728158 -0.45168343 0.02595574
v -0.18615355 -0.44769493 0.02135331
v -0.19055495 -0.44930995 0.00743653
v -0.17272305 -0.45729306 0.00032064
v -0.17322126 -0.45683989 -0.00187097
v -0.1719687 -0.45367453 -0.01285493
v -0.17241073 -0.45169216 -0.01521933
v -0.16717517 -0.45325994 -0.01532334
v -0.1719687 -0.45367453 -0.01285493
v -0.17529263 -0.45138994 -0.01428767
v -0.17241073 -0.45169216 -0.01521933
v 0.25562415 -0.41318643 0.01750192
v 0.26376635 -0.40576607 0.02136141
v 0.25850946 -0.40735674 0.02478343
v 0.23860171 -0.41612202 0.03069997
v 0.23603719 -0.41892505 0.02926391
v 0.23898089 -0.41778681 0.02914578
v 0.24147612 -0.4155212 0.02943462
v 0.22986512 -0.42918879 0.01661862
v 0.24272946 -0.42257211 -0.0076017
v 0.2578648 -0.41306788 -8.404E-05
v 0.26390928 -0.4067398 -0.01375855
v 0.25627398 -0.40980995 -0.0153808
v 0.26202828 -0.40720746 -0.0147382
v 0.21598117 -0.4162198 0.03623309
v 0.21042204 -0.43237168 0.02838796
v 0.21963501 -0.43000948 0.02606124
v 0.21963501 -0.43000948 0.02606124
v 0.21094206 -0.43783811 0.01682409
v 0.21042204 -0.43237168 0.02838796
v 0.19595057 -0.41605419 0.03913397
v 0.18446875 -0.43475473 0.03481676
v 0.20022976 -0.42654228 0.03418767
v 0.19947797 -0.43779454 0.0279085
v 0.19308007 -0.4441573 0.02173066
v 0.19947797 -0.43779454 0.0279085
v 0.18811816 -0.43850082 0.03136802
v 0.23877509 -0.41228762 -0.02081935
v 0.24083006 -0.41790131 -0.01562029
v 0.22877319 -0.42482731 -0.01714609
v 0.22447297 -0.43316844 0.00016042
v 0.22573185 -0.43044129 -0.01226103
v 0.20593669 -0.44165376 -0.00378141
v 0.21727663 -0.43437141 -0.01231104
v 0.19585121 -0.44306847 -0.01464185
v 0.22056967 -0.43081915 -0.01659656
v 0.2288115 -0.42479789 -0.01713747
v 0.22056967 -0.43081915 -0.01659656
v 0.21658581 -0.43153271 -0.01705295
v 0.21658581 -0.43153271 -0.01705295
v 0.1966324 -0.41650048 -0.02686355
v 0.19826132 -0.44035181 -0.01632315
v 0.19470596 -0.44059476 -0.01690072
v 0.19585425 -0.44307473 -0.01464808
v 0.17359474 -0.41630301 0.03998324
v 0.16339748 -0.43758354 0.03686311
v 0.17969239 -0.44249281 0.03044271
v 0.17969239 -0.44249281 0.03044271
v 0.17187661 -0.45127511 0.02479827
v 0.18811816 -0.43850082 0.03136802
v 0.15179414 -0.41551459 0.04144233
v 0.14136571 -0.43802252 0.0390803
v 0.15124398 -0.45785326 0.02829397
v 0.15045434 -0.45982057 0.02729166
v 0.19813253 -0.44524971 0.00501711
v 0.15179729 -0.46025214 -0.01110309
v 0.17122906 -0.45220584 -0.01428968
v 0.17615098 -0.44938138 -0.01483333
v 0.17820877 -0.4334552 -0.02513081
v 0.17615098 -0.44938138 -0.01483333
v 0.17658761 -0.40953946 -0.03034806
v 0.15205339 -0.41584715 -0.03103098
v 0.15763697 -0.4402155 -0.02467319
v 0.17486304 -0.45087498 -0.01408964
v 0.11918221 -0.43783763 0.04029763
v 0.12928127 -0.41584852 0.04226838
v 0.13294297 -0.43250772 -0.02901335
v 0.10840699 -0.41569787 -0.03209757
v 0.10805319 -0.43887222 -0.02801745
v 0.08696532 -0.41402021 0.04340384
v 0.09731887 -0.43805823 0.04126157
v 0.07512725 -0.43817267 0.04216274
v 0.06675814 -0.41049653 0.0435211
v 0.05448783 -0.43784145 0.04286386
v 0.08537669 -0.4319959 -0.02976883
v 0.08810381 -0.45382601 -0.02507805
v 0.06537875 -0.41564879 -0.03240368
v 0.0686123 -0.43743038 -0.02960707
v 0.06611656 -0.45825896 -0.02465178
v 0.042631 -0.41430354 0.04400006
v 0.03101473 -0.43792224 0.04339223
v -0.00091103 -0.41238621 0.04490915
v 0.01080748 -0.43775997 0.043897
v 0.03686656 -0.43561599 -0.03066458
v 0.04349946 -0.45284709 -0.02734835
v -0.02755868 -0.43848982 0.04402791
v -0.04244425 -0.41402468 0.04481704
v -0.00270817 -0.43112907 -0.03116628
v 0.02123104 -0.41513306 -0.03268796
v -0.00074668 -0.45324814 -0.0275502
v -0.02261611 -0.41493106 -0.03209366
v -0.02383436 -0.43777999 -0.03027863
v -0.05581467 -0.43770444 0.04382781
v -0.07642692 -0.43855882 0.04335991
v -0.04394669 -0.43206313 -0.0306504
v -0.03449712 -0.40775821 -0.03209984
v -0.04353284 -0.45349768 -0.02753951
v -0.06606863 -0.4149999 -0.03202878
v -0.06476081 -0.43759814 -0.02986643
v -0.06617097 -0.4606086 -0.0252666
v -0.08815334 -0.41537768 0.0448871
v -0.09834546 -0.43841386 0.04295089
v -0.12027593 -0.43877223 0.04241281
v -0.0860119 -0.43131387 -0.03013606
v -0.08705086 -0.45317644 -0.0261812
v -0.10883688 -0.41590193 -0.03134745
v -0.11119729 -0.43789792 -0.02876683
v -0.13117558 -0.41661951 0.04420704
v -0.14210463 -0.43868801 0.04146601
v -0.14583054 -0.399268 0.04455157
v -0.10396099 -0.45804396 -0.02239938
v -0.15067172 -0.45954496 -0.0123511
v -0.15213323 -0.45138678 -0.02015507
v -0.13306871 -0.43151128 -0.02916268
v -0.1332593 -0.40188381 -0.0312858
v -0.15248503 -0.41673607 -0.0304174
v -0.15520783 -0.44167447 -0.02392242
v -0.16384068 -0.43866846 0.03930312
v -0.18235052 -0.44087279 0.03383571
v -0.1728158 -0.45168343 0.02595574
v -0.19607937 -0.41637123 0.04091495
v -0.20172477 -0.42852396 0.03485441
v -0.18536575 -0.43635765 0.03629392
v -0.18736517 -0.43850365 0.03423381
v -0.20115149 -0.43708336 0.02982044
v -0.18235052 -0.44087279 0.03383571
v -0.18736517 -0.43850365 0.03423381
v -0.19373642 -0.44751185 -0.00295435
v -0.17783421 -0.43327454 -0.0249063
v -0.19568847 -0.41681844 -0.02635444
v -0.17386682 -0.44967878 -0.01571967
v -0.19692668 -0.43992677 -0.01681744
v -0.17530239 -0.45140874 -0.01430118
v -0.21739377 -0.41685799 0.03815643
v -0.20115149 -0.43708336 0.02982044
v -0.20996284 -0.43251175 0.03022748
v -0.22048438 -0.42953706 0.02688789
v -0.21068753 -0.43824056 0.0173644
v -0.20996284 -0.43251175 0.03022748
v -0.22048438 -0.42953706 0.02688789
v -0.23793018 -0.41573444 0.03284949
v -0.2393682 -0.41831106 0.03004181
v -0.23493016 -0.4199158 0.03012389
v -0.23105817 -0.42820799 0.01682104
v -0.22288269 -0.43442148 -0.00284276
v -0.21001148 -0.43967566 -0.0073837
v -0.19450325 -0.44328681 -0.01501285
v -0.21506941 -0.43484873 -0.01281756
v -0.22627278 -0.42466742 -0.0175569
v -0.23826456 -0.41807285 -0.01665157
v -0.23458658 -0.4136655 -0.02081967
v -0.22432637 -0.43040162 -0.01291245
v -0.22510862 -0.43399394 -0.00142521
v -0.23480761 -0.42657951 -0.00996488
v -0.22086728 -0.43470779 0.00367421
v -0.22820371 -0.43169078 -0.00043112
v -0.19849177 -0.42133221 -0.02374886
v -0.218492 -0.43041423 -0.01707573
v -0.22432637 -0.43040162 -0.01291245
v -0.218521 -0.43047845 -0.0171442
v -0.24315739 -0.41474706 0.03053063
v -0.25864553 -0.40708479 0.02605021
v -0.26487756 -0.40516141 0.02174664
v -0.25422952 -0.41452122 0.01762849
v -0.24187714 -0.42437011 0.00242338
v -0.25063899 -0.41649806 -0.01026361
v -0.25364727 -0.41604087 -8.192E-05
v -0.25876331 -0.41264525 -0.0015156
v -0.23826456 -0.41807285 -0.01665157
v -0.26199731 -0.40627897 -0.01437583
v -0.25932157 -0.40693313 -0.01571417
v -0.25798523 -0.41001919 -0.01286769
v 0.29923671 -0.37870544 0.01882875
v 0.29838091 -0.37994334 0.01831853
v 0.29941416 -0.37967449 0.01770892
v 0.28375053 -0.37247062 0.03432078
v 0.26968756 -0.38882241 0.03188511
v 0.2846303 -0.37772053 0.03132343
v 0.28971004 -0.37271011 0.03211039
v 0.29923671 -0.37870544 0.01882875
v 0.30343223 -0.36696148 0.02860916
v 0.2846303 -0.37772053 0.03132343
v 0.2810021 -0.39163819 0.02184284
v 0.27958533 -0.39429235 0.01915456
v 0.27644426 -0.392573 0.02406973
v 0.318809 -0.36611867 0.00726283
v 0.28909618 -0.38899708 -7.799E-05
v 0.30188882 -0.37694147 -0.01247674
v 0.31382418 -0.36513937 -0.01747942
v 0.3187263 -0.36473179 -0.00475966
v 0.29963005 -0.37917659 -0.01173147
v 0.28353006 -0.3916243 -0.01216614
v 0.27529699 -0.39998928 -0.00127636
v 0.28821665 -0.38993278 7.79E-05
v 0.28154638 -0.39295769 -0.01229315
v 0.30683798 -0.36702752 -0.02069074
v 0.2850174 -0.37471828 -0.02313671
v 0.30683798 -0.36702752 -0.02069074
v 0.30188882 -0.37694147 -0.01247674
v 0.28157622 -0.39298216 -0.0122322
v 0.28154707 -0.39297986 -0.0123864
v 0.28353006 -0.3916243 -0.01216614
v 0.26112187 -0.37405837 0.03711086
v 0.24962948 -0.39406645 0.03592757
v 0.26418734 -0.39990601 0.02729928
v 0.26418734 -0.39990601 0.02729928
v 0.25850946 -0.40735674 0.02478343
v 0.27644426 -0.392573 0.02406973
v 0.24934238 -0.35006851 0.0414766
v 0.22918202 -0.3942439 0.03880306
v 0.25627398 -0.40980995 -0.0153808
v 0.26826221 -0.38944882 -0.02340627
v 0.25195116 -0.39125866 -0.02565602
v 0.26221097 -0.40704542 -0.01449422
v 0.26251554 -0.36696947 -0.02903956
v 0.23975018 -0.37310392 -0.03143905
v 0.22618628 -0.39760342 -0.02786432
v 0.2072884 -0.39383119 0.03989266
v 0.17511976 -0.37095863 0.04348524
v 0.18476273 -0.39365131 0.04069523
v 0.21791516 -0.38898525 -0.03037047
v 0.21731675 -0.36781132 -0.03306973
v 0.21916895 -0.41077408 -0.0257438
v 0.19506632 -0.37246242 -0.03346368
v 0.18767442 -0.38358453 -0.03265757
v 0.16240114 -0.393933 0.04245908
v 0.13887452 -0.39379039 0.0430126
v 0.16248237 -0.38955235 -0.03325584
v 0.15175276 -0.3728677 -0.03491747
v 0.12709607 -0.37294474 0.04404831
v 0.11623307 -0.39399678 0.0435931
v 0.08667892 -0.37329462 0.04535645
v 0.09819014 -0.39366856 0.04449306
v 0.11851061 -0.39323217 -0.03313139
v 0.13308688 -0.39273587 -0.03318129
v 0.07331993 -0.39256451 0.0450494
v 0.10793069 -0.37225267 -0.03447599
v 0.09214171 -0.39213154 -0.03324744
v 0.08723536 -0.41023043 -0.03219911
v 0.0810209 -0.39187714 -0.03285224
v 0.03811528 -0.37342688 0.04583522
v 0.01797853 -0.37113687 0.04648805
v 0.03667592 -0.39303491 0.04607906
v -0.00091219 -0.39030039 0.04663691
v 0.04296771 -0.38450867 -0.03299805
v 0.06473392 -0.37345737 -0.03375911
v -0.02217421 -0.37202978 -0.03436639
v 0.00227395 -0.3953816 -0.033179
v -0.0603235 -0.37028509 0.04802246
v -0.05733686 -0.39194649 0.04710641
v -0.03515952 -0.39040607 0.04683185
v -0.07951435 -0.39169493 0.04683632
v -0.06891898 -0.39519903 -0.03289429
v -0.04325958 -0.36814338 -0.03398384
v -0.08685961 -0.3736794 0.04736817
v -0.09676731 -0.39597034 0.04553838
v -0.12182156 -0.39629194 0.04501367
v -0.08480703 -0.40116706 -0.03223141
v -0.09627044 -0.36932233 -0.03522782
v -0.14169765 -0.36877158 0.04693035
v -0.12354393 -0.39253232 -0.03328595
v -0.15331285 -0.37271047 -0.03508632
v -0.15272331 -0.39263543 -0.03195531
v -0.19042782 -0.37528485 0.04517995
v -0.18611525 -0.39305735 0.04426285
v -0.15921035 -0.38985634 0.04524821
v -0.17513075 -0.41597772 0.04212702
v -0.20673017 -0.39476484 0.04285206
v -0.1759861 -0.39114499 -0.03203109
v -0.17452237 -0.40999332 -0.03002732
v -0.20138061 -0.39430732 -0.02997249
v -0.21823506 -0.37264726 0.04452143
v -0.22893885 -0.39476138 0.04088907
v -0.24003315 -0.37201819 0.04354423
v -0.22200215 -0.39038235 -0.02840394
v -0.19696487 -0.37311643 -0.03363369
v -0.2185297 -0.3676948 -0.03235465
v -0.21791422 -0.41114923 -0.02526695
v -0.24272612 -0.39854708 -0.02368487
v -0.26160502 -0.37292385 0.04001497
v -0.25038049 -0.39477473 0.03822085
v -0.27047762 -0.39015687 0.03392201
v -0.26590538 -0.39802358 0.0302043
v -0.25864553 -0.40708479 0.02605021
v -0.2830832 -0.37331554 0.03748322
v -0.2855351 -0.37926885 0.03288335
v -0.28165919 -0.39398852 0.01897343
v -0.27492595 -0.39266723 0.02790606
v -0.28224003 -0.39089945 0.02369398
v -0.26590538 -0.39802358 0.0302043
v -0.27492595 -0.39266723 0.02790606
v -0.25925991 -0.4068687 -0.01561232
v -0.28724727 -0.39104772 0.00187501
v -0.27526748 -0.40063676 -0.0022377
v -0.28928554 -0.39001599 -0.00048405
v -0.27843654 -0.39385384 -0.01335923
v -0.26087871 -0.40491515 -0.01582259
v -0.26607811 -0.3897655 -0.02286458
v -0.27844933 -0.3938756 -0.01339256
v -0.26198959 -0.40627477 -0.0143739
v -0.30331594 -0.36770257 0.03102723
v -0.2855351 -0.37926885 0.03288335
v -0.30154696 -0.38013512 0.01853877
v -0.30066431 -0.37734702 0.02207428
v -0.30435741 -0.37671071 0.01946366
v -0.32043755 -0.36609638 0.00830303
v -0.30580652 -0.3780283 0.00021982
v -0.31919712 -0.36557561 -0.00620539
v -0.29824969 -0.37992531 -0.01217938
v -0.31183791 -0.36554682 -0.01765043
v -0.30439043 -0.36702493 -0.02030332
v -0.29249275 -0.37122393 -0.02062535
v -0.29815772 -0.37988174 -0.01205531
v -0.28905869 -0.38647059 -0.01261574
v -0.27907681 -0.39292878 -0.01385987
v -0.31183791 -0.36554682 -0.01765043
v 0.36252946 -0.32344323 0.00816573
v 0.3475107 -0.33429033 0.01997632
v 0.34446347 -0.33776724 0.02031611
v 0.34436521 -0.33766946 0.02023721
v 0.34937361 -0.32089347 0.02857002
v 0.33080983 -0.33001259 0.03253887
v 0.3416577 -0.33880484 0.02131659
v 0.32752645 -0.3495307 0.0254541
v 0.32255119 -0.3573665 0.02218688
v 0.32010412 -0.35056746 0.02809662
v 0.32255119 -0.3573665 0.02218688
v 0.3300336 -0.35157835 0.01868796
v 0.32752645 -0.3495307 0.0254541
v 0.36145729 -0.32334894 -0.00558126
v 0.34925801 -0.3369512 0.00018573
v 0.33431399 -0.35018384 9.383E-05
v 0.34548569 -0.33838296 -0.01245846
v 0.34716529 -0.33650285 -0.01302075
v 0.3524729 -0.33171356 -0.00995576
v 0.36158812 -0.32248306 -0.00707734
v 0.32581666 -0.35636297 -0.01562237
v 0.34606731 -0.33762252 -0.01305878
v 0.34601283 -0.33706611 -0.01333922
v 0.34606731 -0.33762252 -0.01305878
v 0.34542364 -0.33793652 -0.01328707
v 0.34599003 -0.33704084 -0.01330619
v 0.34542364 -0.33793652 -0.01328707
v 0.32833323 -0.3298893 -0.02450608
v 0.32935214 -0.3514483 -0.0170455
v 0.32580182 -0.35639116 -0.01573673
v 0.32729885 -0.32900238 0.0342261
v 0.31351551 -0.35118356 0.03061609
v 0.30426922 -0.32993782 0.03639318
v 0.29292029 -0.34970298 0.03604075
v 0.31236273 -0.36456412 0.02312082
v 0.29128408 -0.32676145 0.03893384
v 0.27225873 -0.3507981 0.03823563
v 0.31184244 -0.34533435 -0.02498323
v 0.30374715 -0.33027631 -0.02835481
v 0.29410881 -0.34730312 -0.02746485
v 0.31094161 -0.36018378 -0.0206798
v 0.31382418 -0.36513937 -0.01747942
v 0.27163312 -0.35242388 -0.02954058
v 0.25448269 -0.3483457 -0.03163835
v 0.28438851 -0.32866377 -0.03044812
v 0.21700062 -0.32749328 0.04498425
v 0.22831354 -0.34969276 0.04322738
v 0.26020315 -0.32835656 0.04197771
v 0.20675045 -0.34994352 0.04423162
v 0.21683706 -0.37203062 0.04141514
v 0.1846247 -0.34724402 0.04461044
v 0.22457956 -0.34519607 -0.03358618
v 0.20662625 -0.35002437 -0.03415086
v 0.21744052 -0.32734209 -0.03366653
v 0.1739983 -0.32620797 0.04662854
v 0.15759884 -0.34742498 0.04580207
v 0.14875452 -0.36381143 -0.03506963
v 0.17218097 -0.33543792 -0.03589032
v 0.15196583 -0.33093631 0.04635612
v 0.11005742 -0.35041019 0.04628482
v 0.1285699 -0.33030856 -0.03633172
v 0.1505495 -0.32608598 -0.03731531
v 0.13249503 -0.34711301 -0.03551667
v 0.10184427 -0.34589332 0.04700991
v 0.07062469 -0.34327313 0.04707523
v 0.09704073 -0.34828416 -0.03425233
v 0.07817217 -0.34777272 -0.03387798
v 0.08658523 -0.33169335 -0.03492791
v 0.10362038 -0.3660455 -0.0342862
v 0.0535523 -0.35029879 -0.03392524
v 0.02861614 -0.35596284 -0.0341298
v 0.04333191 -0.33101076 -0.03438435
v 0.01640684 -0.33241525 0.04832089
v -0.00897394 -0.34369588 0.04874566
v -0.01360458 -0.35086945 -0.03425545
v -0.00034512 -0.33134055 -0.03427713
v 0.02113103 -0.36914378 -0.03420843
v -0.02125105 -0.32525215 -0.03526161
v -0.0211714 -0.33558896 -0.03482807
v -0.02237201 -0.32859039 -0.035494
v -0.01625102 -0.36668545 -0.03399269
v -0.02784161 -0.37191874 -0.03410336
v -0.06817345 -0.32744744 0.0496768
v -0.02565266 -0.36869085 0.04787325
v -0.06357849 -0.37480906 -0.03458295
v -0.0660117 -0.37220377 -0.03501899
v -0.06594017 -0.3644512 -0.0345398
v -0.09453186 -0.31695062 0.04997254
v -0.11213432 -0.33225182 0.04930918
v -0.06841365 -0.33676529 -0.03486077
v -0.0857973 -0.34825322 -0.03473114
v -0.12960249 -0.34833449 0.04860336
v -0.10736123 -0.37200758 0.04765579
v -0.11787344 -0.35054025 -0.03545738
v -0.14074633 -0.34942409 -0.03531352
v -0.13140583 -0.32906911 -0.0356692
v -0.13128115 -0.37140405 -0.03507074
v -0.20676325 -0.35176897 0.0468874
v -0.17958035 -0.35122657 0.04757244
v -0.17109731 -0.35255006 -0.03463602
v -0.19738652 -0.32776567 -0.03600866
v -0.17605343 -0.33105484 -0.03532401
v -0.2322702 -0.32413349 0.047823
v -0.23158301 -0.34779814 0.04667618
v -0.25010985 -0.35210139 0.0445309
v -0.22778712 -0.34791428 -0.03311589
v -0.21559528 -0.34249333 -0.0335806
v -0.24069004 -0.37142539 -0.02995537
v -0.26574388 -0.31158397 0.04691648
v -0.27260995 -0.34984714 0.04195952
v -0.29408333 -0.35112292 0.03889943
v -0.26508096 -0.35026109 -0.0288667
v -0.24100268 -0.328953 -0.03439121
v -0.26672268 -0.31424469 -0.0324501
v -0.26369637 -0.36523461 -0.02754586
v -0.28064069 -0.34852847 -0.02608119
v -0.31488293 -0.35144684 0.03411964
v -0.32665527 -0.3287974 0.03806055
v -0.32988214 -0.33724236 0.03328723
v -0.31890047 -0.34425485 0.03577697
v -0.30449718 -0.32869047 0.04070837
v -0.31802678 -0.35065597 0.03279477
v -0.32282448 -0.35828823 0.02337873
v -0.32881188 -0.34888905 0.02756292
v -0.31439281 -0.36478925 0.02440125
v -0.32043582 -0.36609465 0.00830283
v -0.32027519 -0.36617631 0.00849271
v -0.32054627 -0.36593425 0.00854462
v -0.30534548 -0.34177607 -0.02293618
v -0.32662719 -0.35139459 -0.0177444
v -0.34601283 -0.3249228 0.03194748
v -0.34124196 -0.33966047 0.02338582
v -0.34499013 -0.33336693 0.02528536
v -0.34564757 -0.33767593 0.02138203
v -0.3327682 -0.35186976 0.01903176
v -0.32282448 -0.35828823 0.02337873
v -0.32881188 -0.34888905 0.02756292
v -0.34124196 -0.33966047 0.02338582
v -0.34564757 -0.33767593 0.02138203
v -0.34599474 -0.3389481 0.01865686
v -0.34499013 -0.33336693 0.02528536
v -0.3508848 -0.33204705 0.02120501
v -0.35817277 -0.32130754 0.02464843
v -0.36455616 -0.32321042 0.0090434
v -0.34437734 -0.33834764 -0.0148019
v -0.3271122 -0.33029169 -0.02282402
v -0.34302196 -0.34422868 -0.00109519
v -0.32134235 -0.36362731 -0.00583339
v -0.33607614 -0.35014194 -0.00645679
v -0.33034313 -0.35283285 -0.01330167
v -0.3428444 -0.34097651 -0.01298346
v -0.33034313 -0.35283285 -0.01330167
v -0.32333338 -0.35724711 -0.01624078
v -0.36282495 -0.32313523 -0.00742491
v -0.3475498 -0.33509725 -0.01476735
v -0.35665524 -0.32258421 -0.01830953
v -0.32333338 -0.35724711 -0.01624078
v -0.33034313 -0.35283285 -0.01330167
v -0.3444885 -0.33834982 -0.01497114
v 0.38524958 -0.29231033 0.01734673
v 0.39764577 -0.276223 0.01388586
v 0.39496839 -0.27547628 0.02106851
v 0.38527888 -0.29230061 0.01730983
v 0.39496839 -0.27547628 0.02106851
v 0.39157271 -0.27486905 0.02476318
v 0.36595172 -0.31243789 0.02156514
v 0.37133706 -0.30733997 0.01867473
v 0.3694756 -0.30569023 0.02344745
v 0.36290216 -0.32283878 0.00857669
v 0.39416149 -0.28351709 -0.0046723
v 0.39779368 -0.27902862 0.0053912
v 0.36273232 -0.32178116 -0.00573766
v 0.37748721 -0.30449703 -0.00134876
v 0.36273715 -0.32318923 0.0082037
v 0.3940731 -0.27696541 -0.01760819
v 0.39678568 -0.27639198 -0.01573217
v 0.38778657 -0.28952163 -0.01260322
v 0.37253574 -0.28607818 -0.02309165
v 0.36883554 -0.31176543 -0.01528702
v 0.37146842 -0.30687279 -0.01629359
v 0.38310787 -0.29541206 -0.01257718
v 0.36946112 -0.30567554 0.02342288
v 0.37093991 -0.28546607 0.03185118
v 0.35496658 -0.30243784 0.03156698
v 0.34923807 -0.28653938 0.03563135
v 0.33806831 -0.30692378 0.03467583
v 0.30506226 -0.28351805 0.04228337
v 0.31431878 -0.30522239 0.03763038
v 0.36253417 -0.3232674 0.00845546
v 0.36273479 -0.32318789 0.0082038
v 0.36253417 -0.3232674 0.00845546
v 0.36145729 -0.32334894 -0.00558126
v 0.36158812 -0.32248306 -0.00707734
v 0.35576862 -0.30104372 -0.02464476
v 0.35037696 -0.29135484 -0.02642447
v 0.36882901 -0.31175181 -0.0153522
v 0.35214928 -0.32304725 -0.02076408
v 0.35453925 -0.27078646 -0.02920036
v 0.32670054 -0.28431478 -0.03082944
v 0.33304054 -0.30670536 -0.02806354
v 0.34726149 -0.3155356 -0.02276623
v 0.31451079 -0.31026509 -0.0291005
v 0.29323986 -0.30614078 0.04112446
v 0.29965174 -0.30904365 -0.02979628
v 0.30652243 -0.28257769 -0.03108711
v 0.28322643 -0.28503332 -0.03344932
v 0.2565091 -0.3047258 0.04511767
v 0.2713629 -0.30618617 0.04370662
v 0.27155709 -0.26655266 0.04581125
v 0.22440001 -0.30742231 0.04630606
v 0.25281581 -0.26527065 -0.03458415
v 0.23893136 -0.28461787 -0.03509514
v 0.26553875 -0.30261612 -0.03333294
v 0.25065675 -0.30880272 -0.03343902
v 0.18259147 -0.30849734 0.04727485
v 0.16100901 -0.28266484 0.0479935
v 0.17323607 -0.28481054 -0.03676115
v 0.19440226 -0.28309867 -0.03698828
v 0.18529361 -0.30445737 -0.03592134
v 0.16377124 -0.30542862 -0.03663223
v 0.14125676 -0.30622822 -0.03701197
v 0.15085678 -0.27838159 -0.03843213
v 0.12915476 -0.28678629 -0.03711715
v 0.1211492 -0.30619109 -0.03691028
v 0.09315018 -0.30530849 -0.03559408
v 0.07795341 -0.30507454 -0.03503865
v 0.08615507 -0.28659916 -0.03561122
v 0.05139834 -0.307262 -0.03476926
v 0.03270053 -0.30504131 -0.03453155
v 0.04813286 -0.28446025 -0.03498512
v -0.03810044 -0.31393418 0.04994011
v -0.04564225 -0.28188002 0.05055355
v -0.06615996 -0.28463343 0.05133758
v -0.04422787 -0.33223546 -0.0343546
v -0.06292164 -0.2959308 -0.03481381
v -0.03627024 -0.30480283 -0.03450543
v -0.06043584 -0.2810497 -0.03497787
v -0.06624939 -0.28467885 -0.03540849
v -0.10988427 -0.2845293 0.0515722
v -0.08573494 -0.2821576 0.05081568
v -0.13152312 -0.30515742 0.05025401
v -0.08744941 -0.32975635 -0.03476882
v -0.09874662 -0.30803996 -0.0351065
v -0.0840288 -0.29625732 -0.03489884
v -0.10323423 -0.28916445 -0.03541408
v -0.11608928 -0.30090711 -0.03525995
v -0.10973646 -0.28421211 -0.03586466
v -0.13105071 -0.27637127 0.05115029
v -0.14450234 -0.29931608 -0.03545359
v -0.13334164 -0.26243642 -0.03512213
v -0.17322518 -0.27933335 0.05080894
v -0.19395179 -0.32416305 0.04863237
v -0.15369673 -0.28319564 0.05104542
v -0.19260733 -0.3328127 0.04831864
v -0.1632161 -0.30441597 -0.035506
v -0.18632258 -0.3062695 -0.03569567
v -0.17842007 -0.28478307 -0.03558412
v -0.1963657 -0.28380963 -0.03642222
v -0.21196483 -0.27188694 0.05090795
v -0.23905911 -0.30876502 0.04871627
v -0.19542302 -0.28525519 0.05075117
v -0.20643114 -0.30570552 -0.03539268
v -0.22664347 -0.30540204 -0.03444706
v -0.21778521 -0.2846441 -0.03485244
v -0.27945346 -0.28269035 0.04777167
v -0.29441974 -0.30651626 0.04447259
v -0.25072339 -0.30609462 -0.03344267
v -0.26811579 -0.26283142 -0.03432505
v -0.2827234 -0.32828975 -0.02907945
v -0.2899642 -0.30778342 -0.0311597
v -0.34817907 -0.28487897 0.04000656
v -0.33809385 -0.30681467 0.03828591
v -0.31594327 -0.30650088 0.04094388
v -0.30995572 -0.30137298 -0.029356
v -0.28408885 -0.28515673 -0.03297615
v -0.31372017 -0.26484424 -0.03212655
v -0.30733347 -0.31801477 -0.02707019
v -0.3285054 -0.3069132 -0.02457267
v -0.35603356 -0.30408722 0.0345487
v -0.35577762 -0.31007361 0.03373313
v -0.37054062 -0.28499639 0.03597128
v -0.37653589 -0.28585792 0.03313651
v -0.36354673 -0.29795337 0.03492391
v -0.36210394 -0.30656981 0.03099787
v -0.36603665 -0.31426525 0.02297026
v -0.37114847 -0.30502039 0.02576584
v -0.35817277 -0.32130754 0.02464843
v -0.36603665 -0.31426525 0.02297026
v -0.37009943 -0.30659008 -0.01764817
v -0.37219304 -0.28670549 -0.02227713
v -0.34964493 -0.2987994 -0.02241292
v -0.36680609 -0.31328505 -0.01651116
v -0.34966785 -0.32269049 -0.02172524
v -0.38506019 -0.29356205 0.02051514
v -0.3865577 -0.2906934 0.02136225
v -0.38751799 -0.29282236 0.01866623
v -0.38506019 -0.29356205 0.02051514
v -0.3865577 -0.2906934 0.02136225
v -0.38922417 -0.27847409 0.02847016
v -0.37394273 -0.30764693 0.01903844
v -0.37114847 -0.30502039 0.02576584
v -0.37993813 -0.30333903 -0.00177866
v -0.39921686 -0.27818868 0.00588479
v -0.39917541 -0.27612108 0.01430893
v -0.3989493 -0.27754223 -0.00560348
v -0.38511714 -0.29294178 -0.01286836
v -0.39177799 -0.27603412 -0.01881155
v -0.38516039 -0.29279435 -0.01283008
v -0.38423049 -0.29405081 -0.01295573
v -0.3701216 -0.30661088 -0.01770967
v -0.39521563 -0.27613711 -0.01638669
v 0.41290063 -0.24124402 0.02783239
v 0.41275936 -0.24150872 0.02783024
v 0.41301402 -0.24140972 0.02751243
v 0.42086056 -0.24465317 0.01486659
v 0.4291648 -0.22851731 0.01737903
v 0.4089129 -0.26136518 0.01898662
v 0.42768496 -0.23783338 -0.00039298
v 0.41580001 -0.24270785 -0.0182721
v 0.4297969 -0.22809234 -0.01270361
v 0.42203709 -0.24463511 -0.01002711
v 0.41590241 -0.25826928 -0.00037272
v 0.40996194 -0.26199919 -0.01330876
v 0.4106074 -0.25895214 -0.01423252
v 0.41118926 -0.2606439 -0.01253963
v 0.4106074 -0.25895214 -0.01423252
v 0.40996194 -0.26199919 -0.01330876
v 0.40923911 -0.26221508 -0.01357883
v 0.41014743 -0.26234004 -0.01261161
v 0.40937477 -0.26297498 -0.01304305
v 0.40937477 -0.26297498 -0.01304305
v 0.4069913 -0.26162457 0.01990563
v 0.41276291 -0.24151233 0.02783657
v 0.39696744 -0.25803691 0.02923727
v 0.39096451 -0.24348266 0.03443858
v 0.37837356 -0.26338294 0.03305053
v 0.37051412 -0.24089903 0.03866845
v 0.36078104 -0.26363379 0.03633545
v 0.41145849 -0.24368139 -0.02059687
v 0.41580001 -0.24270785 -0.0182721
v 0.38798681 -0.2889325 -0.01265984
v 0.39880425 -0.25759503 -0.02234226
v 0.39656785 -0.23213242 -0.02630984
v 0.37177473 -0.24191901 -0.03022092
v 0.37652531 -0.26390547 -0.02660793
v 0.36021712 -0.2611137 -0.02925069
v 0.34746152 -0.24116416 0.03925452
v 0.33783549 -0.26217493 0.03928026
v 0.31631848 -0.26224774 0.04229376
v 0.34415647 -0.26562682 -0.03046004
v 0.35389507 -0.24008733 -0.03062465
v 0.30369267 -0.23626694 0.04581682
v 0.29370981 -0.26237956 0.0445363
v 0.3192884 -0.26393422 -0.03103358
v 0.29809403 -0.26398718 -0.03305198
v 0.32518682 -0.24183623 -0.03206078
v 0.25208986 -0.24995075 0.04806804
v 0.2377927 -0.23927736 0.04833684
v 0.22052771 -0.26663238 0.04816534
v 0.23530135 -0.28013802 0.04704948
v 0.21752737 -0.24088085 -0.03635026
v 0.23894927 -0.24003755 -0.03639735
v 0.22825591 -0.25665846 -0.03574174
v 0.20639442 -0.26196995 -0.03608455
v 0.21742241 -0.28443971 -0.03498884
v 0.19385709 -0.24160908 -0.03869665
v 0.1832414 -0.262317 -0.0371443
v 0.16529743 -0.26190132 -0.03789534
v 0.17283103 -0.24334536 -0.03834274
v 0.14864436 -0.24736917 -0.03939861
v 0.13990414 -0.26220593 -0.03765335
v 0.12136589 -0.2622748 -0.0372424
v 0.12903151 -0.24215178 -0.03773288
v 0.10749716 -0.2832391 -0.03734008
v 0.08970265 -0.26258177 -0.0361329
v 0.10450761 -0.24200974 0.04889739
v 0.07983997 -0.27561536 0.04876212
v 0.09949313 -0.26221573 0.04815629
v 0.0861398 -0.24259399 -0.03695178
v 0.10769135 -0.2432669 -0.03794836
v 0.0055396 -0.2742686 0.05027154
v 0.00524657 -0.25808969 0.05053138
v -0.02344733 -0.24093753 0.05118742
v 0.01411384 -0.2626316 -0.03443593
v 0.00562907 -0.26304686 -0.03498898
v 0.02062225 -0.24087113 -0.03570077
v -0.0098941 -0.26219606 -0.03429502
v 3.894E-05 -0.24071665 -0.0341749
v 0.02085466 -0.28381306 -0.03513342
v 0.01582466 -0.29135707 -0.03459015
v -0.06613791 -0.24104325 0.0517178
v -0.04243132 -0.26171526 0.05066371
v -0.04489015 -0.24403466 0.0510298
v -0.07609378 -0.26252788 0.05089704
v -0.0351684 -0.26119718 -0.03432874
v -0.05403376 -0.26095974 -0.03439073
v -0.0442677 -0.24412668 -0.03464058
v -0.08810195 -0.23651749 0.0512637
v -0.09755198 -0.26256332 0.0514792
v -0.10988497 -0.24021779 0.05196276
v -0.11878066 -0.2623418 0.05122605
v -0.15306675 -0.24112847 0.05195821
v -0.18147811 -0.25785065 0.0512106
v -0.11965121 -0.26225546 -0.03500102
v -0.12395981 -0.24315204 -0.0354346
v -0.17481747 -0.23636125 0.0517916
v -0.19641571 -0.24075833 0.05202935
v -0.21681991 -0.24106769 0.05167463
v -0.23904194 -0.26394266 0.05053059
v -0.23980145 -0.24051768 0.05234097
v -0.21156161 -0.26261249 -0.03535178
v -0.22735982 -0.26065806 -0.03488405
v -0.21757151 -0.24199907 -0.03489048
v -0.26314032 -0.2317583 0.05058387
v -0.2868517 -0.26619855 0.04805893
v -0.251638 -0.26256907 -0.03477833
v -0.26233554 -0.24278982 -0.03468135
v -0.30415997 -0.22486746 0.04892579
v -0.31584689 -0.26329252 0.04574178
v -0.30479079 -0.28536701 0.04559378
v -0.32071191 -0.22825001 0.04722237
v -0.33696878 -0.26352996 0.04309353
v -0.32572344 -0.28505009 -0.02815988
v -0.33316755 -0.2639181 -0.02999449
v -0.34890649 -0.23965393 0.04409103
v -0.35886171 -0.26308766 0.04082603
v -0.36985183 -0.24112803 0.04165471
v -0.37067118 -0.2617799 -0.02283324
v -0.37042713 -0.24166155 -0.02342117
v -0.36083305 -0.24645904 -0.02586609
v -0.34660363 -0.25549266 -0.02785253
v -0.32835174 -0.2418977 -0.03241212
v -0.35364744 -0.23196697 -0.02974844
v -0.34846014 -0.27230582 -0.02504373
v -0.39154878 -0.24203983 0.03910752
v -0.38071999 -0.263423 0.03665474
v -0.39807141 -0.25969976 0.03255773
v -0.39614284 -0.26757032 0.03004569
v -0.41277632 -0.24206556 0.03195306
v -0.40506101 -0.26129985 0.02602154
v -0.41102719 -0.2610319 0.01965497
v -0.40506101 -0.26129985 0.02602154
v -0.4097774 -0.26009315 0.02231395
v -0.39615488 -0.27539009 0.02262563
v -0.37237874 -0.23897159 -0.02393208
v -0.39576665 -0.25612226 -0.02189737
v -0.41285861 -0.24314713 -0.01788205
v -0.41187492 -0.2419899 -0.01878176
v -0.40759531 -0.26147947 -0.01421316
v -0.41483688 -0.25828132 -0.00110681
v -0.39529577 -0.27619961 -0.01642379
v -0.40691924 -0.26290593 -0.01387901
v -0.40690434 -0.2629101 -0.01391862
v -0.4152019 -0.24088156 0.03024274
v -0.41292596 -0.24482346 0.02998579
v -0.42143321 -0.24468648 0.01576763
v -0.41519025 -0.24087583 0.03023626
v -0.43136278 -0.22793649 0.01952856
v -0.42740226 -0.23657714 6.93E-06
v -0.41285861 -0.24314713 -0.01788205
v -0.42068303 -0.24523467 -0.01056767
v -0.42842725 -0.22872859 -0.01240824
v -0.40934345 -0.25995195 -0.01317266
v -0.40762019 -0.26152873 -0.01429152
v 0.43471348 -0.20995252 0.02222536
v 0.43862274 -0.18500939 0.02856311
v 0.41805613 -0.19936171 0.03420168
v 0.41953093 -0.2191624 0.02962649
v 0.41292059 -0.24125855 0.02786531
v 0.42892665 -0.2285527 0.01757086
v 0.43843904 -0.20388462 0.02077791
v 0.43800676 -0.21530269 -0.00055376
v 0.44758096 -0.19394121 0.00820317
v 0.4477171 -0.19226786 -0.00479173
v 0.43933591 -0.20620717 -0.01469843
v 0.43102762 -0.22608656 -0.01251441
v 0.43696386 -0.21020246 -0.01564485
v 0.41663784 -0.23540878 -0.02057225
v 0.42116809 -0.22009778 -0.02203377
v 0.42963001 -0.22812754 -0.0126223
v 0.39191002 -0.19861875 0.03824955
v 0.38273659 -0.21993598 0.03772336
v 0.40459347 -0.22040424 0.0335011
v 0.36949629 -0.19705957 0.04064161
v 0.35874119 -0.21814606 0.04010293
v 0.39665565 -0.20821294 -0.02865315
v 0.36577192 -0.21818116 -0.03172558
v 0.33700737 -0.2194145 0.04291777
v 0.31044605 -0.18688816 0.04688796
v 0.31500474 -0.22010081 0.04503329
v 0.34681424 -0.19634607 0.04336667
v 0.34625572 -0.21075784 -0.03164195
v 0.36904231 -0.19715318 -0.03308496
v 0.34021586 -0.2229933 -0.03172084
v 0.32765901 -0.19776291 -0.03403918
v 0.28030762 -0.19479322 0.04803099
v 0.22934948 -0.21682809 0.04895135
v 0.27818426 -0.20942208 0.04787727
v 0.27371439 -0.21877714 -0.03550685
v 0.24510746 -0.21928293 -0.03623367
v 0.26084542 -0.19737442 -0.03621289
v 0.26284009 -0.2566762 -0.03487819
v 0.22901249 -0.22016519 -0.03713205
v 0.23607849 -0.19057639 -0.03829185
v 0.20610705 -0.21856679 -0.03788486
v 0.21667475 -0.19729663 -0.03778026
v 0.18421623 -0.21847336 -0.03831298
v 0.19905686 -0.18738925 -0.03966917
v 0.17288697 -0.1992611 -0.03893162
v 0.1623092 -0.21896356 -0.03895023
v 0.16090156 -0.17690822 -0.03958082
v 0.14147054 -0.21843971 -0.03889189
v 0.14429498 -0.23102328 -0.03957389
v 0.11748895 -0.19778948 0.04849338
v 0.10758939 -0.20672596 0.04859804
v 0.14662924 -0.19627981 0.04882533
v 0.13201281 -0.25323766 0.04819092
v 0.10833479 -0.19632046 0.04821577
v 0.11480331 -0.22386006 -0.0384379
v 0.12953983 -0.19843581 -0.03795641
v 0.08487145 -0.19407298 0.04832964
v 0.06480812 -0.23624037 0.04901319
v 0.10865743 -0.23559159 0.04871191
v 0.08618865 -0.19957687 -0.0364824
v 0.10823751 -0.19234236 -0.03827838
v 0.08529486 -0.21642359 -0.03671134
v 0.04346184 -0.19612706 0.04825092
v 0.02749038 -0.21967141 0.0494959
v 0.06308036 -0.24496983 0.04913545
v 0.04248708 -0.18992096 -0.03145295
v 0.06174469 -0.19845068 -0.03521363
v 0.04256177 -0.20061046 -0.0334124
v 0.02033808 -0.19646643 -0.03271255
v 0.02265096 -0.198093 0.04809602
v -0.00532768 -0.21492633 0.05005944
v 0.02124109 -0.24143146 0.04982982
v -0.00055903 -0.18999058 -0.03023988
v -0.00108278 -0.20147371 -0.03263175
v 0.00577167 -0.22201751 -0.03472259
v -0.01081075 -0.22274393 -0.03420417
v -0.0226378 -0.19605027 -0.03301819
v -0.02692801 -0.1933606 0.04849977
v -0.02260023 -0.20281453 0.04934854
v -0.02070141 -0.19777994 0.04857984
v -0.04425947 -0.22573318 0.05047544
v -0.04456962 -0.213278 0.05060272
v -0.04383558 -0.19031739 -0.03122431
v -0.04391783 -0.20123827 -0.03313249
v -0.04239529 -0.212835 -0.03314115
v -0.02247987 -0.24075131 -0.03546114
v -0.04676149 -0.22123918 -0.03422363
v -0.06483158 -0.19433509 -0.03487668
v -0.06392515 -0.20293215 -0.03461278
v -0.09782921 -0.18918458 0.05028781
v -0.10924862 -0.19695416 0.05126348
v -0.13406193 -0.21126324 0.05130867
v -0.07917867 -0.21856797 -0.03516565
v -0.10799409 -0.22069699 -0.03565146
v -0.08868904 -0.20043068 -0.03531236
v -0.08826889 -0.23878279 -0.03486482
v -0.14254446 -0.2167642 -0.03578318
v -0.13128634 -0.19837509 -0.03607126
v -0.10897369 -0.24182561 -0.03581796
v -0.17662573 -0.18999799 0.05214825
v -0.19656233 -0.19712536 0.05300396
v -0.19360095 -0.2171638 0.05242091
v -0.16998711 -0.24133976 -0.03568151
v -0.17652188 -0.2127106 -0.03524685
v -0.16421403 -0.21731813 -0.03554653
v -0.21766669 -0.19471635 0.05264332
v -0.24062714 -0.21862467 0.0522576
v -0.21123482 -0.21780893 -0.0354017
v -0.22750337 -0.21809462 -0.03486016
v -0.21769002 -0.19638433 -0.0354219
v -0.26193175 -0.19542806 0.05186074
v -0.24029173 -0.19727293 0.05348361
v -0.2475664 -0.21699856 -0.03478222
v -0.24005753 -0.24118426 -0.03610506
v -0.25451985 -0.22091442 -0.03438692
v -0.29160658 -0.21799724 -0.03476728
v -0.31316307 -0.21756575 -0.03398198
v -0.30493537 -0.19495571 -0.03491926
v -0.30591691 -0.25787759 -0.0328237
v -0.34269312 -0.17721254 0.04890779
v -0.35992944 -0.21914363 0.0448014
v -0.36569986 -0.19637443 0.0450386
v -0.38127291 -0.21896137 0.04318643
v -0.37098411 -0.19795352 -0.03103306
v -0.35431081 -0.21235396 -0.03101701
v -0.36905682 -0.22186248 -0.02681821
v -0.39231661 -0.19623874 0.04325776
v -0.40325263 -0.2193156 0.03929492
v -0.41411173 -0.19758981 0.0399859
v -0.421076 -0.21848787 0.03426794
v -0.39140189 -0.20885943 -0.0249314
v -0.39097434 -0.18600045 -0.02705613
v -0.39275497 -0.22976759 -0.02353709
v -0.41779691 -0.22092879 -0.02165807
v -0.42776334 -0.1976369 0.03594756
v -0.43352151 -0.20153433 0.03103721
v -0.4351356 -0.21039253 0.02516782
v -0.42696834 -0.21509856 0.0309571
v -0.43352151 -0.20153433 0.03103721
v -0.43454766 -0.19456953 0.03349507
v -0.42750585 -0.22480214 0.0249545
v -0.42750585 -0.22480214 0.0249545
v -0.43132848 -0.22647248 0.01990529
v -0.42941236 -0.22867304 0.02099681
v -0.42696834 -0.21509856 0.0309571
v -0.43862608 -0.20675528 0.02165298
v -0.43756846 -0.21589236 -0.0002876
v -0.42827439 -0.22779542 -0.01281685
v -0.42949498 -0.22631532 -0.01267433
v -0.44827986 -0.19294244 0.0084093
v -0.44734383 -0.19187315 -0.00510234
v -0.43805537 -0.20531343 -0.0153156
v -0.42827439 -0.22779542 -0.01281685
v -0.43487 -0.21030051 -0.01645964
v 0.46090001 -0.15655631 0.0125289
v 0.46588302 -0.14129433 0.01604624
v 0.45437872 -0.15426312 0.02628332
v 0.45272917 -0.17526138 0.01835874
v 0.45017478 -0.17464405 0.02066582
v 0.46536186 -0.15109216 0.00048029
v 0.45784426 -0.17245139 -0.00011585
v 0.46299082 -0.15189369 -0.00891475
v 0.45318747 -0.17451468 -0.01315538
v 0.45333555 -0.17297751 -0.01346445
v 0.45362779 -0.17409584 -0.01268204
v 0.45333555 -0.17297751 -0.01346445
v 0.45319 -0.17451507 -0.01315731
v 0.45277807 -0.17460167 -0.0133332
v 0.44053221 -0.17043018 0.02977693
v 0.45432922 -0.15342517 0.02643669
v 0.4340255 -0.15551776 0.03530381
v 0.42572737 -0.17647828 0.03522411
v 0.45017478 -0.17464405 0.02066582
v 0.42341164 -0.13331397 0.03934635
v 0.40422532 -0.17562838 0.03892665
v 0.41353935 -0.19744417 0.03620413
v 0.44698259 -0.14940703 -0.02012926
v 0.45673841 -0.15476125 -0.01589417
v 0.44814181 -0.16013843 -0.01971382
v 0.44059217 -0.18706733 -0.02014322
v 0.44032159 -0.16763766 -0.02169649
v 0.41133869 -0.17579885 -0.02651067
v 0.39194459 -0.15433633 0.04212825
v 0.38060474 -0.17521811 0.04174876
v 0.36940229 -0.15360457 0.04257488
v 0.35835242 -0.17517357 0.04285776
v 0.41477418 -0.15477696 -0.02880162
v 0.39764771 -0.17461126 -0.03041878
v 0.39167368 -0.15383406 -0.03273484
v 0.38403162 -0.1782153 -0.03157941
v 0.41435063 -0.19646269 -0.02593681
v 0.34703341 -0.15405753 0.04561
v 0.32051769 -0.14998591 0.04826955
v 0.32297415 -0.17043248 0.04704234
v 0.36138722 -0.17257914 -0.03329344
v 0.33808041 -0.17604728 -0.03415531
v 0.35313943 -0.13332999 -0.03492735
v 0.31121486 -0.14152293 0.04924977
v 0.27166489 -0.13174242 -0.04049744
v 0.28261268 -0.157447 -0.03899048
v 0.271552 -0.17533551 -0.03744945
v 0.25222751 -0.17377788 -0.03805725
v 0.26016608 -0.15309478 -0.03868213
v 0.2303918 -0.1743456 -0.03874955
v 0.20613733 -0.17526296 -0.03924816
v 0.21606757 -0.15367329 -0.03959822
v 0.18483141 -0.17486945 -0.03926979
v 0.20576249 -0.13278274 -0.04147666
v 0.17675155 -0.16507708 0.04912625
v 0.15643114 -0.1906442 0.04911622
v 0.15568481 -0.1998459 0.04891414
v 0.17411961 -0.15310124 -0.03988676
v 0.14206301 -0.17892098 -0.03883215
v 0.13620418 -0.15169045 -0.03771289
v 0.12234538 -0.15151598 0.04772621
v 0.11765455 -0.17396656 0.04842389
v 0.14226641 -0.17494196 0.04844347
v 0.10783285 -0.15326881 0.04539073
v 0.10780511 -0.16405414 0.0474174
v 0.12064797 -0.17542972 -0.03721715
v 0.09897743 -0.15069501 0.04684937
v 0.08638208 -0.15367188 0.04734449
v 0.07626648 -0.17410506 0.04629575
v 0.09531086 -0.17478956 0.0481854
v 0.07142183 -0.16123053 0.04627036
v 0.06682491 -0.15530354 0.04520172
v 0.05466278 -0.17477818 0.04599082
v 0.09812878 -0.17610869 -0.03527389
v 0.08622165 -0.16764958 -0.03138825
v 0.10446025 -0.15684231 -0.03380863
v 0.07884389 -0.17762017 -0.0338881
v 0.06713285 -0.15785794 -0.03199486
v 0.06606501 -0.17405321 -0.03127857
v 0.06357523 -0.19211468 -0.03515028
v 0.0598315 -0.1494184 0.046026
v 0.04012592 -0.15642858 0.04617805
v 0.03392454 -0.17511883 0.04723186
v 0.04673139 -0.16983008 -0.02938692
v 0.04765791 -0.17908919 -0.03171879
v 0.03613299 -0.17923474 -0.03236181
v 0.0208915 -0.15656731 -0.03197195
v 0.021748 -0.17555606 -0.03098129
v 0.01077702 -0.15484078 0.04619795
v -0.01157807 -0.17284666 0.04789598
v 0.011169 -0.17316826 0.04764198
v 0.0176697 -0.19715664 0.0479067
v -0.02329662 -0.17604025 -0.03146952
v -0.00286285 -0.16118394 -0.03127401
v 0.00031323 -0.17736171 -0.03136577
v -0.02916962 -0.16500244 0.04765216
v -0.05222461 -0.17649549 0.04681319
v -0.03597216 -0.17617969 0.04742203
v -0.04292582 -0.19730294 0.0489995
v -0.0610901 -0.16095585 0.0474401
v -0.06555933 -0.15541291 0.0467217
v -0.07199471 -0.15642174 0.04747321
v -0.04917046 -0.16997692 -0.02881276
v -0.02391577 -0.15696152 -0.03217385
v -0.04581928 -0.15112466 -0.03229356
v -0.03832328 -0.17906672 -0.03220487
v -0.04927695 -0.17910826 -0.03125978
v -0.06815022 -0.15761986 -0.03144698
v -0.05953217 -0.17357147 -0.03119522
v -0.09451432 -0.15179583 0.04762558
v -0.07763385 -0.17571059 0.04757608
v -0.1088008 -0.15347287 0.04767308
v -0.10884218 -0.16122657 0.04879898
v -0.0896346 -0.14933604 -0.03079855
v -0.08791053 -0.15723538 -0.03298002
v -0.07796346 -0.1700085 -0.03239897
v -0.09319311 -0.16933966 -0.03314316
v -0.0798915 -0.1781339 -0.03437805
v -0.0987932 -0.17746103 -0.03526029
v -0.10247013 -0.1524245 -0.03490726
v -0.10630634 -0.15792109 -0.03514731
v -0.10904099 -0.19747415 -0.03647524
v -0.12107599 -0.17782775 -0.03668426
v -0.11828287 -0.15318772 0.0487143
v -0.15057501 -0.17381351 0.05100009
v -0.1290646 -0.17077345 0.05058163
v -0.1540848 -0.15424463 0.05128223
v -0.1528409 -0.19730605 0.05183528
v -0.14342771 -0.17590135 -0.03719781
v -0.13141957 -0.15628871 -0.03683245
v -0.16614613 -0.17435329 -0.03758244
v -0.15326059 -0.15344566 -0.03890818
v -0.15075986 -0.19842803 -0.03716837
v -0.18240045 -0.17093587 0.05244969
v -0.17549381 -0.15368816 -0.03845111
v -0.18713741 -0.17516227 -0.03762499
v -0.19683041 -0.20051526 -0.03671841
v -0.20649594 -0.17558749 -0.03684404
v -0.21909644 -0.16162458 0.05306589
v -0.24193542 -0.17531785 0.05313633
v -0.21728943 -0.15448758 -0.03817274
v -0.22953808 -0.17592216 -0.03638108
v -0.24936168 -0.17604278 -0.03563508
v -0.23985374 -0.15365475 -0.0384326
v -0.25802034 -0.15853566 0.05290918
v -0.28352046 -0.15353045 0.05271347
v -0.2998274 -0.16971818 0.05142282
v -0.26411626 -0.15191641 -0.03677015
v -0.26407838 -0.18129048 -0.0352186
v -0.29320812 -0.17657933 -0.03558623
v -0.28330681 -0.15241075 -0.03692107
v -0.3035132 -0.13936137 0.05223082
v -0.31241161 -0.17441198 -0.03590026
v -0.30675748 -0.1569583 -0.03609427
v -0.28402874 -0.19781831 -0.03608039
v -0.32868111 -0.15620477 -0.03742739
v -0.36164877 -0.13327108 0.04887215
v -0.37010002 -0.15357769 0.04689652
v -0.36285931 -0.17334689 0.04705823
v -0.38244751 -0.17662041 0.0456694
v -0.33600757 -0.17553967 -0.03478549
v -0.36115766 -0.17631827 -0.03303161
v -0.34861144 -0.15115753 -0.03539551
v -0.39128423 -0.15355866 0.04596338
v -0.40332913 -0.17523715 0.0438309
v -0.41381395 -0.15373182 0.04218197
v -0.37668383 -0.17564875 -0.03180176
v -0.38872957 -0.16343452 -0.03013249
v -0.37169099 -0.1544199 -0.0354828
v -0.41284463 -0.17422955 -0.02485059
v -0.42558879 -0.17599115 0.03947497
v -0.44138658 -0.17947686 0.03263032
v -0.45489275 -0.15389901 0.03021425
v -0.45557511 -0.15561306 0.02918011
v -0.45233512 -0.1590994 0.03063738
v -0.43587187 -0.15425925 0.04012016
v -0.44203353 -0.17257154 0.03360534
v -0.44937134 -0.17438954 0.02518654
v -0.44368684 -0.19071656 0.02424449
v -0.44803512 -0.15969086 -0.01980484
v -0.45560038 -0.15426779 -0.01569909
v -0.44838691 -0.15047383 -0.02033699
v -0.45250905 -0.17229897 -0.0138185
v -0.45761251 -0.17229722 0.00037596
v -0.43859956 -0.18744758 -0.02005809
v -0.43869179 -0.16844103 -0.0226216
v -0.45200053 -0.1756867 -0.0132817
v -0.45244718 -0.17448092 -0.01344246
v -0.4563528 -0.15374534 0.02904171
v -0.45556346 -0.15560628 0.02916882
v -0.45489275 -0.15389901 0.03021425
v -0.45379481 -0.17484716 0.01987605
v -0.46148264 -0.15650171 0.01353526
v -0.46407732 -0.15268996 0.00062312
v -0.46641424 -0.14341593 0.01452441
v -0.46287933 -0.15147845 -0.00918935
v -0.45266548 -0.17466667 -0.012977
v -0.45250905 -0.17229897 -0.0138185
v -0.45244718 -0.17448092 -0.01344246
v -0.4519999 -0.17568409 -0.01327807
v 0.47199759 -0.11977851 0.01719373
v 0.47171479 -0.12046784 0.01727545
v 0.47230619 -0.12005341 0.01683513
v 0.46049073 -0.10522857 0.03258603
v 0.45169315 -0.1214624 0.03387976
v 0.4615666 -0.10911942 0.0314185
v 0.47199759 -0.11977851 0.01719373
v 0.4735691 -0.10122317 0.02152711
v 0.47171479 -0.12046784 0.01727545
v 0.46107087 -0.13181233 0.0269922
v 0.44844782 -0.13251545 0.03283242
v 0.45437711 -0.15342659 0.02654225
v 0.46107087 -0.13181233 0.0269922
v 0.47661403 -0.09769442 0.01697576
v 0.4763329 -0.11024868 -0.0011018
v 0.46992528 -0.13861777 -1.85E-05
v 0.46900642 -0.13642102 -0.00681806
v 0.47196627 -0.11887237 -0.01199028
v 0.4686918 -0.13699031 0.01039952
v 0.4658356 -0.13636291 -0.01312
v 0.47552741 -0.10003847 -0.01376241
v 0.47621015 -0.09867057 -0.01380847
v 0.47450921 -0.10819066 -0.01254779
v 0.4658356 -0.13636291 -0.01312
v 0.46155378 -0.13293484 -0.01896628
v 0.47029203 -0.12295604 -0.01280802
v 0.45914495 -0.14377791 -0.01816362
v 0.43621626 -0.11177208 0.03790254
v 0.40363008 -0.13181305 0.04164618
v 0.4322232 -0.14346094 -0.02419492
v 0.43406266 -0.1231988 -0.02566125
v 0.43709463 -0.10403198 -0.02687681
v 0.41667211 -0.11103898 -0.03345075
v 0.41956243 -0.13241087 -0.03014142
v 0.38925126 -0.11014909 0.04422521
v 0.37894255 -0.1308915 0.0444224
v 0.36947054 -0.11009657 0.04517257
v 0.35964492 -0.13180135 0.04564185
v 0.40084887 -0.13120918 -0.03324097
v 0.38456017 -0.13154154 -0.03434553
v 0.39181411 -0.10704695 -0.03533145
v 0.36908591 -0.11598764 -0.03578689
v 0.36597338 -0.13280441 -0.03421468
v 0.36818746 -0.15313676 -0.03386991
v 0.36120322 -0.10558984 0.04653956
v 0.33963186 -0.13514863 0.0479211
v 0.33988938 -0.1325662 -0.03588773
v 0.35002553 -0.11005414 -0.03598854
v 0.30378506 -0.11112515 -0.04038988
v 0.32988653 -0.11574879 -0.03867512
v 0.31830981 -0.13563542 -0.03776884
v 0.29355559 -0.13141227 -0.03940418
v 0.30623955 -0.15442818 -0.03713724
v 0.29172757 -0.08829619 -0.04215305
v 0.23814093 -0.13262208 0.05031378
v 0.25751606 -0.12937126 0.05059056
v 0.24039337 -0.11064391 0.05098703
v 0.24096842 -0.15304218 0.05032169
v 0.26042417 -0.11085068 -0.04134266
v 0.25126353 -0.13171235 -0.04055641
v 0.22764172 -0.13148093 -0.04082147
v 0.21618691 -0.13018331 0.05068032
v 0.21712856 -0.10975969 -0.04236329
v 0.18585218 -0.13163708 -0.04025682
v 0.19493121 -0.10936397 -0.0419988
v 0.1706817 -0.13147937 0.04913299
v 0.19555469 -0.15328251 0.04985171
v 0.19589002 -0.11116011 0.04964427
v 0.1576428 -0.11541028 0.04860481
v 0.15166223 -0.10952562 0.04718363
v 0.14096715 -0.1295671 0.04726152
v 0.15683667 -0.13909039 0.04894057
v 0.15508665 -0.15915217 0.04884883
v 0.17550667 -0.10960339 -0.04013165
v 0.1631227 -0.13344517 -0.03856106
v 0.14380051 -0.10920495 0.04758416
v 0.11888978 -0.13430411 0.04691653
v 0.11062986 -0.11081856 0.04547268
v 0.10455009 -0.12886365 0.047002
v 0.11515556 -0.10309077 0.04623877
v 0.14141703 -0.13257191 -0.03657439
v 0.13673109 -0.12721097 -0.03377706
v 0.14666608 -0.11158701 -0.03508876
v 0.13053386 -0.10932998 -0.03396576
v 0.13106698 -0.11560827 -0.0325017
v 0.11955804 -0.13026197 -0.03278971
v 0.12183183 -0.13480234 -0.03501743
v 0.1104387 -0.14617699 -0.03407615
v 0.10397121 -0.14730468 -0.03402676
v 0.09521515 -0.10948084 0.04663809
v 0.07687791 -0.13174365 0.04543719
v 0.07157201 -0.14526248 0.04585004
v 0.09689786 -0.13662922 -0.03268565
v 0.09489292 -0.13030988 -0.03429842
v 0.11120705 -0.11859868 -0.03547611
v 0.0736115 -0.13060904 -0.03377517
v 0.08565853 -0.1073151 -0.03397729
v 0.085187 -0.15692328 -0.03178332
v 0.08141243 -0.13918245 -0.03221226
v 0.02514071 -0.14376904 0.04603614
v 0.02245491 -0.15458412 0.0454227
v 0.05227042 -0.12725787 -0.03212727
v 0.03704957 -0.1292515 -0.03201472
v 0.04398244 -0.11139304 -0.03485976
v 0.00459165 -0.11018899 -0.0371092
v 0.02381467 -0.11031878 -0.03682902
v 0.01497381 -0.12999772 -0.03310817
v -0.00249706 -0.12724982 -0.03294383
v -0.02417232 -0.11252277 -0.03629372
v -0.02602564 -0.13228279 -0.03216457
v -0.02024227 -0.15459511 0.04693849
v -0.02415472 -0.14565337 0.04729431
v -0.03271307 -0.13204287 0.04729689
v -0.04169479 -0.12030593 0.04780572
v -0.0627441 -0.14830673 0.0477139
v -0.04208981 -0.12527911 -0.03185824
v -0.04470176 -0.10716754 -0.03528303
v -0.05797314 -0.13531937 -0.03203569
v -0.06530124 -0.11160348 -0.03394013
v -0.08612584 -0.1134838 0.04928333
v -0.09650695 -0.13301751 0.04784841
v -0.07985807 -0.13385928 0.0487179
v -0.07642872 -0.13126902 -0.03185915
v -0.09543085 -0.1287595 -0.03210986
v -0.08612911 -0.10844005 -0.03336939
v -0.09354953 -0.14118904 -0.03020256
v -0.11289119 -0.11450638 -0.03385101
v -0.10695434 -0.13378811 -0.03023714
v -0.11118454 -0.14560622 -0.03524599
v -0.14514759 -0.11118589 0.04857293
v -0.15181088 -0.10939294 0.04830331
v -0.15893595 -0.1131089 0.04971764
v -0.12217826 -0.12854245 0.04838018
v -0.11693734 -0.13212693 -0.03167784
v -0.12535739 -0.12667561 -0.03295368
v -0.13679361 -0.12698925 -0.03431344
v -0.13270071 -0.11117177 -0.03259727
v -0.12357306 -0.13412297 -0.0358063
v -0.1417543 -0.13277434 -0.03749057
v -0.1445743 -0.11972083 -0.03707755
v -0.16620168 -0.13206214 -0.03940124
v -0.19777054 -0.10890696 0.05258564
v -0.17547306 -0.13078465 0.05173731
v -0.19614786 -0.15409289 0.05306128
v -0.1767965 -0.10974566 -0.04075689
v -0.18718395 -0.13211982 -0.04050388
v -0.20875728 -0.13181183 -0.04036729
v -0.21715418 -0.13189174 0.05319489
v -0.23996042 -0.10864158 0.05445947
v -0.24045926 -0.13310823 0.05385166
v -0.23934421 -0.15294012 0.05402671
v -0.21808748 -0.11096861 -0.04141428
v -0.22978692 -0.13269405 -0.03987524
v -0.24865732 -0.13190587 -0.03831651
v -0.2397356 -0.11023152 -0.04141444
v -0.26221025 -0.10327185 0.05372905
v -0.25803208 -0.12612954 0.05308256
v -0.28317022 -0.10911209 0.05355926
v -0.30011511 -0.12092941 0.0523946
v -0.26062873 -0.11135685 -0.03971473
v -0.27101377 -0.13109124 -0.037393
v -0.29429054 -0.13246496 -0.03728013
v -0.28272688 -0.11058146 -0.03976673
v -0.34207097 -0.13395074 0.05064249
v -0.32695386 -0.10913569 0.05179672
v -0.32579669 -0.1523724 0.05110854
v -0.30468172 -0.11041741 -0.03811455
v -0.31337443 -0.13235475 -0.03757303
v -0.33569068 -0.13148658 -0.03754896
v -0.32641554 -0.11025435 -0.03924984
v -0.35312065 -0.1064171 0.05013604
v -0.34892839 -0.10923544 -0.03805273
v -0.35609114 -0.13314192 -0.03645467
v -0.37274575 -0.11292019 -0.03794707
v -0.40174779 -0.09940043 0.04687707
v -0.4062824 -0.13073754 0.04588752
v -0.42764452 -0.13305758 0.04265961
v -0.41381922 -0.15429863 -0.02550828
v -0.41444021 -0.14934739 -0.02603674
v -0.41032696 -0.15534446 -0.0266042
v -0.38193044 -0.13300936 -0.03461234
v -0.39748621 -0.13551612 -0.03180562
v -0.39185038 -0.11152622 -0.03537927
v -0.41315946 -0.11098853 -0.03077485
v -0.41098937 -0.13494396 -0.02758747
v -0.43569741 -0.11055806 0.04263092
v -0.44837037 -0.12701966 0.03804455
v -0.44749495 -0.13226634 0.03745421
v -0.46182054 -0.1018397 0.03464933
v -0.46044266 -0.11921382 0.03318405
v -0.4565382 -0.1502682 0.02995235
v -0.45842078 -0.13930951 -0.01885696
v -0.43881926 -0.12665522 -0.02549043
v -0.42964131 -0.09290923 -0.02834261
v -0.43770066 -0.1458516 -0.02456894
v -0.46307981 -0.11055064 0.03264469
v -0.46307981 -0.11055064 0.03264469
v -0.47236848 -0.12015192 0.01852933
v -0.46044266 -0.11921382 0.03318405
v -0.45638609 -0.15375227 0.02906191
v -0.46635234 -0.13761246 0.01921725
v -0.46104932 -0.13218486 0.0300976
v -0.47371292 -0.100896 0.02284998
v -0.47584644 -0.09906662 0.02048543
v -0.47606903 -0.09777614 0.0186584
v -0.4693062 -0.13788454 3.18E-06
v -0.46823549 -0.13717163 -0.00724554
v -0.46489394 -0.13796592 -0.01299149
v -0.4711605 -0.12047353 -0.01228368
v -0.47009683 -0.12278807 -0.01264751
v -0.4579078 -0.11150045 -0.02169539
v -0.46489394 -0.13796592 -0.01299149
v -0.47478449 -0.10060482 -0.0134794
v -0.47374868 -0.10079712 -0.0141961
v -0.47250688 -0.11349016 -0.01254708
v 0.47724146 -0.07967466 0.02248824
v 0.47912207 -0.07504579 0.01981009
v 0.47569263 -0.07400894 0.0246259
v 0.47569263 -0.07400894 0.0246259
v 0.47246894 -0.08165741 0.02574599
v 0.47724146 -0.07967466 0.02248824
v 0.4765653 -0.10009533 0.01892006
v 0.47525474 -0.09689081 0.02078938
v 0.4735691 -0.10122317 0.02152711
v 0.46130529 -0.05667351 0.03436081
v 0.44789967 -0.08795368 0.03690447
v 0.462228 -0.07271036 0.03303921
v 0.47668153 -0.05973548 0.0254243
v 0.46340764 -0.08801025 0.03099591
v 0.47523937 -0.09688813 0.02076931
v 0.48080328 -0.05764763 0.02007059
v 0.48355296 -0.065997 0.00428754
v 0.48166165 -0.08686278 -0.00099827
v 0.48004171 -0.07717314 -0.01410908
v 0.48430112 -0.06585848 -0.00421768
v 0.48198509 -0.05779904 -0.01485871
v 0.47991356 -0.07716691 -0.01405805
v 0.47895387 -0.07962307 -0.01514973
v 0.47815716 -0.07729801 -0.01560272
v 0.46189404 -0.08861065 -0.0220795
v 0.4755263 -0.10003781 -0.01376026
v 0.43607357 -0.06631744 0.03948855
v 0.42351171 -0.08834923 0.04041536
v 0.40387252 -0.05057925 0.04375594
v 0.45539936 -0.0673366 -0.0250938
v 0.43530819 -0.09152376 -0.02764182
v 0.43750063 -0.06553216 -0.02976565
v 0.45945197 -0.10848141 -0.02141681
v 0.42070147 -0.08035828 -0.0330653
v 0.38812777 -0.06652096 0.04505244
v 0.40330592 -0.08753602 0.04374763
v 0.37981755 -0.09594556 0.04510486
v 0.36898619 -0.04686167 0.04646627
v 0.35905218 -0.08532751 0.04701276
v 0.40211087 -0.0869671 -0.03492763
v 0.38292158 -0.08698106 -0.03662246
v 0.38947153 -0.06669948 -0.03766335
v 0.36777723 -0.0736381 -0.03790082
v 0.36106509 -0.08833443 -0.03661404
v 0.35707045 -0.06710544 0.04764852
v 0.33548301 -0.08977442 0.04940077
v 0.33656546 -0.08868755 -0.0389082
v 0.34927097 -0.06548267 -0.03893787
v 0.31574216 -0.0880417 -0.04018946
v 0.30532321 -0.06674898 -0.04256045
v 0.32057101 -0.11196697 0.04992187
v 0.33013096 -0.11189809 0.04923902
v 0.3277514 -0.10468476 0.04952859
v 0.29793257 -0.06588703 0.05056496
v 0.27164626 -0.08815534 -0.04226046
v 0.26118523 -0.06632593 -0.04370093
v 0.24987876 -0.08810629 -0.04264912
v 0.22814932 -0.08786155 -0.04331369
v 0.2392202 -0.06598067 -0.04267138
v 0.21863095 -0.05457317 0.05035681
v 0.19271865 -0.10062803 0.04976797
v 0.23570448 -0.10503083 0.05104091
v 0.21756449 -0.06642245 -0.04284402
v 0.20614803 -0.08762772 -0.04215318
v 0.18512627 -0.08768923 -0.04024188
v 0.19470459 -0.06582403 -0.04155016
v 0.17387217 -0.06780253 0.04824673
v 0.16030842 -0.09554425 0.0482947
v 0.18225296 -0.08574343 0.04945642
v 0.17301761 -0.10927568 0.04984071
v 0.15065034 -0.07873533 0.04872677
v 0.15687934 -0.06552956 0.04838
v 0.14838603 -0.06627283 0.04854403
v 0.17326027 -0.06289327 -0.03615743
v 0.17873245 -0.06612992 -0.03920835
v 0.17294443 -0.06858253 -0.03712386
v 0.16478184 -0.08422107 -0.0368384
v 0.16441935 -0.08975452 -0.03785115
v 0.1403271 -0.0880533 -0.03634102
v 0.16481505 -0.06737164 -0.03749993
v 0.15985906 -0.08795339 -0.03552967
v 0.15462613 -0.10169596 -0.03606837
v 0.13298759 -0.06598607 0.04803287
v 0.1233262 -0.08621159 0.04694474
v 0.12792295 -0.06683116 -0.03767018
v 0.1211253 -0.09027736 -0.03680572
v 0.15187086 -0.11010073 -0.03526184
v 0.1461919 -0.08937442 -0.03519326
v 0.10701608 -0.06807421 -0.03777653
v 0.09448505 -0.09069721 -0.03562159
v 0.07908798 -0.08805227 -0.03619321
v 0.08684493 -0.06551703 -0.03807929
v 0.05340473 -0.08767739 -0.03679468
v 0.03138609 -0.08592306 -0.03801841
v 0.04196781 -0.06420279 -0.039414
v 0.0079722 -0.08633732 -0.03921239
v 0.02033758 -0.06502998 -0.03953558
v -0.00107675 -0.06100912 0.05041167
v -0.01687446 -0.08631142 0.05111627
v 0.00871089 -0.08796572 0.05042959
v 0.00097784 -0.11411114 0.04920679
v 0.00147171 -0.06658369 -0.03849937
v -0.01005168 -0.08604218 -0.03899707
v -0.03183661 -0.08847316 -0.03855813
v -0.00914605 -0.06442051 -0.03867601
v -0.00100541 -0.06219131 -0.03697181
v -0.02175886 -0.06625679 0.05131045
v -0.03843283 -0.08967962 0.05067874
v -0.02053731 -0.10831699 0.04951177
v -0.04325717 -0.06529153 -0.03950512
v -0.05537549 -0.08763695 -0.03787737
v -0.08232155 -0.06790671 -0.03819872
v -0.06540966 -0.06554461 -0.03930646
v -0.08491942 -0.06137475 0.05148429
v -0.0944323 -0.08686068 0.05047342
v -0.06445083 -0.06620481 0.0517615
v -0.07868803 -0.08867185 -0.03633046
v -0.09592652 -0.08579054 -0.03430483
v -0.14200735 -0.0486437 0.05075853
v -0.1417795 -0.08840431 0.04912033
v -0.1215841 -0.08830864 0.05025548
v -0.13213414 -0.10946248 0.04799101
v -0.14964828 -0.06865192 0.04942695
v -0.15377133 -0.06552816 0.0488202
v -0.15720427 -0.07074735 0.04948351
v -0.1552065 -0.10090449 0.04914466
v -0.11706116 -0.09004723 -0.03472354
v -0.15178418 -0.07642677 -0.03494811
v -0.13296261 -0.07095325 -0.03614693
v -0.14072251 -0.09422094 -0.03322428
v -0.14866459 -0.08835948 -0.03311819
v -0.15377462 -0.09764247 -0.03761843
v -0.14178145 -0.10978723 -0.03603363
v -0.17346007 -0.08601065 0.0505293
v -0.15954125 -0.08720046 -0.0356164
v -0.16458513 -0.08743283 -0.03861144
v -0.15602118 -0.06896055 -0.03566701
v -0.18551752 -0.08730902 -0.0415662
v -0.17444842 -0.06700509 -0.03964575
v -0.2197175 -0.07026862 0.05268508
v -0.20689934 -0.08815163 -0.04318459
v -0.21787792 -0.06620976 -0.04405329
v -0.22871871 -0.08841211 -0.04249196
v -0.23988211 -0.06656551 -0.04325169
v -0.25781342 -0.0899507 0.0535474
v -0.25072789 -0.08855284 -0.04114958
v -0.27211377 -0.08864278 -0.04011879
v -0.29428461 -0.08845347 -0.03915431
v -0.26084802 -0.06668613 -0.04188078
v -0.29982772 -0.08356611 0.05256068
v -0.30371869 -0.06773695 -0.03962509
v -0.31539786 -0.08896158 -0.03910066
v -0.33613119 -0.08894873 -0.03891426
v -0.32613301 -0.06686658 -0.04040873
v -0.35391811 -0.08235702 0.05073225
v -0.34795964 -0.0673546 -0.03907773
v -0.37794665 -0.08596139 -0.03806239
v -0.38279524 -0.06730822 -0.03877662
v -0.40639088 -0.06289238 0.04703616
v -0.4035438 -0.08702123 0.04695839
v -0.3768999 -0.09625627 0.04868213
v -0.42279992 -0.08816396 0.0454028
v -0.40095615 -0.08770025 -0.03538539
v -0.43573862 -0.06512164 0.04448419
v -0.44756734 -0.08840347 0.0413521
v -0.464167 -0.07051136 0.03531173
v -0.46378756 -0.0886355 0.03403842
v -0.4354389 -0.07754548 -0.02773841
v -0.41464511 -0.06764176 -0.03461328
v -0.43607885 -0.05731347 -0.02836855
v -0.46048436 -0.08891327 -0.02310463
v -0.47140813 -0.08227789 0.02813005
v -0.4752996 -0.07375318 0.02618408
v -0.47693264 -0.07948476 0.02328974
v -0.47140813 -0.08227789 0.02813005
v -0.4752996 -0.07375318 0.02618408
v -0.47617722 -0.06015021 0.0274303
v -0.4714061 -0.09562951 0.02567613
v -0.4714061 -0.09562951 0.02567613
v -0.47859836 -0.07523086 0.02061358
v -0.4829179 -0.06646574 0.00345081
v -0.48031572 -0.05780874 0.02130605
v -0.47997695 -0.08738902 -5.236E-05
v -0.48263264 -0.06666654 -0.00330901
v -0.47961351 -0.05799176 -0.01451011
v -0.47763506 -0.07709275 -0.01406144
v -0.47370818 -0.10078498 -0.01412592
v -0.47566259 -0.07712443 -0.01558767
v -0.47665715 -0.079539 -0.01524389
v -0.4776212 -0.07709205 -0.01405734
v -0.4749825 -0.10061049 -0.01354229
v -0.47440612 -0.09926683 -0.01409268
v 0.47981891 -0.03644246 0.02383804
v 0.48193067 -0.03030878 0.02060646
v 0.47784653 -0.02919185 0.02631396
v 0.48290116 -0.03402212 0.01755439
v 0.47784653 -0.02919185 0.02631396
v 0.47206938 -0.04641072 0.02847319
v 0.47981891 -0.03644246 0.02383804
v 0.47904751 -0.0523603 0.02356303
v 0.47668153 -0.05973548 0.0254243
v 0.47904751 -0.0523603 0.02356303
v 0.46205986 -0.01310057 0.03379859
v 0.44718871 -0.04458619 0.03778744
v 0.46348032 -0.03141059 0.0334461
v 0.47807491 -0.01641917 0.02636081
v 0.46406859 -0.04434758 0.03216738
v 0.48281649 -0.01132066 0.01954107
v 0.48680207 -0.02221131 0.00510365
v 0.48612124 -0.04489506 -0.0011239
v 0.48609206 -0.04500479 -0.00303739
v 0.4838534 -0.03574672 -0.01331291
v 0.48733562 -0.02008581 -0.00528656
v 0.48435959 9.95E-05 -0.01325087
v 0.48151124 -0.03557491 -0.0165115
v 0.48287472 -0.03200507 -0.01514423
v 0.45976809 -0.03230928 -0.02353879
v 0.48155078 -0.03563561 -0.01661721
v 0.48082259 -0.05458561 -0.01629728
v 0.44452602 -0.05067634 -0.02773035
v 0.43594599 -0.02177146 0.03971153
v 0.42469007 -0.04510849 0.04144259
v 0.4536044 -0.02374863 -0.02584059
v 0.45737603 -0.02111888 -0.02401291
v 0.43490326 -0.02126467 -0.03196136
v 0.42041761 -0.04058352 -0.03484335
v 0.41975024 -0.0671721 -0.03434979
v 0.37634495 -0.01010857 0.04656727
v 0.36124218 -0.01341608 0.047525
v 0.36484471 -0.03169953 0.04734113
v 0.40081352 -0.04516722 -0.03686322
v 0.38101354 -0.04462503 -0.03816766
v 0.38996109 -0.02374735 -0.03883292
v 0.35886544 -0.0452158 -0.0388937
v 0.33545768 -0.00853006 0.04922912
v 0.33749753 -0.0433557 0.04936111
v 0.34898165 -0.02434345 -0.04036344
v 0.33772278 -0.04509933 -0.04059828
v 0.31591126 -0.04453811 -0.04134244
v 0.30532426 -0.02259504 -0.04290222
v 0.31598833 -0.04541482 0.04943715
v 0.30247962 -0.03513813 0.05009829
v 0.25946993 -0.04632776 0.05105041
v 0.28164893 -0.02342691 0.05099785
v 0.28236839 -0.06651735 0.05090667
v 0.2937524 -0.04486134 -0.04392356
v 0.27163711 -0.04443718 -0.04408752
v 0.27277133 -0.00203245 -0.04493207
v 0.26089168 -0.02274007 -0.04497777
v 0.25035009 -0.04458154 -0.04400123
v 0.2276376 -0.04467857 -0.04361878
v 0.23859006 -0.02260977 -0.04342395
v 0.21834944 -0.0216983 0.04967533
v 0.20650879 -0.04546215 0.04968773
v 0.21683215 -0.02292434 -0.0435129
v 0.20701966 -0.04427766 -0.04120782
v 0.18534151 -0.04170547 -0.03851767
v 0.1942414 -0.02255571 -0.04081279
v 0.17525358 -0.02163851 0.04877749
v 0.16030741 -0.0309248 0.0483619
v 0.18276751 -0.04362623 0.04879248
v 0.15342665 -0.02216458 0.04763383
v 0.14777467 -0.02635478 0.04838797
v 0.15748964 -0.0136513 0.04810203
v 0.17958564 -0.02275068 -0.03925067
v 0.18130955 -0.04413257 -0.03680881
v 0.16696975 -0.04567392 -0.03750165
v 0.17512019 -0.02264084 -0.03791037
v 0.16282974 -0.04385493 -0.03850807
v 0.14134772 -0.04700365 -0.03877339
v 0.15200818 -0.0230546 -0.03982562
v 0.14414173 -0.04266441 0.04864654
v 0.12629534 -0.03883858 0.04909386
v 0.12964296 -0.02280646 -0.03971445
v 0.11819232 -0.0457835 -0.04001694
v 0.09745401 -0.04546469 -0.04102235
v 0.10018665 -0.00446536 -0.04403703
v 0.05067565 -0.03939291 0.05103517
v 0.08357614 -0.03828402 0.05060114
v 0.0647446 -0.02189099 0.05162141
v 0.06642578 -0.06612518 0.05030707
v 0.07461219 -0.04434504 -0.04204497
v 0.05274516 -0.04258706 -0.04177238
v 0.06245768 -0.02124465 -0.04212409
v 0.07227655 -0.07017834 -0.03842368
v 0.04212365 -0.02517075 0.05074095
v 0.02256599 -0.02248807 0.05109913
v 0.02275095 -0.06675914 0.05053325
v 0.04350982 -0.0213769 -0.04074452
v 0.031804 -0.04136635 -0.0366101
v 0.03034405 -0.0464735 -0.03799345
v 0.02985829 -0.03881854 -0.03918999
v 0.00894867 -0.04290599 -0.03922737
v 0.02378917 -0.02419418 -0.0435009
v 0.01263446 -0.05087459 -0.03870595
v -0.00066459 -0.02880119 0.05220182
v -0.01555941 -0.04453465 0.04939126
v 0.00906399 -0.04418561 0.04981234
v -0.011129 -0.04686973 -0.0356706
v 0.00858873 -0.04576367 -0.03694947
v -0.01297077 -0.04227383 -0.03850708
v -0.03153169 -0.03904682 -0.03915352
v -0.02299547 -0.02413523 -0.04412931
v -0.04385085 -0.02267473 0.0521815
v -0.05029337 -0.0444346 0.05175263
v -0.03099204 -0.04421878 0.05062844
v -0.04173274 -0.06464587 0.05153389
v -0.06395226 -0.02161055 0.05412987
v -0.0313341 -0.043657 -0.0358994
v -0.03640475 -0.04071552 -0.03605649
v -0.04432527 -0.02295129 -0.04136064
v -0.05407282 -0.03909754 -0.03774818
v -0.01860845 -0.05331676 -0.03786075
v -0.05396482 -0.04340075 -0.03796706
v -0.07556602 -0.04327653 -0.04017694
v -0.06358713 -0.02163702 -0.0395779
v -0.08511242 -0.02493491 0.05234378
v -0.08852077 -0.03783068 0.051785
v -0.08710425 -0.02221811 -0.0419612
v -0.0979346 -0.0425121 -0.03922873
v -0.11960278 -0.04365768 -0.03630193
v -0.13194351 -0.02456458 -0.03655234
v -0.10815233 -0.02230509 0.05236454
v -0.12998472 -0.0331758 0.05246847
v -0.11414243 -0.04461612 0.05217907
v -0.15188687 -0.02233337 0.05107633
v -0.14658321 -0.0461191 -0.03674444
v -0.17466179 -0.02536108 0.04983785
v -0.18204981 -0.04719134 0.05022402
v -0.1632906 -0.04563226 0.04847955
v -0.17410365 -0.06798002 0.04972256
v -0.19287395 -0.02992344 0.05057966
v -0.19656327 -0.06649493 0.05168869
v -0.16743372 -0.04575305 -0.03581921
v -0.16913331 -0.04092222 -0.03519511
v -0.16163921 -0.03490251 -0.03704709
v -0.16818547 -0.02307415 -0.03805214
v -0.14889593 -0.02827904 -0.03797078
v -0.18305686 -0.04467802 -0.0406496
v -0.17660128 -0.02396467 -0.03673025
v -0.17205481 -0.06537757 -0.03846145
v -0.19665255 -0.02287779 0.05060882
v -0.21795942 -0.0322249 0.05263468
v -0.23770063 -0.04360651 0.05305902
v -0.24023323 -0.06609082 0.05437914
v -0.18126622 -0.02188321 -0.03973584
v -0.20617251 -0.04443366 -0.04468381
v -0.21741889 -0.02153735 -0.04486401
v -0.2289035 -0.04470208 -0.04428386
v -0.25013292 -0.04469422 -0.0426269
v -0.26011464 -0.04390354 0.05293629
v -0.27144992 -0.04518492 -0.0412006
v -0.29287094 -0.04509119 -0.04036882
v -0.28882927 -0.04467433 0.05258553
v -0.30866927 -0.05163482 0.05250842
v -0.2836439 -0.06642557 0.05351663
v -0.32657152 -0.02228591 0.05257625
v -0.30511308 -0.03050897 0.05254047
v -0.31454766 -0.0453914 -0.04030086
v -0.30388275 -0.02311635 -0.04173959
v -0.33553439 -0.0448291 -0.04009109
v -0.34565449 -0.03420367 0.05164971
v -0.32723629 -0.06626265 0.05183174
v -0.35669249 -0.04724075 0.05054387
v -0.35813835 -0.04527147 -0.03962784
v -0.34751356 -0.02391604 -0.04157057
v -0.37902257 -0.04520672 -0.03925126
v -0.38261437 -0.02611113 -0.03986882
v -0.40260446 -0.02579008 0.04679686
v -0.36994508 -0.06713701 0.04915928
v -0.40716106 -0.04475985 -0.03576852
v -0.39299762 -0.022225 -0.0385189
v -0.41585094 -0.0229869 -0.0357408
v -0.43535998 -0.02381015 0.04405018
v -0.42493793 -0.04422085 0.04508233
v -0.44690198 -0.04490495 0.04111236
v -0.46357676 -0.0355798 0.03653315
v -0.4632279 -0.04737101 0.03622678
v -0.42083001 -0.04467374 -0.03309703
v -0.43554157 -0.03458403 -0.02961152
v -0.46133253 -0.04443472 -0.02429506
v -0.47682762 -0.02931664 0.02862062
v -0.46587905 -0.0187721 0.03593541
v -0.47702873 -0.01734835 0.0286845
v -0.47171259 -0.0503577 0.03049916
v -0.47885942 -0.05248493 0.02525204
v -0.4768821 -0.02931631 0.0287022
v -0.48162308 -0.03194191 0.02153734
v -0.4794426 -0.03711438 0.02574551
v -0.47617722 -0.06015021 0.0274303
v -0.47885942 -0.05248493 0.02525204
v -0.4858737 -0.0235551 0.0054267
v -0.48169678 -0.01483234 0.021883
v -0.48480594 -0.04435337 -0.00022616
v -0.48073408 -0.03274702 -0.01483944
v -0.48530591 -0.02402264 -0.0035038
v -0.48098037 -0.01500888 -0.01490274
v -0.47854602 -0.05498918 -0.01592072
v -0.4779368 -0.03302547 -0.01695562
v -0.47931004 -0.03628999 -0.01640755
v -0.48066068 -0.03275049 -0.0148043
v 0.48740584 -0.0015908 -0.00021233
v 0.48683196 0.0124678 -0.00544328
v 0.48014298 0.00671309 0.02379721
v 0.48198324 0.01241131 0.02064786
v 0.4779506 0.01361573 0.02547157
v 0.4779506 0.01361573 0.02547157
v 0.47328031 -0.00222944 0.028063
v 0.48014298 0.00671309 0.02379721
v 0.48026621 -0.00869817 0.02405101
v 0.47807491 -0.01641917 0.02636081
v 0.48026621 -0.00869817 0.02405101
v 0.45953655 0.02602298 0.03336079
v 0.44493306 -0.00048059 0.03722669
v 0.46154889 0.0127241 0.03319401
v 0.47755674 0.02765027 0.02474046
v 0.46391761 -0.00073761 0.03162235
v 0.48133242 0.03008678 0.01954944
v 0.48614332 0.02061069 0.00438619
v 0.48342511 0.03270306 -0.01352243
v 0.45504659 0.01861769 -0.0256587
v 0.45776266 0.02420211 -0.02425554
v 0.46881706 0.01883919 -0.02125305
v 0.4816837 0.00716776 -0.01680195
v 0.4829618 0.01078129 -0.0153268
v 0.48298162 -0.01483107 -0.01523811
v 0.48164845 -0.01134908 -0.01668745
v 0.45577651 -0.00181785 -0.02424298
v 0.48170486 0.00712053 -0.01687007
v 0.48167962 -0.0112935 -0.01677945
v 0.43535194 0.02301042 0.03816232
v 0.42397827 -0.00124915 0.04106078
v 0.45006403 -0.0084185 0.03674483
v 0.40518555 -6.835E-05 0.04366773
v 0.44123107 0.00122911 -0.03024471
v 0.43380204 0.00500534 -0.0319635
v 0.44064039 0.03946906 -0.03098584
v 0.41993144 0.01551777 -0.03677019
v 0.42137444 -0.00246048 -0.03547874
v 0.418354 -0.02733619 -0.03607452
v 0.40512806 -0.00148983 -0.037397
v 0.3894459 0.02155155 0.04481188
v 0.36721152 0.02387675 0.04595779
v 0.36471075 0.00904941 0.04678089
v 0.39099082 0.02080515 -0.04023597
v 0.37900138 -0.0011443 -0.04003327
v 0.35998353 0.00039653 -0.04032445
v 0.34736136 0.01853253 0.04826899
v 0.33791766 -0.00154771 -0.04183983
v 0.34896645 0.01986939 -0.04116983
v 0.3158901 -0.000989 -0.04226044
v 0.32661879 0.02071869 -0.04295331
v 0.32125324 0.01757613 0.04927652
v 0.29552472 -0.00041558 0.04990263
v 0.29294902 0.00074902 -0.04363449
v 0.25905883 0.02088346 -0.04589375
v 0.25046131 -0.00146261 -0.04569355
v 0.22917221 -0.00105482 -0.04521155
v 0.22725646 -0.00281152 0.05055125
v 0.21342379 0.00857967 0.04993274
v 0.19895846 -0.02188033 0.0501137
v 0.20027313 0.01785402 0.04962284
v 0.21414369 0.02047548 -0.04521747
v 0.20386527 -0.00090919 -0.04448568
v 0.19391763 0.02083957 -0.04187179
v 0.16291353 0.02897687 0.04765544
v 0.16036797 0.00877419 0.04775975
v 0.17267711 -0.00430292 0.04821364
v 0.15357685 0.02169305 0.04702449
v 0.14710931 0.01421263 0.04854492
v 0.17819744 0.02116537 -0.03965336
v 0.18298395 -0.00025668 -0.03877679
v 0.16481273 -0.0016663 -0.04175216
v 0.17448229 0.02139559 -0.03848663
v 0.1875976 -0.00305616 -0.04022662
v 0.13963847 -0.00154387 -0.03996482
v 0.15222102 0.02096272 -0.0402019
v 0.14131439 -0.00183117 0.04944378
v 0.12940824 0.01267665 0.05048811
v 0.12958927 0.02017841 -0.04097057
v 0.11941155 -0.00123333 -0.04314765
v 0.10775352 0.02108675 -0.04410678
v 0.10851014 0.02080155 0.05023871
v 0.08840528 0.00371001 0.05086286
v 0.10992098 -0.02196814 0.05099327
v 0.08361621 0.0190643 -0.04515819
v 0.07261897 0.00146343 -0.04477752
v 0.08572174 -0.02419638 -0.0434823
v 0.06184655 0.01998699 -0.04349184
v 0.04437027 0.02041499 0.04802972
v 0.0356919 0.00297173 0.05013707
v 0.05115699 0.00122703 0.05002438
v 0.05274224 4.072E-05 -0.04172344
v 0.03719304 -0.00208903 -0.04491702
v 0.01240706 -0.00090204 -0.04553799
v 0.0231334 0.02167821 -0.04433453
v 0.04569874 0.02193289 -0.04249619
v -0.00238312 0.01992564 0.05032687
v -0.00949286 -0.0039806 0.05253875
v 0.01222678 -0.00325666 0.05184954
v -0.00707313 0.02042381 -0.04355339
v -0.0112054 -0.00054674 -0.04495519
v 0.00027937 -0.02551797 -0.04504688
v -0.03303739 -0.00192337 -0.04402441
v -0.02229118 0.01959097 0.05183674
v -0.04025407 -0.00040199 0.05232208
v -0.02288991 -0.02301325 0.0526435
v -0.04395993 0.02383341 0.04961847
v -0.05225428 0.00086593 0.05148688
v -0.06428384 0.02092888 0.05294403
v -0.06946903 -0.00025827 0.05359334
v -0.04570686 0.02114884 -0.04339674
v -0.05586313 -0.00080689 -0.04199387
v -0.08556929 0.00881422 0.05301512
v -0.09366783 -0.00017125 0.05230032
v -0.09621653 0.04140548 0.05130485
v -0.10798097 0.02118145 0.05255774
v -0.06363356 0.02035922 -0.04131287
v -0.07417084 -0.00074457 -0.04346574
v -0.08667762 0.01928452 -0.04481853
v -0.09855604 -0.00050959 -0.04259929
v -0.1202661 1.153E-05 -0.03965423
v -0.12052254 0.04411783 -0.04095487
v -0.12466491 0.01054891 0.05229579
v -0.13678424 0.00215016 0.0522757
v -0.15198624 0.02142588 0.05181798
v -0.16225038 -0.00078948 0.04939203
v -0.13242856 0.02187541 -0.0392369
v -0.14121495 -0.00136913 -0.03698765
v -0.14769872 -0.00097254 -0.03775255
v -0.16458453 -0.00138283 -0.03819145
v -0.15533078 0.02085078 -0.03981799
v -0.17441098 0.02032282 0.0494732
v -0.18718751 -0.00063876 0.04915633
v -0.1692754 0.02154481 -0.0386371
v -0.16969164 -0.00091847 -0.03683216
v -0.18317081 -0.00050639 -0.0381628
v -0.17693032 0.02193018 -0.0363756
v -0.19940341 0.02066624 0.05052921
v -0.24036352 0.00054529 0.05323307
v -0.24009791 -0.0223299 0.05416979
v -0.18122463 0.02205816 -0.03949209
v -0.20445821 -0.00122849 -0.04305619
v -0.21594533 0.02117661 -0.04509658
v -0.2275704 -0.00117537 -0.04546792
v -0.25111219 -0.00152345 -0.04464387
v -0.2394321 0.02084076 -0.04541999
v -0.26116344 0.02293056 -0.04599171
v -0.27216235 -0.00152988 -0.04396106
v -0.26126698 -0.02188029 -0.04368837
v -0.29244697 -0.00154248 -0.04405078
v -0.28650227 0.03163257 -0.04549211
v -0.30553296 0.02620271 0.05233589
v -0.28901368 -0.00029668 0.0528289
v -0.32668334 0.02126196 0.05271658
v -0.32847506 0.0019407 0.05237225
v -0.30455762 0.02081939 -0.04512132
v -0.31575543 -0.00173189 -0.04474351
v -0.33738598 -0.00118873 -0.04333239
v -0.3355923 0.0417329 -0.04470262
v -0.35040525 0.01862015 0.05018903
v -0.35485411 0.00148657 0.05060845
v -0.34822106 0.02069917 -0.04311124
v -0.35900643 -0.00107166 -0.04130858
v -0.37905511 -0.00159558 -0.0400016
v -0.3902593 0.021691 -0.03962749
v -0.39889082 0.01974561 0.04664343
v -0.40677539 -0.0009362 0.04679793
v -0.37756827 -0.01637802 0.04859098
v -0.4133817 0.02075374 0.04482079
v -0.42410052 -0.00025264 0.0446614
v -0.4071137 -0.00113834 -0.03711475
v -0.41427034 0.02282226 -0.03692202
v -0.43518981 0.02137392 0.04359429
v -0.44676575 -0.00110539 0.04180171
v -0.46261996 0.02799957 0.03552279
v -0.4645817 0.01449693 0.03550659
v -0.46569258 -0.00197772 0.03507496
v -0.44321606 -0.00691666 -0.02904416
v -0.42742288 -0.00016354 -0.03327814
v -0.45753059 0.01970889 -0.02617538
v -0.46176851 -0.00198382 -0.02461231
v -0.45756081 -0.02403281 -0.02608731
v -0.47697401 0.01377171 0.02771455
v -0.47965455 0.00609809 0.02551442
v -0.4768132 0.02671003 0.02701837
v -0.47975767 -0.0088287 0.0258128
v -0.47697401 0.01377171 0.02771455
v -0.48144829 0.01141671 0.02154655
v -0.47965455 0.00609809 0.02551442
v -0.48264411 -0.00211938 0.01859009
v -0.47702873 -0.01734835 0.0286845
v -0.47975767 -0.0088287 0.0258128
v -0.48553967 0.019831 0.00474411
v -0.48080891 0.02877744 0.02110197
v -0.48604855 -0.00154694 0.00015404
v -0.48084477 0.01035251 -0.01472336
v -0.48516321 0.01945305 -0.00388318
v -0.48046452 0.02830834 -0.01463507
v -0.47954813 -0.01137183 -0.01636143
v -0.47804829 0.01009231 -0.0167624
v -0.4794718 0.00672036 -0.01623946
v -0.4808054 0.0103488 -0.01470357
v 0.47810021 0.05086225 0.02173376
v 0.47926936 0.05479204 0.0194204
v 0.47642446 0.05549014 0.02257776
v 0.47922072 0.03382152 0.02274984
v 0.47755897 0.02765191 0.02474272
v 0.47643244 0.05549262 0.02259246
v 0.47533888 0.07235758 0.02093073
v 0.45845872 0.06306024 0.03254739
v 0.46305123 0.0429979 0.03042138
v 0.47649196 0.07593231 0.02004801
v 0.48250362 0.06402093 0.00298727
v 0.48561835 0.04214176 -0.00167338
v 0.48550394 0.04279431 -0.00300404
v 0.48148409 0.05446142 -0.01535778
v 0.48129153 0.08147213 -0.00256591
v 0.47957733 0.07254115 -0.01491732
v 0.48137406 0.05444926 -0.01529443
v 0.48013574 0.05073316 -0.01707603
v 0.47868866 0.05449843 -0.01750994
v 0.48255205 0.02847779 -0.0154078
v 0.48107582 0.03231293 -0.01695061
v 0.45851231 0.06374282 -0.02493471
v 0.4540301 0.04214961 -0.02516868
v 0.48112822 0.03239616 -0.01709092
v 0.43401539 0.06480558 0.03648729
v 0.42512691 0.04278384 0.03981012
v 0.44489136 0.04288163 0.03535854
v 0.41641033 0.07535658 0.03952684
v 0.4563922 0.06442008 -0.02594799
v 0.4225857 0.06237174 -0.03658245
v 0.42107087 0.04040091 -0.03637721
v 0.40306485 0.04201006 -0.03878135
v 0.39121458 0.06423213 0.04333018
v 0.40266427 0.0425473 0.04261857
v 0.37926191 0.04115434 0.04556174
v 0.35256127 0.06135213 0.04605069
v 0.3522425 0.04392458 0.04652057
v 0.38982981 0.06478807 -0.04101535
v 0.37987861 0.04221516 -0.04072856
v 0.33755991 0.04194123 -0.04232329
v 0.31660837 0.04195408 -0.04462276
v 0.32669288 0.06385428 -0.04264981
v 0.30309936 0.04875909 0.04878326
v 0.32326075 0.06616165 0.04705898
v 0.28630725 0.06672524 0.0482044
v 0.28201112 0.02168995 0.0505324
v 0.3049114 0.06456476 -0.04512094
v 0.29378188 0.04209887 -0.04577709
v 0.30479205 0.02092135 -0.04453617
v 0.27139187 0.0423909 -0.0467281
v 0.28297275 0.06429464 -0.04530972
v 0.26086959 0.06617385 -0.04724631
v 0.24915314 0.04213357 -0.0476356
v 0.22986995 0.04287895 -0.04651773
v 0.24410315 0.06417535 -0.04732563
v 0.2286782 0.0641925 0.04892705
v 0.20827317 0.04148617 0.04856919
v 0.22465624 0.04093202 0.0495124
v 0.1959534 0.03021571 0.04887278
v 0.1933111 0.0177645 0.04900381
v 0.21395011 0.06528561 -0.04702685
v 0.20324004 0.04147827 -0.04566869
v 0.1940847 0.06385571 -0.04462141
v 0.17429639 0.06579658 0.04603638
v 0.18196888 0.04811027 0.04762621
v 0.20300168 0.06301833 0.04804753
v 0.1641258 0.0475063 0.04767626
v 0.14940372 0.06414574 0.04696912
v 0.14397234 0.0407483 0.04815113
v 0.17587556 0.0671164 -0.04034584
v 0.18471539 0.04229314 -0.04061144
v 0.18246262 0.04279934 -0.03936022
v 0.16480577 0.04244735 -0.04140529
v 0.17303208 0.06513241 -0.03800154
v 0.1400118 0.04289904 -0.04133692
v 0.15382451 0.06540799 -0.04169881
v 0.16920489 0.06497073 -0.03980356
v 0.13124907 0.06738281 0.046676
v 0.11796625 0.04205871 0.04943661
v 0.11538809 0.062887 0.04818558
v 0.10973871 0.06475967 0.04772478
v 0.10394097 0.05387275 0.04855243
v 0.12910894 0.06375443 -0.04046068
v 0.12014052 0.04304736 -0.04347981
v 0.09881422 0.04191335 -0.04542222
v 0.10798818 0.06486923 -0.04213881
v 0.10713477 0.07295838 0.04792153
v 0.07966979 0.0641179 0.04861467
v 0.07527175 0.04315376 0.04963761
v 0.08654843 0.06551716 -0.04468275
v 0.0711795 0.04085448 -0.04546287
v 0.05124123 0.03964083 -0.04490066
v 0.0753582 0.0882445 -0.04379152
v 0.04399868 0.06081678 0.04881486
v 0.03465265 0.04148281 0.04774733
v 0.05414214 0.04322708 0.04906006
v 0.04049709 0.06131252 -0.04649057
v 0.03251741 0.0433715 -0.04287219
v 0.01217812 0.04487094 -0.04360095
v 0.02051455 0.06161338 -0.0450356
v -0.01168567 0.06476628 0.04823454
v -0.01121156 0.04247354 0.04877928
v 0.01040764 0.04334256 0.04936013
v -0.00092744 0.06315345 -0.04406927
v -0.01104107 0.0462437 -0.04406791
v -0.03241694 0.04376993 -0.04301459
v -0.02067792 0.06305158 -0.04376227
v -0.04225999 0.06031293 0.04963756
v -0.05096246 0.04326029 0.05095948
v -0.03515334 0.04178123 0.04875139
v -0.02376585 0.07001182 0.04834393
v -0.06097064 0.06305707 0.04950669
v -0.07976921 0.04720589 0.05153245
v -0.04129565 0.0629949 -0.04610967
v -0.05194622 0.04222497 -0.04326139
v -0.07538842 0.04122936 -0.04446639
v -0.06545353 0.06396008 -0.04397798
v -0.08484057 0.0624038 0.05007417
v -0.08829841 0.06482767 -0.04279261
v -0.10001109 0.04284004 -0.04370054
v -0.1108762 0.06525242 -0.03984004
v -0.12968245 0.06060396 0.04990598
v -0.13725476 0.04247471 0.05051208
v -0.11890081 0.04534342 0.05034933
v -0.16219234 0.0432477 0.0486346
v -0.13328254 0.06392402 -0.03955844
v -0.14416289 0.04430791 -0.03974447
v -0.1606161 0.05650913 -0.03787119
v -0.16335148 0.0394372 -0.03802804
v -0.1725616 0.06606364 0.0459689
v -0.18310198 0.04381978 0.04785985
v -0.16908823 0.04245486 -0.03609432
v -0.18086427 0.04101459 -0.04155298
v -0.20272203 0.04208216 -0.04570853
v -0.19943988 0.06512156 -0.04591523
v -0.21913065 0.08438326 0.0496194
v -0.24066028 0.04270173 0.05213703
v -0.20289776 0.03554487 0.05005867
v -0.24008842 0.02035249 0.05335556
v -0.22708054 0.0417693 -0.0468989
v -0.21661893 0.06582367 -0.04707562
v -0.25026157 0.04242163 -0.046405
v -0.26258087 0.04638907 0.05198821
v -0.25934285 0.00400842 0.05298528
v -0.28254017 0.02067743 0.05322264
v -0.27122405 0.04246377 -0.04688467
v -0.26002663 0.06536303 -0.04762211
v -0.28268924 0.06463528 0.05172123
v -0.30134213 0.08855573 0.05063699
v -0.32968321 0.04479364 0.05140097
v -0.29370853 0.04229465 -0.04660387
v -0.31634992 0.04237312 -0.04519667
v -0.30483773 0.0652988 -0.04620642
v -0.32689476 0.06400913 -0.04446656
v -0.32690445 0.06512342 0.05098921
v -0.35327557 0.04080904 0.05035558
v -0.36962143 0.05377045 0.04814468
v -0.37109491 0.02127675 0.04863437
v -0.34860507 0.06413858 -0.0439155
v -0.35910717 0.04192731 -0.04309832
v -0.37054443 0.06405276 -0.04153544
v -0.39595202 0.06143126 0.04507486
v -0.35258391 0.06586374 0.04910501
v -0.40616056 0.04187607 0.04558603
v -0.42443946 0.04224331 0.04346359
v -0.39094493 0.06419647 -0.04004554
v -0.38018662 0.04207134 -0.04046301
v -0.4045805 0.04089245 -0.03848099
v -0.41443926 0.05850923 -0.03651354
v -0.43490323 0.06415288 0.04103169
v -0.44576657 0.04188608 0.04003918
v -0.45418292 0.07154129 0.03537941
v -0.46259773 0.04949937 0.03418711
v -0.4259375 0.07867189 -0.03372303
v -0.43459702 0.04242024 -0.03200265
v -0.45795307 0.06273334 -0.02495614
v -0.46147454 0.06743797 0.03315361
v -0.47585678 0.05544949 0.02463382
v -0.47470582 0.07180125 0.02280569
v -0.47897661 0.03360977 0.02453052
v -0.47793037 0.05022479 0.02354451
v -0.47585678 0.05544949 0.02463382
v -0.47890422 0.05409462 0.02077372
v -0.47792315 0.05022395 0.02353406
v -0.4768132 0.02671003 0.02701837
v -0.47893631 0.03360355 0.02447152
v -0.4813903 0.06405911 0.00026093
v -0.47676191 0.07295285 0.01979773
v -0.48437661 0.04129753 4E-08
v -0.47900611 0.05340635 -0.01435866
v -0.47696242 0.07185242 -0.0140425
v -0.46249148 0.0422257 -0.02434419
v -0.47900331 0.03172019 -0.01594435
v -0.47656253 0.05348867 -0.01629982
v -0.47801316 0.0502373 -0.01586276
v -0.47899914 0.05340517 -0.01435673
v 0.47415143 0.09466976 0.01763695
v 0.474399 0.09515685 0.01718283
v 0.4737232 0.09560013 0.01775545
v 0.46778604 0.12022025 0.01699186
v 0.45794958 0.10772152 0.02810687
v 0.47370946 0.09559585 0.01773131
v 0.45803627 0.10774679 0.02819737
v 0.46217945 0.08634323 0.02803016
v 0.47252572 0.11234277 -0.0130145
v 0.47650698 0.09350746 -0.01320412
v 0.47583625 0.09354549 -0.01505668
v 0.47055358 0.11669149 0.0127912
v 0.47480902 0.09564358 -0.0150364
v 0.47481406 0.09563979 -0.01504312
v 0.46014422 0.10668755 -0.02283292
v 0.47252572 0.11234277 -0.0130145
v 0.46296331 0.08601093 -0.02275461
v 0.44441408 0.08780394 -0.02862017
v 0.47826615 0.07552291 -0.01621795
v 0.44003293 0.11720405 0.03092674
v 0.42776349 0.08646716 0.03645385
v 0.45006374 0.08713943 0.03153575
v 0.41712314 0.10597258 0.03747087
v 0.40233102 0.08589978 0.04020952
v 0.43950474 0.10533963 -0.028992
v 0.42236006 0.08568827 -0.03587065
v 0.42090356 0.07864972 -0.03654112
v 0.40038988 0.08635353 -0.03907647
v 0.41124785 0.11257676 -0.0376667
v 0.42440426 0.10759526 -0.03501612
v 0.39076042 0.10847022 0.04074277
v 0.38069868 0.08591957 0.04374152
v 0.35810289 0.13033772 0.04352345
v 0.35123014 0.09357006 0.0460183
v 0.38992566 0.10765386 -0.04086424
v 0.37962091 0.08590396 -0.04196613
v 0.3172586 0.1192895 0.04590795
v 0.31556946 0.08742322 0.04688543
v 0.35875502 0.08554856 -0.04306137
v 0.34754112 0.10697068 -0.04380685
v 0.33686659 0.08502932 -0.04388012
v 0.31609517 0.08520888 -0.04458727
v 0.31874871 0.12178569 -0.04395491
v 0.29978156 0.10946408 0.0465232
v 0.28220975 0.10421521 0.04635501
v 0.30516523 0.10765295 -0.0449834
v 0.29289982 0.08604354 -0.04510161
v 0.2731109 0.08607619 -0.04713694
v 0.25214219 0.10292382 0.04739816
v 0.25193945 0.08456689 0.04851574
v 0.26896203 0.08803616 0.04738347
v 0.24435066 0.06527327 0.04941395
v 0.23901832 0.10816216 0.04650801
v 0.23214568 0.10713831 0.04700371
v 0.24800283 0.08638201 -0.04904447
v 0.2614556 0.09510902 -0.04792082
v 0.226597 0.08521046 -0.0490436
v 0.24076335 0.1095969 -0.04832488
v 0.22108673 0.09005623 0.04822547
v 0.20100082 0.0870215 0.04764503
v 0.19516081 0.10773557 0.04606384
v 0.1858457 0.08113535 0.04713599
v 0.20509091 0.12576443 0.04594502
v 0.20266683 0.08427842 -0.04775919
v 0.21602294 0.10747354 -0.04944995
v 0.18171638 0.08316561 -0.04428148
v 0.19939321 0.11406047 -0.04836814
v 0.18618575 0.12626536 0.04581253
v 0.16765785 0.10789862 0.04603637
v 0.16243386 0.08976403 0.04519142
v 0.15247345 0.10836804 0.04355139
v 0.14603463 0.09298095 0.04693466
v 0.1476775 0.0791343 0.04740136
v 0.16768199 0.10644989 -0.04511604
v 0.16445637 0.084373 -0.03736567
v 0.16218188 0.08671116 -0.03780535
v 0.16904618 0.08737265 -0.04066559
v 0.15310641 0.10401779 -0.03774469
v 0.16046309 0.08151072 -0.03939211
v 0.14240608 0.08695351 -0.04191538
v 0.13622464 0.11021202 0.04515423
v 0.12173148 0.08806336 0.04688293
v 0.10931716 0.10746191 0.04409138
v 0.13274781 0.10917055 -0.04102644
v 0.11960095 0.08599386 -0.04156788
v 0.09673554 0.08637672 -0.04218889
v 0.10820925 0.10841483 -0.04197913
v 0.08074854 0.10256869 0.0467591
v 0.0792825 0.08392809 0.04811985
v 0.09956612 0.08404011 0.04706946
v 0.06286477 0.07393606 0.04814615
v 0.06512455 0.06355951 0.04824414
v 0.08565477 0.1068716 -0.04062985
v 0.05651723 0.08707251 -0.04496921
v 0.06470293 0.10861081 -0.04197437
v 0.04972659 0.10962151 0.04717052
v 0.02962415 0.08995555 0.04775704
v 0.06010779 0.09538525 0.04704617
v 0.03191206 0.12736018 0.04599823
v 0.02307664 0.10846347 0.04648226
v 0.04276753 0.1091393 -0.0432289
v 0.02837322 0.08465422 -0.04574634
v 0.00856486 0.08290929 -0.04557341
v 0.02102202 0.10866058 -0.04257113
v 0.0158554 0.063251 0.04833157
v 0.02306014 0.06235987 0.04785366
v 0.02502873 0.07244256 0.04821969
v -0.02140169 0.06369378 0.04805242
v -0.01101625 0.083331 -0.04617256
v -0.03290133 0.08487344 -0.04478453
v -0.02266008 0.10858864 -0.04203534
v -0.03276448 0.10733185 0.04769424
v -0.02988574 0.0939761 0.04817246
v -0.01977893 0.10804916 0.04713387
v -0.06015705 0.0817356 0.04925572
v -0.05716668 0.1033993 0.04819617
v -0.0644213 0.10813987 0.04717374
v -0.07076699 0.10361078 0.04816908
v -0.05528617 0.08655215 -0.04398251
v -0.07755104 0.08693394 -0.0427439
v -0.06670338 0.10883659 -0.04036111
v -0.0874216 0.10748435 0.04778464
v -0.09408999 0.08786242 0.0491393
v -0.09964567 0.08667772 -0.04010651
v -0.12301587 0.08804397 -0.03928165
v -0.10837406 0.12194683 -0.03941474
v -0.08765422 0.10828111 -0.03958385
v -0.12275164 0.08512868 -0.03965941
v -0.13157216 0.10942324 0.04530896
v -0.14395435 0.08915658 0.04627658
v -0.12038792 0.08814423 0.04782164
v -0.15171146 0.10775155 0.04254144
v -0.16285983 0.08667912 0.04554554
v -0.15194573 0.07463266 0.04647262
v -0.15281275 0.06484629 0.04644551
v -0.1466314 0.05994076 0.04807233
v -0.13280559 0.11215258 -0.03576261
v -0.12609273 0.10923851 -0.03846514
v -0.13429494 0.1072309 -0.03717438
v -0.14254709 0.0902437 -0.03748747
v -0.14667356 0.09284532 -0.03846049
v -0.16155013 0.08529035 -0.04061655
v -0.14994919 0.10703146 -0.04044366
v -0.14784789 0.08767664 -0.03584105
v -0.14999139 0.07903856 -0.0377906
v -0.17331493 0.10788957 0.04692338
v -0.18242025 0.08315866 0.04779233
v -0.17164205 0.06348482 -0.04058769
v -0.18280557 0.08360699 -0.04585645
v -0.20309785 0.08633075 -0.04743336
v -0.20181675 0.11203962 -0.04766347
v -0.17142907 0.10659976 -0.04623271
v -0.20099141 0.11400029 0.04798931
v -0.23618411 0.08655991 0.05044461
v -0.24010709 0.06423217 0.05176787
v -0.22682618 0.08507014 -0.04816562
v -0.21398877 0.12547135 -0.04866082
v -0.25056642 0.08609689 -0.0480497
v -0.23902635 0.11705327 -0.04850655
v -0.23919563 0.06148525 -0.04617359
v -0.25597566 0.11390371 0.04979882
v -0.25981387 0.10839289 -0.04934638
v -0.27124366 0.08597016 -0.04810677
v -0.28185019 0.06125845 -0.04602973
v -0.29243809 0.08602532 -0.04791892
v -0.3155472 0.08567473 -0.04697165
v -0.30424058 0.10781371 -0.04701051
v -0.3365829 0.08618075 -0.04519226
v -0.32661521 0.10768187 -0.04467189
v -0.34519854 0.09550243 0.04885753
v -0.36034191 0.08065162 0.04788036
v -0.36879838 0.10630706 0.04550052
v -0.38174075 0.08790457 0.04562472
v -0.34923756 0.10736715 -0.04374468
v -0.35990396 0.08593579 -0.04295828
v -0.37857434 0.12741652 -0.03972192
v -0.39200833 0.107374 0.04319382
v -0.40165228 0.08611366 0.04323769
v -0.4236379 0.08611023 0.04085438
v -0.39139307 0.1061207 -0.03853876
v -0.38068208 0.08542782 -0.03962019
v -0.40321779 0.08536766 -0.03778735
v -0.43099892 0.10800388 0.03815813
v -0.44565418 0.08514147 0.03624551
v -0.42816648 0.08804897 -0.03266298
v -0.44116774 0.08332673 -0.02958097
v -0.43506867 0.10494976 -0.03046186
v -0.45858839 0.10522533 -0.02240377
v -0.46863267 0.11609956 0.01785693
v -0.4734461 0.0951452 0.01923407
v -0.46280956 0.11056364 0.02529824
v -0.46216142 0.08546674 0.03048474
v -0.4577274 0.10694917 0.03130136
v -0.47284618 0.09551323 0.01979436
v -0.47575369 0.07542995 0.02123399
v -0.47286093 0.09551603 0.01981431
v -0.47326005 0.09461594 0.01962215
v -0.47470582 0.07180125 0.02280569
v -0.47577858 0.07543582 0.02126807
v -0.46976501 0.11566482 0.01475686
v -0.47910073 0.07890534 -0.00011689
v -0.47135711 0.10758865 -0.01243269
v -0.46610773 0.09989226 -0.01795369
v -0.47266686 0.09506992 -0.01426679
v -0.46193752 0.08520822 -0.02252558
v -0.47592312 0.07451173 -0.01517173
v -0.4727025 0.09503686 -0.01431566
v -0.47392818 0.09411591 -0.01343593
v -0.47135711 0.10758865 -0.01243269
v -0.47351086 0.0933215 -0.01421052
v 0.45974949 0.12905191 0.02366003
v 0.46313879 0.13284063 0.01766098
v 0.4560242 0.14112973 0.02286345
v 0.45965979 0.12902963 0.02354801
v 0.46313879 0.13284063 0.01766098
v 0.46737552 0.13878383 -0.00202232
v 0.46756747 0.13255548 0.00717503
v 0.47190449 0.11515478 -0.01289785
v 0.46825644 0.13319349 -0.00934839
v 0.46162999 0.14779215 0.01184527
v 0.46636435 0.13338912 -0.01386702
v 0.46345106 0.14683008 -0.01135733
v 0.4620015 0.12850726 -0.02023101
v 0.45820999 0.14324772 -0.02014285
v 0.46636435 0.13338912 -0.01386702
v 0.455062 0.12860972 -0.02304184
v 0.47161514 0.11592084 -0.01306129
v 0.4620015 0.12850726 -0.02023101
v 0.47175276 0.11572915 -0.01302263
v 0.45503464 0.14948308 0.01993805
v 0.45051968 0.1484756 0.02339979
v 0.4366467 0.14189439 0.02936106
v 0.43861246 0.16409884 0.02658851
v 0.41266969 0.15097409 0.03492633
v 0.4550367 0.14951719 -0.02017198
v 0.45699033 0.1494807 -0.01884389
v 0.43716168 0.14241186 -0.02658366
v 0.44136733 0.16492952 -0.02430557
v 0.41905722 0.15247653 -0.03282225
v 0.43086395 0.12996511 -0.02893938
v 0.42028889 0.12352671 -0.03433245
v 0.39113346 0.15377955 0.03717619
v 0.38031092 0.1297022 0.04096093
v 0.40481496 0.13073821 0.03686685
v 0.39061522 0.1502388 -0.03948646
v 0.40233207 0.13052927 -0.03729089
v 0.37877849 0.12932514 -0.04132452
v 0.34735709 0.15175284 0.04374311
v 0.38083151 0.14846824 0.03966357
v 0.33200228 0.14234738 0.04515697
v 0.35813758 0.12917158 -0.04417616
v 0.34796676 0.15118289 -0.04436793
v 0.33618763 0.1289251 -0.0445859
v 0.31508034 0.12861797 -0.04465062
v 0.32607651 0.15090132 -0.04396915
v 0.30497485 0.15185061 0.04554988
v 0.29383191 0.13097724 0.04615947
v 0.28195637 0.15114188 0.04448032
v 0.27177837 0.1283323 0.04615226
v 0.30509722 0.14986697 -0.04500617
v 0.29464555 0.12903334 -0.04555568
v 0.2713297 0.12939093 -0.04612877
v 0.28286737 0.1508528 -0.04408336
v 0.26026294 0.15176873 0.04541288
v 0.24998176 0.12932198 0.04604159
v 0.23869407 0.15121377 0.04407984
v 0.22720037 0.13014309 0.04605833
v 0.26143882 0.15246601 -0.04619174
v 0.25124973 0.12989166 -0.04757236
v 0.21636249 0.15182826 0.04468247
v 0.20526236 0.17059492 0.04285513
v 0.24058951 0.14916345 -0.04636279
v 0.22673194 0.13035877 -0.04962764
v 0.21788763 0.14843164 -0.04921527
v 0.20529447 0.12644939 -0.0490289
v 0.15699075 0.14990623 0.04424736
v 0.1605887 0.12716947 0.04480501
v 0.14040332 0.12996885 0.04256482
v 0.1813367 0.12758209 -0.04807364
v 0.16058102 0.12938303 -0.04540471
v 0.17333597 0.14804287 -0.04882149
v 0.15858144 0.12301582 -0.04479438
v 0.14022028 0.12922359 -0.04145205
v 0.12879114 0.15029678 0.04391578
v 0.12196489 0.13134342 0.04257586
v 0.09876584 0.1305684 0.04277448
v 0.12607737 0.1494735 -0.04367689
v 0.12587112 0.14223742 -0.0417043
v 0.13941847 0.12793849 -0.04050521
v 0.12399071 0.12946606 -0.03679228
v 0.12116762 0.13436152 -0.03717032
v 0.09816322 0.1314846 -0.04256583
v 0.1081751 0.15088284 -0.03742689
v 0.11754996 0.12520701 -0.03925562
v 0.0875015 0.15189268 0.04206877
v 0.07646342 0.13085604 0.04390311
v 0.08891568 0.15404037 -0.03826299
v 0.07545709 0.12991267 -0.04146304
v 0.08546709 0.15208802 -0.03976453
v 0.05270685 0.12880504 -0.04039483
v 0.06518722 0.15315187 -0.04210097
v 0.04429927 0.15308775 0.0433025
v 0.05409427 0.13063651 0.04520517
v 0.02279574 0.15095294 0.04389602
v 0.01204018 0.12977587 0.04632594
v 0.04217818 0.15296263 -0.04195924
v 0.02957196 0.129465 -0.04111939
v 0.01246347 0.13002306 -0.04091228
v -0.00131578 0.15209194 -0.04139068
v 0.00074301 0.15053707 0.04538745
v -0.0263956 0.127142 0.04692841
v -0.01466924 0.130723 -0.04018745
v -0.00101147 0.10819729 -0.04271755
v -0.03109294 0.130373 -0.03962538
v -0.02375525 0.15061951 -0.04028696
v -0.04295494 0.15397248 0.04462378
v -0.02070689 0.15066217 0.04488589
v -0.05364158 0.13322166 0.04583905
v -0.0544784 0.1731174 0.04218118
v -0.06785827 0.12028533 0.04667416
v -0.04551557 0.15220584 -0.04155253
v -0.05562877 0.1286113 -0.03944108
v -0.0446105 0.10769889 -0.04209317
v -0.0776666 0.12916981 -0.04063331
v -0.06831121 0.15302598 -0.03906459
v -0.08714847 0.15175888 0.04287812
v -0.1001013 0.13087319 0.04484591
v -0.10848409 0.15041471 0.04206294
v -0.12023104 0.13068792 0.04288219
v -0.10788028 0.10707926 0.04547986
v -0.08147162 0.15301061 -0.03814644
v -0.09883059 0.13493128 -0.03787777
v -0.08883157 0.154945 -0.03669103
v -0.09876752 0.12891537 -0.03853071
v -0.11806911 0.13546568 -0.03773319
v -0.10721767 0.14929259 -0.0389725
v -0.09512305 0.15164053 -0.03774953
v -0.1046828 0.13190019 -0.03642762
v -0.13031171 0.15054274 0.04419659
v -0.14124137 0.12917532 0.04265258
v -0.15243125 0.15119123 0.04511523
v -0.16121702 0.12905088 0.04603065
v -0.11854476 0.1229009 -0.03871614
v -0.11929297 0.13129508 -0.03586984
v -0.12489808 0.12753016 -0.03585035
v -0.13882849 0.12754191 -0.04176506
v -0.16231123 0.12953588 -0.04671401
v -0.15572195 0.15750118 -0.04748465
v -0.12804995 0.14879853 -0.04437179
v -0.16064614 0.12819201 -0.04666954
v -0.17416933 0.15166074 0.0461634
v -0.18575732 0.13121334 0.04729671
v -0.19596517 0.15122902 0.04627353
v -0.20544851 0.13287711 0.04795558
v -0.19638282 0.10685055 0.04765197
v -0.18296452 0.1281658 -0.04838937
v -0.17426625 0.14968657 -0.0489511
v -0.23302194 0.1448604 0.04850142
v -0.21574745 0.1510635 -0.04872139
v -0.26933378 0.15288544 0.04787423
v -0.28025615 0.11642715 0.05009313
v -0.27082294 0.12952487 -0.0483797
v -0.26160955 0.13367228 -0.04826908
v -0.2832818 0.10644583 -0.04741426
v -0.29376823 0.12975235 -0.04756869
v -0.29654106 0.1555516 0.04801127
v -0.31793669 0.14148575 0.04818038
v -0.28860655 0.14521566 0.04830816
v -0.31603152 0.12934189 -0.04645732
v -0.30445701 0.14956573 -0.04609587
v -0.33719707 0.12943262 -0.04398011
v -0.32670152 0.15150809 -0.04323858
v -0.34804621 0.15221027 0.04523577
v -0.3330254 0.13417672 0.04798859
v -0.37824613 0.13005419 0.04365129
v -0.34853712 0.1509086 -0.04240632
v -0.35974073 0.12964846 -0.04136191
v -0.38213658 0.15325922 -0.0380669
v -0.39092955 0.15195127 0.03987125
v -0.40255606 0.12947965 0.04028661
v -0.41669095 0.15020098 0.03799282
v -0.42285496 0.12941699 0.03769797
v -0.40443447 0.13110991 -0.03560657
v -0.40937111 0.09776597 -0.03691737
v -0.41869941 0.10549507 -0.03501314
v -0.43415102 0.15098608 0.03306797
v -0.44332358 0.1277509 0.03284125
v -0.45009971 0.14774942 0.02657455
v -0.4497062 0.15273678 0.02632004
v -0.45392156 0.14982188 0.02259493
v -0.45460606 0.14281976 0.02529198
v -0.45853114 0.12889084 0.02577539
v -0.45604551 0.14259338 -0.01941758
v -0.45490301 0.14965081 -0.0176608
v -0.4513436 0.14928035 -0.02066361
v -0.44012126 0.16621041 -0.02399425
v -0.41562596 0.15188152 -0.03326426
v -0.44090468 0.13164076 -0.02697926
v -0.42127055 0.1259131 -0.0332341
v -0.45963064 0.15071611 0.01056219
v -0.46097171 0.14494383 0.01380742
v -0.45392156 0.14982188 0.02259493
v -0.4616878 0.13230109 0.01952088
v -0.45845389 0.12887442 0.02569944
v -0.4616878 0.13230109 0.01952088
v -0.46659744 0.13197041 0.00751311
v -0.46128857 0.14893532 -0.00463635
v -0.46633366 0.13619737 -0.00084324
v -0.46661353 0.13242912 -0.007415
v -0.46076417 0.14808872 -0.01050096
v -0.46400535 0.13287055 -0.01340353
v -0.4699952 0.11417118 -0.01221836
v -0.46400535 0.13287055 -0.01340353
v -0.45933071 0.12904258 -0.01950065
v -0.46909249 0.1163637 -0.012595
v 0.451143 0.17083137 0.01666971
v 0.45503464 0.14948308 0.01993805
v 0.45823321 0.16716775 -0.00190407
v 0.44753796 0.19008805 -0.00863975
v 0.44758984 0.18994626 0.00652494
v 0.46388212 0.14871843 -0.00191635
v 0.45344183 0.17037463 -0.01535356
v 0.45439002 0.16259122 -0.01688135
v 0.45180354 0.17046547 -0.01615024
v 0.45439002 0.16259122 -0.01688135
v 0.45341238 0.17036742 -0.01533589
v 0.45390922 0.17125405 -0.01380643
v 0.45076567 0.17166306 0.01639137
v 0.43999043 0.18631387 0.02109337
v 0.43716615 0.18278278 0.0242077
v 0.43999043 0.18631387 0.02109337
v 0.45078188 0.17182422 0.01653707
v 0.43412289 0.20538962 0.01939671
v 0.41359672 0.19498911 0.0302107
v 0.41113663 0.1738455 0.03167984
v 0.43921599 0.18342565 -0.02343481
v 0.43646204 0.20678985 -0.01909053
v 0.41631615 0.19553073 -0.03015683
v 0.42059875 0.17321619 -0.03029464
v 0.39102921 0.20014904 0.03294009
v 0.38266912 0.17258662 0.03656306
v 0.37046647 0.19374986 0.03732696
v 0.35913259 0.17270058 0.0398055
v 0.39992014 0.17278789 -0.03602402
v 0.3791216 0.17272659 -0.03953884
v 0.38830185 0.1923922 -0.03683386
v 0.35840708 0.17300016 -0.04257823
v 0.3599152 0.21562473 -0.03989491
v 0.34750324 0.19649054 0.039083
v 0.33775318 0.1735955 0.04278319
v 0.31583127 0.21612601 0.04132625
v 0.31461138 0.17524493 0.04406219
v 0.3365877 0.17291041 -0.04430607
v 0.31500953 0.17261821 -0.04451237
v 0.34720924 0.19553211 -0.04253944
v 0.30399168 0.19534723 0.04365357
v 0.2938697 0.17232727 0.04491489
v 0.29366094 0.21614496 0.04261905
v 0.27082416 0.17270623 0.04457017
v 0.30451122 0.19405901 -0.04462942
v 0.29332352 0.17235886 -0.04509151
v 0.27150223 0.17258997 -0.04468484
v 0.29197532 0.21549569 -0.04428595
v 0.26005077 0.19563404 0.04370997
v 0.24996574 0.17321408 0.04411487
v 0.23838758 0.19480121 0.04215938
v 0.2277762 0.17345633 0.04352511
v 0.26146516 0.19379807 -0.04471064
v 0.25041726 0.17254508 -0.04499978
v 0.2286803 0.17294379 -0.04653684
v 0.23127951 0.19404137 -0.04424821
v 0.21141213 0.19452751 0.04181369
v 0.1843335 0.17397179 0.04311685
v 0.20734034 0.17415173 -0.04866976
v 0.16617459 0.21631116 0.04137665
v 0.16024348 0.18040501 0.04246568
v 0.14042304 0.17242761 0.04299701
v 0.13020638 0.19475758 0.04186819
v 0.11826728 0.17192362 0.04384031
v 0.10822356 0.19453776 0.04172754
v 0.09679258 0.17202617 0.04226023
v 0.13940509 0.16936059 -0.04792765
v 0.11730751 0.17120978 -0.04675641
v 0.1256728 0.1958176 -0.04782345
v 0.15319686 0.15178353 -0.04773904
v 0.1074447 0.19483852 -0.04605794
v 0.11552054 0.16560018 -0.04572654
v 0.09536693 0.17116815 -0.04126228
v 0.08622205 0.19336392 0.0426175
v 0.06458277 0.19427931 0.04034728
v 0.05584986 0.17475343 0.04064707
v 0.07629148 0.17330605 0.04097059
v 0.08487079 0.19258721 -0.04474112
v 0.07474202 0.17497563 -0.03958321
v 0.07551596 0.17167965 -0.03791787
v 0.05799401 0.18068266 -0.03840905
v 0.06411594 0.19301581 -0.04003942
v 0.07278335 0.1680007 -0.04000962
v 0.05557495 0.17148671 -0.03857801
v 0.04365133 0.19585852 0.03960449
v 0.03415184 0.17405881 0.04069164
v 0.02856079 0.21076028 0.03898825
v 0.01227528 0.17352729 0.04069585
v 0.04735261 0.19453073 -0.03899378
v 0.05737099 0.17607296 -0.03630598
v 0.03140708 0.17543229 -0.04149204
v 0.04238851 0.19422467 -0.03766624
v 0.00939169 0.17467017 -0.04057594
v 0.0216223 0.19835925 -0.03731871
v 0.03520983 0.19626307 -0.03819489
v 0.0009613 0.19656485 0.038824
v -0.01001958 0.1734719 0.04126645
v -0.02140242 0.19623303 0.03905183
v -0.03277816 0.17401101 0.0426744
v -0.00126799 0.19620492 -0.04040211
v -0.01140246 0.17246686 -0.03928671
v -0.03353086 0.17488855 -0.04013019
v -0.04370152 0.19512905 0.04144786
v -0.06558138 0.19409049 0.04053271
v -0.07606472 0.17296776 0.04171593
v -0.03596401 0.19603205 -0.03844833
v -0.01920652 0.18954176 -0.03936668
v -0.05701799 0.17672807 -0.03590384
v -0.04389567 0.19514166 -0.03702664
v -0.06114768 0.16771306 -0.03779352
v -0.05935329 0.18073142 -0.03863233
v -0.07471296 0.1761962 -0.03918191
v -0.05281263 0.19266914 -0.0395227
v -0.07289714 0.16505492 -0.03867602
v -0.08725106 0.19475405 0.04286049
v -0.09728467 0.17187926 0.04348563
v -0.10044 0.21604924 0.04250548
v -0.11951502 0.17140749 0.04394957
v -0.08655068 0.1940044 -0.04328759
v -0.09691718 0.17111254 -0.04280952
v -0.07633401 0.17177141 -0.03704138
v -0.1186437 0.17059864 -0.04539635
v -0.10879689 0.19519424 -0.04600877
v -0.13128985 0.19675139 0.04391207
v -0.13976042 0.17119768 0.04546581
v -0.16156076 0.17111854 0.04555753
v -0.13005224 0.19438221 -0.04833431
v -0.14089876 0.17233108 -0.04797481
v -0.16267994 0.17330086 -0.04881791
v -0.15342265 0.19572246 -0.04784847
v -0.17456806 0.19468056 0.04503324
v -0.18513343 0.17324671 0.04590755
v -0.19597697 0.19508553 0.04439038
v -0.20153411 0.17164436 0.04633398
v -0.16312946 0.21540466 -0.04872363
v -0.18739982 0.17893492 -0.04897811
v -0.17838885 0.19814406 -0.04903742
v -0.21442875 0.19254214 -0.04877282
v -0.19668353 0.19523072 -0.04807043
v -0.22303019 0.19556166 0.04561736
v -0.23898457 0.17218615 0.04698001
v -0.24541268 0.14952615 0.04828022
v -0.2146759 0.17618799 -0.04909172
v -0.25239855 0.17263247 -0.04752246
v -0.24936347 0.21640532 -0.04659786
v -0.23985031 0.15049279 -0.04750517
v -0.25102812 0.20899835 0.04530803
v -0.26874647 0.21058966 0.04528538
v -0.28786892 0.17127049 0.04703583
v -0.30263704 0.19653557 0.04570631
v -0.26085609 0.19412169 -0.04721983
v -0.27261204 0.17395386 -0.04668246
v -0.27856734 0.14937092 -0.04682291
v -0.29495427 0.17367791 -0.04607466
v -0.32049638 0.1670972 0.04675029
v -0.32632041 0.19506872 0.04378963
v -0.33760622 0.1717696 0.04505427
v -0.30515379 0.19428571 -0.04409292
v -0.31554702 0.17297404 -0.04443404
v -0.33762175 0.17268273 -0.04200012
v -0.34810278 0.19450408 0.04308022
v -0.35792187 0.17374893 0.04268861
v -0.38521889 0.19250259 0.03843515
v -0.36061722 0.172279 -0.03959631
v -0.34741345 0.19492352 -0.0399608
v -0.36930946 0.19033377 -0.0382292
v -0.38453811 0.17183428 -0.03698726
v -0.40328917 0.17294486 0.03738433
v -0.38034371 0.17333531 0.04015972
v -0.41432416 0.19485395 0.03386993
v -0.40123728 0.16862826 -0.03420731
v -0.39191929 0.19191138 -0.03478128
v -0.43715668 0.182147 0.02780329
v -0.43179172 0.20482036 0.02507495
v -0.42363143 0.17342344 0.03277797
v -0.43980563 0.16675031 0.02921599
v -0.45088592 0.17093192 0.01915674
v -0.4497062 0.15273678 0.02632004
v -0.45088351 0.17092946 0.01915408
v -0.45584339 0.16920233 -0.00056177
v -0.44640186 0.19055086 0.0082291
v -0.44615567 0.18910834 -0.00747532
v -0.45230544 0.16246045 -0.0165379
v -0.42035317 0.17309546 -0.02996969
v -0.43831888 0.18426129 -0.02213568
v -0.41514364 0.19538243 -0.02914963
v -0.43493253 0.20649537 -0.01845382
v -0.44989681 0.17014658 -0.015881
v -0.45165014 0.17006588 -0.0151788
v -0.45230544 0.16246045 -0.0165379
v -0.45209074 0.17074376 -0.01381293
v -0.45163545 0.17006429 -0.01516835
v 0.42731801 0.22622846 0.01512787
v 0.41962743 0.24126935 0.01326984
v 0.41305411 0.23754227 0.02084655
v 0.41689461 0.21605924 0.02547278
v 0.42650563 0.22279298 0.01683551
v 0.41118103 0.23540993 0.02254573
v 0.43845177 0.21219471 -0.00186142
v 0.43423226 0.20546608 0.01954417
v 0.43593389 0.20270041 0.01882349
v 0.4313361 0.21574581 0.01668751
v 0.44098386 0.19943593 -0.01717282
v 0.43105215 0.22377889 -0.01469583
v 0.41800126 0.24843435 -0.01344526
v 0.42812872 0.23400001 -0.002124
v 0.41547 0.23770624 -0.02385414
v 0.42650563 0.22279298 0.01683551
v 0.43076441 0.22234869 -0.01579356
v 0.42973754 0.22443843 -0.01588911
v 0.41549656 0.23772083 -0.02387827
v 0.43069458 0.22236609 -0.01569116
v 0.41970718 0.21774364 -0.02546861
v 0.39656687 0.25005096 0.02592108
v 0.41305411 0.23754227 0.02084655
v 0.39002168 0.21498914 0.03155248
v 0.39261502 0.22792697 0.02982688
v 0.39026794 0.25242636 0.02748842
v 0.36953747 0.23818749 0.03322086
v 0.36046103 0.21787667 0.03555172
v 0.37753877 0.21377502 -0.03705757
v 0.41522902 0.23830448 -0.02390823
v 0.34333378 0.24377245 0.03632887
v 0.3371208 0.21672501 0.03908287
v 0.3184866 0.25127164 0.03884976
v 0.34677279 0.23692746 -0.0400742
v 0.37425986 0.23866244 -0.03569542
v 0.33666697 0.21663471 -0.04319192
v 0.31464586 0.21636109 -0.04398627
v 0.31554389 0.25947234 -0.0417961
v 0.30408806 0.24005705 0.04062115
v 0.27064034 0.2165606 0.04311324
v 0.3040832 0.23768875 -0.04383022
v 0.27252415 0.21570235 -0.04428023
v 0.26136768 0.23613466 -0.04421502
v 0.26001221 0.2382437 0.04217236
v 0.24879757 0.21638617 0.0429727
v 0.22775914 0.2171634 0.04200595
v 0.24973069 0.21587226 -0.04457102
v 0.23071562 0.21604869 -0.04504772
v 0.23314951 0.2595934 -0.04415712
v 0.21685058 0.2389164 0.0413836
v 0.20622458 0.21672769 0.0417115
v 0.1865029 0.21716243 0.04069446
v 0.22153488 0.23770684 -0.04468231
v 0.2061007 0.21647438 -0.04700351
v 0.19499224 0.23848481 -0.04702002
v 0.17395294 0.23869847 0.04062127
v 0.14172843 0.217048 0.0408425
v 0.18498799 0.21802203 -0.04952651
v 0.1613051 0.22358739 -0.04962694
v 0.17401983 0.23913798 -0.04983293
v 0.17318243 0.19236732 -0.05024949
v 0.1306404 0.23831187 0.04078046
v 0.11866581 0.21694718 0.04064359
v 0.09740259 0.21648003 0.0413286
v 0.13083369 0.22078355 -0.04897571
v 0.09699152 0.21625695 -0.0465735
v 0.12805645 0.23725837 -0.04793734
v 0.08628647 0.23842382 0.04015797
v 0.05291024 0.21589841 0.04116439
v 0.0754345 0.21599178 0.04122631
v 0.0864637 0.2368374 -0.04428901
v 0.07554724 0.21521832 -0.04446099
v 0.04331452 0.23882893 -0.04106832
v 0.0424181 0.23887284 0.04011513
v 0.01001325 0.21566461 0.03892015
v 0.03161626 0.21538688 0.03800272
v 0.05292962 0.21564546 -0.04258066
v 0.03144015 0.21669444 -0.0396701
v 0.03091556 0.21375367 -0.0385185
v 0.00872951 0.21707176 -0.03820695
v 0.02041709 0.23813295 -0.04100037
v 0.01425272 0.20877969 -0.0375886
v -0.00069515 0.23872742 0.03937282
v -0.01080768 0.2163756 0.03901817
v -0.04380217 0.23901697 0.04078535
v -0.03324626 0.21533525 0.0391592
v -0.00167102 0.23975688 -0.03830167
v -0.01022209 0.21787116 -0.0391886
v -0.01312607 0.21544743 -0.03832812
v 0.0081867 0.21391241 -0.03681422
v -0.03118426 0.21855296 -0.03866358
v -0.02196085 0.23848534 -0.03910214
v -0.01601671 0.2093659 -0.03920814
v -0.05516613 0.21595092 0.04158426
v -0.07695901 0.21618117 0.04240086
v -0.0449976 0.23977256 -0.04058394
v -0.05447449 0.21611604 -0.04207746
v -0.03157004 0.21422857 -0.03760901
v -0.08688936 0.23817918 -0.0439093
v -0.08759687 0.23874272 0.04145323
v -0.11997233 0.21589084 0.04339301
v -0.07546873 0.21616481 -0.04407729
v -0.09806359 0.21646014 -0.04547219
v -0.12129994 0.216847 -0.04663764
v -0.13068639 0.23907331 0.04256431
v -0.14188531 0.21500523 0.04359856
v -0.15209651 0.23864985 0.04237926
v -0.16194384 0.21452212 0.04427754
v -0.1315881 0.23779112 -0.04615437
v -0.13967685 0.21739416 -0.04805075
v -0.15357351 0.23891699 -0.0477223
v -0.17527288 0.23894717 0.04350228
v -0.20262119 0.21703295 0.04447784
v -0.19597852 0.23837912 0.04318208
v -0.18557349 0.22145957 -0.04868255
v -0.18337269 0.23773044 -0.04773792
v -0.20374744 0.21231878 -0.04838961
v -0.21729948 0.23708038 0.04420866
v -0.22928357 0.21282661 0.04515499
v -0.23938072 0.23854935 0.04330301
v -0.21986958 0.23515475 -0.04693541
v -0.23053537 0.21696247 -0.04779585
v -0.25913745 0.23949297 0.04393274
v -0.30443978 0.24476309 0.04284252
v -0.2928606 0.21034762 0.04537841
v -0.26094285 0.23720026 -0.04496188
v -0.27184176 0.21702302 -0.04505649
v -0.29372039 0.21669234 -0.04390305
v -0.27173531 0.25932905 -0.0418377
v -0.31495491 0.21674961 0.04373293
v -0.34736478 0.23933454 0.03965183
v -0.33771846 0.21672663 0.0421468
v -0.3150081 0.21636809 -0.04167358
v -0.33446875 0.2161953 -0.0399633
v -0.32602203 0.2380476 -0.03990424
v -0.3042013 0.23777461 -0.04030221
v -0.36428735 0.24869162 0.03748441
v -0.38057163 0.21705711 0.03698264
v -0.3595024 0.21645983 0.03983152
v -0.34497464 0.24023506 -0.03814983
v -0.35886478 0.21553299 -0.03716968
v -0.37923622 0.21420762 -0.03500758
v -0.37241924 0.23901245 -0.03523872
v -0.37808597 0.24554946 0.03521673
v -0.39341211 0.24084488 0.03171173
v -0.41667441 0.21713991 0.0297131
v -0.41154274 0.23712407 0.02811432
v -0.39723676 0.25431937 -0.02572617
v -0.39274395 0.23352337 -0.03004777
v -0.39943814 0.21296257 -0.03138617
v -0.41394785 0.23828796 -0.02249204
v -0.41908872 0.21659195 -0.02501798
v -0.41970134 0.24129128 0.01472044
v -0.42828774 0.22423883 0.01935668
v -0.4115482 0.23712659 0.02811917
v -0.42813909 0.2242384 0.01928788
v -0.42900622 0.22298074 0.01926309
v -0.43363893 0.20630872 0.02331769
v -0.43671823 0.2009238 0.02181768
v -0.43848461 0.20098519 0.01822507
v -0.43671823 0.2009238 0.02181768
v -0.43363893 0.20630872 0.02331769
v -0.42900622 0.22298074 0.01926309
v -0.42753869 0.23420101 -0.00038961
v -0.41824982 0.24620564 -0.01300095
v -0.42964274 0.22389308 -0.01451106
v -0.43766493 0.21207012 -0.00068254
v -0.43929094 0.19919124 -0.01701563
v -0.4200325 0.23196948 -0.01949805
v -0.42846036 0.22440302 -0.01556355
v -0.4200325 0.23196948 -0.01949805
v -0.42932579 0.2225353 -0.01533418
v -0.42846036 0.22440302 -0.01556355
v -0.42937601 0.22252584 -0.01541609
v 0.40913266 0.25644767 0.01580578
v 0.41621435 0.25529188 -0.00234141
v 0.40114489 0.27479884 -0.00976241
v 0.40092453 0.2747615 0.00447975
v 0.40875798 0.25719881 0.01551145
v 0.40931585 0.26111808 -0.0162694
v 0.41117013 0.25674999 -0.01792777
v 0.40787494 0.25754964 -0.01915294
v 0.40747187 0.25823915 0.01623404
v 0.3941406 0.27153468 0.02018249
v 0.39214554 0.2707881 0.02188693
v 0.38812354 0.2836107 0.0168348
v 0.37049282 0.28174278 0.02654646
v 0.37498415 0.26073861 0.0296908
v 0.35483474 0.26512364 0.03191265
v 0.40817648 0.25677633 0.0162431
v 0.40817648 0.25677633 0.0162431
v 0.40875798 0.25719881 0.01551145
v 0.40787494 0.25754964 -0.01915294
v 0.40017456 0.25218275 -0.02622183
v 0.39455384 0.27321535 -0.02244488
v 0.38798094 0.28693116 -0.01833546
v 0.37402144 0.28370839 -0.02884796
v 0.37784901 0.26021579 -0.0310814
v 0.3416363 0.26388398 0.03424307
v 0.35011157 0.29448298 0.02969976
v 0.32466 0.27971622 0.03555766
v 0.36062661 0.26009908 -0.03513215
v 0.33482617 0.26026085 -0.03941436
v 0.34059888 0.28436175 -0.03637678
v 0.30354005 0.28460494 0.03689243
v 0.29226843 0.26039171 0.04028399
v 0.31632066 0.26133078 0.03775346
v 0.30340689 0.28205377 -0.04150455
v 0.2936489 0.26008394 -0.04342262
v 0.2720874 0.25959668 -0.04355255
v 0.28227538 0.28194046 -0.04263383
v 0.2710768 0.26010096 0.04131864
v 0.25969031 0.27995834 0.040174
v 0.24950399 0.26003632 0.04129949
v 0.22716999 0.25992548 0.04119751
v 0.26090655 0.28117481 -0.04301926
v 0.24969877 0.25954834 -0.04384759
v 0.21913569 0.28084749 -0.04366748
v 0.20523238 0.26013118 0.04003693
v 0.19064075 0.29447329 0.03853016
v 0.18499054 0.26028997 0.03934657
v 0.21679547 0.28190655 0.03997245
v 0.20609541 0.25941977 -0.04571908
v 0.18417604 0.26078126 -0.04770649
v 0.19569814 0.2816993 -0.0447188
v 0.1732595 0.28325972 0.03898578
v 0.16230068 0.26046219 0.04015679
v 0.14297251 0.25993881 0.04010093
v 0.17447527 0.28255269 -0.04796778
v 0.16407047 0.2595703 -0.04910872
v 0.13062462 0.28378597 0.03867409
v 0.11802374 0.25951907 0.0394775
v 0.11760382 0.30378914 0.03750491
v 0.09674421 0.25987852 0.03915177
v 0.13842081 0.25994584 -0.04827045
v 0.11994434 0.2633892 -0.04615507
v 0.12981646 0.28195029 -0.04642886
v 0.09572279 0.30310795 0.03705853
v 0.08535223 0.28378081 0.03748032
v 0.0745893 0.25976446 0.03930045
v 0.07626171 0.30183423 0.03566801
v 0.05269984 0.26029614 0.03852074
v 0.09938131 0.26048321 -0.04397717
v 0.07637554 0.26007318 -0.04153298
v 0.05410637 0.26105136 -0.03903012
v 0.06466335 0.28206694 -0.03884774
v 0.0862776 0.28171569 -0.04010249
v 0.05695605 0.28422672 0.03532373
v 0.04457725 0.2819356 0.03352002
v 0.03198924 0.26031905 0.03842353
v 0.02264923 0.28190681 0.02899401
v 0.01036524 0.25964016 0.03770058
v 0.05020188 0.28234756 -0.03623803
v 0.03370364 0.26105106 -0.03862871
v 0.04268581 0.27958357 -0.03556919
v 0.02091585 0.28479698 -0.02699649
v 0.00815903 0.25942445 -0.03616861
v 0.00019634 0.27619028 0.02883655
v -0.00922167 0.25921229 0.03699508
v 0.00089282 0.28629577 0.01858902
v -0.01856714 0.28084493 0.02802569
v -0.02190671 0.28027186 0.02845372
v -0.02158529 0.2825408 0.02677774
v -0.03237068 0.25990814 0.03786685
v 0.01975644 0.2851851 -0.02608192
v 0.00100648 0.28968346 -0.01342636
v 0.00144087 0.29041082 -0.01204184
v -0.02193872 0.28195244 -0.02541129
v -0.02155823 0.28487277 -0.0224064
v -0.01806325 0.28300726 -0.02495968
v -0.00866566 0.25967178 -0.03534094
v -0.00014466 0.27880025 -0.02842802
v 0.00100648 0.28968346 -0.01342636
v -0.0309361 0.26099169 -0.03519342
v -0.02721632 0.28521478 0.02676469
v -0.04455556 0.27854961 0.03315541
v -0.05454787 0.26032472 0.03873116
v -0.06569302 0.28233552 0.03716809
v -0.07679629 0.26015022 0.03911088
v -0.02712291 0.28764808 -0.02306879
v -0.04345912 0.27943265 -0.03189188
v -0.05440513 0.2616601 -0.03868723
v -0.07654519 0.25874904 -0.04044643
v -0.06999264 0.2910749 -0.03630851
v -0.04265481 0.29122567 -0.02377474
v -0.06053749 0.28579342 -0.03425591
v -0.08767535 0.28268859 0.03826806
v -0.09811743 0.26034746 0.04113401
v -0.11598428 0.26234087 0.04170086
v -0.09684921 0.2613987 -0.04281029
v -0.11944433 0.26085386 -0.04547694
v -0.10880435 0.28190768 -0.04133558
v -0.14260173 0.2606087 0.04172254
v -0.17881006 0.26061714 0.04323167
v -0.13000092 0.28229481 -0.04529894
v -0.14284992 0.26050749 -0.04599793
v -0.15978816 0.25948688 -0.04785406
v -0.15223217 0.28220952 -0.04645813
v -0.17418148 0.28145468 0.04193171
v -0.19601369 0.28174675 0.04127872
v -0.2060663 0.25946978 0.04314924
v -0.1729462 0.28334752 -0.04730693
v -0.18510854 0.25874245 -0.04796981
v -0.20512348 0.26005152 -0.04693893
v -0.21767673 0.2813268 0.04214337
v -0.24238603 0.26110572 0.04334288
v -0.25107232 0.30272073 0.04092621
v -0.21784589 0.28113571 -0.04517754
v -0.22834876 0.26046327 -0.04583738
v -0.24812077 0.26042208 -0.0437776
v -0.26161474 0.28107634 0.04215765
v -0.27287972 0.25939876 0.04329742
v -0.30405995 0.28159216 0.04005574
v -0.29486075 0.26010978 0.04247196
v -0.31555206 0.25994286 0.0409651
v -0.3088125 0.28206632 -0.03821906
v -0.29195428 0.30166587 -0.03794523
v -0.29371059 0.25929087 -0.0395724
v -0.31391326 0.25958851 -0.0391125
v -0.32619682 0.28176567 -0.03775366
v -0.34534475 0.28062209 0.03595122
v -0.33639741 0.26012594 0.03940802
v -0.33078268 0.28509957 0.03809633
v -0.35898411 0.25947827 0.03629148
v -0.33588991 0.26007968 -0.03720697
v -0.35767159 0.25610664 -0.03470115
v -0.34616199 0.27916792 -0.03423838
v -0.34209895 0.29286236 -0.03281307
v -0.37143844 0.28267744 -0.02777251
v -0.39092153 0.27067372 0.02662257
v -0.36946633 0.28228068 0.03185774
v -0.38637644 0.28966534 0.01993167
v -0.3789776 0.2607353 0.03217118
v -0.3947559 0.25471616 0.02934841
v -0.40873298 0.25726804 0.02048497
v -0.41577309 0.25489822 -0.00135518
v -0.40161186 0.2747401 0.00648936
v -0.40149146 0.27449068 -0.00735915
v -0.39837241 0.27368617 0.01513302
v -0.38718233 0.28875268 0.01980064
v -0.40915343 0.25787202 0.01946869
v -0.37744129 0.25834212 -0.03084617
v -0.38717568 0.26674354 -0.02479571
v -0.38714427 0.29043731 -0.01654242
v -0.3926267 0.2730301 -0.02191282
v -0.4076556 0.26130173 -0.01585616
v -0.41231942 0.24357784 -0.02091342
v -0.4098208 0.25690567 -0.0169844
v -0.40873992 0.25727487 0.02049631
v -0.40794992 0.25884104 0.01998299
v -0.40774232 0.26134148 -0.01587398
v -0.4098208 0.25690567 -0.0169844
v -0.41231942 0.24357784 -0.02091342
v 0.36617833 0.31999123 0.00825638
v 0.36566988 0.3213886 0.00820259
v 0.36444408 0.32062852 0.00990784
v 0.37000015 0.30218104 0.02086073
v 0.3713268 0.30330145 0.01850182
v 0.3682645 0.30583382 0.01994306
v 0.38051823 0.29360032 0.01700419
v 0.39153194 0.28732741 -0.00143939
v 0.38098761 0.30161324 -0.00174954
v 0.37869751 0.30299246 0.00402713
v 0.38476914 0.29118621 0.01262915
v 0.38552928 0.28837645 0.01584616
v 0.38660499 0.29283768 -0.01518285
v 0.39133567 0.285743 -0.01633924
v 0.36606619 0.3198117 -0.01179813
v 0.3713268 0.30330145 0.01850182
v 0.3854025 0.28827715 0.01577598
v 0.38476914 0.29118621 0.01262915
v 0.38815424 0.28976727 -0.01692438
v 0.38550216 0.29118526 -0.01820344
v 0.38798094 0.28693116 -0.01833546
v 0.38550216 0.29118526 -0.01820344
v 0.38815424 0.28976727 -0.01692438
v 0.37404758 0.30239129 -0.02221584
v 0.36724907 0.3148756 -0.01989198
v 0.37881854 0.30352595 -0.01429778
v 0.37404758 0.30239129 -0.02221584
v 0.34820312 0.3321439 0.0182637
v 0.35460782 0.31724238 0.02227437
v 0.36444408 0.32062852 0.00990784
v 0.34940514 0.31589198 0.0256369
v 0.32687461 0.32556471 0.02951325
v 0.33894247 0.30847937 0.02937835
v 0.31310305 0.30442491 0.03317561
v 0.35773438 0.3264246 -0.01905251
v 0.36530313 0.32129934 -0.01167464
v 0.36202556 0.31958759 -0.02096838
v 0.36731848 0.3149817 -0.0201009
v 0.3559739 0.29977584 -0.03044093
v 0.35156798 0.32014349 -0.02663072
v 0.3351813 0.30286282 -0.03458661
v 0.35766584 0.32644793 -0.01898846
v 0.33192524 0.32861701 -0.03168765
v 0.31311411 0.3045958 -0.03746611
v 0.30641308 0.33643016 0.02997301
v 0.29770574 0.30574787 0.03509641
v 0.27421987 0.30375445 0.03771349
v 0.30408543 0.32699138 -0.03661348
v 0.32754537 0.32607782 -0.03366196
v 0.29233757 0.30330452 -0.04087461
v 0.27129889 0.30367273 -0.04270877
v 0.27489001 0.33669648 -0.03933533
v 0.25332633 0.3271116 0.03682188
v 0.24837181 0.30375063 0.03897522
v 0.22037131 0.3266761 0.03800393
v 0.22821292 0.30312869 0.03916299
v 0.26036602 0.32491425 -0.04160769
v 0.24974471 0.30344436 -0.0427986
v 0.22888109 0.30295044 -0.04391749
v 0.23908049 0.32567441 -0.0417738
v 0.20522445 0.30317932 0.03864488
v 0.19500142 0.32527101 0.03780472
v 0.18492708 0.30322918 0.03756851
v 0.21762313 0.32442299 -0.04331089
v 0.20524982 0.30263653 -0.04463011
v 0.18428247 0.30321926 -0.0454744
v 0.18498965 0.34678477 -0.04359027
v 0.17299685 0.32580134 0.03751751
v 0.16271602 0.30293468 0.03812554
v 0.14624518 0.34403703 0.03667385
v 0.14335212 0.30396205 0.03836987
v 0.17169996 0.3257803 -0.04586736
v 0.16428271 0.3030552 -0.04745149
v 0.13138501 0.32841134 0.03691136
v 0.11481288 0.34217253 0.03668246
v 0.11716901 0.31376907 0.03764477
v 0.13954672 0.30314028 -0.04744562
v 0.12971151 0.32540259 -0.04477426
v 0.11933824 0.30398399 -0.04430202
v 0.16011865 0.28400499 -0.04776617
v 0.10662723 0.33015779 -0.04010598
v 0.09686656 0.34658742 0.035536
v 0.0868306 0.3228347 0.03549159
v 0.0879843 0.32521167 -0.03685728
v 0.09786616 0.30415949 -0.03999246
v 0.07583395 0.30064535 -0.0368344
v 0.05638878 0.30436036 -0.0325008
v 0.06395686 0.32544684 0.03117829
v 0.05853426 0.32966793 0.02468026
v 0.04579224 0.31515649 0.01882771
v 0.05769913 0.30362451 0.03143917
v 0.0401085 0.29663527 0.02634507
v 0.04588806 0.31490383 0.01886464
v 0.02400428 0.28250909 0.02921933
v 0.0333631 0.29713666 0.0191853
v 0.04567116 0.31542909 0.01829225
v 0.04512316 0.31455672 0.01813382
v 0.04577823 0.3150273 0.01899043
v 0.04558814 0.31469047 0.01892769
v 0.05050949 0.33410731 0.01521994
v 0.04245636 0.32545051 0.00097495
v 0.04567116 0.31542909 0.01829225
v 0.03113258 0.30278993 0.00589722
v 0.04512316 0.31455672 0.01813382
v 0.03282825 0.30712932 0.00248493
v 0.03113258 0.30278993 0.00589722
v 0.03296989 0.30697834 0.00244957
v 0.02752858 0.30218315 0.00133818
v 0.04064665 0.31825805 -0.01543707
v 0.04596385 0.33851796 -0.01298291
v 0.02826053 0.30212367 -0.00684923
v 0.02752858 0.30218315 0.00133818
v 0.02304941 0.29302812 0.01546204
v 0.0333631 0.29713666 0.0191853
v 0.01661634 0.29335439 -0.00115806
v 0.01627195 0.29299238 0.00331625
v 0.02702576 0.29962456 -0.01411366
v 0.02301383 0.2975657 -0.01206297
v 0.02826053 0.30212367 -0.00684923
v 0.02702576 0.29962456 -0.01411366
v 0.03178132 0.30711949 -0.01345849
v 0.02105498 0.2852515 -0.02654386
v 0.04666764 0.31262553 -0.0221501
v 0.06230153 0.32797247 -0.02950915
v 0.0470053 0.33632827 -0.01495343
v 0.0442251 0.31886709 -0.01891726
v 0.04089707 0.31310081 -0.01966846
v 0.04766566 0.30052054 -0.03019607
v 0.03703713 0.2997607 -0.02666128
v 0.04089707 0.31310081 -0.01966846
v 0.0442251 0.31886709 -0.01891726
v 0.02260089 0.28182042 0.02887243
v 0.00136473 0.28836164 0.01609632
v -0.02326012 0.29161954 0.01542383
v -0.02158529 0.2825408 0.02677774
v -0.00651324 0.29154015 0.00310504
v -0.01617116 0.29240263 0.00253796
v -0.03610346 0.29968137 0.00389245
v -0.02280647 0.29313326 -0.00951612
v -0.02155823 0.28487277 -0.0224064
v 0.02105498 0.2852515 -0.02654386
v 0.02100834 0.2849898 -0.02708306
v 0.01975644 0.2851851 -0.02608192
v -0.03782898 0.29583585 0.01909196
v -0.04179972 0.29563284 0.02333105
v -0.02721632 0.28521478 0.02676469
v -0.046049 0.30277479 0.01853025
v -0.046049 0.30277479 0.01853025
v -0.04748833 0.29671347 0.02480376
v -0.04180054 0.29563466 0.02333178
v -0.05561852 0.3190825 0.01493108
v -0.05958092 0.33163202 0.01376945
v -0.06681669 0.32588303 0.02420825
v -0.06098562 0.30388474 0.02909982
v -0.0666346 0.32125258 0.02643061
v -0.07313277 0.30305466 0.03342801
v -0.05523312 0.31060338 0.01894104
v -0.06207937 0.29026282 0.03334248
v -0.05231661 0.31787825 0.00186908
v -0.05125314 0.31146872 0.01247001
v -0.03825015 0.30194819 0.00389379
v -0.05041333 0.31380388 -0.01080244
v -0.03692615 0.29965544 -0.00069863
v -0.03825015 0.30194819 0.00389379
v -0.03470063 0.297382 -0.01380605
v -0.0456723 0.30779195 -0.01331288
v -0.05578094 0.32438552 0.00207066
v -0.05523312 0.31060338 0.01894104
v -0.05692029 0.33329511 -0.01034111
v -0.06477678 0.32656205 -0.02154803
v -0.046049 0.30277479 0.01853025
v -0.0515666 0.31327856 -0.01363635
v -0.0456723 0.30779195 -0.01331288
v -0.03470063 0.297382 -0.01380605
v -0.02712291 0.28764808 -0.02306879
v -0.03995091 0.29774737 -0.02028662
v -0.0456723 0.30779195 -0.01331288
v -0.0456723 0.30779195 -0.01331288
v -0.03995091 0.29774737 -0.02028662
v -0.04680908 0.2989893 -0.02258641
v -0.0591104 0.30528998 -0.02807218
v -0.06456119 0.32342827 -0.02349108
v -0.0515666 0.31327856 -0.01363635
v -0.07225662 0.30452335 -0.03370154
v -0.07720957 0.30586773 0.03311086
v -0.07088305 0.32379299 0.02672851
v -0.0889245 0.3241263 0.03440303
v -0.0984837 0.30393651 0.03875842
v -0.06681669 0.32588303 0.02420825
v -0.109007 0.32601082 0.03829312
v -0.11904852 0.30361623 0.03967062
v -0.06469361 0.32690892 -0.02165941
v -0.0781124 0.30626646 -0.03417467
v -0.08728869 0.32408661 -0.03528367
v -0.10127439 0.3047111 -0.03826658
v -0.08796462 0.2822842 -0.03750152
v -0.09841537 0.33379275 -0.03735995
v -0.10990638 0.32632971 -0.03862923
v -0.12011836 0.30290002 -0.04282345
v -0.13045119 0.3261565 0.03830631
v -0.14208613 0.30351898 0.0397758
v -0.13090608 0.28168961 0.04077446
v -0.16484557 0.34369269 0.03823635
v -0.16304789 0.30339211 0.04062729
v -0.12985198 0.3246673 -0.04384364
v -0.13970032 0.30362111 -0.04593275
v -0.16367084 0.30392981 -0.04615529
v -0.17409937 0.32644165 0.03940087
v -0.18511547 0.30339599 0.04099383
v -0.18606998 0.34579319 0.03792934
v -0.20677853 0.30340162 0.04077232
v -0.17398819 0.32598421 -0.04538035
v -0.18464075 0.30401742 -0.04622826
v -0.20726071 0.30379683 -0.04522862
v -0.21712823 0.32512903 -0.04242869
v -0.21802272 0.32554665 0.03995664
v -0.22867319 0.30319175 0.04135879
v -0.23064463 0.345099 0.03815513
v -0.22827886 0.30328566 -0.04340524
v -0.23904634 0.32524145 -0.04090822
v -0.27310553 0.34103078 0.03660079
v -0.29365391 0.30383042 0.03941806
v -0.27271846 0.3031193 0.04003399
v -0.26157832 0.32582191 0.03863397
v -0.26073956 0.32459286 -0.0378348
v -0.24960266 0.3033402 -0.04031738
v -0.27258864 0.30326971 -0.03851936
v -0.26058996 0.2808069 -0.04068841
v -0.28428528 0.32568637 -0.03730825
v -0.29798186 0.32509544 0.03624272
v -0.31477734 0.3027626 0.03739993
v -0.29506725 0.34423894 0.03303158
v -0.32709426 0.32631811 0.03190625
v -0.31496158 0.29813197 -0.03658137
v -0.30297753 0.32386824 -0.03477871
v -0.333213 0.29810697 -0.03421349
v -0.34722841 0.31896043 0.02894109
v -0.35529411 0.30540535 0.02966769
v -0.34291348 0.33571836 0.02395455
v -0.356323 0.31812 0.02413911
v -0.35104203 0.32946241 0.02213722
v -0.36380148 0.32137036 0.01432645
v -0.36614954 0.31027508 0.02314425
v -0.37060887 0.30143467 0.02532991
v -0.36126149 0.32016098 -0.02125913
v -0.36399245 0.3210243 -0.01589727
v -0.35761678 0.32647806 -0.01938291
v -0.36649415 0.31549135 -0.02008182
v -0.32834184 0.32766101 -0.03043108
v -0.35189989 0.31865436 -0.02649717
v -0.35497451 0.29915893 -0.02948856
v -0.36602604 0.32254744 0.01150799
v -0.36669406 0.32021058 0.01144334
v -0.36380148 0.32137036 0.01432645
v -0.37325943 0.30443621 0.01946723
v -0.38641012 0.28968632 0.01997674
v -0.38592306 0.29055655 0.01926107
v -0.37897229 0.30424136 0.00305252
v -0.37325943 0.30443621 0.01946723
v -0.36597222 0.32144836 -0.01136145
v -0.37916017 0.30397511 -0.00804919
v -0.37617826 0.30555058 -0.01540661
v -0.38563818 0.29656538 -0.00045362
v -0.38509744 0.29449025 -0.01450493
v -0.37617826 0.30555058 -0.01540661
v -0.37284994 0.30268764 -0.02189571
v -0.38455796 0.29165173 -0.01772875
v -0.38455796 0.29165173 -0.01772875
v -0.38722563 0.29047608 -0.01667213
v -0.39047849 0.28657755 -0.01589854
v 0.34635353 0.33443141 0.01868093
v 0.34470138 0.33477879 0.01893114
v 0.34531373 0.33627152 0.01740158
v 0.32781449 0.34671903 0.0226647
v 0.33061665 0.34857905 0.01924437
v 0.32521701 0.3517009 0.02105176
v 0.34668151 0.34201279 -0.00213822
v 0.3463791 0.33445901 0.01869626
v 0.35071278 0.33640087 -0.01537716
v 0.34308481 0.34406427 -0.01511216
v 0.32282731 0.36479712 0.00854038
v 0.32270199 0.3649607 -0.01161922
v 0.33061665 0.34857905 0.01924437
v 0.33768189 0.34860587 0.00797564
v 0.34531373 0.33627152 0.01740158
v 0.34844333 0.33642566 -0.01933587
v 0.34301203 0.338835 -0.02111286
v 0.34301203 0.338835 -0.02111286
v 0.34844333 0.33642566 -0.01933587
v 0.33213818 0.34759951 -0.0240714
v 0.32389742 0.36051714 -0.02083629
v 0.32389742 0.36051714 -0.02083629
v 0.33213818 0.34759951 -0.0240714
v 0.32237208 0.34812284 -0.0267036
v 0.3150655 0.34198892 -0.0316395
v 0.32138044 0.36406982 0.01049507
v 0.3114208 0.3609823 0.02255237
v 0.30392131 0.3607949 0.02616811
v 0.30215341 0.37487125 0.01735783
v 0.28369471 0.36934444 0.02781092
v 0.29527137 0.34402323 0.03095357
v 0.26970944 0.35033351 0.03244756
v 0.31409454 0.36960125 -0.01919729
v 0.32151365 0.36410451 -0.016626
v 0.31947142 0.36354911 -0.02156061
v 0.31947142 0.36354911 -0.02156061
v 0.32151365 0.36410451 -0.016626
v 0.30195451 0.3760426 0.01630801
v 0.30121672 0.37618327 0.01689154
v 0.30731779 0.36472496 -0.02719481
v 0.29053366 0.34603047 -0.03597628
v 0.30288571 0.37462604 -0.02100521
v 0.29171431 0.37049651 -0.03043181
v 0.28802532 0.36174208 -0.03326125
v 0.28429583 0.37112066 -0.03228336
v 0.25682604 0.34348324 0.03412261
v 0.28114164 0.32312945 0.03524673
v 0.26139838 0.37498188 0.03001148
v 0.23858237 0.36845785 0.03316788
v 0.27203682 0.34899959 -0.03767456
v 0.2483532 0.34719962 -0.04075145
v 0.25988913 0.37237927 -0.03565707
v 0.22854532 0.34682816 -0.04198403
v 0.21890208 0.37108269 -0.04011755
v 0.21768475 0.37314436 0.03330461
v 0.20439824 0.34511772 0.03623502
v 0.23002437 0.34724176 0.03513739
v 0.18562086 0.34705216 0.0366307
v 0.20680098 0.34746981 -0.04290891
v 0.19497216 0.36934185 -0.041565
v 0.17364973 0.37042475 0.03475478
v 0.16432849 0.34686375 0.03630187
v 0.17406765 0.37023482 -0.04265101
v 0.16226171 0.34712723 -0.04418902
v 0.14055143 0.34790897 -0.04432718
v 0.1304035 0.36973792 -0.04138112
v 0.130633 0.37189612 0.03467691
v 0.11891422 0.34758249 -0.041031
v 0.1015745 0.34865764 -0.03623974
v 0.10278853 0.36788133 -0.03709512
v 0.08680249 0.37281054 0.03406433
v 0.07695345 0.34723261 0.03267875
v 0.07695746 0.34923434 -0.0324544
v 0.08676326 0.3739897 -0.0339545
v 0.06489418 0.36652833 -0.03135135
v 0.04814416 0.36019421 0.01668417
v 0.06457283 0.36947533 0.03004871
v 0.04504317 0.36687827 0.01773632
v 0.0493809 0.35702157 0.01782644
v 0.05277038 0.34039748 0.01785797
v 0.06033528 0.34769857 0.02668244
v 0.05853426 0.32966793 0.02468026
v 0.05277038 0.34039748 0.01785797
v 0.04253749 0.37959942 0.0215412
v 0.04036379 0.37909329 0.01946896
v 0.04814416 0.36019421 0.01668417
v 0.04741231 0.3574146 0.01493843
v 0.0493809 0.35702157 0.01782644
v 0.04504317 0.36687827 0.01773632
v 0.0415951 0.35777354 0.00039244
v 0.04407662 0.3567481 -0.0100078
v 0.04470009 0.34844673 0.00041622
v 0.04924172 0.33968616 0.01298052
v 0.04723471 0.3573916 0.01507568
v 0.04470009 0.34844673 0.00041622
v 0.04417211 0.33542478 0.00065535
v 0.04407662 0.3567481 -0.0100078
v 0.03561467 0.37213886 0.004031
v 0.0334816 0.37300873 -0.00300878
v 0.03490896 0.37761578 -0.01800972
v 0.04375646 0.35822371 -0.01320226
v 0.05825019 0.34753954 -0.02592438
v 0.04489601 0.359887 -0.01479502
v 0.06211288 0.37016711 -0.03125282
v 0.03493932 0.37737182 -0.01810339
v 0.04656782 0.33833039 -0.01418792
v 0.04486978 0.35986793 -0.01483977
v 0.04443234 0.3580792 -0.01456946
v 0.0470053 0.33632827 -0.01495343
v 0.04572231 0.33648849 -0.01368076
v 0.04648018 0.33839762 -0.01436019
v -0.05724555 0.36432457 0.01429451
v -0.0469203 0.3811934 0.01735789
v -0.06654388 0.36933529 0.02551037
v -0.06515682 0.34860134 0.02238357
v -0.06303401 0.34617734 0.0188352
v -0.06658202 0.36113703 0.02467203
v -0.06675863 0.33532357 0.02420187
v -0.0456754 0.3734988 -0.01288104
v -0.04170916 0.37905499 -0.01470611
v -0.04851145 0.37150323 0.00146955
v -0.04870177 0.37130436 0.00181178
v -0.05808903 0.34990948 0.00096565
v -0.06319135 0.36720002 -0.02490366
v -0.0456754 0.3734988 -0.01288104
v -0.05352372 0.36228788 -0.01118731
v -0.0564515 0.35392904 -0.01320732
v -0.06300646 0.34617019 0.01885349
v -0.05862057 0.34862947 0.0028494
v -0.05833143 0.34404385 -0.01367277
v -0.05814534 0.34807312 -0.00132972
v -0.04442185 0.37830937 -0.01615244
v -0.06387854 0.36790812 -0.02628064
v -0.06417525 0.36719286 -0.02630812
v -0.06427017 0.36806357 -0.02660611
v -0.06319135 0.36720002 -0.02490366
v -0.05833143 0.34404385 -0.01367277
v -0.06157529 0.34855485 -0.01968914
v -0.06157529 0.34855485 -0.01968914
v -0.06441879 0.33243358 -0.02165103
v -0.068344 0.34793222 -0.02466607
v -0.06441879 0.33243358 -0.02165103
v -0.06157529 0.34855485 -0.01968914
v -0.08247148 0.35098612 0.03104985
v -0.06651456 0.36933154 0.02554514
v -0.08807515 0.37157622 0.03381668
v -0.09719107 0.34760019 0.03634129
v -0.06675863 0.33532357 0.02420187
v -0.10279887 0.37361011 0.03605028
v -0.11836538 0.34804398 0.03781893
v -0.10209519 0.35507083 0.03710067
v -0.10189694 0.34168518 0.03763294
v -0.07986476 0.34773943 -0.03243378
v -0.09698545 0.34738961 -0.03672186
v -0.08849137 0.37043682 -0.03698392
v -0.1204185 0.34791327 -0.04136758
v -0.12860255 0.37385067 0.03632291
v -0.14342655 0.34843668 0.03803914
v -0.15155709 0.38849348 0.03543198
v -0.16166538 0.35593218 0.03777676
v -0.14067332 0.37027699 0.03685434
v -0.13986425 0.34747162 -0.0442781
v -0.16417882 0.3476465 -0.0439283
v -0.14187348 0.39007854 -0.0410754
v -0.12969455 0.36931849 -0.04265993
v -0.17411448 0.37148249 0.03625483
v -0.20278049 0.37028947 0.03654093
v -0.20649084 0.34765097 0.03845732
v -0.17395575 0.3691799 -0.04242549
v -0.18463026 0.34763595 -0.04297026
v -0.20598999 0.3495051 -0.04164022
v -0.23717643 0.36953542 0.03499637
v -0.25283855 0.34507242 0.03722753
v -0.22853215 0.34824327 -0.03871135
v -0.21743359 0.36836395 -0.03755722
v -0.25550401 0.36793473 -0.03383994
v -0.23996465 0.3701942 -0.03610701
v -0.25108626 0.34673062 -0.03581868
v -0.26529819 0.38232833 0.0298806
v -0.27016592 0.34890494 -0.03459148
v -0.28079811 0.3736808 -0.02919439
v -0.28463939 0.36538249 -0.03013487
v -0.28423947 0.37117618 -0.02959025
v -0.30326164 0.36235631 0.02875209
v -0.31130236 0.35074019 0.02969215
v -0.28276595 0.36952311 0.03152859
v -0.29886571 0.37771088 0.02113735
v -0.313393 0.36174941 0.02391601
v -0.313393 0.36174941 0.02391601
v -0.30438089 0.37406385 0.02051455
v -0.32118404 0.36439335 0.01286018
v -0.3234055 0.35489595 0.02324945
v -0.32118404 0.36439335 0.01286018
v -0.32848853 0.34546277 0.02664782
v -0.31790984 0.3637023 -0.02125144
v -0.32301608 0.36414781 -0.01239383
v -0.31108022 0.37160635 -0.01820612
v -0.32381272 0.35921872 -0.0202173
v -0.2906706 0.34622502 -0.03379091
v -0.29903138 0.35296369 -0.02983499
v -0.3027761 0.37854031 -0.01754919
v -0.30688021 0.36362341 -0.02631127
v -0.3119725 0.34336436 -0.0309
v -0.32367134 0.35935387 -0.02028594
v -0.32265037 0.36529702 0.01037935
v -0.32379097 0.36336473 0.01074068
v -0.33202732 0.3489269 0.01979303
v -0.34363234 0.33917427 0.01936424
v -0.34604073 0.33524013 0.02255601
v -0.34802878 0.33512247 0.01925081
v -0.35104203 0.32946241 0.02213722
v -0.34604073 0.33524013 0.02255601
v -0.34363234 0.33917427 0.01936424
v -0.33747637 0.34830916 0.0091536
v -0.33202732 0.3489269 0.01979303
v -0.33679032 0.35112882 -0.0001446
v -0.34947261 0.33950517 -3.462E-05
v -0.34242579 0.34398288 -0.01531459
v -0.33549201 0.3497113 -0.01585656
v -0.36474273 0.32316548 -0.00891139
v -0.36491001 0.32327524 0.0095198
v -0.35082936 0.33617961 -0.01525253
v -0.33549201 0.3497113 -0.01585656
v -0.33067513 0.34721482 -0.0231719
v -0.3477971 0.33662114 -0.01955935
v -0.34797609 0.33655655 -0.01974595
v -0.35766113 0.32641327 -0.01934427
v -0.36388707 0.32345831 0.01157045
v -0.36388707 0.32345831 0.01157045
v -0.36602604 0.32254744 0.01150799
v -0.36495781 0.3233223 0.00956738
v -0.36296225 0.32432306 -0.01167101
v -0.36483943 0.32326078 -0.00892216
v -0.36399245 0.3210243 -0.01589727
v 0.32301927 0.36495209 0.00859094
v 0.3213194 0.36572337 0.00863755
v 0.32138044 0.36406982 0.01049507
v 0.3213194 0.36572337 0.00863755
v 0.3222332 0.36570811 0.00705761
v 0.32179624 0.36621243 -0.00938775
v 0.32280248 0.36505842 -0.01159161
v 0.30195451 0.3760424 0.0163085
v 0.28148004 0.38955224 0.01871422
v 0.29590166 0.37985468 0.01729888
v 0.28299779 0.38873565 0.01801699
v 0.30735749 0.37834227 -0.00066698
v 0.32216966 0.3656185 0.00704814
v 0.29295373 0.38926947 -0.00262811
v 0.28708962 0.39272162 0.00168531
v 0.30065936 0.37736917 0.01510531
v 0.29914412 0.38349891 -0.01468151
v 0.2752147 0.40131626 -0.00868746
v 0.27560562 0.40055144 0.00630206
v 0.28149557 0.38949803 0.01867222
v 0.30121672 0.37618327 0.01689154
v 0.30065936 0.37736917 0.01510531
v 0.30377001 0.37853503 -0.01828372
v 0.29917747 0.38025033 -0.01995474
v 0.30288571 0.37462604 -0.02100521
v 0.29917747 0.38025033 -0.01995474
v 0.30377001 0.37853503 -0.01828372
v 0.28635508 0.38850284 -0.02157521
v 0.28059745 0.39548004 -0.01781255
v 0.28059745 0.39548004 -0.01781255
v 0.28635508 0.38850284 -0.02157521
v 0.27863044 0.38971078 -0.02289981
v 0.28583363 0.37587136 -0.03032397
v 0.26259381 0.38329852 0.02799115
v 0.26257864 0.40093943 0.01927379
v 0.25588083 0.402614 0.02022445
v 0.26007462 0.40319872 0.01797855
v 0.23424459 0.40696779 0.02396628
v 0.23927504 0.41125131 0.02033925
v 0.24111541 0.39086524 0.02939327
v 0.26247555 0.4008939 0.01916593
v 0.26309195 0.4093709 0.00044566
v 0.25439653 0.41512567 -0.01443456
v 0.26909739 0.40330505 -0.01850152
v 0.24808264 0.4147799 0.01377845
v 0.26007462 0.40319872 0.01797855
v 0.26125854 0.40508902 -0.0225271
v 0.26909739 0.40330505 -0.01850152
v 0.26668912 0.39692485 -0.02425247
v 0.26125854 0.40508902 -0.0225271
v 0.25651193 0.39687395 -0.02677244
v 0.2689836 0.38740277 -0.02994043
v 0.24974516 0.39001036 -0.03317178
v 0.24275137 0.41253367 -0.02561657
v 0.22818597 0.39185691 -0.03543016
v 0.21880037 0.4236376 0.02118671
v 0.22083893 0.39795363 0.02989103
v 0.21769363 0.40607536 0.02840894
v 0.19597177 0.41174796 0.02842336
v 0.18936014 0.39067221 0.03243393
v 0.19543071 0.36666098 0.03524039
v 0.21831661 0.4191072 -0.02752787
v 0.23914367 0.41474521 -0.02563693
v 0.21799934 0.41010273 -0.03278089
v 0.20650822 0.39150411 -0.03786616
v 0.18498394 0.39024717 -0.04055227
v 0.20150945 0.4143784 -0.0351465
v 0.16999887 0.38493517 0.033063
v 0.17821133 0.39659569 0.03269773
v 0.17518689 0.42661661 0.02756007
v 0.14992394 0.41223517 0.03176475
v 0.171748 0.41250417 -0.03869509
v 0.16244484 0.39067748 -0.04124232
v 0.14158188 0.39127445 -0.04106204
v 0.15130359 0.41263807 -0.03958273
v 0.14372678 0.39103806 0.03356487
v 0.11578138 0.39008898 0.03389524
v 0.10819776 0.41140956 0.03296983
v 0.12963855 0.41337737 -0.03880825
v 0.11865874 0.39110988 -0.04055991
v 0.10215384 0.3911334 -0.03781945
v 0.10815012 0.41207671 -0.03975338
v 0.08803306 0.42070636 0.03231412
v 0.07666115 0.39286155 0.0331891
v 0.09581073 0.39176902 0.03331597
v 0.08825553 0.41410026 -0.03777105
v 0.07949061 0.39354569 -0.03375999
v 0.04341199 0.41441217 0.03265589
v 0.03877336 0.39667118 0.02723378
v 0.05839488 0.39144447 0.0301697
v 0.02338481 0.3931309 0.01754981
v 0.02480465 0.39299524 0.01795757
v 0.02314591 0.39576054 0.01974934
v 0.02689838 0.39028287 0.0179013
v 0.02689838 0.39028287 0.0179013
v 0.02480465 0.39299524 0.01795757
v 0.0233888 0.3930898 0.01758885
v 0.0404885 0.37920934 0.01941176
v 0.02913415 0.38105309 0.00492024
v 0.02850765 0.3795296 -0.00346625
v 0.01108771 0.39091685 0.00038003
v 0.02514559 0.38436937 -0.00991333
v 0.02850765 0.3795296 -0.00346625
v 0.02514559 0.38436937 -0.00991333
v 0.05673456 0.39060938 -0.032471
v 0.05123688 0.3907567 -0.03092514
v 0.06152226 0.41100168 -0.03484621
v 0.04193121 0.41579425 -0.03361279
v 0.04198188 0.40668154 -0.03164029
v 0.03781891 0.39481473 -0.02606338
v 0.02171129 0.40919232 -0.03042591
v 0.02427816 0.38661513 -0.0148379
v 0.00230979 0.39928493 0.02331561
v 0.02082768 0.41105613 0.03168841
v -0.00068057 0.41484797 0.03241199
v 0.00237238 0.39932978 0.02323955
v -0.00018007 0.39764154 0.01865321
v -0.00334555 0.3995353 0.02320111
v -0.0198019 0.41128269 0.03247698
v -0.02364645 0.39593485 0.01654975
v 0.01172412 0.39113301 0.00334329
v -0.01095738 0.39226282 0.00208455
v 0.01829177 0.38888872 -0.01283747
v 0.00084251 0.39280474 -0.01308441
v 0.02426201 0.38649547 -0.01500726
v -0.02636713 0.39341938 0.01434588
v -0.03019118 0.38553727 -0.00133747
v -0.02255287 0.39099061 -0.01321596
v 0.02205509 0.39015186 -0.01661384
v 0.00418884 0.3958869 -0.02000129
v -0.0003652 0.41502583 -0.03110141
v 0.0180981 0.41037288 -0.03024247
v -8.41E-05 0.40302658 -0.02317446
v -0.00361973 0.39616072 -0.01983845
v 0.02205509 0.39015186 -0.01661384
v -0.00361973 0.39616072 -0.01983845
v 0.00418884 0.3958869 -0.02000129
v -0.01801846 0.41036126 -0.03024118
v -0.02254441 0.40741083 -0.02923044
v -0.02208045 0.40990722 -0.030548
v -0.02181083 0.39194298 -0.01419061
v -0.02181083 0.39194298 -0.01419061
v -0.0233233 0.3918488 -0.01427138
v -0.04359061 0.40756047 0.03102487
v -0.0490002 0.39653301 0.0291062
v -0.04042614 0.39798272 0.02640057
v -0.02323318 0.40095699 0.0221867
v -0.02901846 0.3958658 0.01865625
v -0.045194 0.41524649 0.03324807
v -0.02901846 0.3958658 0.01865625
v -0.04639322 0.38213408 0.01759255
v -0.06605614 0.41254044 0.03412755
v -0.06574426 0.4081485 0.03398077
v -0.05992985 0.39092159 0.03000683
v -0.07856108 0.39052698 0.03320996
v -0.04699445 0.38173318 0.01757592
v -0.03088403 0.38634038 0.00519109
v -0.04877699 0.3713471 0.00179642
v -0.04611123 0.38179207 0.01705366
v -0.04611123 0.38179207 0.01705366
v -0.04639322 0.38213408 0.01759255
v -0.04662395 0.38161719 0.01723415
v -0.04662395 0.38161719 0.01723415
v -0.04699445 0.38173318 0.01757592
v -0.04662395 0.38161719 0.01723415
v -0.0233233 0.3918488 -0.01427138
v -0.03764004 0.39451158 -0.02587533
v -0.04466195 0.41264945 -0.03603465
v -0.04222536 0.40693021 -0.03364897
v -0.05665623 0.38959438 -0.03167487
v -0.04244908 0.38149133 -0.016432
v -0.04175824 0.37912548 -0.01463252
v -0.04442185 0.37830937 -0.01615244
v -0.07064608 0.39111757 -0.03508368
v -0.07142359 0.39890075 -0.03755248
v -0.0643388 0.41188109 -0.03877723
v -0.08772738 0.41328314 0.03360403
v -0.09873448 0.39045951 0.03436205
v -0.07732768 0.39090469 -0.03601862
v -0.08680689 0.41347742 -0.03777209
v -0.09946385 0.39093456 -0.03823357
v -0.11945844 0.39126545 -0.04148043
v -0.10735626 0.41404489 -0.03956261
v -0.10542773 0.3577176 -0.03967129
v -0.13197802 0.41480756 0.03317412
v -0.121351 0.39006498 0.03472379
v -0.13101192 0.41408673 -0.03897777
v -0.16432959 0.39074296 -0.03990041
v -0.15492573 0.41323262 -0.03817913
v -0.15215494 0.41226092 0.03334403
v -0.18676534 0.39142504 0.03404624
v -0.18769106 0.39076674 -0.03826795
v -0.17354803 0.41222951 -0.03613532
v -0.20576474 0.38893834 -0.0367759
v -0.22463389 0.39546064 0.03141911
v -0.19541073 0.41239238 0.03086328
v -0.21423562 0.42489582 0.0249564
v -0.20394443 0.38259733 0.03456915
v -0.23666276 0.41045401 0.0254017
v -0.24690762 0.38882491 0.03120354
v -0.21786523 0.41998649 -0.02557164
v -0.19860837 0.41389889 -0.03337184
v -0.21804345 0.40909159 -0.03137749
v -0.22835812 0.39085975 -0.03339589
v -0.2397739 0.4133541 -0.0234622
v -0.24950767 0.38826412 -0.03113417
v -0.25935385 0.40233314 0.02380424
v -0.23823464 0.41095793 0.02454975
v -0.25861037 0.40635324 0.01916349
v -0.26395723 0.40177542 0.02135899
v -0.2593478 0.40232289 0.02378082
v -0.25861037 0.40635324 0.01916349
v -0.28223631 0.38773164 0.02325072
v -0.2597428 0.4119789 -0.00072686
v -0.24345785 0.41826695 0.01442486
v -0.27959001 0.39184877 0.02093418
v -0.27836606 0.39821339 0.00629277
v -0.26725873 0.40317312 -0.01789193
v -0.28063935 0.39738852 -0.00660695
v -0.26586866 0.40734184 -0.0052492
v -0.25731492 0.41162872 -0.01523238
v -0.24326503 0.41129613 -0.02317631
v -0.26062977 0.40459347 -0.02153438
v -0.25734758 0.39764619 -0.0237596
v -0.26504958 0.39764082 -0.02249181
v -0.26731992 0.38627481 -0.02885175
v -0.26062977 0.40459347 -0.02153438
v -0.25731492 0.41162872 -0.01523238
v -0.2672478 0.40312326 -0.01784706
v -0.27995646 0.39443922 -0.01689988
v -0.27860463 0.38965929 -0.02066004
v -0.28433704 0.38897514 -0.01985389
v -0.30020258 0.37844124 0.01895247
v -0.3011862 0.37729818 0.02055159
v -0.29887104 0.37772703 0.02116817
v -0.30117869 0.37728202 0.02054542
v -0.30438089 0.37406385 0.02051455
v -0.29103467 0.39146805 -0.00181047
v -0.30296221 0.378683 -0.01782604
v -0.27995721 0.39444277 -0.01689927
v -0.30189377 0.38229626 -0.00101466
v -0.32215366 0.36536041 -0.01112634
v -0.299142 0.37980342 -0.01880521
v 0.23713255 0.42082012 0.01415795
v 0.23927504 0.41125131 0.02033925
v 0.23415551 0.42627209 -0.01403714
v 0.22622415 0.43150994 -0.00163718
v 0.23089808 0.42861032 -0.00228947
v 0.24245729 0.42278323 -0.00310664
v 0.24090415 0.41404605 -0.02536249
v 0.2188319 0.42369628 0.02127349
v 0.22252464 0.42419195 0.01843554
v 0.21671373 0.42681944 0.01842475
v 0.21671373 0.42681944 0.01842475
v 0.21590531 0.42408085 0.02162707
v 0.22335874 0.43200368 -0.00036518
v 0.21202858 0.43604228 -0.01374778
v 0.20952606 0.43605566 0.0081827
v 0.2078858 0.43882203 -0.00124353
v 0.19300626 0.44642985 -0.00890224
v 0.19296937 0.44505873 0.00536697
v 0.19503868 0.44230235 -0.01888907
v 0.19884425 0.43435955 0.0185253
v 0.22216946 0.42724752 -0.02323067
v 0.21333516 0.42883563 -0.02454555
v 0.21333516 0.42883563 -0.02454555
v 0.22216946 0.42724752 -0.02323067
v 0.20083076 0.43469679 -0.02360672
v 0.19503868 0.44230235 -0.01888907
v 0.20083076 0.43469679 -0.02360672
v 0.1917547 0.43508697 -0.02517837
v 0.1952536 0.42171842 -0.03336035
v 0.19525772 0.43530661 0.01978571
v 0.17361097 0.44392359 0.01832269
v 0.17320579 0.44400501 0.01833498
v 0.17355108 0.44409013 0.01819503
v 0.1466901 0.44528538 0.0214715
v 0.15123439 0.45453405 0.01310092
v 0.1523371 0.43456852 0.02651858
v 0.19530326 0.4351691 0.01964024
v 0.17358817 0.44385552 0.01828185
v 0.17456195 0.4538615 0.0001784
v 0.15901953 0.45965469 -0.01128232
v 0.18237776 0.44735658 -0.01819319
v 0.15603203 0.45656294 0.01025326
v 0.17355108 0.44409013 0.01819503
v 0.14875999 0.45499897 -0.02304208
v 0.15185648 0.45642769 -0.01960707
v 0.15865362 0.45322633 -0.02118516
v 0.17398745 0.4481945 -0.02086335
v 0.18237776 0.44735658 -0.01819319
v 0.17871606 0.44117498 -0.02379137
v 0.17398745 0.4481945 -0.02086335
v 0.16945487 0.44067848 -0.02562827
v 0.18165952 0.43132222 -0.03144199
v 0.16244774 0.43271387 -0.03356373
v 0.15865362 0.45322633 -0.02118516
v 0.14004725 0.43657815 -0.03375594
v 0.14341153 0.42879441 -0.03607568
v 0.13019651 0.44706497 0.02403636
v 0.12982637 0.45667839 0.0176686
v 0.12749949 0.42790034 0.03009527
v 0.10597715 0.43397871 0.03011864
v 0.12386841 0.46305329 0.01462705
v 0.12982637 0.45667839 0.0176686
v 0.13963342 0.46009994 0.01221675
v 0.14142829 0.4608773 -0.01898438
v 0.15185648 0.45642769 -0.01960707
v 0.14876163 0.45501006 -0.02305341
v 0.13116258 0.45228171 -0.02887988
v 0.12058194 0.43181571 -0.0359542
v 0.13018173 0.46378732 -0.01839167
v 0.10984877 0.459566 -0.02843487
v 0.09583998 0.43465114 -0.03635655
v 0.08609933 0.46816695 0.01765617
v 0.08972808 0.44917521 0.02664154
v 0.10971378 0.45347822 0.02261481
v 0.08886334 0.44102719 0.02932256
v 0.06447117 0.45557326 0.02579344
v 0.06578729 0.43265915 0.0316328
v 0.06482676 0.41077709 0.03419438
v 0.08287767 0.47176841 -0.02209381
v 0.10809907 0.45972016 -0.02847642
v 0.08698404 0.45254385 -0.03226775
v 0.07625962 0.43424243 -0.03595348
v 0.06523713 0.45995241 -0.03195689
v 0.04478705 0.42485583 0.03210691
v 0.04452771 0.44146857 0.03024747
v 0.01801511 0.43373805 0.03239285
v 0.05583539 0.4351497 -0.03480496
v 0.04230354 0.4382796 -0.03486397
v 0.06467426 0.45748132 -0.03275587
v 0.03496199 0.43419275 -0.0348931
v 0.02105146 0.45800015 -0.03254207
v -0.02290249 0.43393332 0.03345867
v 0.02147313 0.45541891 0.02778158
v -0.02185732 0.4557316 0.02835247
v -0.0017184 0.43979388 0.03201322
v 0.01209697 0.43341976 -0.03457808
v -0.01354803 0.4336378 -0.0352531
v -0.00016943 0.45577103 -0.03170934
v -0.05875438 0.43357882 0.03271896
v -0.06522654 0.45466661 0.02672783
v -0.04355283 0.43937719 0.03214308
v -0.0338285 0.43311059 -0.03501642
v -0.05269834 0.43453467 -0.03565736
v -0.04288946 0.45177591 -0.0319741
v -0.07321037 0.43511346 -0.03585082
v -0.08526952 0.42959845 0.03214698
v -0.0912974 0.44514811 0.02881667
v -0.10972516 0.45359638 0.024215
v -0.10369159 0.43444428 0.03121646
v -0.1094487 0.41100878 0.03435899
v -0.08369932 0.47127384 -0.02077219
v -0.06587323 0.45830467 -0.0299881
v -0.08736891 0.45173848 -0.03040415
v -0.09729073 0.43601105 -0.03471589
v -0.10955428 0.45815688 -0.02596466
v -0.11775076 0.43353769 -0.03452968
v -0.12999851 0.44808191 0.0254696
v -0.12934673 0.46146095 0.01670128
v -0.13012907 0.4283303 0.03113
v -0.14925864 0.44728252 0.0224897
v -0.15135954 0.43515459 0.02778562
v -0.12681796 0.46403199 0.01543925
v -0.13339603 0.4627552 0.01462775
v -0.12934673 0.46146095 0.01670128
v -0.14673042 0.45422947 -0.02301538
v -0.15159833 0.45615804 -0.01809919
v -0.13645601 0.46249342 -0.0170849
v -0.13620396 0.44026959 -0.03113965
v -0.1311028 0.45208323 -0.02795655
v -0.14506224 0.43436337 -0.03285723
v -0.14672935 0.45421705 -0.023004
v -0.16382714 0.43245971 -0.0319674
v -0.15117669 0.45433521 0.01660848
v -0.17286065 0.44503605 0.02054279
v -0.17560257 0.42738956 0.02880273
v -0.17560031 0.44508648 0.0195557
v -0.17287314 0.445068 0.02059317
v -0.17263818 0.44721782 0.01813388
v -0.19736061 0.4330453 0.02346734
v -0.17405802 0.45486039 0.00015877
v -0.15483266 0.45823923 0.01135031
v -0.16075289 0.45202124 -0.02045316
v -0.15159833 0.45615804 -0.01809919
v -0.19184336 0.44593096 0.00645611
v -0.16173935 0.45808867 -0.0112191
v -0.18145394 0.44772875 -0.01829225
v -0.19078365 0.44797409 -0.0093362
v -0.16075289 0.45202124 -0.02045316
v -0.17336118 0.44821107 -0.02057666
v -0.17022264 0.44220722 -0.02348995
v -0.17336118 0.44821107 -0.02057666
v -0.1776818 0.44227934 -0.02273959
v -0.18078613 0.43097115 -0.03062952
v -0.18145394 0.44772875 -0.01829225
v -0.19397986 0.44271052 -0.01916486
v -0.19192338 0.43558359 -0.02440166
v -0.19984257 0.43513942 -0.02310365
v -0.19527532 0.41884908 -0.03226277
v -0.21540976 0.42948437 0.01886564
v -0.21880424 0.42465889 0.02389389
v -0.22401583 0.42523015 0.01913631
v -0.22401583 0.42523015 0.01913631
v -0.21880424 0.42465889 0.02389389
v -0.21540976 0.42948437 0.01886564
v -0.20856082 0.43911886 -0.00062281
v -0.20961225 0.43657231 0.00901186
v -0.21530382 0.43505132 -0.01105931
v -0.19397986 0.44271052 -0.01916486
v -0.21400844 0.43467769 -0.01492245
v -0.19445457 0.43726733 0.0207503
v -0.22315226 0.43259466 0.00029804
v -0.22737002 0.42920959 0.00413072
v -0.22631837 0.43215019 -0.00052812
v -0.23080708 0.42887247 -0.00108373
v -0.23102635 0.42718172 -0.01502571
v -0.19984257 0.43513942 -0.02310365
v -0.21309006 0.42851841 -0.02355272
v -0.21309006 0.42851841 -0.02355272
v -0.22101724 0.42727232 -0.02284163
v -0.22101724 0.42727232 -0.02284163
v -0.2368629 0.41473389 -0.02357864
v -0.23098958 0.4270885 -0.01497602
v -0.25245509 0.41551578 -0.01414427
v -0.2504319 0.41752046 -0.00197983
v -0.23980951 0.41316581 -0.02326488
v 0.15044199 0.45849597 0.01000816
v 0.15123439 0.45453405 0.01310092
v 0.15360999 0.46130478 -0.00545859
v 0.13826254 0.46656492 -0.00256492
v 0.1239174 0.4628917 0.01457858
v 0.10727692 0.46832752 0.01376832
v 0.11667275 0.47272018 -0.00307027
v 0.09625833 0.4769761 -0.00138347
v 0.09435464 0.47674185 0.00155109
v 0.1069423 0.47395658 -0.01326675
v 0.10727692 0.46832752 0.01376832
v 0.13358349 0.46704665 -0.01425155
v 0.12839298 0.46697417 -0.01678867
v 0.13018173 0.46378732 -0.01839167
v 0.10985518 0.45950234 -0.02830124
v 0.10810095 0.45966554 -0.02836794
v 0.08289435 0.47938636 -0.00883405
v 0.0877946 0.46785426 0.01740468
v 0.0780903 0.47928369 0.00500178
v 0.08611482 0.46806467 0.0175457
v 0.0673643 0.48197156 -0.0049195
v 0.06759562 0.48174691 0.00071125
v 0.06641173 0.47689641 0.01218075
v 0.06217837 0.47716582 0.01342696
v 0.06410599 0.47504401 0.01565379
v 0.06641173 0.47689641 0.01218075
v 0.06410307 0.47502539 0.01563516
v 0.08083391 0.46961355 0.01721901
v 0.06485724 0.48071036 -0.01541021
v 0.08566296 0.47753894 -0.01434797
v 0.09004438 0.47156429 -0.0219934
v 0.08297318 0.47185075 -0.02226949
v 0.06657696 0.47788215 -0.0179503
v 0.06250238 0.47798264 -0.01805055
v 0.06657696 0.47788215 -0.0179503
v 0.04378596 0.46982008 0.0218697
v 0.04247797 0.47658169 0.01702815
v 0.04042151 0.48323372 0.01080035
v 0.04138059 0.48599944 -0.00226143
v 0.04211775 0.48473004 -0.01340376
v 0.01808456 0.48814932 -0.00645841
v 0.01977821 0.48778906 0.00381304
v 0.04247797 0.47658169 0.01702815
v 0.02596921 0.4798516 0.0166772
v 0.06250238 0.47798264 -0.01805055
v 0.04538675 0.47356454 -0.02589385
v 0.04210593 0.48470086 -0.01337049
v 0.02110696 0.48425531 -0.01764745
v 0.02450782 0.47944939 -0.02113986
v 0.01843816 0.47952366 -0.02108765
v -0.00103658 0.48798674 -0.00198352
v 0.00018392 0.48480934 0.01287325
v 0.01391721 0.48084307 0.01656413
v -0.00025469 0.4805336 0.01661474
v -0.01865426 0.48609972 -0.00454663
v -0.02143554 0.48628607 0.00395807
v -0.02085239 0.48272979 -0.01669333
v 0.00014705 0.48643053 -0.01290116
v -0.01419145 0.48078907 0.01656312
v -0.00082459 0.4734486 -0.02646688
v 0.0001483 0.48642114 -0.01288812
v -0.02085638 0.48279488 -0.01674575
v -0.01899987 0.47922444 -0.01940048
v -0.0237264 0.47917056 -0.019301
v -0.02187154 0.45780173 -0.03128725
v -0.06442761 0.47650784 0.015973
v -0.04353843 0.47013494 0.02205255
v -0.04291886 0.47697544 0.01704383
v -0.04138156 0.48454377 -0.0009047
v -0.04188362 0.4827283 0.01113076
v -0.04128835 0.48317063 -0.01210409
v -0.02704471 0.47972775 0.0167228
v -0.04291886 0.47697544 0.01704383
v -0.06713153 0.4815295 -0.00303627
v -0.06888961 0.48134238 0.00113009
v -0.06421626 0.47672236 0.0157373
v -0.06468189 0.47669721 0.01560694
v -0.0644275 0.47650659 0.01597184
v -0.06400176 0.47905451 -0.01458956
v -0.0417797 0.48220098 -0.0137071
v -0.0237264 0.47917056 -0.019301
v -0.04431149 0.47305351 -0.02458649
v -0.06312436 0.47766507 -0.01606447
v -0.06532556 0.47761738 -0.01595861
v -0.06312436 0.47766507 -0.01606447
v -0.06604129 0.47602952 0.01614469
v -0.08721477 0.46824196 0.01926912
v -0.08650565 0.47025406 0.01753354
v -0.0934642 0.46979105 0.01695216
v -0.07884163 0.47936141 0.00611764
v -0.07906252 0.47933853 -0.00769293
v -0.06468189 0.47669721 0.01560694
v -0.09492756 0.4767969 0.00269649
v -0.08650565 0.47025406 0.01753354
v -0.08488327 0.47607315 -0.01430845
v -0.09523738 0.4767409 -0.00554796
v -0.09834423 0.47686011 -0.00097243
v -0.10473115 0.47319797 -0.01336082
v -0.11699591 0.47262058 -0.00258509
v -0.10772043 0.47007573 0.01421809
v -0.0934642 0.46979105 0.01695216
v -0.06532556 0.47761738 -0.01595861
v -0.08384085 0.47134376 -0.02097785
v -0.08972162 0.4710815 -0.02085549
v -0.08972162 0.4710815 -0.02085549
v -0.10472399 0.47316003 -0.01334524
v -0.10772043 0.47007573 0.01421809
v -0.12687337 0.46389556 0.01541287
v -0.15117669 0.45433521 0.01660848
v -0.13074106 0.46653461 -0.0142005
v -0.13807939 0.46635416 -0.00134246
v -0.11697024 0.46084905 -0.02199566
v -0.1281253 0.46639076 -0.01582353
v -0.11697024 0.46084905 -0.02199566
v -0.12942052 0.46432459 -0.01665533
v -0.12812412 0.46634221 -0.01576352
v -0.12942052 0.46432459 -0.01665533
v -0.15246923 0.46132115 -0.0095516
v 0.14886856 -0.45997107 0.02765632
v 0.11956573 -0.46169031 0.03349787
v 0.12591225 -0.47159374 0.02027327
v 0.13096863 -0.46701849 -0.01254243
v 0.09530079 -0.476457 -0.01240861
v 0.0722366 -0.48093837 -0.01248413
v 0.02785718 -0.47460246 0.03458935
v 0.06257212 -0.48217034 -0.01256078
v 0.02118865 -0.45740569 -0.02599394
v 0.02660888 -0.48595285 -0.01230627
v 0.00251645 -0.4868077 0.02309233
v -0.01467443 -0.4761366 0.03525388
v -0.00079162 -0.47654963 -0.01908534
v 0.01788306 -0.48634398 -0.01229405
v 0.00063562 -0.48410416 -0.01298755
v -0.01630145 -0.48629609 -0.01235044
v -0.0686295 -0.48106205 0.02458942
v -0.06381679 -0.48300618 -0.01230228
v -0.02219367 -0.48489526 -0.01376218
v -0.06605804 -0.48256847 -0.01240212
v -0.13026488 -0.4656232 0.02676308
v -0.14857411 -0.45930484 0.02874285
v -0.13282299 -0.46860263 -0.01070887
v -0.14147961 -0.45620427 -0.01944393
v -0.16717517 -0.45325994 -0.01532334
v 0.23893298 -0.41770604 0.02910079
v 0.24147612 -0.4155212 0.02943462
v 0.24083006 -0.41790131 -0.01562029
v 0.23603719 -0.41892505 0.02926391
v 0.21727663 -0.43437141 -0.01231104
v 0.19826132 -0.44035181 -0.01632315
v 0.15124398 -0.45785326 0.02829397
v 0.19470596 -0.44059476 -0.01690072
v 0.17693186 -0.45072824 -0.01356888
v 0.04248549 -0.41376182 -0.03189326
v 0.00170043 -0.41854364 -0.03173492
v -0.15238357 -0.45890486 0.02782428
v -0.17389071 -0.44971338 -0.01577562
v -0.19450223 -0.44328472 -0.01501137
v -0.23502401 -0.42006853 0.03019556
v -0.2263056 -0.42471492 -0.0176037
v -0.23480761 -0.42657951 -0.00996488
v -0.19691849 -0.44007385 -0.01694
v -0.21506941 -0.43484873 -0.01281756
v -0.23928113 -0.41811791 0.02995702
v -0.24315739 -0.41474706 0.03053063
v -0.25798523 -0.41001919 -0.01286769
v 0.31236273 -0.36456412 0.02312082
v 0.30343223 -0.36696148 0.02860916
v 0.29838091 -0.37994334 0.01831853
v 0.2810021 -0.39163819 0.02184284
v 0.29961646 -0.3790969 -0.01172227
v 0.26389927 -0.40661708 -0.01366252
v 0.06513835 -0.36823878 0.0461369
v 0.06456568 -0.36881182 -0.03374029
v 0.02074857 -0.37295523 -0.03426284
v -0.10976136 -0.37260512 -0.03604527
v -0.17432086 -0.37121585 -0.03393477
v -0.28224003 -0.39089945 0.02369398
v -0.28275433 -0.37558374 -0.02126828
v -0.27902132 -0.39289752 -0.01376036
v -0.30447415 -0.37689149 0.01955514
v -0.31439281 -0.36478925 0.02440125
v -0.30332267 -0.36770892 0.03103191
v -0.31439281 -0.36478925 0.02440125
v -0.30435741 -0.37671071 0.01946366
v -0.32027519 -0.36617631 0.00849271
v -0.28905869 -0.38647059 -0.01261574
v 0.35615122 -0.32094783 0.02342159
v 0.35615122 -0.32094783 0.02342159
v 0.3475107 -0.33429033 0.01997632
v 0.3416577 -0.33880484 0.02131659
v 0.3524729 -0.33171356 -0.00995576
v 0.34716529 -0.33650285 -0.01302075
v 0.35819864 -0.32195503 -0.01754475
v 0.35819864 -0.32195503 -0.01754475
v 0.35819864 -0.32195503 -0.01754475
v 0.34547621 -0.33836943 -0.01245093
v 0.32935214 -0.3514483 -0.0170455
v 0.32010412 -0.35056746 0.02809662
v 0.23911279 -0.32863665 -0.03401832
v 0.19526081 -0.32828605 -0.03636795
v 0.11115283 -0.3318727 0.04705069
v 0.10770877 -0.32662934 -0.03713425
v 0.06194234 -0.32743561 0.04746381
v 0.0410189 -0.35045519 0.04758655
v 0.06405231 -0.33548519 -0.03515436
v 0.06475456 -0.32818937 -0.03608604
v 0.02112214 -0.32791966 -0.03546867
v 0.01534933 -0.33156776 -0.03491513
v -0.02387369 -0.32790571 0.04940102
v -0.04543676 -0.34455886 -0.03389244
v -0.09081367 -0.35186055 0.04864924
v -0.06610435 -0.32818845 -0.03542375
v -0.11014287 -0.32815486 -0.03651943
v -0.15268721 -0.32832912 0.04868528
v -0.15330113 -0.32845491 -0.03704762
v -0.32282448 -0.35828823 0.02337873
v -0.31802678 -0.35065597 0.03279477
v -0.32054627 -0.36593425 0.00854462
v -0.31921124 -0.36559188 -0.00621223
v -0.3508848 -0.33204705 0.02120501
v -0.32134235 -0.36362731 -0.00583339
v -0.32675922 -0.35150951 -0.01787144
v -0.34291923 -0.34101307 -0.01302922
v -0.3475498 -0.33509725 -0.01476735
v -0.35665524 -0.32258421 -0.01830953
v 0.38604349 -0.29182169 -0.01220232
v 0.38600871 -0.29179585 -0.01219594
v 0.38310787 -0.29541206 -0.01257718
v 0.37143436 -0.30676255 -0.01612509
v 0.36595172 -0.31243789 0.02156514
v 0.36290216 -0.32283878 0.00857669
v 0.36595172 -0.31243789 0.02156514
v 0.36252546 -0.32343972 0.00816357
v 0.36272901 -0.32177854 -0.00573629
v 0.21082103 -0.30753043 -0.03441537
v 0.20451532 -0.28846416 0.0479295
v 0.19030946 -0.28499067 0.04816609
v 0.148985 -0.28501138 0.04788094
v 0.12622304 -0.31324646 0.04739951
v 0.1292354 -0.2724486 0.04814379
v 0.10885437 -0.28483617 0.04844591
v 0.09185662 -0.30822828 0.04790201
v 0.06460867 -0.28591922 0.04887109
v 0.04255379 -0.29637027 0.04895773
v 0.06406233 -0.28323427 -0.03606554
v -0.00428425 -0.31277281 0.04967879
v 0.02030158 -0.28542927 0.04982642
v -0.00547243 -0.30521148 -0.03444086
v -0.02284929 -0.28465688 0.05125522
v -0.02546706 -0.28583345 -0.03487674
v -0.02259995 -0.28434932 -0.03508594
v -0.15295315 -0.28411725 -0.03606638
v -0.23880076 -0.28425083 0.05041843
v -0.24049927 -0.28429645 -0.03540109
v -0.36210394 -0.30656981 0.03099787
v -0.36675382 -0.31316131 -0.01644999
v -0.39615488 -0.27539009 0.02262563
v -0.38922417 -0.27847409 0.02847016
v -0.38423049 -0.29405081 -0.01295573
v 0.42884591 -0.22848389 0.01747075
v 0.40878004 -0.26128089 0.01891452
v 0.41301402 -0.24140972 0.02751243
v 0.41118926 -0.2606439 -0.01253963
v 0.4069913 -0.26162457 0.01990563
v 0.39678568 -0.27639198 -0.01573217
v 0.40923911 -0.26221508 -0.01357883
v 0.28037271 -0.23282172 0.04676731
v 0.28308383 -0.24112178 -0.03571555
v 0.2033806 -0.23958728 0.0492488
v 0.19215553 -0.24207468 0.04917566
v 0.17662139 -0.26004612 0.04817833
v 0.17341805 -0.2403276 0.04888671
v 0.15346472 -0.24008428 0.04895959
v 0.03301755 -0.25762597 0.04933707
v 0.06339401 -0.24038531 -0.0366286
v 0.03893473 -0.26121777 -0.03485763
v 0.0431523 -0.23700574 -0.03593847
v -0.06578504 -0.24073876 -0.03612892
v -0.08730413 -0.26211205 -0.03515594
v -0.15266711 -0.24098173 -0.03636382
v -0.17965692 -0.26341969 -0.03522966
v -0.19611366 -0.24091591 -0.03605222
v -0.23440231 -0.23693775 -0.03560037
v -0.28186336 -0.23967572 0.04999881
v -0.28401881 -0.24167182 -0.03519803
v -0.4097774 -0.26009315 0.02231395
v -0.39614284 -0.26757032 0.03004569
v -0.41292596 -0.24482346 0.02998579
v -0.40934134 -0.25994879 -0.01317006
v 0.44254392 -0.19036168 0.02284759
v 0.44254392 -0.19036168 0.02284759
v 0.43840191 -0.20386285 0.02076119
v 0.4346965 -0.2099511 0.02220452
v 0.44325918 -0.19005579 -0.01687562
v 0.43921876 -0.20616698 -0.0146485
v 0.43692261 -0.21017101 -0.01556264
v 0.44325918 -0.19005579 -0.01687562
v 0.43102762 -0.22608656 -0.01251441
v 0.298188 -0.21776488 -0.03422859
v 0.28182825 -0.19680582 -0.03657699
v 0.24260612 -0.19809182 0.04916014
v 0.23483422 -0.1936754 0.04947933
v 0.17960046 -0.21992683 0.04878003
v 0.19754691 -0.19939928 0.0493293
v 0.19281365 -0.19039825 0.04952333
v 0.064758 -0.19906625 0.04839509
v 0.05110778 -0.22093159 -0.03594765
v -0.06609195 -0.1982521 0.05019159
v -0.23983015 -0.19726285 -0.03625672
v -0.2829389 -0.19640487 0.05141759
v -0.32308891 -0.19383542 0.04928936
v -0.32811263 -0.19736877 -0.03497239
v -0.33610481 -0.21817341 -0.03236263
v -0.41449866 -0.19829567 -0.0239754
v -0.42941236 -0.22867304 0.02099681
v -0.44368684 -0.19071656 0.02424449
v -0.43454766 -0.19456953 0.03349507
v -0.4284302 -0.22873026 -0.01241255
v -0.44221163 -0.19057763 -0.01707482
v -0.43479127 -0.21026927 -0.01625788
v -0.42949498 -0.22631532 -0.01267433
v -0.43795407 -0.20529431 -0.01527119
v -0.44221163 -0.19057763 -0.01707482
v 0.45673841 -0.15476125 -0.01589417
v 0.45358828 -0.1740877 -0.01265556
v 0.45397639 -0.15622413 0.02570897
v 0.45277807 -0.17460167 -0.0133332
v 0.30275983 -0.17608643 -0.03605092
v 0.28217185 -0.1526843 0.0497553
v 0.26095358 -0.17543153 0.04961749
v 0.21479146 -0.17696764 0.04963743
v 0.23693633 -0.15404497 0.05014868
v 0.04271101 -0.1525477 -0.03268692
v -0.45233512 -0.1590994 0.03063738
v -0.44937134 -0.17438954 0.02518654
v -0.44138658 -0.17947686 0.03263032
v -0.45560038 -0.15426779 -0.01569909
v 0.46214321 -0.10967618 0.03080237
v 0.47450921 -0.10819066 -0.01254779
v 0.47173956 -0.11890352 -0.01190013
v 0.47029203 -0.12295604 -0.01280802
v 0.282442 -0.10951921 0.05080198
v 0.06925513 -0.11163091 0.04732976
v 0.04679676 -0.13613661 0.04575874
v 0.06481975 -0.11228462 -0.03428328
v 0.0444314 -0.11389576 0.04825749
v 0.06517357 -0.10738726 0.04769455
v 0.02333369 -0.11717964 0.0478262
v 0.02270919 -0.10649706 0.04867958
v 0.00190878 -0.13576445 0.04694512
v -0.02050489 -0.11322184 0.04920686
v -0.06346881 -0.11098843 0.04882985
v -0.06751881 -0.10693243 0.04925124
v -0.10816334 -0.10949655 0.04976894
v -0.36956573 -0.11005005 0.04850043
v -0.46104932 -0.13218486 0.0300976
v -0.4565382 -0.1502682 0.02995235
v -0.47603813 -0.11119398 0.00037733
v -0.47104692 -0.12050575 -0.01224619
v -0.47250688 -0.11349016 -0.01254708
v -0.47009683 -0.12278807 -0.01264751
v 0.47246894 -0.08165741 0.02574599
v 0.47811601 -0.07730377 -0.01555598
v 0.4818643 -0.05784005 -0.01473927
v 0.47895324 -0.07962292 -0.01514852
v 0.47598791 -0.09895152 -0.01370221
v 0.32640538 -0.0667768 0.04999606
v 0.23950581 -0.06702699 0.05133477
v 0.19665633 -0.06860442 0.05035585
v 0.11505038 -0.06711917 0.0487317
v 0.10869883 -0.06613403 0.0488798
v 0.08660846 -0.0882227 0.04865188
v 0.08898154 -0.06610052 0.05014336
v 0.04839319 -0.08662743 0.04991498
v -0.10814842 -0.06625535 0.05223075
v -0.11324698 -0.06311429 -0.0357619
v -0.23843157 -0.08823188 0.05398442
v -0.45798653 -0.06648953 -0.02502976
v -0.47371292 -0.100896 0.02284998
v -0.47569168 -0.07711834 -0.01561922
v -0.47958899 -0.0580042 -0.01448649
v -0.47665715 -0.079539 -0.01524389
v -0.47440612 -0.09926683 -0.01409268
v 0.48193067 -0.03030878 0.02060646
v 0.48287472 -0.03200507 -0.01514423
v 0.48298162 -0.01483107 -0.01523811
v 0.48078769 -0.05462533 -0.01621413
v 0.32562393 -0.02306784 0.04986431
v 0.26214767 -0.0248256 0.05116177
v 0.23894364 -0.02259253 0.05041987
v 0.19132884 -0.02194703 0.049753
v 0.07991372 -0.00580968 0.0515127
v -0.28282526 -0.0225744 0.0535779
v -0.32615292 -0.04372058 0.05178109
v -0.36912879 -0.02373576 0.0490874
v -0.47171259 -0.0503577 0.03049916
v -0.4794426 -0.03711438 0.02574551
v -0.47793329 -0.0330261 -0.01695114
v -0.48091662 -0.0150454 -0.01483768
v -0.47931004 -0.03628999 -0.01640755
v -0.47857559 -0.05495858 -0.01599383
v 0.48188806 0.01240158 0.02057743
v 0.4829618 0.01078129 -0.0153268
v 0.48255205 0.02847779 -0.0154078
v 0.32859632 0.02643013 0.04869615
v 0.26832467 -0.00101675 0.05067253
v 0.25737408 0.03698479 0.05028204
v 0.23895226 0.02040808 0.05092424
v 0.11435454 0.02057653 0.05046114
v 0.06508386 0.02085673 0.05128283
v 0.01933815 0.01988884 0.05039947
v -0.19530767 0.02024123 0.04992183
v -0.18560909 -0.00038485 -0.0397889
v -0.47805977 0.01009458 -0.0167771
v -0.4804188 0.02827173 -0.01458728
v -0.4794718 0.00672036 -0.01623946
v -0.47957075 -0.01134908 -0.01641494
v 0.47533464 0.07235223 0.02092588
v 0.47936735 0.05481184 0.01951265
v 0.47922072 0.03382152 0.02274984
v 0.47810021 0.05086225 0.02173376
v 0.47868866 0.05449843 -0.01750994
v 0.47949317 0.07245266 -0.01483405
v 0.48008922 0.05077648 -0.01697111
v 0.3594206 0.04194793 -0.04148046
v 0.34842157 0.06338892 -0.04179175
v 0.28094 0.06226281 0.04845002
v -0.06489919 0.06437261 0.04932529
v -0.10667604 0.06298446 0.05074318
v -0.10975534 0.06915313 0.05042865
v -0.20019579 0.06507069 0.04924284
v -0.4765842 0.05349439 -0.01632565
v -0.47697103 0.07186544 -0.0140512
v -0.47801316 0.0502373 -0.01586276
v -0.47903776 0.03175551 -0.01602942
v 0.4763279 0.07574552 0.02000767
v 0.47415143 0.09466976 0.01763695
v 0.47613451 0.10525234 -0.00095078
v 0.47830164 0.07556713 -0.01630813
v 0.47564885 0.09378737 -0.01497382
v 0.00415667 0.08599071 0.04828792
v -0.23986569 0.10837652 0.05022642
v -0.28452751 0.10740098 0.05024057
v -0.32611975 0.10747749 0.04927477
v -0.45907834 0.10689074 0.03041673
v -0.45907164 0.10688889 0.03040397
v -0.47326005 0.09461594 0.01962215
v -0.46610773 0.09989226 -0.01795369
v -0.46994686 0.11411858 -0.01218826
v -0.47436744 0.10528763 0.00068096
v -0.47351086 0.0933215 -0.01421052
v -0.47597766 0.07463652 -0.01536238
v 0.4560242 0.14112973 0.02286345
v 0.46777472 0.12021798 0.01698959
v 0.45699033 0.1494807 -0.01884389
v 0.45820999 0.14324772 -0.02014285
v 0.42477366 0.1290554 0.03261186
v 0.19692774 0.15441073 -0.04946576
v -0.19562885 0.15199502 -0.04833048
v -0.45460606 0.14281976 0.02529198
v -0.46280956 0.11056364 0.02529824
v -0.45490301 0.14965081 -0.0176608
v -0.45604551 0.14259338 -0.01941758
v -0.46909249 0.1163637 -0.012595
v 0.43584105 0.20262372 0.01876372
v 0.44382674 0.18699014 -0.01847053
v 0.44382674 0.18699014 -0.01847053
v 0.45180354 0.17046547 -0.01615024
v 0.44076833 0.19933581 -0.01706761
v 0.1943285 0.1939344 -0.04871526
v 0.1812745 0.17532258 -0.04987805
v 0.15590765 0.19892457 -0.04954229
v -0.44035923 0.18656063 0.02296954
v -0.44035923 0.18656063 0.02296954
v -0.44240296 0.18721151 -0.01840049
v -0.44240296 0.18721151 -0.01840049
v -0.43916845 0.19916832 -0.01696688
v -0.44989681 0.17014658 -0.015881
v 0.4273586 0.22624588 0.01516789
v 0.4313361 0.21574581 0.01668751
v 0.43650419 0.20682943 -0.01917297
v 0.42973754 0.22443843 -0.01588911
v 0.1526334 0.23903996 -0.04860342
v -0.41389036 0.23825097 -0.02240241
v -0.43500209 0.20653963 -0.01859504
v 0.41117013 0.25674999 -0.01792777
v 0.41520143 0.23829508 -0.02385718
v 0.40913266 0.25644767 0.01580578
v 0.40747187 0.25823915 0.01623404
v 0.39417699 0.27156174 0.02020349
v 0.38812354 0.2836107 0.0168348
v 0.39915955 0.27325225 -0.01855046
v 0.39915955 0.27325225 -0.01855046
v 0.39133567 0.285743 -0.01633924
v 0.37287891 0.28223854 -0.02945669
v 0.00089282 0.28629577 0.01858902
v -0.01856714 0.28084493 0.02802569
v -0.01806325 0.28300726 -0.02495968
v -0.00014466 0.27880025 -0.02842802
v -0.00014466 0.27880025 -0.02842802
v -0.3870765 0.28865302 0.01972651
v -0.39483953 0.27222705 0.02251714
v -0.39483953 0.27222705 0.02251714
v -0.40794992 0.25884104 0.01998299
v -0.39748323 0.27343893 -0.01815617
v -0.39748323 0.27343893 -0.01815617
v -0.39035356 0.28642464 -0.01583713
v 0.3682645 0.30583382 0.01994306
v 0.38051823 0.29360032 0.01700419
v 0.36202556 0.31958759 -0.02096838
v 0.06717084 0.32365993 -0.03109164
v 0.04579282 0.31515622 0.01882708
v 0.02400428 0.28250909 0.02921933
v 0.04558814 0.31469047 0.01892769
v 0.04558814 0.31469047 0.01892769
v 0.04572231 0.33648849 -0.01368076
v 0.03178132 0.30711949 -0.01345849
v 0.03703713 0.2997607 -0.02666128
v 0.0210743 0.28492248 -0.02702677
v 0.03703713 0.2997607 -0.02666128
v -0.0666346 0.32125258 0.02643061
v -0.02712291 0.28764808 -0.02306879
v -0.03692615 0.29965544 -0.00069863
v -0.06456119 0.32342827 -0.02349108
v -0.0591104 0.30528998 -0.02807218
v -0.32228103 0.32341415 -0.03162269
v -0.36614954 0.31027508 0.02314425
v -0.38590741 0.29054606 0.01924956
v -0.37055397 0.30139506 0.02528274
v -0.36639047 0.3154335 -0.02000213
v -0.38511884 0.29451478 -0.01453066
v -0.37284994 0.30268764 -0.02189571
v 0.34820312 0.3321439 0.0182637
v 0.32521701 0.3517009 0.02105176
v 0.32138044 0.36406982 0.01049507
v 0.34471262 0.33480835 0.01895726
v 0.34306341 0.34403658 -0.01508969
v 0.30215341 0.37487125 0.01735783
v 0.31947142 0.36354911 -0.02156061
v 0.31409454 0.36960125 -0.01919729
v 0.15101001 0.36556247 0.03579779
v 0.1105501 0.36569452 0.03613552
v 0.0493809 0.35702157 0.01782644
v 0.04383045 0.3582629 -0.01314926
v 0.04443234 0.3580792 -0.01456946
v 0.04443234 0.3580792 -0.01456946
v -0.05724555 0.36432457 0.01429451
v -0.06658202 0.36113703 0.02467203
v -0.06681669 0.32588303 0.02420825
v -0.04851145 0.37150323 0.00146955
v -0.05862057 0.34862947 0.0028494
v -0.0581749 0.34990254 0.00095402
v -0.05814534 0.34807312 -0.00132972
v -0.06387854 0.36790812 -0.02628064
v -0.04442185 0.37830937 -0.01615244
v -0.06417525 0.36719286 -0.02630812
v -0.06508747 0.34860191 0.02251272
v -0.31790984 0.3637023 -0.02125144
v -0.31108022 0.37160635 -0.01820612
v -0.3234055 0.35489595 0.02324945
v -0.3285296 0.3454988 0.02667898
v -0.36380148 0.32137036 0.01432645
v -0.35104203 0.32946241 0.02213722
v -0.34802878 0.33512247 0.01925081
v -0.36296225 0.32432306 -0.01167101
v -0.36399245 0.3210243 -0.01589727
v -0.34247649 0.34401977 -0.01534432
v -0.33067513 0.34721482 -0.0231719
v 0.32190579 0.36637449 -0.0094322
v 0.28299779 0.38873565 0.01801699
v 0.29590166 0.37985468 0.01729888
v 0.25588083 0.402614 0.02022445
v 0.24808264 0.4147799 0.01377845
v 0.27863044 0.38971078 -0.02289981
v 0.2427592 0.41253719 -0.02562035
v 0.020385 0.40924439 0.03071567
v 0.02913415 0.38105309 0.00492024
v 0.02689838 0.39028287 0.0179013
v 0.02426201 0.38649547 -0.01500726
v 0.02314591 0.39576054 0.01974934
v -0.0201466 0.40762252 0.03010815
v -0.00334555 0.3995353 0.02320111
v -0.02015388 0.40765131 0.03006566
v -0.02323318 0.40095699 0.0221867
v -0.0469203 0.3811934 0.01735789
v -0.04639322 0.38213408 0.01759255
v -0.04662395 0.38161719 0.01723415
v -0.04237843 0.38142908 -0.01650971
v -0.23821306 0.41092122 0.02451164
v -0.27955985 0.39176238 0.02090275
v -0.26388502 0.40171504 0.02132756
v -0.24326503 0.41129613 -0.02317631
v -0.27860463 0.38965929 -0.02066004
v -0.30020654 0.37845552 0.01896244
v -0.28224039 0.38779068 0.02329093
v -0.299142 0.37980342 -0.01880521
v -0.28433704 0.38897514 -0.01985389
v 0.24085966 0.41395524 -0.02529213
v 0.22252464 0.42419195 0.01843554
v 0.19884425 0.43435955 0.0185253
v 0.21590531 0.42408085 0.02162707
v 0.23914355 0.41469288 -0.02555382
v 0.17320579 0.44400501 0.01833498
v 0.15605462 0.45663512 0.01034009
v 0.17631668 0.45351657 -0.00544932
v 0.1917547 0.43508697 -0.02517837
v 0.13963342 0.46009994 0.01221675
v 0.14142829 0.4608773 -0.01898438
v 0.04313246 0.45450687 -0.03227049
v -0.00038685 0.47050571 0.02336781
v -0.13339603 0.4627552 0.01462775
v -0.13645601 0.46249342 -0.0170849
v -0.17263818 0.44721782 0.01813388
v -0.19445598 0.43726897 0.02075261
v -0.17557406 0.44505465 0.01953506
v -0.19192338 0.43558359 -0.02440166
v -0.19736075 0.4330821 0.02349937
v -0.2368629 0.41473389 -0.02357864
v -0.21402299 0.43474221 -0.01498455
v 0.12839013 0.4669162 -0.01672858
v 0.0877946 0.46785426 0.01740468
v 0.08083391 0.46961355 0.01721901
v 0.09004438 0.47156429 -0.0219934
v 0.0210175 0.47934455 0.01777036
v 0.02596921 0.4798516 0.0166772
v 0.06217837 0.47716582 0.01342696
v 0.02101216 0.47924417 0.01768459
v 0.02110696 0.48425531 -0.01764745
v 0.02450782 0.47944939 -0.02113986
v -0.00025469 0.4805336 0.01661474
v 0.01391721 0.48084307 0.01656413
v -0.02160551 0.47919932 0.01781426
v -0.01419145 0.48078907 0.01656312
v -0.02159822 0.47908294 0.01773467
v 0.01843816 0.47952366 -0.02108765
v -0.01899987 0.47922444 -0.01940048
v -0.02704471 0.47972775 0.0167228
v -0.06421626 0.47672236 0.0157373
v -0.0417797 0.48220098 -0.0137071
v -0.06604129 0.47602952 0.01614469
v -0.10954058 0.45810354 -0.02589983
vn 0.38879 -0.88878 0.2427
vn 0.38079 -0.91317 0.1453
vn 0.38788 -0.82817 0.40458
vn 0.38111 -0.80082 0.46201
vn 0.32809 -0.68567 0.64978
vn 0.32311 -0.83732 0.44101
vn 0.37278 -0.73907 0.56108
vn 0.36959 -0.92298 0.1073
vn 0.39071 -0.91923 -0.0485
vn 0.33951 -0.90282 -0.26391
vn 0.3524 -0.8453 -0.4016
vn 0.26649 -0.82558 -0.49739
vn 0.26619 -0.67259 -0.69049
vn 0.1929 -0.5257 0.82851
vn 0.1909 -0.68712 0.70102
vn 0.21601 -0.52202 0.82513
vn 0.1895 -0.75629 0.62619
vn 0.19421 -0.84073 0.50542
vn 0.2726 -0.90219 0.33429
vn 0.20019 -0.71245 0.67256
vn 0.1673 -0.49269 0.85398
vn 0.1044 -0.42421 0.89952
vn 0.0873 -0.56599 0.81978
vn 0.14871 -0.61113 0.77744
vn 0.1664 -0.45421 0.87522
vn 0.1826 -0.79659 0.57629
vn 0.2493 -0.8157 0.522
vn 0.2144 -0.93189 0.2926
vn 0.31109 -0.94957 -0.0393
vn 0.29221 -0.91392 -0.28171
vn 0.29561 -0.79962 -0.52271
vn 0.117 -0.52322 -0.84413
vn 0.1256 -0.59228 -0.79588
vn 0.16469 -0.58738 -0.79238
vn 0.2583 -0.9637 -0.0676
vn 0.1675 -0.9639 -0.207
vn 0.22971 -0.94215 -0.24411
vn 0.0958 -0.46378 -0.88076
vn 0.1902 -0.57391 -0.79652
vn 0.1471 -0.61019 -0.77848
vn 0.0896 -0.36721 0.92581
vn 0.1647 -0.53381 0.82941
vn 0.1109 -0.5525 0.8261
vn 0.20261 -0.88874 0.41122
vn 0.1336 -0.94956 0.28369
vn 0.1084 -0.86273 0.49392
vn 0.061 -0.2955 0.95339
vn 0.0812 -0.56101 0.82382
vn 0.1172 -0.5198 0.84621
vn 0.0345 -0.71216 0.70116
vn 0.1032 -0.83453 0.54122
vn 0.1043 -0.85813 0.50272
vn 0.0793 -0.38699 -0.91867
vn 0.0736 -0.5319 -0.8436
vn 0.1283 -0.90482 -0.40601
vn 0.15489 -0.98014 0.12379
vn 0.1809 -0.98349 -0.004
vn 0.1692 -0.96939 -0.1779
vn 0.1592 -0.85039 -0.50149
vn 0.19361 -0.89253 -0.40731
vn 0.11201 -0.93025 -0.34942
vn 0.1222 -0.81147 -0.57148
vn 0.13649 -0.98895 0.0578
vn 0.1167 -0.7897 -0.6023
vn 0.0377 -0.75738 -0.65188
vn 0.0429 -0.5308 -0.84641
vn 0.16801 -0.75643 -0.63213
vn 0.0314 -0.28319 0.95855
vn 0.16879 -0.71087 0.68277
vn 0.0783 -0.53587 0.84066
vn 0.0373 -0.4911 0.8703
vn 0.071 -0.86306 0.50008
vn 0.0908 -0.95654 0.27711
vn 0.0397 -0.4757 0.87871
vn 0.0491 -0.48063 0.87555
vn -0.0687 -0.61119 0.78849
vn 0.0583 -0.9302 0.3624
vn 0.0779 -0.81047 0.58058
vn 0.04 -0.83169 0.55379
vn 0.09579 -0.85915 0.50267
vn 0.0868 -0.79636 -0.59857
vn 0.1238 -0.55032 -0.82573
vn 0.0855 -0.5671 -0.8192
vn 0.1018 -0.99343 -0.0522
vn 0.0879 -0.93649 -0.3395
vn 0.0443 -0.99844 0.0339
vn 0.0355 -0.98564 -0.16511
vn 0.0143 -0.96939 -0.2451
vn 0.0773 -0.81371 -0.57611
vn 0.0732 -0.6823 -0.7274
vn 0.0485 -0.5105 -0.85851
vn 0.0279 -0.50839 -0.86068
vn 0.0377 -0.61473 -0.78784
vn 0.0289 -0.49959 -0.86578
vn 0.10729 -0.66537 -0.73876
vn 0.0158 -0.25629 0.96647
vn 0.0244 -0.4638 0.8856
vn 0.1086 -0.61808 0.77858
vn -0.0181 -0.82097 0.57068
vn 0.0029 -0.85459 0.51929
vn 0.0016 -0.24501 0.96952
vn -0.0319 -0.51011 0.85952
vn -0.0012 -0.46789 0.88378
vn -0.0019 -0.47641 0.87922
vn -0.1156 -0.64213 0.75783
vn -0.0449 -0.93141 0.3612
vn -0.0231 -0.80518 0.59258
vn -0.0583 -0.85532 0.51481
vn -0.0007 -0.95886 0.28389
vn 0.0172 -0.83248 0.55379
vn -0.0237 -0.99387 -0.108
vn 0.0008 -0.92478 -0.38049
vn 0.056 -0.9568 -0.2853
vn -0.0011 -0.75305 -0.65796
vn -0.0517 -0.99834 0.0252
vn 0.0729 -0.75322 -0.65372
vn -0.0419 -0.6454 -0.7627
vn 0.0038 -0.51261 -0.85861
vn 0.0162 -0.61127 -0.79126
vn 0.0109 -0.50471 -0.86322
vn 0.0432 -0.63659 -0.76999
vn -0.0291 -0.29142 0.95615
vn -0.0462 -0.52131 0.85212
vn 0.0091 -0.6509 0.75911
vn -0.0916 -0.86052 0.50111
vn -0.0847 -0.95873 0.27141
vn -0.0547 -0.30319 0.95136
vn -0.114 -0.55362 0.82493
vn -0.0489 -0.51362 0.85663
vn -0.0175 -0.4696 0.8827
vn -0.105 -0.83103 0.54622
vn -0.1763 -0.70052 0.69152
vn -0.1083 -0.85641 0.50481
vn -0.0996 -0.99064 -0.0933
vn -0.0649 -0.9388 -0.3383
vn -0.0638 -0.91114 -0.40712
vn -0.0667 -0.8108 -0.5815
vn -0.1287 -0.99134 0.0262
vn -0.1347 -0.9497 0.2827
vn -0.1103 -0.94272 -0.31481
vn -0.0025 -0.3033 -0.95289
vn -0.0679 -0.48659 -0.87099
vn -0.0884 -0.3823 -0.9198
vn -0.1001 -0.52129 -0.84749
vn -0.0568 -0.68501 -0.72631
vn -0.0741 -0.3832 0.92069
vn 0.002 -0.71689 0.69719
vn -0.1015 -0.85941 0.50111
vn -0.0932 -0.5739 0.8136
vn -0.14741 -0.55903 0.81594
vn -0.18849 -0.88878 0.41779
vn -0.1152 -0.4434 0.88889
vn -0.18761 -0.63342 0.75072
vn -0.0852 -0.5757 0.81321
vn -0.25029 -0.82427 0.50788
vn -0.2202 -0.93188 0.28829
vn -0.22449 -0.91457 -0.33639
vn -0.1583 -0.95958 -0.2327
vn -0.1562 -0.96579 -0.207
vn -0.1472 -0.87778 -0.45589
vn -0.27091 -0.95933 -0.0793
vn -0.219 -0.9405 -0.2598
vn -0.1145 -0.90649 -0.4064
vn -0.1525 -0.98051 0.1239
vn -0.18401 -0.98283 -0.0134
vn -0.0996 -0.51902 -0.84894
vn -0.15601 -0.76534 -0.62443
vn -0.12071 -0.53723 -0.83475
vn -0.14619 -0.50347 -0.85155
vn -0.19159 -0.55357 -0.81046
vn -0.10819 -0.79016 -0.60327
vn -0.18111 -0.55642 0.81093
vn -0.2024 -0.81908 0.53679
vn -0.2818 -0.89751 0.3392
vn -0.2124 -0.57881 0.78731
vn -0.2151 -0.70211 0.67881
vn -0.2253 -0.51811 0.82511
vn -0.2082 -0.73929 0.64039
vn -0.35641 -0.92142 0.1548
vn -0.31332 -0.84415 0.43502
vn -0.14531 -0.57233 -0.80704
vn -0.14189 -0.54828 -0.82417
vn -0.3334 -0.94269 0.0134
vn -0.33691 -0.93842 -0.0765
vn -0.3146 -0.61729 -0.72109
vn -0.27101 -0.76372 -0.58591
vn -0.31831 -0.88962 -0.32751
vn -0.31841 -0.88984 -0.32681
vn -0.0817 -0.42989 -0.89918
vn -0.1009 -0.44069 -0.89197
vn -0.1715 -0.58632 -0.79172
vn -0.15359 -0.51898 -0.84087
vn -0.30471 -0.69652 0.64962
vn -0.2958 -0.6796 0.6713
vn -0.35999 -0.90048 0.244
vn -0.37391 -0.83412 0.40551
vn -0.38139 -0.84569 0.37329
vn -0.4059 -0.90901 0.0946
vn -0.3562 -0.9343 -0.0145
vn -0.36852 -0.90945 -0.19261
vn -0.3507 -0.8504 -0.3922
vn -0.2411 -0.76539 -0.59669
vn -0.37322 -0.84984 -0.37212
vn -0.2702 -0.76209 -0.58839
vn 0.53882 -0.80973 0.23241
vn 0.56511 -0.71741 0.4074
vn 0.51071 -0.72722 0.45861
vn 0.29839 -0.46629 0.83279
vn 0.21221 -0.58073 0.78595
vn 0.33621 -0.60061 0.72542
vn 0.43488 -0.49158 0.75447
vn 0.46748 -0.85536 0.22319
vn 0.50271 -0.83082 -0.2388
vn 0.56742 -0.82332 -0.0133
vn 0.56089 -0.80309 -0.2011
vn 0.40999 -0.75307 -0.51458
vn 0.41389 -0.81498 -0.40559
vn 0.18241 -0.33431 0.92464
vn 0.24849 -0.49218 0.83427
vn 0.27541 -0.52233 0.80704
vn 0.38689 -0.83569 0.38979
vn 0.4008 -0.88199 0.2479
vn 0.35679 -0.83828 0.41229
vn 0.1003 -0.19861 0.97493
vn 0.1693 -0.41201 0.89531
vn 0.20649 -0.42678 0.88046
vn 0.25019 -0.48448 0.83826
vn 0.34071 -0.85482 0.39141
vn 0.3468 -0.81261 0.4684
vn 0.26731 -0.76463 0.58642
vn 0.27009 -0.43259 -0.86018
vn 0.36169 -0.55879 -0.74628
vn 0.2148 -0.4207 -0.8814
vn 0.45332 -0.89083 -0.0303
vn 0.45581 -0.82311 -0.33871
vn 0.4008 -0.90761 -0.1249
vn 0.3901 -0.87761 -0.2786
vn 0.36868 -0.87896 -0.30249
vn 0.36422 -0.80604 -0.46652
vn 0.47571 -0.70921 -0.52031
vn 0.1626 -0.3086 -0.93719
vn 0.1726 -0.3604 -0.91669
vn 0.208 -0.82561 -0.52451
vn 0.1361 -0.26991 -0.95322
vn 0.16589 -0.45278 -0.87606
vn 0.196 -0.4846 -0.8525
vn 0.16689 -0.61948 -0.76707
vn 0.0658 -0.1375 0.98831
vn 0.1391 -0.35959 0.92268
vn 0.32071 -0.74593 0.58372
vn 0.1472 -0.57931 0.80171
vn 0.2205 -0.5644 0.7955
vn 0.24619 -0.51468 0.82127
vn 0.0533 -0.1046 0.99309
vn 0.0916 -0.25849 0.96166
vn 0.15201 -0.46072 0.87443
vn 0.32201 -0.52921 0.78502
vn 0.39259 -0.91788 0.0581
vn 0.2373 -0.7213 -0.6507
vn 0.22479 -0.53657 -0.81336
vn 0.17741 -0.56763 -0.80394
vn 0.1512 -0.37981 -0.91262
vn 0.28572 -0.53653 -0.79404
vn 0.0839 -0.15561 -0.98425
vn 0.0502 -0.154 -0.98679
vn 0.1276 -0.37171 -0.91954
vn 0.1888 -0.52439 -0.83028
vn 0.0596 -0.191 0.97978
vn 0.0369 -0.0794 0.99616
vn 0.0465 -0.2378 -0.9702
vn 0.0055 -0.1091 -0.99402
vn 0.0359 -0.2425 -0.96949
vn 0.0156 -0.0676 0.99759
vn 0.0438 -0.15 0.98772
vn 0.0399 -0.1135 0.99274
vn 0.0155 -0.0677 0.99759
vn 0.0273 -0.0914 0.99544
vn 0.0227 -0.1647 -0.98608
vn 0.0514 -0.31569 -0.94747
vn 0.0094 -0.0734 -0.99726
vn 0.0447 -0.18221 -0.98224
vn 0.0585 -0.34089 -0.93828
vn 0.0233 -0.0604 0.9979
vn 0.0225 -0.0898 0.99571
vn 0.0092 -0.0569 0.99834
vn 0.0162 -0.0895 0.99586
vn 0.0087 -0.1375 -0.99046
vn 0.0171 -0.2632 -0.96459
vn -0.002 -0.0856 0.99633
vn 0.0002 -0.0646 0.99791
vn -0.0064 -0.1079 -0.99414
vn 0.0057 -0.0563 -0.9984
vn 0.0066 -0.24669 -0.96907
vn -0.0128 -0.06 -0.99812
vn -0.0018 -0.134 -0.99098
vn -0.0179 -0.0889 0.99588
vn -0.0215 -0.1231 0.99216
vn -0.0066 -0.1029 -0.99467
vn -0.014 -0.0514 -0.99858
vn -0.013 -0.2526 -0.96748
vn -0.0117 -0.0668 -0.9977
vn -0.0209 -0.1438 -0.98939
vn -0.0432 -0.35099 -0.93538
vn -0.0152 -0.067 0.99764
vn -0.0287 -0.1542 0.98762
vn -0.0442 -0.2028 0.97822
vn -0.0199 -0.1239 -0.9921
vn -0.0651 -0.29889 -0.95207
vn -0.0123 -0.0904 -0.99583
vn -0.0499 -0.2228 -0.97359
vn -0.0385 -0.0693 0.99685
vn -0.0973 -0.27409 0.95677
vn -0.0255 -0.0818 0.99632
vn -0.094 -0.38802 -0.91684
vn -0.20299 -0.69558 -0.68918
vn -0.1806 -0.5277 -0.83001
vn -0.0573 -0.216 -0.97471
vn -0.0353 -0.0986 -0.9945
vn -0.0474 -0.1435 -0.98851
vn -0.12551 -0.35122 -0.92784
vn -0.1348 -0.3771 0.91631
vn -0.1681 -0.59491 0.78602
vn -0.2166 -0.62269 0.75189
vn -0.1047 -0.2315 0.96719
vn -0.21951 -0.44731 0.86702
vn -0.19709 -0.41639 0.88757
vn -0.2891 -0.79189 0.53789
vn -0.36279 -0.83039 0.42289
vn -0.35781 -0.76922 0.52941
vn -0.2724 -0.52211 0.80821
vn -0.184 -0.4905 -0.8518
vn -0.39081 -0.90651 -0.1597
vn -0.14539 -0.35378 -0.92396
vn -0.14141 -0.26561 -0.95365
vn -0.20229 -0.46657 -0.86104
vn -0.17069 -0.35209 -0.92027
vn -0.1996 -0.4306 -0.8802
vn -0.3109 -0.4349 -0.8451
vn -0.20209 -0.37659 0.90407
vn -0.2746 -0.5007 0.82091
vn -0.273 -0.52961 0.80311
vn -0.32181 -0.58391 0.74531
vn -0.4171 -0.8755 0.244
vn -0.3873 -0.8339 0.3932
vn -0.41461 -0.83593 0.35961
vn -0.293 -0.4853 0.8238
vn -0.33351 -0.60332 0.72442
vn -0.2337 -0.6341 0.73709
vn -0.45871 -0.85703 0.23471
vn -0.36469 -0.91829 -0.1541
vn -0.40502 -0.87924 -0.25081
vn -0.36231 -0.85072 -0.38081
vn -0.41323 -0.83085 -0.37272
vn -0.24459 -0.46349 -0.85168
vn -0.34421 -0.54501 -0.76452
vn -0.25611 -0.39531 -0.88212
vn -0.4074 -0.8133 -0.4154
vn -0.42102 -0.90704 0.0056
vn -0.4845 -0.8381 -0.2507
vn -0.4189 -0.9029 0.0964
vn -0.51411 -0.85611 0.0526
vn -0.19481 -0.37931 -0.90453
vn -0.1637 -0.32421 -0.93171
vn -0.44217 -0.65036 -0.61766
vn -0.3719 -0.78471 -0.4959
vn -0.43479 -0.47628 0.76427
vn -0.52378 -0.73307 0.43388
vn -0.54962 -0.73282 0.40111
vn -0.54212 -0.80813 0.23031
vn -0.51887 -0.85485 -0.0013
vn -0.50228 -0.77878 -0.37579
vn -0.55869 -0.82868 -0.034
vn -0.57872 -0.81172 -0.0787
vn -0.40898 -0.66087 -0.62927
vn -0.40699 -0.66708 -0.62399
vn -0.55958 -0.76227 -0.32529
vn -0.448 -0.7032 -0.5521
vn -0.57318 -0.75597 -0.31619
vn 0.41332 -0.65513 0.63243
vn 0.5176 -0.587 0.6225
vn 0.58243 -0.73594 0.34522
vn 0.236 -0.2643 0.93512
vn 0.3391 -0.4214 0.84109
vn 0.3954 -0.5006 0.7701
vn 0.39691 -0.43981 0.80562
vn 0.4746 -0.6231 0.6217
vn 0.43348 -0.66307 0.61027
vn 0.51381 -0.57041 0.64081
vn 0.50651 -0.69981 0.50371
vn 0.57031 -0.76211 0.3065
vn 0.50271 -0.66141 0.55661
vn 0.6626 -0.7434 0.0912
vn 0.63378 -0.77288 -0.0312
vn 0.6206 -0.7315 -0.2824
vn 0.58738 -0.74968 -0.30489
vn 0.65032 -0.74802 -0.1325
vn 0.62321 -0.77271 -0.1205
vn 0.57714 -0.81175 -0.08931
vn 0.61421 -0.78861 -0.0291
vn 0.68949 -0.70859 0.15
vn 0.60399 -0.78758 -0.1221
vn 0.44739 -0.69238 -0.56608
vn 0.4104 -0.5651 -0.7157
vn 0.31701 -0.69392 -0.64652
vn 0.3356 -0.66279 -0.66939
vn 0.56929 -0.81339 -0.1196
vn 0.1454 -0.1559 0.97701
vn 0.2288 -0.2841 0.9311
vn 0.53349 -0.62059 0.57469
vn 0.3366 -0.50211 0.79661
vn 0.35892 -0.44852 0.81854
vn 0.46721 -0.56591 0.67931
vn 0.1049 -0.0931 0.99012
vn 0.1099 -0.1665 0.9799
vn 0.3227 -0.4444 -0.83569
vn 0.17619 -0.18989 -0.96587
vn 0.28751 -0.37822 -0.87994
vn 0.18841 -0.30591 -0.93323
vn 0.45329 -0.51759 -0.72569
vn 0.345 -0.4776 -0.808
vn 0.1562 -0.1523 -0.97591
vn 0.101 -0.1318 -0.98612
vn 0.131 -0.2347 -0.9632
vn 0.0566 -0.0974 0.99363
vn 0.0371 -0.078 0.99626
vn 0.0515 -0.0793 0.99552
vn 0.0671 -0.16349 -0.98426
vn 0.0443 -0.0777 -0.99599
vn 0.15131 -0.31681 -0.93634
vn 0.0391 -0.0791 -0.9961
vn 0.0525 -0.1145 -0.99203
vn 0.0486 -0.0682 0.99649
vn 0.0239 -0.0466 0.99863
vn 0.033 -0.0912 -0.99529
vn -0.006 -0.0544 -0.9985
vn 0.0223 -0.0606 0.99791
vn 0.0376 -0.0342 0.99871
vn 0.0248 -0.045 0.99868
vn 0.0337 -0.0395 0.99865
vn 0.0058 -0.0547 -0.99849
vn 0.0044 -0.0671 -0.99774
vn 0.0206 -0.0573 0.99814
vn -0.0221 -0.0317 -0.99925
vn -0.0244 -0.0457 -0.99866
vn 0.0004 -0.0723 -0.99738
vn -0.0058 -0.0316 -0.99948
vn 0.0112 -0.0287 0.99953
vn 0.0217 -0.0323 0.99924
vn 0.0165 -0.0499 0.99862
vn 0.0147 -0.0524 0.99852
vn 0.0043 -0.0317 -0.99949
vn 0.0118 -0.006 -0.99991
vn -0.0146 0.0277 -0.99951
vn -0.0014 -0.045 -0.99899
vn -0.002 -0.0431 0.99907
vn -0.0004 -0.0744 0.99723
vn 0.0096 -0.0679 0.99765
vn -0.0288 -0.0622 0.99765
vn 0.0022 -0.0652 -0.99787
vn 0.0079 -0.0214 -0.99974
vn -0.013 -0.0593 0.99816
vn -0.0314 -0.0639 0.99746
vn -0.018 -0.0621 0.99791
vn -0.0049 -0.0795 -0.99682
vn 0.0342 -0.0216 -0.99918
vn -0.0202 -0.074 0.99705
vn -0.0329 -0.12229 -0.99195
vn -0.0257 -0.0704 -0.99719
vn -0.0155 -0.1162 -0.9931
vn -0.0333 -0.0794 0.99629
vn -0.0443 -0.0878 0.99515
vn -0.0203 -0.0801 0.99658
vn -0.0499 -0.1527 0.98701
vn -0.0736 -0.1202 0.99002
vn -0.0458 -0.12 -0.99172
vn -0.091 -0.1637 -0.9823
vn -0.0863 -0.1674 -0.9821
vn -0.0448 -0.1098 0.99294
vn -0.1176 -0.1946 0.97381
vn -0.1019 -0.1341 0.98571
vn -0.1153 -0.17481 -0.97783
vn -0.0524 -0.0897 -0.99459
vn -0.0787 -0.1006 -0.99181
vn -0.1421 -0.2887 -0.94681
vn -0.1884 -0.2781 -0.9419
vn -0.1494 -0.1758 0.97302
vn -0.23561 -0.32851 0.91464
vn -0.35529 -0.46538 0.81067
vn -0.33448 -0.56777 0.75217
vn -0.37139 -0.51468 0.77277
vn -0.2575 -0.3004 0.9184
vn -0.42422 -0.52362 0.73883
vn -0.56119 -0.78469 0.2633
vn -0.5183 -0.6971 0.4954
vn -0.4927 -0.7265 0.479
vn -0.53701 -0.67571 0.50501
vn -0.50541 -0.59711 0.62291
vn -0.3428 -0.4458 -0.82689
vn -0.57619 -0.81139 0.0982
vn -0.60181 -0.79061 -0.113
vn -0.57947 -0.81166 -0.0736
vn -0.57689 -0.74908 -0.32569
vn -0.35011 -0.44821 -0.82252
vn -0.28241 -0.34881 -0.89363
vn -0.40399 -0.46309 -0.78888
vn -0.42528 -0.47408 -0.77096
vn -0.40772 -0.45122 0.79383
vn -0.50618 -0.61728 0.60228
vn -0.5891 -0.73379 0.3384
vn -0.51701 -0.60462 0.60592
vn -0.6075 -0.6455 0.4629
vn -0.64841 -0.76071 0.0297
vn -0.60749 -0.78859 -0.0953
vn -0.6208 -0.738 -0.2645
vn -0.58367 -0.76887 -0.26109
vn -0.5862 -0.7162 -0.3787
vn -0.25579 -0.39159 -0.88387
vn -0.19729 -0.38619 -0.90107
vn -0.3151 -0.5428 -0.77851
vn -0.56749 -0.78549 -0.2469
vn -0.49389 -0.65279 -0.57439
vn -0.37758 -0.44057 -0.81445
vn 0.71717 -0.66287 0.21509
vn 0.71811 -0.5867 0.3743
vn 0.67362 -0.71502 0.18701
vn 0.47837 -0.47037 0.74156
vn 0.4146 -0.3711 0.8309
vn 0.37761 -0.36491 0.85103
vn 0.48997 -0.39037 0.77945
vn 0.39452 -0.42202 0.81624
vn 0.34819 -0.54039 0.76599
vn 0.3559 -0.4306 0.82941
vn 0.63712 -0.70712 0.30671
vn 0.67594 -0.68524 0.27122
vn 0.63518 -0.64188 0.42958
vn 0.74314 -0.65283 -0.14681
vn 0.6864 -0.7272 -0.0067
vn 0.69154 -0.72234 0.0024
vn 0.66639 -0.72259 -0.1838
vn 0.71057 -0.68408 -0.16469
vn 0.70951 -0.69161 -0.1352
vn 0.72411 -0.62251 -0.2969
vn 0.66533 -0.72724 -0.16871
vn 0.65893 -0.70693 -0.25701
vn 0.4589 -0.5402 -0.7054
vn 0.41342 -0.37721 -0.82873
vn 0.42931 -0.42891 -0.79482
vn 0.44541 -0.2996 -0.84371
vn 0.45012 -0.30261 -0.84013
vn 0.39139 -0.40809 -0.82479
vn 0.51478 -0.73807 -0.43618
vn 0.24301 -0.24631 -0.93823
vn 0.20059 -0.31199 -0.92867
vn 0.30609 -0.31389 -0.89877
vn 0.21869 -0.21839 0.95104
vn 0.30001 -0.33221 0.89422
vn 0.1519 -0.1368 0.97888
vn 0.18969 -0.15849 0.96897
vn 0.51151 -0.45311 0.73011
vn 0.3638 -0.2957 0.8833
vn 0.1344 -0.1171 0.98398
vn 0.121 -0.1098 0.98656
vn 0.22891 -0.23591 -0.94443
vn 0.12149 -0.1018 -0.98736
vn 0.14651 -0.16911 -0.97465
vn 0.31129 -0.26619 -0.91227
vn 0.41221 -0.3128 -0.85571
vn 0.22641 -0.13421 -0.96474
vn 0.12599 -0.12629 -0.98396
vn 0.0859 -0.0661 -0.99411
vn 0.0914 -0.0729 -0.99314
vn 0.0435 -0.0651 0.99693
vn 0.0661 -0.0834 0.99432
vn 0.0903 -0.1014 0.99074
vn 0.0326 -0.0704 0.99699
vn 0.0522 -0.0964 0.99397
vn 0.0296 -0.0602 0.99775
vn 0.0364 -0.0299 -0.99889
vn 0.0434 -0.0408 -0.99822
vn 0.041 -0.0206 -0.99895
vn 0.0292 -0.0532 0.99816
vn 0.02 -0.0616 0.9979
vn -0.0185 -0.0406 -0.999
vn 0.0267 -0.0374 -0.99894
vn 0.0047 -0.0428 0.99907
vn 0.0337 -0.0647 0.99734
vn 0.001 -0.0329 -0.99946
vn 0.008 -0.023 -0.9997
vn -0.0201 -0.0549 -0.99829
vn 0.0281 -0.0493 0.99839
vn 0.0117 -0.0331 0.99938
vn -0.0359 -0.0468 -0.99826
vn -0.0014 -0.0453 -0.99897
vn -0.0265 -0.0443 -0.99867
vn -0.062 -0.0222 -0.99783
vn -0.0038 -0.0342 -0.99941
vn 0.0134 -0.0215 -0.99968
vn -0.0073 -0.0198 -0.99978
vn 0.0244 -0.0369 0.99902
vn 0.0212 -0.0415 0.99891
vn -0.0022 -0.0177 -0.99984
vn -0.0006 -0.0161 -0.99987
vn 0.0208 0.0001 -0.99978
vn 0.0444 0.0187 -0.99884
vn 0.0078 -0.0505 -0.99869
vn 0.1163 -0.0315 -0.99271
vn 0.0053 -0.0013 -0.99999
vn -0.021 -0.0148 -0.99967
vn 0.0011 -0.0324 0.99947
vn 0.0122 -0.0436 0.99897
vn 0.0475 -0.0648 -0.99677
vn 0.0941 -0.0364 -0.9949
vn 0.0434 0.0245 -0.99876
vn -0.0012 -0.038 0.99928
vn -0.0046 -0.0393 0.99922
vn 0.0088 -0.0343 -0.99937
vn 0.0191 -0.0015 -0.99982
vn -0.0156 -0.0487 0.99869
vn -0.01 -0.0714 0.9974
vn -0.0026 -0.0132 -0.99991
vn 0.0013 -0.0297 -0.99956
vn 0.0096 -0.0025 -0.99995
vn -0.0161 -0.046 -0.99881
vn -0.0249 -0.0761 0.99679
vn -0.0181 -0.0653 0.9977
vn -0.0293 -0.0397 -0.99878
vn -0.0403 -0.0343 -0.9986
vn -0.0138 -0.0159 -0.99978
vn -0.0397 -0.0644 0.99713
vn -0.0583 -0.0727 0.99565
vn -0.1101 -0.1034 0.98853
vn -0.0374 -0.0775 -0.99629
vn -0.0344 -0.0466 -0.99832
vn -0.113 -0.1488 -0.98239
vn -0.0846 -0.085 0.99278
vn -0.1273 -0.1195 0.98464
vn -0.1918 -0.1825 0.96432
vn -0.15389 -0.1108 -0.98186
vn -0.0583 -0.0493 -0.99708
vn -0.0826 -0.0677 -0.99428
vn -0.17669 -0.1364 -0.97477
vn -0.1771 -0.1486 -0.97291
vn -0.32761 -0.39031 0.86042
vn -0.23869 -0.20889 0.94836
vn -0.44512 -0.40502 0.79864
vn -0.26679 -0.32928 0.90576
vn -0.1269 -0.1347 0.98273
vn -0.4421 -0.4835 0.7555
vn -0.4302 -0.5815 0.6905
vn -0.47459 -0.47039 0.74398
vn -0.52464 -0.51374 0.67885
vn -0.67771 -0.73031 0.0858
vn -0.6468 -0.7211 0.2483
vn -0.68511 -0.71011 0.1624
vn -0.1503 -0.1582 -0.9759
vn -0.34881 -0.31571 -0.88242
vn -0.43681 -0.41631 0.79742
vn -0.5232 -0.4875 0.699
vn -0.52229 -0.54729 0.65398
vn -0.53653 -0.52013 0.66453
vn -0.66439 -0.68169 0.3064
vn -0.6121 -0.7026 0.3629
vn -0.61323 -0.61083 0.50083
vn -0.60156 -0.61296 0.51226
vn -0.60111 -0.65181 0.46241
vn -0.66604 -0.69285 0.27632
vn -0.56483 -0.50502 0.65263
vn -0.68482 -0.60202 0.41061
vn -0.66932 -0.59541 0.44441
vn -0.74189 -0.65909 0.1233
vn -0.30052 -0.39363 -0.86876
vn -0.1628 -0.1994 -0.9663
vn -0.70129 -0.71079 -0.0544
vn -0.6757 -0.7297 -0.1047
vn -0.67802 -0.71442 -0.1729
vn -0.62322 -0.66353 -0.41392
vn -0.68512 -0.67832 -0.26551
vn -0.60887 -0.71907 -0.33499
vn -0.59056 -0.72365 -0.35717
vn -0.72269 -0.64999 -0.235
vn -0.67939 -0.64119 -0.35679
vn -0.66803 -0.62092 -0.41012
vn -0.43921 -0.44501 -0.78042
vn -0.58184 -0.49353 -0.64644
vn -0.709 -0.6503 -0.2728
vn 0.76542 -0.62481 0.1541
vn 0.75311 -0.6011 0.2674
vn 0.74163 -0.58012 0.33681
vn 0.54369 -0.43129 0.71999
vn 0.60519 -0.48 0.63509
vn 0.49909 -0.39929 0.76908
vn 0.73616 -0.57797 0.35218
vn 0.74293 -0.58862 0.31871
vn 0.70008 -0.54498 0.46139
vn 0.79663 -0.57282 0.19301
vn 0.76568 -0.63989 -0.0654
vn 0.76266 -0.63857 0.10289
vn 0.74178 -0.64338 -0.18929
vn 0.77744 -0.62883 -0.0123
vn 0.76471 -0.63741 0.0945
vn 0.45209 -0.40409 -0.79519
vn 0.57166 -0.44137 -0.69166
vn 0.42528 -0.49398 -0.75837
vn 0.32261 -0.25891 -0.91043
vn 0.74581 -0.62701 -0.225
vn 0.65442 -0.47351 -0.58951
vn 0.76904 -0.62373 -0.13981
vn 0.47712 -0.36331 0.80023
vn 0.35638 -0.26539 0.89586
vn 0.29829 -0.24439 0.92266
vn 0.1625 -0.1285 0.97831
vn 0.1908 -0.15 0.9701
vn 0.10921 -0.0942 0.98955
vn 0.1311 -0.126 0.98333
vn 0.6675 -0.6669 0.3312
vn 0.69908 -0.61629 0.36259
vn 0.66419 -0.64549 0.37709
vn 0.72654 -0.62033 -0.29552
vn 0.71742 -0.64152 -0.27161
vn 0.2585 -0.1888 -0.94738
vn 0.1587 -0.1217 -0.9798
vn 0.40262 -0.27861 -0.87194
vn 0.34591 -0.37761 -0.85893
vn 0.14821 -0.11331 -0.98244
vn 0.0635 -0.0617 -0.99607
vn 0.1479 -0.143 -0.97861
vn 0.1756 -0.1902 -0.96591
vn 0.0713 -0.0977 -0.99266
vn 0.13029 -0.1045 0.98595
vn 0.0843 -0.0618 -0.99452
vn 0.0647 -0.0556 -0.99635
vn 0.0703 -0.0465 -0.99644
vn 0.0627 -0.0835 0.99453
vn 0.1012 -0.0887 0.9909
vn 0.0758 -0.0536 0.99568
vn 0.0421 -0.0697 0.99668
vn 0.0288 -0.0314 -0.99909
vn 0.0219 -0.0291 -0.99934
vn 0.0431 -0.0623 -0.99713
vn 0.0426 -0.0427 -0.99818
vn 0.0115 -0.0487 0.99875
vn -0.0029 -0.0172 0.99985
vn 0.0321 -0.0301 -0.99903
vn 0.0398 -0.0273 -0.99883
vn 0.0289 -0.0194 -0.99939
vn 0.0365 -0.0201 -0.99913
vn -0.0082 -0.0183 -0.9998
vn 0.001 -0.0116 -0.99993
vn -0.0181 -0.0129 -0.99975
vn -0.0109 -0.0116 -0.99987
vn -0.0549 -0.0121 -0.99842
vn -0.0077 -0.0105 -0.99992
vn -0.0298 -0.0241 -0.99927
vn -0.0276 -0.004 -0.99961
vn -0.0007 0.0011 -1
vn -0.0372 -0.0152 -0.99919
vn 0.0045 -0.0337 0.99942
vn 0.0081 -0.0115 0.9999
vn 0.0032 -0.0101 0.99994
vn -0.0011 -0.0233 -0.99973
vn 0.0162 -0.0113 -0.9998
vn -0.0037 0.0034 -0.99999
vn 0.0376 0.0142 -0.99919
vn 0.0343 -0.006 -0.99939
vn 0.0003 -0.0221 0.99976
vn 0.0041 -0.0146 0.99989
vn -0.014 -0.0429 0.99898
vn 0.0262 0.0003 -0.99966
vn 0.0293 0.0102 -0.99952
vn 0.0048 -0.0066 -0.99997
vn 0.0288 -0.0212 -0.99936
vn -0.0006 0.0067 -0.99998
vn 0.0033 -0.0104 -0.99994
vn -0.0101 -0.0112 0.99989
vn 0.0178 0.0085 -0.99981
vn 0.0107 -0.0072 -0.99992
vn -0.0094 -0.0316 0.99946
vn -0.0182 -0.0443 0.99885
vn -0.0069 -0.0288 0.99956
vn -0.0171 -0.0485 0.99868
vn -0.0126 0.0084 -0.99989
vn 0.0079 -0.0067 -0.99995
vn 0.014 0.0037 -0.9999
vn -0.0102 0.0041 -0.99994
vn -0.0118 -0.0312 0.99944
vn -0.0385 -0.0688 0.99689
vn -0.0048 -0.0391 0.99922
vn -0.0461 -0.0152 -0.99882
vn -0.0247 -0.0221 -0.99945
vn -0.0284 -0.0082 -0.99956
vn -0.0709 -0.057 0.99585
vn -0.1187 -0.1053 0.98733
vn -0.053 -0.0218 -0.99836
vn -0.0315 -0.0294 -0.99907
vn -0.13751 -0.14281 -0.98015
vn -0.1077 -0.102 -0.98894
vn -0.1502 -0.1326 0.97972
vn -0.18441 -0.15371 0.97076
vn -0.135 -0.1092 0.98481
vn -0.1548 -0.12 -0.98063
vn -0.0596 -0.0492 -0.99701
vn -0.0888 -0.0735 -0.99333
vn -0.14821 -0.15301 -0.97705
vn -0.15199 -0.1052 -0.98277
vn -0.2699 -0.2214 0.93709
vn -0.404 -0.2926 0.8667
vn -0.2844 -0.1967 0.93831
vn -0.4802 -0.3402 0.8085
vn -0.32529 -0.32619 0.88757
vn -0.4716 -0.4079 0.7818
vn -0.4977 -0.4913 0.71479
vn -0.52688 -0.44849 0.72198
vn -0.55059 -0.4928 0.67379
vn -0.65588 -0.57979 0.48339
vn -0.29531 -0.2074 -0.93262
vn -0.23731 -0.17671 -0.95523
vn -0.1432 -0.0953 -0.98509
vn -0.72221 -0.59121 -0.35901
vn -0.2554 -0.2675 -0.92909
vn -0.58144 -0.45813 0.67234
vn -0.6201 -0.4931 0.6102
vn -0.7442 -0.58 0.3313
vn -0.61642 -0.47101 0.63102
vn -0.55011 -0.49591 0.67191
vn -0.44069 -0.34459 0.82888
vn -0.73141 -0.60591 0.31291
vn -0.66764 -0.55274 0.49873
vn -0.77698 -0.62309 -0.0898
vn -0.79566 -0.60467 0.036
vn -0.7733 -0.5925 0.2257
vn -0.78118 -0.59498 -0.18909
vn -0.77476 -0.59177 -0.22259
vn -0.3653 -0.2917 -0.884
vn -0.4397 -0.3655 -0.82041
vn -0.76041 -0.60501 -0.2361
vn -0.60322 -0.42131 -0.67722
vn -0.52591 -0.37841 -0.76172
vn 0.74131 -0.4516 0.4965
vn 0.76893 -0.41432 0.48692
vn 0.7252 -0.4463 0.5243
vn 0.80682 -0.47351 0.35331
vn 0.87056 -0.42928 0.24049
vn 0.77665 -0.56343 0.28172
vn 0.88818 -0.45939 -0.0101
vn 0.68668 -0.39329 -0.61138
vn 0.86625 -0.44643 -0.22431
vn 0.8009 -0.4582 -0.3855
vn 0.82322 -0.56772 0.0004
vn 0.74651 -0.459 -0.48171
vn 0.73713 -0.33421 -0.58732
vn 0.76153 -0.41682 -0.49632
vn 0.57428 -0.36959 -0.73048
vn 0.42171 -0.38501 -0.82093
vn 0.47061 -0.38021 -0.79622
vn 0.76811 -0.56011 -0.3103
vn 0.42859 -0.46828 -0.77267
vn 0.66938 -0.51858 -0.53198
vn 0.52881 -0.42421 0.73512
vn 0.50192 -0.34151 0.79463
vn 0.3938 -0.3205 0.86151
vn 0.2375 -0.1522 0.95939
vn 0.25041 -0.19911 0.94744
vn 0.1137 -0.096 0.98887
vn 0.1381 -0.1141 0.98382
vn 0.39409 -0.2543 -0.88319
vn 0.53241 -0.32571 -0.78132
vn 0.77942 -0.58641 -0.22051
vn 0.35651 -0.24561 -0.90143
vn 0.2037 -0.1094 -0.9729
vn 0.1187 -0.0771 -0.98993
vn 0.2045 -0.1744 -0.9632
vn 0.1144 -0.0977 -0.98862
vn 0.1023 -0.0809 0.99146
vn 0.13381 -0.0712 0.98845
vn 0.1241 -0.0708 0.98974
vn 0.0642 -0.0429 -0.99701
vn 0.0343 -0.0451 -0.99839
vn 0.0905 -0.0557 0.99434
vn 0.0749 -0.0634 0.99517
vn 0.0526 -0.0429 -0.99769
vn 0.0782 -0.0572 -0.9953
vn 0.06 -0.0342 -0.99761
vn 0.0353 -0.0351 0.99876
vn 0.0113 -0.0262 0.99959
vn 0.0265 -0.0304 0.99919
vn 0.0349 -0.043 0.99847
vn 0.0427 -0.0391 -0.99832
vn 0.0298 -0.0301 -0.9991
vn 0.0187 -0.0334 -0.99927
vn 0.0535 -0.0364 -0.9979
vn 0.0332 -0.028 -0.99906
vn 0.0385 -0.0358 -0.99862
vn 0.0274 -0.04 -0.99882
vn 0.0348 -0.0354 -0.99877
vn 0.0224 -0.027 -0.99938
vn -0.0202 -0.05 -0.99854
vn -0.0372 -0.0255 -0.99898
vn -0.0162 -0.0154 -0.99975
vn -0.0368 -0.0311 -0.99884
vn -0.0359 -0.0105 -0.9993
vn -0.0328 -0.0232 -0.99919
vn 0.014 0.0005 0.9999
vn 0.0146 -0.0108 0.99984
vn 0.0273 -0.023 0.99936
vn -0.0326 -0.0213 -0.99924
vn -0.024 -0.0327 -0.99918
vn 0.0197 -0.0135 0.99971
vn 0.0272 -0.0016 0.99963
vn 0.0084 0.0052 0.99995
vn 0.0325 -0.0133 -0.99938
vn -0.0158 -0.007 -0.99985
vn -0.0296 -0.0095 -0.99952
vn -0.0015 0 -1
vn -0.0196 0.0041 -0.9998
vn -0.0148 -0.0277 -0.99951
vn -0.0104 -0.0206 -0.99973
vn 0.0027 0.003 0.99999
vn 0.0064 -0.0089 0.99994
vn 0.0137 0.0034 0.9999
vn 0.0052 -0.009 0.99995
vn -0.0078 -0.0111 -0.99991
vn 0.0241 -0.0164 -0.99958
vn 0.0114 -0.0105 -0.99988
vn 0.0136 0.0104 0.99985
vn 0.0156 -0.0089 0.99984
vn 0.0104 -0.0025 0.99994
vn -0.0078 -0.0131 0.99988
vn -0.0033 -0.0081 0.99996
vn 0.0015 -0.0267 0.99964
vn 0.0003 0.0063 -0.99998
vn -0.0016 -0.0228 -0.99974
vn 0.0075 -0.0136 0.99988
vn -0.0001 -0.0254 0.99968
vn -0.003 -0.027 0.99963
vn -0.0365 -0.0333 0.99878
vn -0.0326 -0.0419 0.99859
vn -0.0293 0.0028 -0.99957
vn 0.0008 -0.0098 -0.99995
vn -0.0106 0.0002 -0.99994
vn -0.0508 -0.0356 0.99807
vn -0.0666 -0.0501 0.99652
vn -0.0246 -0.0067 -0.99967
vn -0.0149 -0.0033 -0.99988
vn -0.0719 -0.0502 0.99615
vn -0.1077 -0.0611 0.9923
vn -0.109 -0.0907 0.9899
vn -0.0878 -0.0651 0.99401
vn -0.1102 -0.0796 0.99072
vn -0.17439 -0.11749 -0.97764
vn -0.1751 -0.114 -0.97793
vn -0.0929 -0.0856 0.99199
vn -0.1436 -0.1074 0.98379
vn -0.1154 -0.1186 0.98621
vn -0.1269 -0.0646 -0.98981
vn -0.1484 -0.22181 -0.96373
vn -0.22079 -0.102 -0.96997
vn -0.19371 -0.0982 -0.97613
vn -0.1063 -0.0588 -0.99259
vn -0.18239 -0.1063 -0.97746
vn -0.1632 -0.1085 -0.98061
vn -0.21481 -0.17231 0.96134
vn -0.249 -0.2048 0.9466
vn -0.41351 -0.3353 0.84651
vn -0.37241 -0.35081 0.85921
vn -0.50259 -0.30859 0.80758
vn -0.58729 -0.42859 0.68659
vn -0.77093 -0.54952 0.32201
vn -0.62361 -0.54491 0.56051
vn -0.6637 -0.5506 0.5063
vn -0.67641 -0.50641 0.53481
vn -0.12481 -0.12521 -0.98425
vn -0.2401 -0.1574 -0.9579
vn -0.4655 -0.2689 -0.84321
vn -0.36031 -0.2028 -0.91052
vn -0.4683 -0.3333 -0.8183
vn -0.82301 -0.56081 -0.0903
vn -0.75948 -0.56278 -0.32629
vn -0.7669 -0.5676 -0.2995
vn -0.43441 -0.30241 -0.84843
vn -0.62502 -0.1848 0.75842
vn -0.57867 -0.45258 0.67847
vn -0.83013 -0.50222 0.24221
vn -0.74952 -0.45711 0.47881
vn -0.85837 -0.31519 0.40479
vn -0.87946 -0.47078 -0.0701
vn -0.59182 -0.34091 -0.73043
vn -0.59021 -0.34501 -0.72981
vn -0.58568 -0.35599 -0.72818
vn -0.84996 -0.49128 -0.19029
vn -0.87881 -0.4295 -0.2079
vn -0.7751 -0.5626 -0.2876
vn -0.74528 -0.50848 -0.43129
vn 0.5425 -0.272 0.7948
vn 0.5338 -0.2093 0.8193
vn 0.3715 -0.2024 0.9061
vn 0.44959 -0.22639 0.86407
vn 0.37612 -0.20961 0.90255
vn 0.62089 -0.30559 0.72188
vn 0.87855 -0.39788 0.26428
vn 0.91019 -0.41419 -0.0025
vn 0.89288 -0.41789 0.1677
vn 0.89499 -0.39929 -0.1989
vn 0.89408 -0.37709 -0.2417
vn 0.86942 -0.48841 -0.0746
vn 0.82164 -0.38912 -0.41652
vn 0.46042 -0.24071 -0.85444
vn 0.40011 -0.1708 -0.90041
vn 0.57483 -0.29862 -0.76184
vn 0.1155 -0.0998 0.98828
vn 0.14519 -0.0666 0.98716
vn 0.22189 -0.13939 0.96506
vn 0.0973 -0.0743 0.99248
vn 0.1014 -0.0668 0.9926
vn 0.16731 -0.079 -0.98273
vn 0.0582 -0.0566 -0.9967
vn 0.1163 -0.0716 0.99063
vn 0.064 -0.0473 0.99683
vn 0.113 -0.0474 0.99246
vn 0.1073 -0.061 0.99235
vn 0.0329 -0.0326 -0.99893
vn 0.0507 -0.0379 -0.99799
vn 0.0442 -0.0344 -0.99843
vn 0.0645 -0.0487 -0.99673
vn 0.0393 -0.0275 0.99885
vn 0.0135 -0.0157 0.99979
vn 0.0384 -0.0232 0.99899
vn 0.0234 -0.0215 -0.99949
vn 0.0488 -0.0282 -0.99841
vn 0.0266 -0.0451 -0.99863
vn 0.0213 -0.0419 -0.99889
vn 0.031 -0.0339 -0.99894
vn 0.0277 -0.0384 -0.99888
vn 0.0429 -0.0247 -0.99877
vn 0.035 -0.0339 -0.99881
vn 0.0134 -0.0143 -0.99981
vn 0.031 -0.0127 -0.99944
vn 0.011 -0.0194 -0.99975
vn 0.021 -0.0052 -0.99977
vn -0.0174 -0.0007 -0.99985
vn -0.0313 0.0116 -0.99944
vn -0.0505 0.0104 -0.99867
vn -0.0146 0.0161 0.99976
vn -0.003 0.0094 0.99995
vn -0.016 0.0007 0.99987
vn 0.0051 -0.0095 0.99994
vn 0.0032 0.0155 0.99987
vn -0.0236 -0.0085 -0.99969
vn -0.0314 0.015 -0.99939
vn -0.0198 0.0368 0.99913
vn 0.0102 0.0154 0.99983
vn 0.0178 0.0104 0.99979
vn -0.0697 0.0524 -0.99619
vn -0.0494 0.0575 -0.99712
vn -0.0475 0.0138 -0.99878
vn 0.0099 0.0562 0.99837
vn 0.018 0.0338 0.99927
vn 0.0106 0.0006 0.99994
vn -0.0377 0.0664 -0.99708
vn -0.0859 0.058 -0.99461
vn -0.0497 0.1394 -0.98899
vn -0.0256 0.0856 -0.996
vn -0.0038 0.0552 0.99847
vn 0.0224 0.0553 0.99822
vn 0.0251 0.0058 0.99967
vn 0.0081 0.0312 -0.99948
vn 0.0012 0.1323 -0.99121
vn -0.0368 0.046 -0.99826
vn -0.0019 0.0464 -0.99892
vn 0.0097 0.0564 -0.99836
vn 0.0329 0.0889 0.9955
vn 0.0226 0.1029 0.99443
vn 0.0286 0.0954 0.99503
vn 0.01 0.0021 0.99995
vn 0.015 0.0493 0.99867
vn 0.0219 0.0734 -0.99706
vn 0.0453 0.0726 -0.99633
vn 0.039 0.0524 -0.99786
vn 0.0084 0.0084 -0.99993
vn 0.044 0.0605 -0.9972
vn 0.0721 0.0561 -0.99582
vn 0.0483 -0.0038 -0.99883
vn 0.0485 0.0615 0.99693
vn 0.0272 0.0327 0.9991
vn 0.0057 0.0127 0.9999
vn 0.0129 0.0097 -0.99987
vn 0.0168 -0.0105 -0.9998
vn 0.0343 0.0081 -0.99938
vn -0.0032 0.0038 -0.99999
vn 0.0098 -0.0196 -0.99976
vn 0.0171 -0.0294 -0.99942
vn 0.0096 -0.0111 -0.99989
vn 0.0347 -0.0016 0.9994
vn 0.009 -0.0068 0.99994
vn 0.0089 -0.0171 0.99981
vn -0.0167 0.0019 -0.99986
vn -0.0062 -0.0272 -0.99961
vn -0.0263 -0.0177 -0.9995
vn 0.0085 -0.0131 0.99988
vn -0.0243 -0.0253 0.99938
vn -0.0291 -0.0145 -0.99947
vn -0.002 -0.0115 -0.99993
vn -0.0185 -0.0325 -0.9993
vn -0.0408 -0.0273 0.99879
vn -0.017 -0.0235 0.99958
vn -0.036 -0.0124 -0.99927
vn -0.0027 0.006 -0.99998
vn -0.0262 0.0025 -0.99965
vn -0.029 -0.0285 -0.99917
vn -0.0409 -0.0429 -0.99824
vn -0.0197 -0.0338 -0.99923
vn -0.0531 -0.0406 -0.99776
vn -0.0818 -0.052 0.99529
vn -0.0869 -0.0691 0.99382
vn -0.0918 -0.0551 0.99425
vn -0.1141 -0.0803 0.99022
vn -0.15139 -0.1089 -0.98246
vn -0.1274 -0.0917 -0.9876
vn -0.17829 -0.1276 -0.97567
vn -0.1123 -0.0816 0.99032
vn -0.22571 -0.13611 0.96464
vn -0.21711 -0.1233 0.96833
vn -0.4628 -0.2566 0.84851
vn -0.1356 -0.0943 -0.98627
vn -0.1824 -0.0888 -0.97921
vn -0.1119 -0.0825 -0.99029
vn -0.3008 -0.1706 -0.9383
vn -0.38391 -0.19041 0.90353
vn -0.73835 -0.30508 0.60146
vn -0.75523 -0.31771 0.57332
vn -0.66767 -0.35108 0.65647
vn -0.51029 -0.28649 0.81088
vn -0.48652 -0.22111 0.84523
vn -0.67029 -0.32819 0.66559
vn -0.68172 -0.35551 0.63942
vn -0.84451 -0.2479 0.47471
vn -0.65951 -0.2095 0.72191
vn -0.59918 -0.32859 0.73008
vn -0.86232 -0.35191 0.36411
vn -0.9068 -0.4137 -0.0811
vn -0.45442 -0.29381 -0.84094
vn -0.90377 -0.41619 0.0999
vn -0.88416 -0.40178 -0.23839
vn -0.87089 -0.37909 -0.3128
vn -0.88028 -0.40799 -0.24219
vn -0.50529 -0.2834 -0.81509
vn -0.77544 -0.37952 -0.50463
vn 0.8951 -0.3268 0.3033
vn 0.86859 -0.3115 0.38539
vn 0.81078 -0.26489 0.52199
vn 0.81402 -0.32911 0.47861
vn 0.61091 -0.2631 0.74671
vn 0.93971 -0.3419 -0.0065
vn 0.92949 -0.3674 -0.0327
vn 0.86674 -0.30671 -0.39332
vn 0.82037 -0.36538 -0.43988
vn 0.79743 -0.19181 -0.57212
vn 0.85777 -0.32859 -0.39529
vn 0.62888 -0.22909 -0.74298
vn 0.42149 -0.2158 -0.88078
vn 0.48469 -0.1775 -0.85649
vn 0.4887 -0.1851 0.85259
vn 0.43751 -0.18141 0.88072
vn 0.30659 -0.1141 0.94498
vn 0.282 -0.1151 0.95249
vn 0.6209 -0.2463 0.74419
vn 0.17339 -0.0465 0.98375
vn 0.1352 -0.077 0.98782
vn 0.2187 -0.1448 0.96499
vn 0.2684 -0.0854 -0.95951
vn 0.38968 -0.15989 -0.90696
vn 0.3896 -0.1047 -0.91501
vn 0.43758 -0.15649 -0.88546
vn 0.32461 -0.0933 -0.94123
vn 0.2387 -0.0666 -0.96881
vn 0.0866 -0.0598 0.99445
vn 0.0755 -0.0648 0.99504
vn 0.0713 -0.0621 0.99552
vn 0.1048 -0.0485 0.99331
vn 0.21731 -0.0934 -0.97162
vn 0.1689 -0.0677 -0.98331
vn 0.101 -0.0667 -0.99265
vn 0.0928 -0.0434 -0.99474
vn 0.24661 -0.068 -0.96673
vn 0.1149 -0.0657 0.9912
vn 0.0683 -0.0562 0.99608
vn 0.0766 -0.0558 0.9955
vn 0.042 -0.0334 -0.99856
vn 0.058 -0.0483 -0.99715
vn 0.0532 -0.042 -0.9977
vn 0.0407 -0.0404 0.99835
vn 0.016 -0.0552 -0.99835
vn 0.0325 -0.0708 -0.99696
vn 0.0175 -0.0599 -0.99805
vn 0.0395 -0.0505 -0.99794
vn 0.0215 -0.0636 -0.99774
vn 0.017 -0.0394 -0.99908
vn 0.0284 -0.0289 -0.99918
vn 0.0325 -0.0497 -0.99824
vn -0.004 -0.019 -0.99981
vn -0.0041 -0.0455 -0.99896
vn -0.0176 -0.0026 0.99984
vn -0.0038 -0.0091 0.99995
vn -0.0155 -0.024 0.99959
vn -0.0404 0.0003 -0.99918
vn -0.0561 0.0148 -0.99832
vn -0.0875 0.0508 -0.99487
vn -0.0725 0.0435 0.99642
vn -0.0137 0.0267 0.99955
vn -0.0235 0.0101 0.99967
vn 0.0253 0.0621 0.99775
vn -0.0163 0.0898 0.99583
vn -0.0739 0.059 -0.99552
vn 0.0652 0.0091 0.99783
vn -0.0447 0.0292 0.99857
vn -0.0517 0.0355 0.99803
vn -0.0344 0.0314 0.99891
vn -0.0785 0.0299 0.99647
vn -0.0454 0.005 0.99896
vn 0.0165 0.0533 0.99844
vn -0.11739 0.13799 -0.98345
vn -0.0896 0.1165 -0.98914
vn -0.1141 0.0388 -0.99271
vn -0.0881 0.2156 -0.9725
vn -0.013 -0.051 -0.99861
vn -0.0729 0.12359 -0.98965
vn -0.0888 0.1024 -0.99077
vn 0.0278 -0.0064 0.99959
vn 0.0001 0.0221 0.99976
vn 0.0242 0.0574 0.99806
vn -0.0087 0.0371 -0.99927
vn -0.0285 0.14939 -0.98837
vn 0.0133 0.1346 -0.99081
vn 0.0046 -0.0526 -0.99861
vn 0.0001 0.0444 -0.99901
vn 0.0383 0.0206 0.99905
vn 0.0019 0.0424 0.9991
vn 0.0193 0.0534 0.99839
vn -0.0114 0.0641 0.99788
vn -0.0086 0.0464 -0.99889
vn 0.009 -0.0327 -0.99942
vn 0.0072 0.0422 -0.99908
vn 0.1622 -0.11 0.98061
vn 0.0044 0.0417 0.99912
vn -0.0203 0.0371 0.99911
vn 0.02 0.0965 0.99513
vn -0.007 -0.003 0.99997
vn 0.0035 -0.0164 0.99986
vn 0.026 -0.0174 0.99951
vn 0.0253 0.06 -0.99788
vn -0.0139 -0.0447 -0.9989
vn -0.0138 -0.0732 -0.99722
vn -0.0453 0.14459 -0.98845
vn 0.0339 0.1485 -0.98833
vn 0.0322 -0.0015 -0.99948
vn 0.1198 0.1311 -0.9841
vn 0.0091 0.0129 0.99988
vn 0.0431 0.0675 0.99679
vn 0.0468 0.0753 0.99606
vn 0.0465 0.0925 0.99463
vn 0.123 0.1893 -0.97419
vn 0.1096 0.1256 -0.98601
vn 0.0812 0.0988 -0.99179
vn 0.1145 0.0894 -0.98939
vn 0.0867 0.1419 -0.98608
vn 0.0854 0.0688 -0.99397
vn 0.1495 0.0967 -0.98402
vn 0.0902 0.0115 -0.99586
vn 0.0268 -0.0096 -0.99959
vn 0.0364 0.0033 -0.99933
vn 0.0822 0.0562 0.99503
vn 0.027 0.0104 0.99958
vn 0.0395 0.0436 0.99827
vn 0.0492 0.0216 0.99856
vn 0.0167 -0.0014 0.99986
vn 0.0338 -0.0273 -0.99906
vn 0.0728 0.0069 -0.99732
vn -0.0034 -0.0476 -0.99886
vn 0.0415 -0.024 -0.99885
vn 0.0077 -0.0425 -0.99907
vn 0.0324 -0.0009 0.99947
vn 0.0185 -0.0541 -0.99836
vn -0.0051 -0.0539 -0.99853
vn -0.0105 -0.0502 -0.99868
vn -0.0361 -0.0574 -0.9977
vn 0.0188 -0.0159 0.9997
vn -0.0162 -0.0158 0.99974
vn -0.0169 -0.0811 -0.99656
vn -0.0126 -0.0565 -0.99832
vn -0.0359 -0.0395 -0.99857
vn -0.0401 -0.0694 -0.99678
vn -0.0343 -0.0201 0.99921
vn -0.0238 -0.0287 0.9993
vn -0.0418 -0.0357 0.99849
vn -0.0278 -0.0474 -0.99849
vn -0.0022 -0.0225 -0.99974
vn -0.0048 -0.0238 -0.99971
vn -0.0043 -0.0368 -0.99931
vn -0.036 -0.0129 0.99927
vn 0.0034 -0.0413 -0.99914
vn 0.0191 -0.0371 -0.99913
vn -0.0067 -0.0182 -0.99981
vn -0.0369 -0.0593 -0.99756
vn -0.0821 -0.0316 0.99612
vn -0.0782 -0.0426 0.99603
vn -0.0846 -0.0536 0.99497
vn -0.0737 -0.0629 0.99529
vn -0.0738 -0.063 -0.99528
vn -0.0596 -0.0836 -0.99472
vn -0.0506 -0.0674 -0.99644
vn -0.0982 -0.0464 0.99408
vn -0.1455 -0.0533 0.98792
vn -0.14061 -0.0664 0.98784
vn -0.1776 -0.105 -0.97849
vn -0.2136 -0.1241 -0.96901
vn -0.1019 -0.0845 -0.9912
vn -0.1441 -0.0607 -0.9877
vn -0.26039 -0.1042 0.95986
vn -0.53841 -0.1805 0.82312
vn -0.51809 -0.1776 0.83668
vn -0.59357 -0.22919 0.77146
vn -0.5109 -0.1998 0.8361
vn -0.28551 -0.11171 0.95184
vn -0.52531 -0.2115 0.82421
vn -0.6862 -0.2997 0.6628
vn -0.73811 -0.2998 0.60441
vn -0.46079 -0.1318 -0.87767
vn -0.52188 -0.19179 -0.83117
vn -0.38188 -0.13389 -0.91446
vn -0.5146 -0.2036 -0.8329
vn -0.92809 -0.366 -0.0685
vn -0.36591 -0.14721 -0.91893
vn -0.28339 -0.123 -0.95108
vn -0.48648 -0.17069 -0.85686
vn -0.1117 -0.17189 -0.97876
vn -0.81861 -0.2918 0.4947
vn -0.80444 -0.30672 0.50873
vn -0.6253 -0.2139 0.7505
vn -0.85548 -0.35299 0.37889
vn -0.9198 -0.3285 0.2146
vn -0.94398 -0.32819 -0.0344
vn -0.9219 -0.3166 0.2233
vn -0.85506 -0.30329 -0.42058
vn -0.85061 -0.3258 -0.4127
vn -0.72581 -0.1873 -0.66191
vn -0.85255 -0.20391 -0.48123
vn -0.7811 -0.3601 -0.5101
vn 0.67381 -0.2114 0.70801
vn 0.69613 -0.20401 0.68832
vn 0.6609 -0.2069 0.72139
vn 0.45412 -0.058 0.88905
vn 0.33189 -0.15579 0.93036
vn 0.5778 -0.1444 0.8033
vn 0.70203 -0.21781 0.67803
vn 0.67639 -0.1515 0.72079
vn 0.74614 -0.14311 0.65023
vn 0.51659 -0.1655 0.84009
vn 0.33799 -0.1353 0.93137
vn 0.76949 -0.207 0.60419
vn 0.78322 -0.25641 0.56641
vn 0.97728 -0.1075 0.1827
vn 0.95107 -0.23089 0.20529
vn 0.97527 -0.21669 -0.0436
vn 0.95564 -0.29251 -0.0346
vn 0.91187 -0.26999 -0.30919
vn 0.94313 -0.23451 -0.23561
vn 0.93459 -0.3008 0.1899
vn 0.8463 -0.2782 -0.4543
vn 0.28989 -0.17639 -0.94066
vn 0.72809 -0.2273 -0.64669
vn 0.49112 -0.13961 -0.85983
vn 0.62072 -0.064 -0.78142
vn 0.75178 -0.26869 -0.60219
vn 0.1826 -0.0544 0.98168
vn 0.1171 -0.0358 0.99248
vn 0.22919 -0.1598 -0.96017
vn 0.274 -0.075 -0.9588
vn 0.2805 -0.0963 -0.95501
vn 0.2702 -0.0553 -0.96121
vn 0.20559 -0.0635 -0.97658
vn 0.26141 -0.1093 -0.95902
vn 0.0805 -0.033 0.99621
vn 0.0716 -0.0499 0.99618
vn 0.0935 -0.0414 0.99476
vn 0.1045 -0.0582 0.99282
vn 0.109 -0.0788 -0.99091
vn 0.0409 -0.0551 -0.99764
vn 0.0603 -0.0426 -0.99727
vn 0.017 -0.0552 -0.99833
vn 0.03 -0.0563 -0.99796
vn 0.0347 -0.0414 -0.99854
vn 0.1075 -0.0345 0.99361
vn 0.0903 -0.0531 0.9945
vn 0.0917 -0.0032 -0.99578
vn 0.072 -0.0499 -0.99616
vn 0.0502 -0.0539 -0.99728
vn 0.0991 -0.061 -0.99321
vn 0.0656 -0.069 -0.99546
vn 0.0546 -0.0593 -0.99675
vn 0.0579 -0.0586 -0.9966
vn 0.0404 -0.0483 -0.99802
vn 0.0027 -0.0137 0.9999
vn 0.0055 -0.0195 0.99979
vn 0.002 -0.0153 0.99988
vn -0.0045 -0.0189 0.99981
vn 0.0092 -0.0441 -0.99898
vn 0.0131 -0.053 -0.99851
vn 0.02 -0.0544 -0.99832
vn -0.0195 -0.0069 0.99979
vn 0.001 -0.0359 -0.99935
vn -0.0705 -0.0119 -0.99744
vn -0.0628 -0.0066 -0.998
vn -0.0247 -0.004 0.99969
vn -0.0236 -0.0133 0.99963
vn -0.0213 -0.008 0.99974
vn -0.1089 0.0297 0.99361
vn -0.062 -0.0108 0.99802
vn -0.0456 0.0155 0.99884
vn -0.0569 0.0056 0.99836
vn -0.0286 0.0083 0.99956
vn -0.1322 0.0094 -0.99118
vn -0.0929 0.0398 -0.99488
vn -0.005 -0.0265 0.99964
vn -0.0264 0.0137 0.99956
vn -0.0205 -0.0231 0.99952
vn 0.0027 0.0293 0.99957
vn -0.0117 -0.0419 0.99905
vn -0.1361 0.1447 -0.98007
vn -0.19239 0.19639 -0.96146
vn -0.0883 -0.0076 -0.99607
vn 0.0317 -0.1477 -0.98852
vn -0.0068 -0.1019 -0.99477
vn -0.0504 0.0863 -0.99499
vn -0.18631 0.22651 -0.95603
vn -0.0867 0.0679 -0.99392
vn -0.06 0.0306 -0.99773
vn 0.0298 -0.0473 0.99844
vn -0.0165 -0.0112 0.9998
vn -0.0006 0.0127 0.99992
vn -0.0131 -0.0876 -0.99607
vn 0.0085 -0.13679 -0.99056
vn 0.0413 -0.1013 -0.994
vn -0.0223 -0.0644 -0.99768
vn -0.0168 -0.0543 -0.99838
vn -0.0415 -0.0274 -0.99876
vn 0.0187 -0.1059 -0.9942
vn 0.015 -0.0315 0.99939
vn 0.0184 0.0087 0.99979
vn -0.0227 -0.0822 -0.99636
vn 0.0305 -0.0909 -0.99539
vn 0.0491 -0.1308 -0.99019
vn -0.0072 -0.1505 -0.98858
vn 0.0529 -0.13641 -0.98924
vn 0.0107 -0.1201 -0.9927
vn -0.0142 -0.14069 -0.98995
vn -0.0443 -0.16039 -0.98606
vn -0.0276 -0.0778 -0.99659
vn 0.0391 0.0052 0.99922
vn 0.0256 -0.0007 0.99967
vn 0.0289 -0.0223 0.99933
vn -0.0012 -0.0563 0.99841
vn 0.0131 -0.0442 0.99894
vn -0.031 -0.0952 -0.99498
vn -0.0525 -0.16229 -0.98535
vn -0.0045 -0.0304 -0.99953
vn -0.0285 -0.11931 -0.99245
vn 0.0052 -0.0491 0.99878
vn -0.0157 -0.0401 0.99907
vn -0.0056 -0.0354 0.99936
vn -0.0299 -0.0685 -0.9972
vn -0.0236 -0.131 -0.9911
vn -0.0216 -0.0805 -0.99652
vn 0.0643 0.0457 -0.99688
vn -0.0035 -0.0734 -0.9973
vn 0.0772 0.0501 -0.99576
vn 0.14371 0.16031 -0.97655
vn 0.0385 0.0212 0.99903
vn 0.0433 0.062 0.99714
vn 0.0926 0.0406 0.99488
vn 0.0213 0 0.99977
vn 0.2387 0.1558 -0.95851
vn 0.1097 0.1505 -0.9825
vn 0.2328 0.2062 -0.95041
vn 0.12359 0.0127 -0.99225
vn 0.2174 0.2519 -0.94302
vn 0.1438 0.0986 -0.98468
vn 0.22509 0.0337 -0.97376
vn 0.0621 -0.0177 -0.99791
vn 0.045 0.012 0.99891
vn 0.0573 0.0278 0.99797
vn 0.0264 -0.0011 0.99965
vn 0.0786 -0.0065 -0.99689
vn 0.026 -0.0544 -0.99818
vn -0.0161 -0.0672 -0.99761
vn 0.0321 0.0018 0.99948
vn 0.0079 -0.0019 0.99997
vn -0.0095 -0.006 0.99994
vn -0.0065 -0.0155 0.99986
vn -0.0136 -0.0617 -0.998
vn -0.0367 -0.0708 -0.99682
vn -0.0681 -0.0675 -0.99539
vn -0.0489 -0.0626 -0.99684
vn -0.0187 -0.0017 0.99982
vn -0.0309 -0.0186 0.99935
vn -0.0305 -0.0233 0.99926
vn -0.0336 -0.0121 0.99936
vn -0.041 -0.069 -0.99677
vn -0.0171 -0.0729 -0.99719
vn -0.0096 -0.0542 -0.99848
vn -0.0322 -0.0541 -0.99802
vn -0.0694 -0.0233 0.99732
vn -0.0409 -0.0123 0.99909
vn -0.0512 -0.0341 0.99811
vn -0.0063 -0.0381 -0.99925
vn 0.0205 -0.0431 -0.99886
vn -0.0401 -0.0498 -0.99795
vn -0.0043 -0.0331 -0.99944
vn -0.0808 -0.0211 0.99651
vn -0.0288 -0.0366 -0.99891
vn -0.0367 -0.0626 -0.99736
vn -0.0678 -0.0616 -0.9958
vn -0.0844 -0.0265 0.99608
vn -0.1179 -0.0499 0.99177
vn -0.17081 -0.0623 0.98333
vn -0.20059 -0.0959 -0.97497
vn -0.16421 -0.0897 -0.98234
vn -0.25749 -0.0858 -0.96246
vn -0.1287 -0.0715 -0.9891
vn -0.22539 -0.0966 -0.96947
vn -0.16679 -0.0759 -0.98307
vn -0.19901 -0.0881 -0.97603
vn -0.20971 -0.0961 -0.97303
vn -0.2032 -0.0568 0.97749
vn -0.35479 -0.1234 0.92677
vn -0.3774 -0.1292 0.91699
vn -0.5316 -0.0701 0.84409
vn -0.4517 -0.1344 0.88199
vn -0.48011 -0.1492 0.86442
vn -0.49898 -0.17829 -0.84807
vn -0.1952 -0.0666 -0.9785
vn -0.20989 -0.0586 -0.97597
vn -0.19349 -0.0784 -0.97796
vn -0.59757 -0.09679 0.79596
vn -0.75471 -0.1921 0.62731
vn -0.90964 -0.21471 0.35561
vn -0.76153 -0.15381 0.62962
vn -0.60928 -0.22119 0.76148
vn -0.858 -0.2696 0.4372
vn -0.80739 -0.1938 0.55729
vn -0.77394 -0.13111 0.61953
vn -0.92566 -0.14029 0.35138
vn -0.98721 -0.1391 0.0779
vn -0.95775 -0.28341 -0.049
vn -0.916 -0.272 -0.2949
vn -0.82732 -0.27161 -0.49171
vn -0.94049 -0.2332 -0.2472
vn -0.56462 -0.0944 -0.81993
vn -0.36501 -0.0882 -0.92682
vn -0.679 -0.235 -0.6955
vn -0.58159 -0.1605 -0.79749
vn 0.8298 -0.1144 0.5462
vn 0.91713 -0.0958 0.38691
vn 0.80759 -0.0558 0.58709
vn 0.53919 -0.0996 0.83628
vn 0.5545 -0.1143 0.8243
vn 0.59638 -0.1355 0.79118
vn 0.6834 -0.18 0.7075
vn 0.67961 -0.1419 0.71971
vn 0.68409 -0.1927 0.70349
vn 0.91234 -0.0527 0.40602
vn 0.9335 0.214 0.2877
vn 0.3609 0.0005 0.9326
vn 0.2365 -0.038 0.97089
vn 0.42422 -0.0701 0.90284
vn 0.52377 -0.0348 0.85115
vn 0.48701 -0.0644 0.87102
vn 0.62841 -0.1016 0.77122
vn 0.91372 -0.0814 0.39811
vn 0.9828 -0.101 0.1546
vn 0.98475 -0.17221 -0.0246
vn 0.94668 -0.1514 -0.28439
vn 0.98902 -0.106 -0.103
vn 0.93568 -0.0722 -0.34539
vn 0.95498 -0.1995 -0.21959
vn 0.6551 0.0781 -0.7515
vn 0.47671 -0.0386 -0.87821
vn 0.46079 -0.0157 -0.88737
vn 0.33279 -0.0704 -0.94037
vn 0.46451 -0.135 -0.87522
vn 0.1587 -0.0215 0.98709
vn 0.14449 -0.0297 0.98906
vn 0.1032 -0.0065 0.99464
vn 0.2883 -0.0355 -0.95688
vn 0.26891 -0.0543 -0.96163
vn 0.25271 -0.0372 -0.96683
vn 0.3606 -0.0876 -0.9286
vn 0.20969 -0.064 -0.97567
vn 0.0759 -0.005 0.9971
vn 0.1185 -0.0214 0.99272
vn 0.0717 -0.0251 0.99711
vn 0.0817 -0.0091 0.99662
vn 0.0947 -0.0164 0.99537
vn 0.0955 -0.0408 -0.99459
vn 0.0456 -0.0545 -0.99747
vn 0.0657 -0.038 -0.99712
vn 0.0221 -0.0593 -0.998
vn 0.0363 -0.0614 -0.99745
vn 0.1058 -0.0112 0.99432
vn 0.0708 -0.0137 0.9974
vn 0.0876 -0.0505 -0.99488
vn 0.0682 -0.0424 -0.99677
vn 0.0676 -0.0529 -0.99631
vn 0.0626 -0.0367 -0.99736
vn 0.0477 -0.0206 0.99865
vn 0.0756 -0.0272 0.99677
vn 0.0514 -0.0105 0.99862
vn 0.0235 0.0058 0.99971
vn 0.0095 -0.0532 -0.99854
vn -0.0087 -0.0363 -0.9993
vn 0.0123 -0.0373 -0.99923
vn -0.0026 -0.016 -0.99987
vn -0.0119 -0.0196 -0.99974
vn -0.0276 0.0168 0.99948
vn -0.0152 -0.0043 0.99988
vn -0.0122 -0.0032 0.99992
vn -0.041 0.0074 -0.99913
vn -0.0611 -0.0003 -0.99813
vn -0.1233 0.031 -0.99189
vn -0.1027 0.0302 -0.99425
vn -0.0419 0.0108 0.99906
vn -0.0456 0.0027 0.99896
vn -0.057 0.0179 0.99821
vn -0.041 0.0024 0.99916
vn -0.015 -0.0093 0.99984
vn 0.0135 0.009 0.99987
vn -0.0073 0.0042 0.99996
vn -0.1218 0.0883 -0.98862
vn -0.28291 0.0591 -0.95732
vn -0.14931 0.065 -0.98665
vn -0.1181 0.0383 -0.99226
vn -0.24351 0.1249 -0.96182
vn 0.0242 -0.0732 -0.99702
vn 0.0504 -0.0194 -0.99854
vn -0.1661 -0.0614 -0.9842
vn -0.0774 -0.0227 -0.99674
vn -0.0038 -0.0297 0.99955
vn -0.0036 -0.0463 0.99892
vn 0.0166 -0.0671 -0.99761
vn 0.0138 -0.0678 -0.9976
vn -0.0953 -0.0018 -0.99545
vn 0.1174 -0.1271 -0.98492
vn 0.0021 -0.0954 -0.99544
vn -0.0203 -0.0759 -0.99691
vn 0.0272 -0.1013 -0.99448
vn 0.0312 -0.1271 -0.9914
vn 0.0296 -0.0982 -0.99473
vn 0.0489 -0.0734 -0.9961
vn -0.0146 -0.0546 -0.9984
vn 0.0055 -0.0392 -0.99922
vn -0.0053 0.0129 -0.9999
vn 0.0094 0.0318 0.99945
vn 0.007 -0.0318 0.99947
vn 0.0204 -0.0333 0.99924
vn 0.0228 -0.0828 0.99631
vn -0.0544 0.0984 -0.99366
vn -0.0134 -0.0328 -0.99937
vn -0.0219 -0.0757 -0.99689
vn 0.0619 0.1026 -0.99279
vn -0.0513 0.21061 -0.97622
vn 0.0248 0.0198 0.9995
vn -0.0073 -0.0584 0.99827
vn -0.0304 -0.0636 0.99751
vn 0.0085 0.0248 -0.99966
vn -0.0385 -0.1087 -0.99333
vn -0.0776 -0.0958 -0.99237
vn -0.0156 -0.0396 -0.99909
vn 0.0047 -0.0243 0.99969
vn 0.002 -0.0497 0.99876
vn -0.0027 -0.0274 0.99962
vn -0.089 -0.113 -0.9896
vn -0.0527 -0.0803 -0.99538
vn -0.0812 -0.0427 0.99578
vn -0.0169 -0.0365 0.99919
vn -0.0444 -0.0583 0.99731
vn -0.0119 -0.0205 0.99972
vn -0.0557 -0.0055 0.99843
vn -0.0635 0.0222 0.99773
vn 0.0287 0.0364 0.99893
vn 0.0636 -0.0132 0.99789
vn -0.0047 -0.0546 -0.9985
vn 0.0456 -0.0867 -0.99519
vn -0.0029 -0.0578 -0.99832
vn 0.0884 0.0279 -0.99569
vn 0.0813 0.0409 -0.99585
vn 0.20629 0.1554 -0.96607
vn 0.29201 0.0744 -0.95352
vn 0.0677 0.0188 0.99753
vn 0.38581 0.1324 -0.91303
vn 0.2603 0.0607 -0.96362
vn 0.0958 -0.007 -0.99538
vn 0.1063 -0.0042 -0.99432
vn 0.2202 0.0756 -0.97252
vn 0.0526 0.0106 0.99856
vn 0.0251 -0.0359 -0.99904
vn -0.0021 -0.0393 -0.99923
vn -0.0378 -0.0506 -0.998
vn -0.0559 -0.0368 -0.99776
vn -0.0176 0.0096 0.9998
vn -0.0592 -0.0455 -0.99721
vn -0.0385 -0.0373 -0.99856
vn -0.0349 -0.0292 -0.99896
vn -0.0564 -0.0286 -0.998
vn -0.0433 -0.0037 0.99906
vn -0.0076 -0.0278 -0.99958
vn 0.0091 -0.0311 -0.99947
vn -0.0279 -0.0248 -0.9993
vn -0.013 -0.0266 -0.99956
vn -0.0688 -0.0107 0.99757
vn -0.031 -0.0275 -0.99914
vn -0.0637 -0.0384 -0.99723
vn -0.0742 -0.0318 -0.99674
vn -0.0738 0.0036 0.99727
vn -0.0744 -0.0144 0.99712
vn -0.0676 -0.0285 0.99731
vn -0.1141 -0.0347 0.99286
vn -0.16491 -0.0698 -0.98384
vn -0.18959 0.006 0.98185
vn -0.28829 -0.0452 0.95648
vn -0.47379 -0.0429 0.87959
vn -0.55827 -0.0716 0.82656
vn -0.2154 -0.0472 -0.97539
vn -0.2109 -0.0423 -0.97659
vn -0.2197 -0.0302 -0.9751
vn -0.34099 -0.0726 -0.93726
vn -0.64453 -0.0975 0.75834
vn -0.81332 -0.0974 0.57361
vn -0.82159 -0.1083 0.55969
vn -0.69132 -0.1386 0.70913
vn -0.61178 -0.1061 0.78388
vn -0.58163 -0.0288 0.81294
vn -0.6984 -0.0862 0.7105
vn -0.71229 -0.1162 0.69219
vn -0.93716 -0.1019 0.33369
vn -0.99082 -0.11 0.0786
vn -0.93446 -0.09221 0.34392
vn -0.98727 -0.1485 -0.057
vn -0.97632 -0.1094 -0.1866
vn -0.93061 -0.0632 -0.36051
vn -0.93995 -0.13541 -0.31332
vn -0.46272 -0.12981 -0.87695
vn -0.43402 -0.0651 -0.89855
vn -0.60829 0.1393 -0.78139
vn -0.42979 -0.17819 -0.88517
vn -0.26849 -0.1029 -0.95777
vn 0.88442 -0.0397 0.46501
vn 0.90204 -0.03 0.43062
vn 0.81523 0.0242 0.57862
vn 0.94778 -0.0627 0.31269
vn 0.60282 -0.0324 0.79722
vn 0.49859 -0.0249 0.86648
vn 0.59229 -0.0881 0.80089
vn 0.86201 -0.0541 0.504
vn 0.80597 -0.0956 0.58418
vn 0.57332 -0.0037 0.81932
vn 0.32649 0.0479 0.94398
vn 0.2199 -0.002 0.97552
vn 0.35608 -0.0236 0.93416
vn 0.50591 0.0252 0.86222
vn 0.37259 -0.0041 0.92799
vn 0.92084 -0.0066 0.38988
vn 0.98591 -0.0268 0.1651
vn 0.99309 -0.08 0.0859
vn 0.98884 -0.0764 -0.12791
vn 0.89983 -0.0522 -0.43311
vn 0.98571 -0.0228 -0.1669
vn 0.8825 0.0042 -0.4703
vn 0.80168 -0.0496 -0.59569
vn 0.85412 -0.0301 -0.51921
vn 0.3107 -0.0006 -0.95051
vn 0.2962 -0.0146 -0.95501
vn 0.39541 -0.0427 -0.91751
vn 0.26589 -0.0102 -0.96395
vn 0.16979 0.0154 0.98536
vn 0.1323 -0.0079 0.99118
vn 0.3554 0.0018 -0.93471
vn 0.35702 0.022 -0.93384
vn 0.27149 -0.0191 -0.96225
vn 0.1947 -0.0459 -0.97979
vn 0.1849 -0.0472 -0.98162
vn 0.079 0.0075 0.99685
vn 0.0666 0.0087 0.99774
vn 0.0676 -0.0296 0.99727
vn 0.0907 -0.0328 -0.99534
vn 0.043 -0.03 -0.99862
vn 0.0651 -0.0315 -0.99738
vn 0.0521 -0.0367 -0.99797
vn 0.0532 0.0104 0.99853
vn 0.0559 0.0024 0.99843
vn 0.0596 -0.0299 -0.99777
vn 0.0667 -0.0256 -0.99744
vn 0.0632 -0.0087 -0.99796
vn 0.0646 -0.0074 -0.99788
vn 0.0235 0.0036 0.99972
vn 0.03 -0.0001 0.99955
vn -0.001 0.0055 0.99998
vn 0.0282 0.0044 0.99959
vn 0.0188 -0.0051 0.99981
vn 0.0582 -0.0181 -0.99814
vn 0.0057 -0.0237 -0.9997
vn 0.0483 -0.0095 -0.99879
vn -0.0062 -0.0301 -0.99953
vn -0.0247 -0.0239 -0.99941
vn -0.0457 -0.017 -0.99881
vn -0.0282 -0.0383 -0.99887
vn -0.0151 -0.0036 0.99988
vn -0.028 0.0155 0.99949
vn -0.0615 -0.0583 -0.9964
vn -0.1091 -0.0009 -0.99403
vn -0.22471 -0.0189 -0.97424
vn -0.1314 -0.0589 -0.98958
vn -0.0427 0.0071 0.99906
vn -0.0138 0.0114 0.99984
vn -0.0432 -0.0043 0.99906
vn 0.0859 -0.0453 0.99527
vn 0.0482 0.0025 0.99883
vn 0.0169 -0.0036 0.99985
vn -0.2161 -0.0335 -0.9758
vn -0.23291 0.0121 -0.97242
vn 0.14849 -0.0477 -0.98776
vn -0.0573 -0.0612 -0.99648
vn 0.107 -0.0479 -0.9931
vn 0.0229 -0.05 -0.99849
vn 0.0174 -0.0511 -0.99854
vn 0.0141 -0.0047 0.99989
vn 0.0402 -0.0318 0.99869
vn 0.0648 -0.0463 -0.99682
vn 0.0531 -0.075 -0.99577
vn 0.0386 -0.1131 -0.99283
vn 0.0494 -0.0486 -0.9976
vn -0.0013 -0.015 0.99989
vn 0.022 -0.0294 0.99933
vn -0.0098 0 0.99995
vn 0.0134 -0.0327 0.99938
vn 0.0018 -0.0982 -0.99517
vn -0.089 -0.0411 -0.99518
vn -0.0722 -0.0307 -0.99692
vn 0.0311 -0.1185 -0.99247
vn -0.0017 0.0265 0.99965
vn 0.0295 -0.0111 0.9995
vn -0.0033 -0.0075 0.99997
vn 0.0299 -0.0991 -0.99463
vn -0.1725 0.2014 -0.9642
vn -0.0788 0.1692 -0.98243
vn 0.2252 -0.4394 -0.8696
vn 0.045 -0.476 -0.87829
vn 0.0933 -0.1728 -0.98053
vn -0.085 0.15999 -0.98345
vn 0.0224 -0.0854 0.9961
vn 0.0277 -0.039 0.99886
vn -0.0153 -0.0365 0.99922
vn 0.0521 0.1615 -0.9855
vn -0.1205 0.1681 -0.97838
vn -0.0532 -0.44298 -0.89495
vn -0.1838 -0.43009 -0.88388
vn -0.0737 -0.1599 -0.98438
vn 0.0321 -0.0169 0.99934
vn 0.0343 -0.028 0.99902
vn 0.0484 -0.0233 0.99856
vn 0.0179 -0.0081 0.99981
vn 0.0207 -0.0212 0.99956
vn -0.16179 -0.57068 -0.80507
vn -0.1175 -0.1982 -0.97309
vn -0.0985 -0.15401 -0.98315
vn 0.0662 -0.0572 -0.99617
vn 0.054 0.1721 -0.9836
vn 0.40159 0.65839 -0.63659
vn 0.0827 0.0593 -0.99481
vn 0.0314 -0.0468 -0.99841
vn 0.0286 -0.0953 -0.99504
vn -0.0479 -0.0219 0.99861
vn -0.0054 -0.0278 0.9996
vn -0.0186 -0.0795 -0.99666
vn -0.091 -0.0845 -0.99226
vn -0.0609 -0.0517 -0.9968
vn -0.0251 -0.0402 -0.99888
vn 0.0056 -0.006 0.99997
vn -0.0364 -0.0322 0.99882
vn -0.0096 -0.0156 0.99983
vn -0.078 -0.015 0.99684
vn -0.0056 -0.0371 -0.9993
vn 0.0065 0.0017 0.99998
vn 0.0774 0.0089 0.99696
vn -0.0101 -0.0232 0.99968
vn 0.061 0.035 0.99752
vn 0.0504 0.0248 0.99842
vn 0.0636 0.018 0.99781
vn 0.0967 0.0522 -0.99394
vn -0.2089 -0.0406 -0.97709
vn -0.0664 -0.1054 -0.99221
vn -0.0959 -0.0516 -0.99405
vn 0.0358 -0.0398 -0.99857
vn 0.32439 0.1529 -0.93348
vn 0.2459 0.0439 -0.9683
vn 0.5077 0.044 -0.86041
vn 0.2717 0.1789 -0.94561
vn 0.075 0.0316 0.99668
vn 0.0636 0.0123 0.9979
vn 0.0218 -0.0018 0.99976
vn 0.0202 0.019 0.99962
vn 0.3842 0.0501 -0.92189
vn 0.0803 0.0036 -0.99676
vn 0.0463 0 -0.99893
vn -0.0503 -0.0077 -0.9987
vn -0.0597 -0.0254 -0.99789
vn -0.0131 0.0035 0.99991
vn -0.0486 -0.0384 -0.99808
vn -0.0287 -0.0426 -0.99868
vn -0.0158 0.0026 0.99987
vn -0.0269 -0.0006 0.99964
vn -0.0191 0.0125 0.99974
vn -0.0241 -0.0053 0.9997
vn -0.0139 -0.003 0.9999
vn -0.0011 -0.0358 -0.99936
vn -0.0031 -0.095 -0.99547
vn -0.021 -0.0471 -0.99867
vn -0.0657 -0.0045 0.99783
vn -0.0314 -0.0043 0.9995
vn -0.1031 0.0011 0.99467
vn -0.0223 -0.0471 -0.99864
vn -0.0346 -0.0576 -0.99774
vn -0.0664 -0.0257 -0.99746
vn -0.0969 -0.0307 -0.99482
vn -0.0776 0.0019 0.99698
vn -0.0811 0.0019 0.9967
vn -0.1506 -0.0271 -0.98822
vn -0.1214 -0.0213 -0.99238
vn -0.1955 -0.0342 -0.98011
vn -0.1621 -0.0031 0.98677
vn -0.1188 0.0125 0.99284
vn -0.24651 -0.002 0.96914
vn -0.3968 -0.0273 0.9175
vn -0.41519 -0.0318 0.90918
vn -0.2379 -0.0362 -0.97061
vn -0.22549 -0.0457 -0.97317
vn -0.31089 -0.0265 -0.95008
vn -0.55223 -0.0438 0.83254
vn -0.4285 0.008 0.90351
vn -0.55517 0.036 0.83096
vn -0.56488 -0.0224 0.82487
vn -0.59551 0.0198 0.80311
vn -0.83663 0.0166 0.54752
vn -0.93021 -0.0214 0.3664
vn -0.85926 -0.0125 0.51138
vn -0.84338 -0.1185 0.52409
vn -0.82865 -0.0726 0.55504
vn -0.99426 -0.0266 0.1036
vn -0.92241 -0.0125 0.38601
vn -0.99567 -0.0631 -0.0682
vn -0.92667 -0.0481 -0.37279
vn -0.97545 -0.025 -0.21879
vn -0.9198 0.0082 -0.3923
vn -0.47142 -0.0544 -0.88023
vn -0.46279 0.0184 -0.88628
vn -0.37982 0.0045 -0.92505
vn -0.60729 0.1237 -0.78479
vn 0.99637 0.0183 0.0831
vn 0.9868 0.0363 -0.1578
vn 0.83259 0.0365 0.55269
vn 0.91408 0.0444 0.40309
vn 0.77527 0.0948 0.62448
vn 0.56931 0.0363 0.82132
vn 0.45069 0.0326 0.89208
vn 0.5416 -0.0147 0.84051
vn 0.86137 -0.03 0.50708
vn 0.83031 -0.0277 0.55661
vn 0.54229 0.0662 0.83758
vn 0.3096 0.0578 0.94911
vn 0.2084 0.0408 0.97719
vn 0.34329 0.0164 0.93908
vn 0.48901 0.0694 0.86951
vn 0.3259 0.0273 0.94501
vn 0.90875 0.0552 0.41368
vn 0.98579 0.0466 0.1614
vn 0.91003 0.0562 -0.41071
vn 0.32659 -0.0026 -0.94516
vn 0.33459 0.0454 -0.94127
vn 0.29739 0.0002 -0.95476
vn 0.7822 -0.0167 -0.6228
vn 0.8596 0.013 -0.5108
vn 0.83383 -0.0035 -0.55202
vn 0.7616 0.0141 -0.6479
vn 0.33528 -0.0109 -0.94205
vn 0.29151 -0.0164 -0.95643
vn 0.2814 -0.0024 -0.95959
vn 0.18451 0.0309 0.98234
vn 0.1522 0.0326 0.98781
vn 0.2328 0.0543 0.97101
vn 0.1195 0.0157 0.99271
vn 0.2931 0.0122 -0.956
vn 0.2743 -0.0084 -0.96161
vn 0.32258 -0.013 -0.94645
vn 0.2021 -0.0301 -0.9789
vn 0.2067 -0.0238 -0.97811
vn 0.17359 -0.0302 -0.98435
vn 0.106 -0.0302 -0.99391
vn 0.0919 0.0221 0.99552
vn 0.0688 0.0256 0.9973
vn 0.0802 0.0292 0.99635
vn 0.0724 -0.0206 -0.99716
vn 0.044 -0.0312 -0.99854
vn 0.0416 -0.0234 -0.99886
vn 0.0696 0.0345 0.99698
vn 0.0546 -0.0216 -0.99827
vn 0.0539 -0.0186 -0.99837
vn 0.0402 -0.0233 -0.99892
vn 0.0719 -0.0335 -0.99685
vn 0.0318 0.024 0.99921
vn 0.0284 0.0056 0.99958
vn 0.0528 -0.0265 -0.99825
vn 0.0146 -0.0421 -0.99901
vn -0.0094 -0.0338 -0.99938
vn -0.019 -0.0449 -0.99881
vn -0.0327 -0.0127 0.99938
vn -0.0264 0.0138 0.99956
vn -0.0199 -0.0048 0.99979
vn -0.0385 0.0329 0.99872
vn -0.0725 -0.0291 -0.99694
vn -0.1443 -0.0329 -0.98899
vn -0.1844 -0.033 -0.9823
vn -0.0223 -0.0044 0.99974
vn 0.0144 0.0244 0.9996
vn -0.04 0.018 0.99904
vn 0.0533 0.0224 0.99833
vn 0.1087 0.0439 0.9931
vn -0.23749 -0.0258 -0.97105
vn -0.0886 0.0043 -0.99606
vn 0.0596 -0.0147 -0.99811
vn -0.0551 -0.0052 -0.99847
vn -0.242 0.0309 -0.96979
vn 0.0368 -0.0197 -0.99913
vn 0.0255 -0.0124 -0.9996
vn 0.0702 -0.0088 0.99749
vn 0.0563 0.0166 0.99828
vn 0.10051 -0.0192 -0.99475
vn 0.1063 -0.0458 -0.99328
vn 0.0859 -0.0206 -0.99609
vn -0.0205 0.0361 0.99914
vn 0.0285 0.0331 0.99905
vn 0.0379 -0.0314 0.99879
vn -0.0071 -0.0226 -0.99972
vn -0.0686 -0.032 -0.99713
vn 0.0086 -0.0672 -0.9977
vn -0.0785 -0.0507 -0.99562
vn -0.0326 0.0487 0.99828
vn 0.0464 0.051 0.99762
vn -0.0406 0.0393 0.9984
vn 0.0082 -0.0384 -0.99923
vn 0.1235 -0.044 -0.99137
vn 0.0058 0.0071 -0.99996
vn 0.0278 0.0461 -0.99855
vn 0.0036 -0.0258 -0.99966
vn 0.028 0.0697 0.99718
vn 0.0179 0.0301 0.99939
vn 0.0429 0.0275 0.9987
vn -0.0194 0.0306 -0.99934
vn -0.0361 0.032 -0.99884
vn -0.0001 -0.1758 -0.98443
vn -0.0641 -0.0147 -0.99784
vn -0.0008 0.0822 0.99662
vn -0.0417 0.0412 0.99828
vn -0.0003 -0.053 0.99859
vn 0.0421 0.0456 0.99807
vn 0.0513 0.0436 0.99773
vn 0.0649 0.0304 0.99743
vn 0.0377 0.0265 0.99894
vn -0.0573 -0.0022 -0.99835
vn -0.0287 -0.045 -0.99857
vn -0.0328 0.0103 0.99941
vn -0.0308 -0.0162 0.99939
vn -0.0169 0.0497 0.99862
vn -0.022 0.0363 0.9991
vn 0.0295 -0.0242 -0.99927
vn 0.0574 -0.0536 -0.99691
vn -0.0049 -0.027 -0.99962
vn -0.0973 -0.0598 -0.99346
vn -0.127 -0.0494 -0.99067
vn -0.0831 0.0186 -0.99637
vn -0.0098 0.0223 0.9997
vn -0.0462 -0.0022 0.99893
vn -0.0681 0.0286 0.99727
vn -0.0673 -0.0051 0.99772
vn -0.0421 -0.044 -0.99814
vn 0.0191 -0.0613 -0.99794
vn 0.0632 -0.0498 -0.99676
vn -0.1149 -0.024 -0.99309
vn -0.0315 -0.018 -0.99934
vn -0.0343 0.0208 0.9992
vn 0.0362 0.0072 0.99932
vn -0.19889 0.0172 -0.97987
vn -0.1097 -0.0063 -0.99394
vn 0.37759 0.0126 -0.92589
vn 0.1962 -0.0462 -0.97948
vn -0.1008 -0.0545 -0.99341
vn 0.1084 0.0279 0.99372
vn 0.0333 0.0164 0.99931
vn 0.0175 0.0024 0.99984
vn 0.39908 -0.0893 -0.91256
vn 0.1394 -0.0034 -0.99023
vn 0.083 -0.0502 -0.99528
vn 0.0214 -0.0192 -0.99959
vn -0.0233 -0.0429 -0.99881
vn 0.0036 -0.0371 -0.99931
vn -0.0076 -0.0517 -0.99863
vn -0.0255 -0.057 -0.99805
vn -0.0358 -0.053 -0.99795
vn 0.0099 -0.0686 -0.9976
vn -0.0064 -0.0765 -0.99705
vn -0.0112 0.0212 0.99971
vn -0.0227 0.0064 0.99972
vn -0.034 0.0093 0.99938
vn -0.038 0.0053 0.99926
vn -0.0077 -0.0329 -0.99943
vn -0.0116 -0.0651 -0.99781
vn -0.0726 -0.0462 -0.99629
vn -0.0463 -0.0064 -0.99891
vn -0.0837 0.0077 0.99646
vn -0.0813 0.0206 0.99648
vn -0.0806 -0.0352 -0.99612
vn -0.0757 -0.0253 -0.99681
vn -0.0818 -0.009 -0.99661
vn -0.0972 -0.0209 -0.99505
vn -0.0893 0.0238 0.99572
vn -0.0939 0.0156 0.99546
vn -0.0718 -0.0035 0.99741
vn -0.098 0.0283 0.99478
vn -0.10591 0.016 0.99425
vn -0.1399 -0.0185 -0.98999
vn -0.1814 -0.0136 -0.98331
vn -0.15719 0.0373 0.98686
vn -0.2344 0.0169 0.97199
vn -0.40572 0.0598 0.91204
vn -0.42468 0.0355 0.90465
vn -0.451 0.0277 0.8921
vn -0.2287 -0.0236 -0.97321
vn -0.2277 -0.0247 -0.97342
vn -0.32671 -0.0024 -0.94512
vn -0.34069 -0.0005 -0.94018
vn -0.28729 -0.0177 -0.95768
vn -0.54778 0.0157 0.83647
vn -0.5691 -0.0105 0.8222
vn -0.52232 0.1053 0.84623
vn -0.5689 0.0588 0.8203
vn -0.81998 0.07 0.56809
vn -0.91996 0.0426 0.38968
vn -0.89435 0.0395 0.44562
vn -0.96242 0.0116 0.27131
vn -0.83129 -0.0356 0.55469
vn -0.89832 -0.0056 0.43931
vn -0.99275 0.0392 0.11361
vn -0.92268 0.0435 0.38309
vn -0.99762 0.0065 -0.0686
vn -0.91538 -0.0013 -0.40259
vn -0.97439 0.0331 -0.2224
vn -0.92043 0.0616 -0.38601
vn -0.4644 -0.0074 -0.8856
vn -0.46921 0.0415 -0.88211
vn -0.4204 0.0369 -0.90659
vn -0.58638 0.1234 -0.80058
vn 0.80392 0.1054 0.58532
vn 0.91673 0.1109 0.38381
vn 0.75074 0.15471 0.64223
vn 0.85249 0.0389 0.52129
vn 0.8012 0.0327 0.5975
vn 0.58459 0.0904 0.80628
vn 0.53889 0.1158 0.83438
vn 0.3421 0.0593 0.93779
vn 0.37432 0.0501 0.92595
vn 0.9596 0.1346 0.2471
vn 0.97339 0.114 0.1988
vn 0.99561 0.0605 0.0714
vn 0.98762 0.0751 -0.1377
vn 0.9481 0.0839 -0.3067
vn 0.98704 0.16031 -0.0072
vn 0.95785 0.12799 -0.25719
vn 0.63041 0.1546 -0.76071
vn 0.3931 0.0359 -0.9188
vn 0.43489 0.0709 -0.89769
vn 0.87345 0.0362 -0.48557
vn 0.82002 0.0616 -0.56901
vn 0.389 -0.0346 -0.92059
vn 0.35809 -0.0199 -0.93347
vn 0.29669 0.0147 -0.95486
vn 0.1951 0.0625 0.97879
vn 0.17431 0.0387 0.98393
vn 0.21629 0.039 0.97555
vn 0.15519 0.0786 0.98475
vn 0.36159 -0.0107 -0.93228
vn 0.2164 0.0052 -0.97629
vn 0.19861 -0.008 -0.98005
vn 0.11379 -0.0099 -0.99345
vn 0.1103 0.0448 0.99289
vn 0.1239 0.0336 0.99173
vn 0.0754 0.0239 0.99687
vn 0.0496 0.0209 0.99855
vn 0.0512 0.0341 0.99811
vn 0.0899 -0.0142 -0.99585
vn 0.0502 -0.022 -0.9985
vn 0.0697 -0.0034 -0.99756
vn 0.0841 -0.0038 -0.99645
vn 0.0745 -0.0172 -0.99707
vn 0.0326 0.0436 0.99852
vn 0.0444 0.0275 0.99864
vn 0.0154 0.0508 0.99859
vn 0.0195 0.0181 0.99965
vn 0.053 0.0083 -0.99856
vn 0.0378 -0.011 -0.99922
vn 0.0454 -0.0541 -0.9975
vn 0.0471 -0.0193 -0.9987
vn 0.054 0.0023 -0.99854
vn 0.0519 -0.0248 -0.99834
vn -0.0171 -0.0462 -0.99879
vn -0.0301 -0.0405 -0.99873
vn -0.0069 -0.0408 -0.99914
vn -0.0352 0.0223 0.99913
vn -0.036 0.0329 0.99881
vn -0.043 0.0343 0.99849
vn -0.0419 0.0397 0.99833
vn -0.0699 0.0315 0.99706
vn -0.058 -0.0581 -0.99662
vn -0.1484 -0.0526 -0.98753
vn -0.1868 -0.0752 -0.97951
vn -0.026 0.0405 0.99884
vn -0.029 0.0452 0.99856
vn -0.0422 0.0166 0.99897
vn 0.0131 0.0369 0.99923
vn 0.02 0.0315 0.9993
vn 0.042 0.036 0.99847
vn -0.40771 -0.1552 -0.89982
vn -0.34159 -0.0358 -0.93917
vn -0.2662 -0.0248 -0.9636
vn 0.078 -0.0179 -0.99679
vn 0.35009 0.1036 -0.93097
vn 0.0339 -0.0085 -0.99939
vn 0.0512 0.0296 -0.99825
vn 0.30272 0.08751 -0.94905
vn 0.0271 0.0264 0.99928
vn 0.0199 0.0593 0.99804
vn 0.0198 0.0512 0.99849
vn -0.0044 0.0136 0.9999
vn 0.0056 0.0468 0.99889
vn 0.0268 0.0211 -0.99942
vn 0.1024 0.03 -0.99429
vn 0.0575 0.0247 -0.99804
vn 0.0873 0.06 -0.99437
vn 0.0109 0.0469 0.99884
vn 0.0028 0.0382 0.99927
vn 0.0032 0.0539 0.99854
vn 0.0517 0.0557 -0.99711
vn -0.0243 -0.0076 -0.99968
vn -0.0536 -0.0692 -0.99616
vn 0.0609 0.0822 -0.99475
vn -0.0133 0.0102 0.99986
vn 0.0073 0.0143 0.99987
vn -0.0502 0.0249 0.99843
vn -0.0105 -0.05 -0.99869
vn -0.0328 -0.0683 -0.99713
vn 0.0045 -0.0217 -0.99975
vn -0.0393 -0.0672 -0.99697
vn -0.0085 0.0083 0.99993
vn -0.0057 0.0611 0.99812
vn 0.0192 0.0473 0.9987
vn -0.0136 -0.0519 -0.99856
vn -0.0159 -0.0128 -0.99979
vn 0.0101 -0.045 -0.99894
vn 0.0137 -0.0477 -0.99877
vn 0.0446 0.0567 0.99739
vn 0.0852 0.0346 0.99576
vn 0.0482 0.0372 0.99814
vn 0.0245 -0.0012 0.9997
vn 0.009 0.064 0.99791
vn -0.0059 0.0727 0.99734
vn 0.0111 -0.0373 -0.99924
vn -0.0047 -0.0599 -0.99819
vn 0.0262 -0.0099 -0.99961
vn -0.0486 0.0095 -0.99877
vn 0.0147 0.0571 0.99826
vn -0.0838 0.0583 -0.99478
vn -0.0958 0.0397 -0.99461
vn -0.0706 0.0542 -0.99603
vn -0.0643 0.0597 0.99614
vn -0.0373 0.0718 0.99672
vn -0.0236 0.0367 0.99905
vn -0.0601 0.0976 0.99341
vn -0.051 0.0397 -0.99791
vn -0.0588 0.019 -0.99809
vn 0.0178 -0.0501 -0.99859
vn -0.181 0.0673 -0.98118
vn 0.0475 0.0316 0.99837
vn 0.0423 0.0524 0.99773
vn 0.0662 -0.0432 -0.99687
vn 0.30141 -0.102 -0.94802
vn 0.1226 -0.0657 -0.99028
vn 0.1141 -0.0576 -0.9918
vn 0.0553 0.0292 0.99804
vn 0.0326 0.0383 0.99873
vn 0.0807 0.037 0.99605
vn 0.0235 0.0221 0.99948
vn 0.0064 -0.0329 -0.99944
vn 0.0224 -0.0364 -0.99909
vn 0.0138 -0.0285 -0.9995
vn -0.0021 0.0339 0.99942
vn -0.0089 0.0119 0.99989
vn -0.0104 0.022 0.9997
vn -0.0164 -0.0328 -0.99933
vn 0.0031 -0.0342 -0.99941
vn 0.0382 0.0683 0.99693
vn -0.0146 0.0356 0.99926
vn -0.0316 0.036 0.99885
vn -0.019 -0.0308 -0.99934
vn -0.046 -0.0111 -0.99888
vn -0.0426 -0.0371 -0.9984
vn -0.0506 -0.0222 -0.99847
vn -0.0349 0.0327 0.99886
vn -0.0863 0.0228 0.99601
vn -0.0953 0.0461 0.99438
vn -0.0817 0.0142 0.99656
vn -0.0721 -0.0053 -0.99738
vn -0.0924 -0.0116 -0.99565
vn -0.1048 0.0098 -0.99444
vn -0.1017 0.0591 0.99306
vn -0.0845 0.041 0.99558
vn -0.1035 0.0437 0.99367
vn -0.1178 0.0498 0.99179
vn -0.1019 0.0195 -0.9946
vn -0.1015 0.0016 -0.99483
vn -0.14291 -0.0003 -0.98974
vn -0.1905 0.0118 -0.98162
vn -0.17761 0.0735 0.98135
vn -0.24139 0.0552 0.96886
vn -0.30221 0.1025 0.94772
vn -0.43779 0.0682 0.89649
vn -0.224 0.0339 -0.974
vn -0.24349 0.0092 -0.96986
vn -0.35829 0.0371 -0.93287
vn -0.46 0.0998 0.88229
vn -0.5696 0.0823 0.81779
vn -0.57339 0.1646 0.80258
vn -0.54321 0.0913 0.83462
vn -0.56649 0.0711 0.82099
vn -0.80082 0.1481 0.58031
vn -0.91787 0.1277 0.37579
vn -0.87535 0.11331 0.47003
vn -0.82568 0.013 0.56399
vn -0.8925 0.0334 0.4498
vn -0.99054 0.13381 -0.0304
vn -0.92667 0.1101 0.35939
vn -0.99434 0.0938 -0.0499
vn -0.94275 0.0966 -0.31922
vn -0.9596 0.131 -0.249
vn -0.37481 0.0265 -0.92672
vn -0.48472 0.008 -0.87463
vn -0.49597 0.08319 -0.86435
vn -0.40789 0.0595 -0.91109
vn -0.61773 0.17251 -0.76724
vn 0.75519 0.1986 0.62469
vn 0.86973 0.21171 0.44582
vn 0.7198 0.5498 0.4238
vn 0.83912 0.26701 0.47391
vn 0.63307 0.17279 0.75456
vn 0.58351 0.1361 0.80062
vn 0.3046 0.1144 0.94559
vn 0.4567 0.1083 0.883
vn 0.9229 0.1984 -0.33
vn 0.94575 0.19211 -0.26201
vn 0.92468 0.1804 -0.33529
vn 0.92537 0.25129 0.28379
vn 0.2975 0.1547 -0.9421
vn 0.49522 0.11931 -0.86054
vn 0.42692 0.0754 -0.90114
vn 0.57169 0.1492 -0.80679
vn 0.39162 0.0573 -0.91834
vn 0.3012 0.0507 -0.95221
vn 0.409 0.0654 -0.91019
vn 0.22721 0.1124 0.96734
vn 0.1951 0.0713 0.97819
vn 0.23029 0.0878 0.96915
vn 0.1799 0.0789 0.98051
vn 0.1397 0.0646 0.98808
vn 0.31202 0.0678 -0.94765
vn 0.24231 0.0302 -0.96973
vn 0.21189 0.0351 -0.97666
vn 0.1401 0.0074 -0.99011
vn 0.17911 0.061 -0.98194
vn 0.3065 0.0644 -0.94969
vn 0.1388 0.0659 0.98812
vn 0.1156 0.0422 0.9924
vn 0.1038 0.052 0.99324
vn 0.0575 0.0264 0.998
vn 0.1207 0.0229 -0.99242
vn 0.0891 -0.006 -0.996
vn 0.0187 0.0241 0.99953
vn 0.0183 0.0296 0.99939
vn 0.0405 -0.0353 -0.99856
vn 0.0219 -0.0199 -0.99956
vn 0.0319 -0.0378 -0.99878
vn 0.0441 -0.0125 -0.99895
vn 0.0438 -0.0415 -0.99818
vn 0.0036 0.0165 0.99986
vn 0.0102 0.0253 0.99963
vn 0.0453 -0.004 -0.99897
vn 0.0489 -0.0015 -0.9988
vn 0.0922 -0.0013 -0.99574
vn 0.0062 0.0543 0.99851
vn 0.0268 0.0449 0.99863
vn 0.0322 0.047 0.99838
vn 0.0004 0.0368 0.99932
vn 0.0285 0.1087 0.99367
vn 0.0245 0.0549 0.99819
vn 0.0321 -0.0152 -0.99937
vn 0.0733 0.0262 -0.99697
vn -0.0128 -0.0433 -0.99898
vn 0.0436 0.0087 -0.99901
vn -0.0133 0.0423 0.99902
vn -0.0442 0.036 0.99837
vn -0.0259 0.0381 0.99894
vn -0.0574 0.0078 0.99832
vn -0.0198 0.0511 0.9985
vn -0.1087 -0.0613 -0.99218
vn -0.0208 -0.0187 -0.99961
vn -0.2183 -0.1132 -0.96929
vn -0.0777 -0.0437 -0.99602
vn -0.0107 0.0427 0.99903
vn -0.0888 0.0153 0.99593
vn -0.0029 0.0298 0.99955
vn -0.0149 0.0717 0.99731
vn 0.0631 0.0943 0.99354
vn 0.0616 0.0016 0.9981
vn -0.2539 -0.1527 -0.9551
vn -0.40278 -0.32498 -0.85566
vn -0.34571 -0.28211 -0.89493
vn -0.37909 -0.21859 -0.89917
vn -0.1007 -0.0808 -0.99163
vn 0.2521 0.1698 -0.95269
vn 0.34459 0.18239 -0.92087
vn 0.2308 0.1586 -0.95999
vn 0.0789 0.0482 -0.99572
vn 0.0254 0.1136 0.9932
vn -0.0083 0.0709 0.99745
vn 0.0105 0.0967 0.99526
vn 0.0557 0.0648 -0.99634
vn 0.0217 -0.0062 -0.99975
vn 0.0466 0.0511 -0.99761
vn 0.023 0.0282 -0.99934
vn 0.027 0.0892 0.99565
vn 0.0158 0.0481 0.99872
vn 0.024 0.0811 0.99642
vn -0.0114 0.0246 0.99963
vn -0.0112 0.0302 0.99948
vn 0.0109 0.0328 -0.9994
vn 0.047 0.068 -0.99658
vn 0.0447 0.0834 -0.99551
vn 0.0313 0.0495 0.99828
vn 0.0032 0.0419 0.99912
vn 0.0129 0.0524 0.99854
vn 0.0121 0.0702 0.99746
vn -0.0111 0.0452 0.99892
vn 0.0187 0.1081 -0.99396
vn -0.0116 0.0592 -0.99818
vn 0.0002 0.0294 -0.99957
vn -0.0145 0.0994 -0.99494
vn 0.0285 0.0142 0.99949
vn 0.0214 -0.0123 0.9997
vn -0.0025 0.0046 0.99999
vn 0.0195 -0.0107 0.99975
vn -0.0168 0.019 -0.99968
vn -0.0166 0.0638 -0.99782
vn -0.0228 0.1168 -0.99289
vn 0.0183 0.0465 0.99875
vn 0.0199 0.0339 0.99923
vn 0.024 0.0385 0.99897
vn 0.0147 0.0298 0.99945
vn -0.0057 0.0696 0.99756
vn -0.0212 0.0883 0.99587
vn 0.0077 0.0764 0.99705
vn -0.053 0.0824 -0.99519
vn -0.0748 0.0776 -0.99417
vn -0.0373 0.075 -0.99649
vn -0.0461 0.0863 0.9952
vn -0.024 0.0842 0.99616
vn -0.0707 0.041 -0.99665
vn -0.0637 0.0772 -0.99498
vn -0.0379 0.1452 -0.98868
vn -0.0421 0.0422 -0.99822
vn -0.0487 0.0651 -0.99669
vn -0.0605 0.1052 0.99261
vn -0.0785 0.1035 0.99153
vn -0.0468 0.1099 0.99284
vn 0.0332 0.0432 0.99851
vn 0.0496 0.035 0.99816
vn -0.093 0.036 0.99501
vn -0.1244 0.0662 0.99002
vn -0.1193 0.0942 0.98838
vn -0.2712 0.2397 -0.9322
vn -0.1735 0.0902 -0.98069
vn -0.0075 0.0216 -0.99974
vn -0.0493 -0.036 -0.99813
vn 0.1762 -0.2216 -0.95909
vn 0.2443 -0.1086 -0.9636
vn 0.2229 -0.1352 -0.96542
vn 0.2271 -0.4808 -0.84691
vn -0.4113 0.2966 -0.8619
vn 0.0628 0.0506 -0.99674
vn 0.1045 -0.0011 0.99452
vn 0.0864 -0.003 0.99626
vn 0.2072 -0.1116 -0.97191
vn 0.1487 -0.092 -0.98459
vn 0.057 -0.0338 -0.9978
vn 0.0466 -0.0378 -0.9982
vn 0.15389 -0.0975 -0.98327
vn 0.0476 0.0091 0.99883
vn 0.0265 0.0334 0.99909
vn 0.0214 0.0387 0.99902
vn 0.0053 -0.0403 -0.99917
vn 0.0114 -0.0137 -0.99984
vn 0.0134 -0.042 -0.99903
vn 0.0057 0.0053 -0.99997
vn 0.0052 -0.0278 -0.9996
vn 0.0001 0.0354 0.99937
vn -0.0104 -0.0069 -0.99992
vn -0.024 -0.0342 -0.99913
vn -0.0263 -0.02 -0.99945
vn -0.0204 -0.0228 -0.99953
vn -0.0725 -0.0158 -0.99724
vn -0.0564 0.0086 -0.99837
vn -0.0719 -0.0006 -0.99741
vn -0.0803 0.0188 -0.99659
vn -0.0784 0.0409 0.99608
vn -0.0974 0.0405 0.99442
vn -0.1094 0.0453 0.99297
vn -0.1023 0.0526 0.99336
vn -0.0869 0.0303 -0.99576
vn -0.1236 0.0057 -0.99232
vn -0.1235 0.0381 -0.99161
vn -0.1149 0.0615 0.99147
vn -0.1139 0.0504 0.99221
vn -0.1475 0.068 0.98672
vn -0.1079 0.024 -0.99387
vn -0.1139 0.0241 -0.9932
vn -0.1361 0.0203 -0.99049
vn -0.19961 0.082 0.97644
vn -0.2611 0.0869 0.96139
vn -0.2315 0.029 -0.9724
vn -0.28261 0.0312 -0.95873
vn -0.29088 0.0439 -0.95575
vn -0.4601 0.0889 -0.8834
vn -0.83845 0.24592 0.48633
vn -0.89164 0.20131 0.40552
vn -0.70417 0.19729 0.68207
vn -0.5019 0.1036 0.8587
vn -0.43009 0.1056 0.89659
vn -0.63838 0.1245 0.75958
vn -0.60449 0.1373 0.78469
vn -0.75628 0.44919 0.47569
vn -0.77983 0.16801 0.60302
vn -0.80749 0.0845 0.58379
vn -0.89669 0.101 0.43099
vn -0.94113 0.25501 0.22191
vn -0.98733 0.1558 -0.0302
vn -0.57798 0.1772 -0.79658
vn -0.5666 0.1341 -0.81301
vn -0.52671 0.1283 -0.84031
vn -0.4319 0.0674 -0.8994
vn -0.53248 0.0605 -0.84428
vn -0.66778 0.2053 -0.71548
vn -0.87481 0.2023 -0.44021
vn -0.65928 0.1802 -0.72998
vn -0.76955 0.19011 -0.60964
vn 0.75409 0.272 0.5978
vn 0.75612 0.24631 0.60631
vn 0.83773 0.27081 0.47421
vn 0.9549 0.2953 0.0309
vn 0.93451 0.2623 0.2406
vn 0.95793 0.23481 -0.16501
vn 0.94724 0.24981 -0.20081
vn 0.87762 0.29451 0.37821
vn 0.84542 0.24631 -0.47391
vn 0.88722 0.29761 -0.35251
vn 0.51821 0.1071 -0.84852
vn 0.3897 0.1533 -0.90809
vn 0.73411 0.1927 -0.65111
vn 0.3147 0.0903 -0.94489
vn 0.86312 0.23891 -0.44491
vn 0.7351 0.191 -0.6505
vn 0.60502 0.0825 -0.79193
vn 0.5443 0.2791 0.7911
vn 0.44451 0.2075 0.87141
vn 0.3609 0.1978 0.91139
vn 0.28271 0.146 0.94803
vn 0.27399 0.0914 0.95738
vn 0.3883 0.1521 0.9089
vn 0.18279 0.0885 0.97916
vn 0.43741 0.1783 -0.88141
vn 0.5473 0.2517 -0.79819
vn 0.30469 0.0534 -0.95095
vn 0.41449 0.1058 -0.90388
vn 0.28261 0.0568 -0.95755
vn 0.32302 0.0771 -0.94325
vn 0.29749 0.103 -0.94915
vn 0.15769 0.0975 0.98266
vn 0.13789 0.0628 0.98845
vn 0.1682 0.0713 0.98317
vn 0.15901 0.0383 -0.98653
vn 0.18139 0.0535 -0.98195
vn 0.1372 0.0294 -0.99011
vn 0.0969 0.0691 0.99289
vn 0.1609 0.0824 0.98352
vn 0.0459 0.0398 0.99815
vn 0.0796 0.0109 -0.99677
vn 0.0517 0.0204 -0.99845
vn -0.0001 -0.014 -0.9999
vn 0.0415 -0.0172 -0.99899
vn 0.0125 0.0047 -0.99991
vn 0.002 0.0345 0.9994
vn -0.0023 0.0353 0.99937
vn -0.0039 0.0332 0.99944
vn 0.008 0.0391 0.9992
vn 0.0138 0.0074 -0.99988
vn 0.0224 0.0169 -0.99961
vn 0.0629 0.0325 -0.99749
vn 0.0215 0.0213 -0.99954
vn -0.0106 0.0398 0.99915
vn -0.0114 0.0508 0.99864
vn -0.0153 0.0516 0.99855
vn 0.0011 0.062 0.99808
vn 0.0477 0.047 -0.99776
vn 0.0609 0.0403 -0.99733
vn -0.0153 0.064 0.99783
vn -0.012 0.0548 0.99843
vn 0.0645 0.0669 -0.99567
vn 0.0443 0.0276 -0.99864
vn 0.0576 0.0357 -0.9977
vn -0.0356 -0.014 -0.99927
vn -0.0228 0.0264 0.99939
vn -0.0832 0.0129 0.99645
vn -0.0226 0.0152 0.99963
vn -0.0794 -0.0599 -0.99504
vn -0.1475 -0.0888 -0.98507
vn -0.0571 -0.0586 -0.99665
vn -0.22239 -0.12539 -0.96686
vn -0.26029 -0.31679 -0.91208
vn -0.0316 -0.0247 0.9992
vn -0.0188 0.0272 0.99945
vn 0.0329 0.0654 0.99732
vn -0.21791 -0.22651 -0.94932
vn -0.335 -0.2625 -0.90491
vn -0.23491 -0.22831 -0.94483
vn -0.0078 0.0296 -0.99953
vn 0.2368 0.1294 -0.9629
vn 0.0646 0.0791 -0.99477
vn -0.1031 -0.1135 -0.98817
vn 0.17211 0.14901 -0.97374
vn 0.0071 0.0386 0.99923
vn 0.0423 0.085 0.99548
vn 0.1107 0.0968 -0.98913
vn -0.0106 0.0078 -0.99991
vn 0.17089 0.16569 -0.97126
vn 0.0044 0.0225 -0.99974
vn 0.026 0.0578 -0.99799
vn 0.0263 0.10759 0.99385
vn 0.0429 0.0939 0.99466
vn 0.0325 0.119 0.99236
vn 0.0254 0.0486 0.9985
vn 0.0204 0.0201 -0.99959
vn -0.0002 0.0278 -0.99961
vn -0.0139 0.0252 -0.99959
vn -0.039 0.0143 -0.99914
vn 0.022 0.1219 0.9923
vn -0.0034 0.0514 0.99867
vn -0.0333 0.0328 -0.99891
vn -0.0089 0.1103 -0.99386
vn -0.0084 0.0259 -0.99963
vn 0.0059 0.0023 -0.99998
vn -0.0284 0.0907 0.99547
vn -0.0006 0.11 0.99393
vn -0.0225 0.0792 0.9966
vn -0.0322 0.075 0.99666
vn -0.0157 0.0881 0.99599
vn -0.0379 0.0172 -0.99913
vn -0.0116 0.0245 -0.99963
vn -0.0326 0.1101 -0.99339
vn -0.0346 0.0369 -0.99872
vn -0.0486 0.0502 -0.99756
vn -0.0169 0.0598 0.99807
vn -0.0659 0.0934 0.99344
vn 0.0069 0.0097 0.99993
vn -0.0211 0.0481 0.99862
vn -0.0599 0.1041 0.99276
vn -0.13649 0.0781 -0.98756
vn -0.0787 0.0127 -0.99682
vn 0.0656 -0.053 -0.99644
vn -0.1125 0.1221 -0.98612
vn 0.1565 -0.3197 -0.9345
vn 0.13811 -0.15611 -0.97804
vn 0.17659 -0.11989 -0.97695
vn -0.15659 0.26639 -0.95106
vn 0.0579 -0.048 0.99717
vn 0.0396 -0.0122 0.99914
vn 0.0547 -0.0252 0.99818
vn 0.1169 -0.0224 0.99289
vn -0.1434 0.1787 -0.9734
vn -0.1103 0.30649 -0.94546
vn -0.2618 0.2221 -0.93922
vn 0.19689 -0.44748 -0.87235
vn 0.35499 -0.39659 -0.84658
vn 0.25141 -0.18501 -0.95003
vn 0.111 -0.0246 -0.99352
vn 0.0904 -0.0772 -0.99291
vn 0.1717 -0.1761 -0.96928
vn 0.61898 -0.0631 -0.78287
vn 0.69819 -0.0059 -0.71589
vn 0.16711 0.0371 -0.98524
vn 0.0304 0.0215 0.99931
vn 0.0378 0.0287 0.99887
vn 0.0536 0.031 0.99808
vn 0.0367 0.0272 0.99896
vn 0.0498 0.0045 0.99875
vn 0.0361 -0.0452 -0.99833
vn 0.0358 -0.0302 -0.9989
vn 0.0186 0.0446 0.99883
vn -0.0118 -0.0032 -0.99993
vn -0.0007 0.0511 0.99869
vn -0.0152 0.038 0.99916
vn -0.032 0.036 -0.99884
vn -0.0058 0.0392 -0.99921
vn -0.0408 0.0025 -0.99916
vn -0.037 0.022 -0.99907
vn -0.003 0.0485 0.99882
vn -0.0363 0.0506 0.99806
vn -0.0036 0.0465 0.99891
vn -0.0925 0.0271 -0.99534
vn -0.0714 0.0416 -0.99658
vn -0.0931 0.0321 -0.99514
vn -0.0904 0.0449 -0.99489
vn -0.1001 0.0674 0.99269
vn -0.0651 0.0639 0.99583
vn -0.1198 0.0693 0.99038
vn -0.0907 0.0416 -0.99501
vn -0.1077 0.0412 -0.99333
vn -0.1332 0.044 -0.99011
vn -0.11001 0.0688 0.99155
vn -0.1215 0.0642 0.99051
vn -0.1794 0.0848 0.98011
vn -0.1857 0.0716 0.97999
vn -0.1466 0.0428 -0.98827
vn -0.1576 0.0128 -0.98742
vn -0.21261 0.0344 -0.97653
vn -0.31109 0.1086 0.94416
vn -0.31791 0.1324 0.93883
vn -0.5013 0.1624 0.8499
vn -0.50859 0.1195 0.85268
vn -0.63873 0.23131 0.73384
vn -0.45628 0.19339 0.86857
vn -0.44349 0.17729 0.87857
vn -0.47788 0.14149 -0.86696
vn -0.61199 0.2368 -0.75459
vn -0.50187 0.16189 -0.84966
vn -0.43808 0.13549 -0.88866
vn -0.2204 0.0686 -0.97299
vn -0.33662 0.0787 -0.93835
vn -0.22671 0.0564 -0.97233
vn -0.92012 0.31201 0.23671
vn -0.883 0.3189 0.3444
vn -0.82049 0.2535 0.51239
vn -0.8049 0.2456 0.5402
vn -0.76299 0.2393 0.60049
vn -0.84953 0.27951 0.44741
vn -0.94074 0.27611 0.19691
vn -0.94929 0.3109 -0.0469
vn -0.9525 0.3045 -0.004
vn -0.94279 0.2542 -0.2157
vn -0.88657 0.28739 -0.36249
vn -0.86978 0.2646 -0.41649
vn -0.95224 0.23021 -0.20061
vn -0.72076 0.18419 -0.66826
vn -0.56897 0.13339 -0.81146
vn -0.64552 0.1003 -0.75713
vn 0.88527 0.32509 0.33259
vn 0.77442 0.25971 0.57691
vn 0.93672 0.34921 0.0245
vn 0.90219 0.3819 -0.2005
vn 0.88543 0.39281 0.24841
vn 0.94982 0.31081 0.0352
vn 0.43619 0.22419 -0.87148
vn 0.48158 0.23519 -0.84426
vn 0.52091 0.1955 -0.83092
vn 0.80251 0.2387 -0.54681
vn 0.8619 0.2639 -0.433
vn 0.87139 0.3365 -0.357
vn 0.56392 0.19561 0.80233
vn 0.58379 0.2254 0.77999
vn 0.4421 0.1751 0.87971
vn 0.79629 0.34019 0.50019
vn 0.83167 0.37349 0.41089
vn 0.45492 0.24371 0.85654
vn 0.2463 0.1163 0.96219
vn 0.1907 0.1022 0.97631
vn 0.48312 0.15611 -0.86153
vn 0.48241 0.2244 -0.84671
vn 0.29091 0.1304 -0.94782
vn 0.28948 0.0786 -0.95395
vn 0.16139 0.089 0.98287
vn 0.1572 0.0887 0.98358
vn 0.1344 0.0872 0.98708
vn 0.1293 0.0912 0.9874
vn 0.21451 0.0737 -0.97394
vn 0.1497 0.0567 -0.9871
vn 0.1967 0.0892 -0.9764
vn 0.1153 0.0444 -0.99234
vn 0.1495 0.0682 -0.98641
vn 0.118 0.0896 0.98896
vn 0.0995 0.0841 0.99148
vn 0.0825 0.0674 0.99431
vn 0.0488 0.0552 0.99728
vn 0.0296 0.0343 -0.99897
vn 0.0299 0.0109 -0.99949
vn 0.086 0.0394 -0.99552
vn 0.0443 0.0585 0.9973
vn -0.0009 0.0311 0.99952
vn 0.03 0.0605 0.99772
vn -0.0049 0.0298 0.99954
vn 0.0249 0.0156 -0.99957
vn -0.0046 -0.0016 -0.99999
vn 0.0153 0.014 -0.99979
vn 0.006 0.0154 -0.99986
vn -0.0256 0.0296 0.99923
vn -0.0364 0.041 0.9985
vn -0.0405 0.0304 0.99872
vn -0.0194 0.0542 0.99834
vn 0.0019 0.0089 -0.99996
vn 0.025 0.0434 -0.99874
vn 0.0934 0.0724 -0.99299
vn 0.0583 0.0286 -0.99789
vn -0.0104 0.0336 0.99938
vn 0.0069 0.0389 0.99922
vn 0.0771 0.0516 -0.99569
vn -0.0025 0.0389 0.99924
vn -0.0079 0.0473 0.99885
vn 0.0133 0.0504 0.99864
vn 0.0025 0.0588 0.99827
vn -0.0259 0.027 0.9993
vn 0.0054 0.0467 0.99889
vn -0.0441 0.0001 0.99903
vn -0.0691 -0.0713 -0.99506
vn -0.1346 -0.0876 -0.98702
vn -0.0683 -0.0302 -0.99721
vn -0.09771 -0.10601 -0.98955
vn -0.0985 -0.0721 -0.99252
vn -0.20421 -0.21721 -0.95453
vn -0.14919 -0.18229 -0.97186
vn -0.0338 0.0047 0.99942
vn -0.0515 -0.009 0.99863
vn -0.0028 0.0637 0.99797
vn -0.0412 0.0161 0.99902
vn -0.1266 -0.1211 -0.98453
vn -0.1679 -0.327 -0.92999
vn -0.1734 -0.3945 -0.90239
vn -0.20539 -0.25169 -0.94576
vn -0.1293 -0.1179 -0.98457
vn 0.1244 0.277 -0.95278
vn 0.0682 0.28321 -0.95663
vn -0.0303 0.0193 0.99935
vn 0.0016 0.0892 0.99601
vn 0.0377 0.1103 0.99318
vn 0.0118 0.1166 0.99311
vn -0.185 -0.152 -0.97091
vn 0.1096 0.34271 -0.93303
vn 0.0437 0.1011 -0.99392
vn -0.0392 -0.0327 -0.9987
vn -0.026 0.0633 -0.99766
vn 0.0083 0.0543 -0.99849
vn 0.0281 0.0657 -0.99744
vn -0.0025 0.045 0.99898
vn 0.0302 0.1342 0.99049
vn 0.0484 0.0646 0.99674
vn 0.0291 0.1025 0.99431
vn 0.0277 0.06 -0.99781
vn -0.0241 0.0244 -0.99941
vn -0.0444 0.0656 -0.99686
vn 0.0348 0.0494 0.99817
vn 0.0245 0.0009 0.9997
vn 0.0338 0.034 0.99885
vn -0.1241 0.0653 -0.99012
vn -0.0299 0.017 -0.99941
vn -0.1203 0.19831 -0.97273
vn 0.0426 -0.0411 -0.99825
vn -0.0495 0.1695 -0.98429
vn 0.21179 -0.29679 -0.93116
vn 0.1691 -0.3197 -0.93231
vn 0.22471 -0.15671 -0.96174
vn -0.0662 0.1243 -0.99003
vn 0.0536 0.0047 0.99855
vn 0.0342 -0.0125 0.99934
vn 0.0261 0.0227 0.9994
vn 0.0537 -0.011 0.9985
vn 0.1161 -0.0864 -0.98947
vn 0.1714 -0.1689 -0.97061
vn 0.23491 -0.42612 -0.87364
vn 0.13401 -0.11451 -0.98434
vn 0.1047 -0.0356 -0.99387
vn 0.031 0.0267 0.99916
vn 0.0367 0.0101 0.99928
vn 0.0199 0.0192 0.99962
vn 0.0582 -0.0117 -0.99824
vn 0.0616 -0.056 -0.99653
vn 0.0373 -0.0125 -0.99923
vn 0.0389 -0.0001 -0.99924
vn 0.004 0.031 0.99951
vn 0.0127 0.0399 0.99912
vn 0.0071 0.0317 0.99947
vn 0.0299 0.0483 0.99839
vn 0.0209 0.0162 -0.99965
vn -0.0058 0.0046 -0.99997
vn -0.0097 0.0031 -0.99995
vn -0.0144 0.022 -0.99965
vn -0.0071 0.0153 -0.99986
vn 0.0225 0.041 0.99891
vn 0.008 0.0516 0.99864
vn -0.0042 0.0517 0.99865
vn -0.0186 0.0005 -0.99983
vn -0.0294 0.0101 -0.99952
vn -0.0523 0.043 -0.99771
vn -0.0185 0.009 -0.99979
vn 0.0059 0.0494 0.99876
vn -0.0024 0.0492 0.99879
vn -0.0041 0.05 0.99874
vn -0.0418 0.0536 0.99769
vn -0.0493 0.0298 -0.99834
vn -0.0469 0.0264 -0.99855
vn -0.0407 0.035 -0.99856
vn -0.0473 0.0463 -0.99781
vn -0.0565 0.0631 0.99641
vn -0.0635 0.0653 0.99584
vn -0.0842 0.0636 0.99442
vn -0.0824 0.0569 -0.99497
vn -0.1021 0.04 -0.99397
vn -0.0939 0.0457 -0.99453
vn -0.0885 0.063 0.99408
vn -0.1152 0.0537 0.99189
vn -0.1412 0.0818 0.9866
vn -0.1072 0.0469 -0.99313
vn -0.096 0.0578 -0.9937
vn -0.11439 0.056 -0.99186
vn -0.1444 0.0408 -0.98868
vn -0.1519 0.0778 0.98533
vn -0.1186 0.0552 0.99141
vn -0.24049 0.12659 0.96236
vn -0.1791 0.0688 -0.98142
vn -0.1844 0.0683 -0.98048
vn -0.4963 0.1922 0.84661
vn -0.50189 0.2219 0.83598
vn -0.25451 0.10951 0.96085
vn -0.43821 0.1649 0.88362
vn -0.61833 0.23221 0.75083
vn -0.72517 0.21119 0.65538
vn -0.8904 0.32 0.3237
vn -0.94242 0.33421 -0.0123
vn -0.90528 0.38279 0.1842
vn -0.90427 0.37759 -0.19929
vn -0.55239 0.21909 -0.80428
vn -0.27 0.0984 -0.95782
vn -0.47529 0.1668 -0.86388
vn -0.29859 0.1114 -0.94786
vn -0.47141 0.21011 -0.85652
vn -0.52029 0.1948 -0.83148
vn -0.3724 0.1943 -0.9075
vn -0.79589 0.2077 -0.5687
vn -0.88101 0.3181 -0.3502
vn -0.88 0.2344 -0.4131
vn 0.592 0.3898 0.7054
vn 0.75993 0.43992 0.47852
vn 0.6135 0.3536 0.7061
vn 0.3744 0.2195 0.90091
vn 0.51329 0.29539 0.80578
vn 0.4143 0.223 0.8824
vn 0.90855 0.41508 0.0474
vn 0.86939 0.3958 0.2958
vn 0.84026 0.40798 0.35708
vn 0.89294 0.35702 0.27421
vn 0.88632 0.37441 -0.27251
vn 0.82815 0.40538 -0.38708
vn 0.82274 0.44772 -0.35022
vn 0.88519 0.46359 0.0391
vn 0.72731 0.3824 -0.56991
vn 0.46691 0.30261 0.83092
vn 0.70712 0.34391 -0.61782
vn 0.71683 0.41522 -0.56013
vn 0.4929 0.1721 -0.8529
vn 0.57422 0.27921 -0.76962
vn 0.40672 0.18251 -0.89514
vn 0.369 0.1719 0.9134
vn 0.48802 0.25801 0.83383
vn 0.177 0.1059 0.9785
vn 0.2331 0.1178 0.96529
vn 0.2659 0.1738 0.9482
vn 0.1557 0.0897 0.98372
vn 0.13331 0.0811 0.98775
vn 0.2104 0.0917 -0.9733
vn 0.31481 0.18101 -0.93173
vn 0.1355 0.0934 0.98637
vn 0.1219 0.0637 0.9905
vn 0.0911 0.1057 0.99022
vn 0.1408 0.096 -0.98537
vn 0.22339 0.1129 -0.96817
vn 0.0861 0.0398 -0.99549
vn 0.034 0.0229 -0.99916
vn 0.0976 0.0707 -0.99271
vn 0.0594 0.0633 0.99623
vn 0.0143 0.0391 0.99913
vn 0.0453 0.0337 -0.9984
vn 0.0043 0.0114 -0.99993
vn 0.0096 0.016 -0.99983
vn 0.0006 0.0389 0.99924
vn -0.0356 0.028 0.99897
vn -0.0228 0.0125 0.99966
vn 0.0109 0.004 -0.99993
vn 0.0476 -0.0021 -0.99886
vn 0.0303 0.0271 -0.99917
vn -0.0343 0.028 0.99902
vn -0.0365 0.0143 0.99923
vn 0.0032 0.0458 0.99895
vn 0.0527 0.0234 -0.99834
vn 0.1043 0.0267 -0.99419
vn 0.1102 0.0373 -0.99321
vn 0.0237 0.0296 0.99928
vn -0.0069 0.0291 0.99955
vn 0.0764 0.0247 -0.99677
vn -0.0225 0.0181 -0.99958
vn 0.0387 0.0289 -0.99883
vn -0.0006 -0.0139 -0.9999
vn -0.0163 0.0219 0.99963
vn -0.0005 0.0362 0.99934
vn 0.019 0.0528 0.99842
vn -0.0507 0.0154 -0.9986
vn -0.0837 0.0081 -0.99646
vn -0.0659 0.0416 -0.99696
vn 0.0063 0.0458 0.99893
vn -0.0601 -0.0047 0.99818
vn -0.0186 0.0301 0.99937
vn -0.0865 0.0646 -0.99416
vn -0.1064 -0.0206 -0.99411
vn -0.0531 0.0528 -0.99719
vn -0.0128 0.0313 0.99943
vn 0.0024 -0.0151 0.99988
vn -0.0122 0.0152 0.99981
vn -0.1121 -0.0659 -0.99151
vn -0.0916 -0.19931 -0.97565
vn -0.0943 -0.2032 -0.97459
vn -0.0311 -0.22861 -0.97302
vn -0.0687 0.032 -0.99712
vn 0.0039 0.0671 -0.99774
vn 0.0014 0.0404 0.99918
vn 0.0124 -0.0188 0.99975
vn 0.0101 0.0507 0.99866
vn 0.0605 -0.0043 0.99816
vn -0.0284 0.0766 -0.99666
vn 0.0219 -0.17139 -0.98496
vn 0.0074 -0.1051 -0.99443
vn 0.0079 -0.1241 -0.99224
vn 0.0597 -0.1264 -0.99018
vn 0.0332 0.0795 -0.99628
vn -0.0318 0.0973 -0.99475
vn 0.0438 0.011 0.99898
vn 0.0358 0.015 0.99925
vn 0.096 0.0784 -0.99229
vn 0.1281 -0.0497 -0.99051
vn 0.0327 -0.1118 -0.99319
vn 0.0636 0.0702 -0.9955
vn 0.0433 0.0535 0.99763
vn 0.0282 0.0235 0.99933
vn 0.0856 -0.0167 -0.99619
vn 0.0661 0.0042 -0.9978
vn 0.0689 0.0397 -0.99683
vn 0.0064 0.0381 0.99925
vn 0.0185 0.0414 0.99897
vn 0.0237 0.0391 0.99895
vn 0.0244 0.0406 0.99888
vn 0.0529 0.0385 -0.99786
vn 0.0466 0.0315 -0.99842
vn 0.0416 0.0321 -0.99862
vn 0.018 0.0325 0.99931
vn 0.0171 0.0295 0.99942
vn 0.0095 0.0348 0.99935
vn -0.0109 0.0379 -0.99922
vn -0.0122 0.0251 -0.99961
vn -0.0173 0.0201 -0.99965
vn 0.0085 0.0351 0.99935
vn 0.0021 0.0423 0.9991
vn -0.0051 0.0278 0.9996
vn -0.0401 0.0443 -0.99821
vn -0.0485 0.0426 -0.99791
vn 0.0045 0.0352 0.99937
vn -0.0551 0.0574 0.99683
vn -0.0178 0.0505 0.99857
vn -0.0848 0.0698 -0.99395
vn -0.0688 0.0555 -0.99609
vn -0.0818 0.0733 -0.99395
vn -0.0871 0.0807 -0.99293
vn -0.0702 0.0555 0.99599
vn -0.0936 0.0721 0.993
vn -0.0778 0.0688 0.99459
vn -0.0861 0.0671 -0.99402
vn -0.0972 0.0453 -0.99423
vn -0.062 0.059 -0.99633
vn -0.0658 0.0814 -0.99451
vn -0.13391 0.12761 0.98274
vn -0.1707 0.0843 0.98171
vn -0.1186 0.0713 0.99038
vn -0.1052 0.0677 -0.99214
vn -0.1086 0.0504 -0.99281
vn -0.1597 0.0753 -0.98429
vn -0.18571 0.0956 -0.97794
vn -0.2163 0.125 0.96829
vn -0.23001 0.121 0.96564
vn -0.36859 0.187 0.91059
vn -0.3362 0.1958 0.92121
vn -0.38441 0.24511 -0.89003
vn -0.2721 0.1251 -0.9541
vn -0.23431 0.1223 -0.96444
vn -0.39601 0.21 -0.89391
vn -0.42139 0.1922 -0.88628
vn -0.80771 0.4623 0.3659
vn -0.84411 0.47191 0.2545
vn -0.72127 0.40379 0.56278
vn -0.5404 0.2882 0.79051
vn -0.51112 0.33452 0.79174
vn -0.554 0.25 0.7941
vn -0.64969 0.2108 0.73039
vn -0.87487 0.34249 0.34249
vn -0.8496 0.3149 0.4231
vn -0.83289 0.3419 0.4352
vn -0.87961 0.44801 0.1599
vn -0.88652 0.46261 0.0083
vn -0.79968 0.44209 -0.40629
vn -0.8147 0.3959 -0.4237
vn -0.91565 0.40178 -0.0129
vn -0.89134 0.36002 -0.27551
vn -0.66502 0.37951 -0.64322
vn -0.69531 0.441 -0.56751
vn -0.60387 0.23369 -0.76206
vn -0.55719 0.27139 -0.78478
vn -0.51632 0.1354 -0.84563
vn -0.6311 0.3388 -0.6978
vn 0.73216 0.50627 0.45567
vn 0.84345 0.53523 0.0461
vn 0.7949 0.5934 -0.1265
vn 0.77711 0.59201 0.2136
vn 0.72911 0.5446 0.4145
vn 0.80926 0.54618 -0.21629
vn 0.53671 0.3885 -0.74901
vn 0.40551 0.46981 -0.78412
vn 0.48938 0.41999 -0.76427
vn 0.80201 0.4426 -0.4011
vn 0.54682 0.27491 0.79083
vn 0.5166 0.3759 0.7693
vn 0.42231 0.33111 0.84382
vn 0.4047 0.4327 0.8056
vn 0.30899 0.2318 0.92238
vn 0.2062 0.1667 0.96421
vn 0.1505 0.148 0.97747
vn 0.49663 0.52003 0.69494
vn 0.5427 0.3006 0.7843
vn 0.64576 0.31538 0.69536
vn 0.48308 0.34069 -0.80657
vn 0.36942 0.23161 -0.89994
vn 0.47912 0.34632 -0.80654
vn 0.5199 0.4067 -0.7512
vn 0.3719 0.2404 -0.8966
vn 0.2692 0.1647 -0.9489
vn 0.1548 0.1047 0.98238
vn 0.22859 0.15649 0.96086
vn 0.1225 0.1041 0.98699
vn 0.19161 0.1238 -0.97363
vn 0.13589 0.09409 -0.98625
vn 0.17271 0.1224 -0.97734
vn 0.0978 0.1075 0.98938
vn 0.0715 0.0718 0.99485
vn 0.1029 0.093 0.99033
vn 0.098 0.0811 -0.99188
vn 0.0383 0.0427 -0.99835
vn 0.0098 0.0295 -0.99952
vn 0.0383 0.0397 -0.99848
vn 0.0278 0.0535 0.99818
vn 0.0217 0.0648 0.99766
vn -0.0062 0.0437 0.99903
vn -0.0223 0.0356 0.99912
vn 0.0141 0.0218 -0.99966
vn 0.016 0.0279 -0.99948
vn 0.0385 0.0198 -0.99906
vn -0.0437 0.0312 0.99856
vn -0.033 0.0568 0.99784
vn 0.002 0.0319 0.99949
vn -0.026 0.0396 0.99888
vn 0.0739 0.0397 -0.99648
vn 0.0985 0.0465 -0.99405
vn 0.0891 0.0377 -0.99531
vn 0.0095 0.0424 0.99906
vn 0.0098 0.0362 0.9993
vn -0.0095 0.0394 0.99918
vn 0.0752 0.0455 -0.99613
vn 0.0018 0.0319 -0.99949
vn -0.0195 0.0412 0.99896
vn -0.0226 0.0391 0.99898
vn -0.0173 0.0239 0.99956
vn -0.0059 0.0464 0.99891
vn -0.062 0.0308 -0.9976
vn -0.11879 0.048 -0.99176
vn -0.0915 0.0324 -0.99528
vn -0.052 0.042 0.99776
vn -0.0365 0.0673 0.99707
vn -0.0135 0.0651 0.99779
vn -0.1263 0.0941 0.98752
vn -0.0371 0.1134 0.99286
vn -0.1071 0.0823 -0.99084
vn -0.0913 0.0912 -0.99164
vn -0.0851 0.11811 -0.98935
vn -0.1239 0.1357 -0.98297
vn -0.1051 0.0993 -0.98949
vn -0.17321 0.17601 0.96903
vn -0.18449 0.26879 0.94536
vn -0.0493 0.1934 0.97988
vn -0.1437 0.4002 0.90509
vn -0.0466 0.25559 0.96566
vn -0.20371 0.19981 -0.95843
vn -0.0892 0.20649 -0.97437
vn -0.1938 0.2942 -0.93589
vn -0.17741 0.34271 -0.92254
vn -0.0763 0.25859 -0.96297
vn -0.0241 0.55638 0.83058
vn 0.0137 0.26971 0.96284
vn -0.0319 0.71272 0.70072
vn 0.0584 0.494 0.8675
vn 0.10219 0.46547 0.87914
vn 0.16459 0.57088 0.80437
vn 0.0629 0.23091 0.97094
vn -0.23531 0.76833 -0.59523
vn -0.0671 0.87399 -0.48129
vn -0.0845 0.85626 -0.50958
vn 0.10621 0.51983 -0.84764
vn -0.1161 0.71961 -0.68461
vn -0.0589 0.49321 -0.86791
vn -0.0202 0.26831 -0.96312
vn -0.0594 0.36338 -0.92975
vn 0.0748 0.80443 -0.58932
vn 0.1006 0.26301 -0.95953
vn 0.0605 0.38038 0.92285
vn 0.1828 0.34661 0.92002
vn 0.0501 0.12989 0.99026
vn 0.1444 0.1926 0.97059
vn 0.0547 0.0718 0.99592
vn 0.2108 0.5335 -0.81911
vn 0.39509 0.63328 -0.66548
vn 0.2223 0.3881 -0.8944
vn 0.1265 0.16959 -0.97736
vn 0.0811 0.13261 -0.98785
vn 0.16469 0.18439 -0.96896
vn 0.26559 0.44088 -0.85737
vn 0.3409 0.2842 -0.89611
vn 0.0992 0.0901 0.99098
vn 0.0591 0.0691 0.99586
vn 0.0259 0.0441 0.99869
vn 0.1247 0.122 -0.98467
vn 0.0801 0.0568 -0.99517
vn 0.17059 0.0827 -0.98187
vn 0.0154 0.0367 0.99921
vn 0.0115 0.0391 0.99917
vn 0.1096 0.031 -0.99349
vn 0.0649 0.0221 -0.99765
vn 0.0503 0.0186 -0.99856
vn 0.0484 0.021 -0.99861
vn 0.0082 0.0488 0.99878
vn 0.002 0.0521 0.99864
vn 0.0132 0.0446 0.99892
vn -0.0001 0.0394 -0.99922
vn -0.0275 0.0134 -0.99953
vn -0.0433 0.0327 -0.99853
vn 0.0176 0.0511 0.99854
vn 0.0002 0.0371 0.99931
vn -0.0249 0.0688 0.99732
vn -0.0658 0.0458 -0.99678
vn -0.0823 0.0452 -0.99558
vn -0.0872 0.0732 -0.9935
vn -0.0242 0.0657 0.99755
vn -0.0243 0.0487 0.99852
vn -0.0609 0.0778 0.99511
vn -0.0483 0.0728 0.99618
vn -0.0739 0.0688 0.99489
vn -0.035 0.0575 -0.99773
vn -0.0647 0.067 -0.99565
vn -0.0683 0.0562 -0.99608
vn -0.0433 0.0468 -0.99797
vn -0.1103 0.0848 -0.99027
vn -0.167 0.1347 0.97671
vn -0.10701 0.0747 0.99145
vn -0.131 0.1168 0.98448
vn -0.1472 0.1256 0.9811
vn -0.1152 0.071 -0.9908
vn -0.1535 0.1318 -0.97932
vn -0.1986 0.1218 -0.97248
vn -0.2271 0.1602 -0.9606
vn -0.32419 0.21269 -0.92177
vn -0.44339 0.31199 0.84028
vn -0.28869 0.21289 0.93346
vn -0.5033 0.3555 0.7876
vn -0.2377 0.1669 0.95689
vn -0.3403 0.2286 0.91211
vn -0.4983 0.3742 0.7821
vn -0.85229 0.523 -0.0085
vn -0.80366 0.57477 0.15419
vn -0.80428 0.57019 -0.1674
vn -0.7516 0.5279 0.3955
vn -0.78061 0.57081 0.2546
vn -0.77778 0.48159 0.40389
vn -0.25351 0.18981 -0.94853
vn -0.30171 0.22841 -0.92563
vn -0.4866 0.3427 -0.8036
vn -0.44099 0.31299 -0.84117
vn -0.5029 0.3265 -0.8003
vn -0.50771 0.37811 -0.77412
vn -0.1183 0.30111 -0.94622
vn -0.7666 0.371 0.5241
vn -0.6667 0.569 0.4814
vn -0.8041 0.5328 -0.2637
vn -0.77329 0.43889 -0.45759
vn -0.68822 0.35391 -0.63332
vn 0.82381 0.4782 0.3044
vn 0.81262 0.49501 0.30761
vn 0.6675 0.4404 0.6004
vn 0.50718 0.36189 0.78218
vn 0.64189 0.48699 0.59229
vn 0.5207 0.4553 0.7222
vn 0.50649 0.26789 0.81958
vn 0.78243 0.61672 0.0864
vn 0.80243 0.59292 0.0674
vn 0.79019 0.556 0.2578
vn 0.72991 0.60591 0.3164
vn 0.76093 0.58042 0.29001
vn 0.75438 0.59038 -0.28699
vn 0.78885 0.56176 -0.24928
vn 0.83608 0.54829 -0.0189
vn 0.73006 0.54227 0.41588
vn 0.72248 0.57408 0.38529
vn 0.72052 0.57951 -0.38081
vn 0.64269 0.54859 -0.53479
vn 0.56686 0.33898 -0.75084
vn 0.5365 0.3133 -0.78359
vn 0.55079 0.34459 -0.76019
vn 0.70411 0.50421 -0.50001
vn 0.71476 0.60487 -0.35108
vn 0.7674 0.5838 -0.2651
vn 0.37931 0.3091 -0.87211
vn 0.5063 0.4203 0.753
vn 0.5106 0.4275 0.74601
vn 0.60101 0.50791 0.61711
vn 0.33459 0.28899 0.89696
vn 0.20631 0.21201 0.95524
vn 0.1767 0.1479 0.97309
vn 0.11891 0.12551 0.98494
vn 0.72278 0.60578 -0.33259
vn 0.78226 0.59984 -0.16811
vn 0.70461 0.61091 -0.361
vn 0.40709 0.30379 -0.86138
vn 0.28911 0.2269 -0.93002
vn 0.3819 0.3509 -0.855
vn 0.19499 0.14409 -0.97016
vn 0.43007 0.46447 -0.77415
vn 0.33749 0.29359 -0.89437
vn 0.14021 0.105 -0.98454
vn 0.16851 0.1618 0.97233
vn 0.1209 0.1155 0.98592
vn 0.0709 0.0889 0.99351
vn 0.1473 0.138 -0.97942
vn 0.21289 0.18519 -0.95936
vn 0.1124 0.0853 -0.99
vn 0.0472 0.0497 -0.99765
vn 0.0882 0.12949 -0.98765
vn 0.0548 0.1162 0.99171
vn 0.0286 0.0685 0.99724
vn 0.01 0.0817 0.99661
vn -0.0059 0.047 0.99888
vn 0.0475 0.0761 -0.99597
vn 0.0209 0.0323 -0.99926
vn 0.0472 0.0137 -0.99879
vn 0.0439 0.0454 -0.998
vn -0.0313 0.0401 0.99871
vn -0.0121 0.0396 0.99914
vn -0.017 0.0412 0.99901
vn 0.0471 0.0414 -0.99803
vn 0.037 0.0117 -0.99925
vn 0.0828 0.0382 -0.99583
vn 0.0401 0.0599 -0.9974
vn -0.0013 0.0329 0.99946
vn 0.0181 0.0364 0.99917
vn -0.005 0.0465 0.99891
vn -0.0132 0.0346 0.99931
vn 0.0474 0.0604 -0.99705
vn 0.0355 0.0471 -0.99826
vn -0.0086 0.0323 0.99944
vn -0.0188 0.034 0.99924
vn 0.0087 0.0073 0.99994
vn -0.0699 0.0401 -0.99675
vn -0.1179 0.0716 -0.99044
vn -0.1729 0.0477 -0.98378
vn -0.0206 0.0296 -0.99935
vn -0.20201 0.0952 -0.97475
vn -0.0947 0.0276 0.99512
vn -0.1269 0.0529 0.9905
vn -0.2094 0.092 -0.97349
vn -0.1707 0.0663 -0.98309
vn -0.16281 0.13811 -0.97694
vn -0.32681 0.26521 -0.90712
vn -0.4315 0.1199 0.89411
vn -0.72389 0.1142 0.68039
vn -0.55841 -0.0099 0.82951
vn -0.34469 0.23129 0.90978
vn -0.44229 0.46489 0.76698
vn -0.5551 0.1921 0.8093
vn -0.19781 0.1592 0.96723
vn -0.5682 0.5872 0.5765
vn -0.50639 0.68408 0.52498
vn -0.81308 0.44189 0.37899
vn -0.81619 0.42649 0.38979
vn -0.81751 0.4191 0.395
vn -0.8227 0.3867 0.4167
vn -0.83173 0.1276 0.54032
vn -0.93279 0.3197 0.1664
vn -0.86161 0.345 0.3723
vn -0.76024 0.55803 0.33262
vn -0.78144 0.48882 0.38782
vn -0.77523 0.51682 0.36321
vn -0.61689 0.68968 0.37919
vn -0.64561 0.63381 0.426
vn -0.61051 0.76491 0.2054
vn -0.89914 0.43692 -0.0256
vn -0.79044 0.61193 -0.0275
vn -0.97501 0.0701 -0.2108
vn -0.78248 0.62268 -0.0005
vn -0.67323 0.73653 -0.0655
vn -0.38569 0.81128 0.43939
vn -0.58632 0.67932 0.44131
vn -0.42712 0.90234 0.0578
vn -0.35201 0.92793 0.1226
vn -0.57329 0.72679 -0.3783
vn -0.50242 0.82053 -0.27261
vn -0.6002 0.79469 -0.0907
vn -0.84198 0.53788 -0.0419
vn -0.7952 0.6054 0.034
vn -0.49108 0.69697 -0.52257
vn -0.4507 0.3574 -0.818
vn -0.42769 0.1297 -0.89457
vn -0.6351 0.214 -0.7422
vn -0.52412 0.25221 -0.81344
vn -0.44641 0.45551 -0.77021
vn -0.35009 0.36569 -0.86238
vn -0.37213 0.40023 -0.83746
vn -0.68483 0.38042 -0.62153
vn -0.67633 0.44732 -0.58522
vn -0.68476 0.44208 -0.57937
vn -0.68358 0.34669 -0.64228
vn -0.3325 0.72969 0.59749
vn -0.0316 0.77301 0.63361
vn 0.26139 0.87955 0.39758
vn 0.1946 0.763 0.6164
vn -0.0392 0.97893 0.20041
vn 0.0338 0.99574 0.0858
vn -0.0714 0.99742 -0.007
vn 0.19109 0.97956 0.0628
vn 0.53629 0.83908 0.0913
vn 0.273 0.92261 -0.2725
vn 0.1879 0.83269 -0.52089
vn -0.19299 0.88917 -0.41489
vn -0.20749 0.87828 -0.43079
vn -0.22001 0.86833 -0.44452
vn 0.46908 0.78596 0.40278
vn 0.49233 0.71565 0.49543
vn 0.36718 0.75716 0.54027
vn 0.59801 0.71951 0.35311
vn 0.45591 0.58551 0.67031
vn 0.37411 0.49501 0.78422
vn 0.25749 0.51758 0.81597
vn 0.83379 0.35479 0.42299
vn 0.9023 0.1547 0.4024
vn 0.74911 0.229 0.62161
vn 0.4499 0.3307 0.8296
vn 0.3513 0.3208 0.87959
vn 0.17561 0.24441 0.95364
vn 0.6049 0.4624 0.6483
vn 0.31521 0.31241 0.89613
vn 0.83621 0.54171 0.0855
vn 0.7459 0.5555 0.3675
vn 0.7459 0.6624 0.0697
vn 0.7925 0.5592 -0.2434
vn 0.53842 0.83943 -0.0739
vn 0.71562 0.67762 0.1695
vn 0.51251 0.84111 -0.1728
vn 0.68808 0.72558 -0.009
vn 0.94669 0.299 0.1199
vn 0.71261 0.44201 0.54481
vn 0.98684 0.16121 0.0129
vn 0.77584 0.21701 -0.59243
vn 0.7944 0.0761 -0.6026
vn 0.6594 0.6536 0.3715
vn 0.67244 0.57134 -0.47053
vn 0.70316 0.64077 -0.30818
vn 0.5578 0.7209 -0.4113
vn 0.52049 0.76539 -0.3785
vn 0.56809 0.70749 -0.42039
vn 0.60329 0.65728 -0.45169
vn 0.4759 0.608 -0.6355
vn 0.28289 0.47569 -0.83288
vn 0.44681 0.45611 -0.76962
vn 0.49202 0.33191 -0.80483
vn 0.24491 0.44611 -0.86082
vn 0.7266 0.3653 -0.5819
vn 0.2445 0.2975 -0.92289
vn 0.20131 0.19351 0.96022
vn 0.36729 0.17409 0.91367
vn 0.2932 0.0697 0.95351
vn 0.14601 0.0723 0.98664
vn 0.46743 0.14261 0.87245
vn 0.0795 0.036 0.99618
vn 0.0202 0.0524 0.99842
vn 0.45939 0.1085 -0.88158
vn 0.2094 0.1849 -0.96019
vn 0.3184 0.0429 -0.94699
vn 0.196 0.0656 -0.97841
vn 0.1105 0.1248 -0.98601
vn 0.1748 0.0079 -0.98457
vn 0.1799 0.014 -0.98359
vn 0.19469 0.0507 -0.97955
vn 0.0091 0.041 0.99912
vn 0.0221 0.0524 0.99838
vn 0.0006 0.0471 0.99889
vn -0.0007 0.0535 0.99857
vn 0.0293 0.0535 0.99814
vn 0.14 0.038 -0.98942
vn 0.0702 0.0443 -0.99655
vn 0.0185 0.0456 -0.99879
vn 0.0039 0.0661 0.99781
vn -0.0032 0.0504 0.99872
vn 0.0078 0.0666 0.99775
vn 0.0158 0.0474 0.99875
vn -0.0176 0.0626 -0.99788
vn -0.0336 0.0514 -0.99811
vn -0.0612 0.0653 -0.99599
vn -0.0776 0.0908 -0.99284
vn 0.0021 0.064 0.99795
vn -0.0042 0.0503 0.99873
vn -0.0335 0.0949 0.99492
vn -0.1031 0.0614 -0.99277
vn -0.115 0.0998 -0.98834
vn -0.0787 0.133 0.98799
vn -0.064 0.0848 0.99434
vn -0.0385 0.0768 0.9963
vn -0.0463 0.0875 0.99509
vn -0.0764 0.0917 -0.99285
vn -0.1183 0.0605 -0.99113
vn -0.0472 0.0601 -0.99708
vn -0.0803 0.0756 -0.9939
vn -0.0757 0.0937 -0.99272
vn -0.1192 0.15459 0.98076
vn -0.1094 0.126 0.98598
vn -0.1417 0.164 0.97623
vn -0.20471 0.20721 0.95664
vn -0.0958 0.1192 -0.98824
vn -0.1415 0.1142 -0.98333
vn -0.18781 0.15541 -0.96983
vn -0.33009 0.27739 0.90227
vn -0.2801 0.2556 0.92532
vn -0.4095 0.475 0.7789
vn -0.51119 0.41219 0.75418
vn -0.50348 0.36959 0.78097
vn -0.5922 0.5131 0.6213
vn -0.45811 0.44771 0.76791
vn -0.46082 0.35352 0.81404
vn -0.54831 0.45951 -0.69872
vn -0.68018 0.58579 -0.44069
vn -0.4365 0.4647 -0.7704
vn -0.65252 0.62222 -0.43251
vn -0.2299 0.2222 -0.94751
vn -0.325 0.3128 -0.89249
vn -0.39051 0.2413 -0.88841
vn -0.26359 0.18129 -0.94745
vn -0.7303 0.1906 0.656
vn -0.83463 0.48542 0.26031
vn -0.71969 0.44979 0.52889
vn -0.68052 0.48011 0.55352
vn -0.77289 0.60069 0.2045
vn -0.75201 0.61621 0.234
vn -0.78559 0.60819 0.1138
vn -0.71962 0.56602 0.40221
vn -0.75749 0.61919 -0.2069
vn -0.79051 0.60451 -0.0983
vn -0.7567 0.5611 -0.3355
vn -0.79019 0.61239 0.0241
vn -0.76542 0.58981 -0.25741
vn -0.71102 0.43161 -0.55512
vn -0.34969 0.26509 -0.89858
vn -0.55393 0.30462 -0.77484
vn -0.50901 0.60201 -0.61521
vn -0.69771 0.58961 -0.4069
vn -0.79438 0.57548 -0.19439
vn 0.1347 -0.0714 0.98831
vn 0.2451 0.64299 0.72559
vn 0.39038 0.38028 0.83845
vn 0.51461 0.50241 0.69481
vn 0.44151 0.51361 0.73571
vn 0.71482 0.69632 0.0646
vn 0.6853 0.6459 0.3364
vn 0.7044 0.6704 -0.2332
vn 0.67832 0.69342 -0.24301
vn 0.6509 0.7091 0.2711
vn 0.72311 0.68061 -0.1178
vn 0.61998 0.63478 0.46118
vn 0.69803 0.65083 0.29861
vn 0.68033 0.61123 0.40442
vn 0.6239 0.6521 -0.4307
vn 0.48131 0.65791 -0.57921
vn 0.5088 0.4286 -0.7466
vn 0.43362 0.37221 -0.82063
vn 0.63031 0.54141 -0.55641
vn 0.64498 0.70298 -0.29969
vn 0.3514 0.3649 -0.86219
vn 0.37188 0.39518 -0.83996
vn 0.31152 0.35122 -0.88295
vn 0.23811 0.27071 -0.93275
vn 0.51881 0.62092 0.58762
vn 0.4416 0.5329 0.7218
vn 0.27449 0.36069 0.89138
vn 0.38659 0.54868 0.74128
vn 0.22131 0.30692 0.92565
vn 0.1476 0.1496 0.97767
vn 0.0908 0.1341 0.9868
vn 0.6273 0.73681 -0.2522
vn 0.61667 0.73617 -0.27889
vn 0.63308 0.69528 -0.34029
vn 0.57038 0.75598 -0.32119
vn 0.63969 0.71729 -0.2762
vn 0.56253 0.60273 0.56593
vn 0.40422 0.52092 0.75183
vn 0.3418 0.4291 -0.83609
vn 0.1678 0.1807 -0.96912
vn 0.42221 0.52832 -0.73662
vn 0.33602 0.35262 -0.87335
vn 0.20391 0.18611 -0.96114
vn 0.1962 0.237 -0.95149
vn 0.0662 0.1205 0.9905
vn 0.1002 0.1159 0.98819
vn 0.1084 0.18501 0.97674
vn 0.0611 0.12279 0.99055
vn 0.115 0.1493 -0.98208
vn 0.0827 0.0968 -0.99186
vn 0.1336 0.1962 -0.97142
vn 0.056 0.0626 -0.99647
vn 0.0759 0.1361 -0.98778
vn 0.0394 0.13139 0.99055
vn 0.0272 0.081 0.99634
vn 0.038 0.1027 0.99399
vn 0.0013 0.0617 0.99809
vn 0.0386 0.061 -0.99739
vn 0.0592 0.0908 -0.99411
vn 0.0061 0.095 0.99546
vn 0.0052 0.0559 0.99842
vn 0.0181 0.0692 -0.99744
vn 0.0071 0.0837 -0.99647
vn -0.0559 0.0881 -0.99454
vn -0.0841 0.042 -0.99557
vn 0.0071 0.0631 0.99798
vn -0.1907 0.0705 -0.97911
vn -0.20851 0.0479 -0.97685
vn -0.1779 -0.0118 -0.98398
vn -0.1082 0.0198 0.99393
vn -0.219 0.029 0.97529
vn -0.2249 0.0023 -0.97438
vn -0.1572 0.0166 -0.98743
vn -0.19971 -0.098 -0.97494
vn -0.56799 -0.1577 0.80779
vn -0.34021 -0.0837 0.93662
vn -0.47929 -0.34059 0.80888
vn -0.65029 -0.0214 0.75939
vn -0.73275 -0.0601 0.67784
vn -0.55838 -0.0135 0.82947
vn -0.6955 0.2082 0.6877
vn -0.78999 -0.0545 0.61069
vn -0.46002 -0.34311 0.81893
vn -0.55961 -0.44881 0.69671
vn -0.61998 -0.29369 0.72758
vn -0.81733 -0.30241 0.49042
vn -0.82763 -0.1257 0.54702
vn -0.81214 -0.35212 0.46523
vn -0.91038 -0.40299 0.0938
vn -0.87069 -0.46439 -0.162
vn -0.93109 -0.3105 -0.1915
vn -0.88882 -0.0576 0.45461
vn -0.86956 -0.15409 0.46918
vn -0.99194 -0.0483 0.11711
vn -0.98329 0.1057 0.1482
vn -0.99448 -0.1045 0.0095
vn -0.81682 -0.48001 0.32001
vn -0.84378 -0.53599 -0.0274
vn -0.77831 -0.58801 -0.2202
vn -0.85868 -0.48149 -0.1756
vn -0.54662 -0.0379 -0.83653
vn -0.57848 -0.20749 -0.78887
vn -0.3058 -0.1456 -0.9409
vn -0.4749 -0.3195 -0.82
vn -0.6749 0.005 -0.7379
vn -0.8804 0.1472 -0.4508
vn -0.70241 0.0257 -0.71131
vn -0.80188 0.21259 -0.55839
vn -0.89202 0.0443 -0.44981
vn 0.80252 -0.37541 0.46371
vn 0.78638 -0.52108 0.33179
vn 0.56539 -0.46919 0.67838
vn 0.85589 -0.0075 0.5171
vn 0.87381 -0.0882 0.4782
vn 0.76907 -0.0657 0.63578
vn 0.8288 -0.0078 0.5595
vn 0.82392 -0.56031 0.0849
vn 0.64941 -0.75891 -0.0483
vn 0.63467 -0.77017 0.0635
vn 0.85079 -0.49909 0.1645
vn 0.95237 -0.26809 0.1453
vn 0.72617 -0.33339 -0.60127
vn 0.59981 -0.53851 -0.59181
vn 0.70923 -0.33551 -0.62002
vn 0.80967 -0.1142 -0.57568
vn 0.96346 -0.26609 0.0308
vn 0.90168 -0.43239 0.0025
vn 0.91919 0.0819 0.3852
vn 0.95339 0.1084 0.2816
vn 0.9921 0.1141 -0.0522
vn 0.98607 0.1382 -0.0926
vn 0.50282 -0.57182 -0.64822
vn 0.62221 -0.27271 -0.73381
vn 0.65328 -0.22769 -0.72207
vn 0.47069 -0.2217 -0.85399
vn 0.78123 -0.30311 -0.54572
vn 0.82789 -0.1318 -0.54519
vn 0.82178 -0.109 -0.55929
vn 0.5954 -0.103 -0.7968
vn 0.551 -0.0227 -0.8342
vn 0.57377 -0.1026 -0.81256
vn 0.83666 -0.0649 -0.54387
vn 0.84852 -0.0861 -0.52211
vn 0.84268 -0.0755 -0.53309
vn 0.3788 -0.0112 0.92541
vn 0.46268 -0.15219 0.87336
vn 0.2364 -0.0176 0.9715
vn 0.223 0.0278 0.97442
vn 0.3873 0.063 0.9198
vn 0.0818 0.0676 0.99435
vn 0.0187 0.0415 0.99896
vn 0.1278 0.0286 0.99139
vn 0.1331 0.0504 0.98982
vn 0.40659 -0.058 -0.91177
vn 0.2188 -0.0358 -0.97511
vn 0.2442 -0.0541 -0.96821
vn 0.1636 -0.007 -0.9865
vn 0.0157 0.0763 0.99696
vn 0.0072 0.0383 0.99924
vn -0.0085 0.0816 0.99663
vn -0.0198 0.057 0.99818
vn 0.0013 0.0645 0.99792
vn 0.0458 0.0251 -0.99864
vn -0.0131 0.0567 -0.99831
vn -0.0275 0.0902 -0.99554
vn 0.0599 0.0347 -0.9976
vn -0.0151 0.0816 0.99655
vn -0.0196 0.11351 0.99334
vn 0.0078 0.073 0.9973
vn -0.0527 0.097 -0.99389
vn -0.0563 0.0645 -0.99633
vn -0.0985 0.0926 -0.99082
vn -0.0694 0.1423 0.98739
vn -0.0574 0.1242 0.9906
vn -0.114 0.107 -0.9877
vn -0.11199 0.12229 -0.98615
vn -0.1339 0.1293 -0.98252
vn -0.1171 0.1213 -0.98568
vn -0.1024 0.1068 -0.98899
vn -0.1587 0.2721 0.94909
vn -0.0688 0.1369 -0.98819
vn -0.19749 0.31809 -0.92726
vn -0.1403 0.1606 -0.977
vn -0.152 0.27371 -0.94973
vn -0.29411 0.34531 0.89122
vn -0.23201 0.27161 0.93402
vn -0.1794 0.2813 0.9427
vn -0.39638 0.54248 0.74067
vn -0.42001 0.48881 0.76462
vn -0.59012 0.58542 0.55592
vn -0.58959 0.57779 0.56439
vn -0.6104 0.5901 0.5284
vn -0.4171 0.5274 0.74019
vn -0.50551 0.68791 0.52081
vn -0.3661 0.3586 0.8587
vn -0.61054 0.69115 -0.38673
vn -0.6818 0.697 -0.2221
vn -0.61242 0.71132 -0.34491
vn -0.63881 0.67861 -0.36251
vn -0.13311 0.19741 -0.97124
vn -0.17109 0.25839 -0.95077
vn -0.35501 0.49491 -0.79312
vn -0.2908 0.3866 -0.8752
vn -0.234 0.2355 -0.94329
vn -0.34721 0.31601 -0.88294
vn -0.72599 0.63869 0.255
vn -0.733 0.6244 0.2699
vn -0.60693 0.53783 0.58513
vn -0.48499 0.66049 0.57319
vn -0.4198 0.4644 0.7798
vn -0.6689 0.6784 0.3039
vn -0.70593 0.58182 0.40392
vn -0.67071 0.63651 0.3808
vn -0.64739 0.70389 0.29229
vn -0.68886 0.68916 0.22479
vn -0.62742 0.65233 0.42522
vn -0.70202 0.71132 0.0347
vn -0.68733 0.72483 0.0468
vn -0.54938 0.61108 -0.56988
vn -0.5622 0.6176 -0.55
vn -0.68389 0.71909 -0.1233
vn -0.70654 0.70324 -0.07901
vn -0.61302 0.77943 0.1292
vn -0.6884 0.6859 -0.2359
vn -0.63199 0.50449 -0.58829
vn -0.24049 0.31249 -0.91897
vn -0.35202 0.30802 -0.88386
vn -0.65552 0.66352 -0.36061
vn -0.70471 0.62981 -0.3267
vn -0.33539 0.75258 0.56669
vn -0.3345 0.74611 0.5757
vn -0.61062 0.73253 0.30091
vn -0.39211 0.91282 0.1141
vn -0.89202 0.44271 -0.0912
vn -0.88564 0.26378 -0.38217
vn -0.67729 0.67849 -0.28449
vn -0.80186 0.59327 -0.071
vn -0.7174 0.5954 -0.3617
vn 0.3384 0.7084 0.6194
vn 0.50009 0.75099 0.43119
vn 0.48328 0.66097 0.57407
vn 0.51447 0.80706 0.28978
vn 0.76793 0.63502 0.0839
vn 0.61138 0.77928 -0.1376
vn 0.40881 0.87182 -0.26981
vn 0.52709 0.75169 0.3964
vn 0.55342 0.78063 0.29041
vn 0.59629 0.79619 0.1026
vn 0.58758 0.79478 0.1519
vn 0.59372 0.80153 0.0711
vn 0.58109 0.79159 0.189
vn 0.536 0.7856 0.3091
vn 0.57388 0.77898 -0.25269
vn 0.56721 0.82002 -0.0764
vn 0.53437 0.80546 0.25629
vn 0.54018 0.75388 0.37399
vn 0.45889 0.79949 0.3876
vn 0.5529 0.76329 0.3342
vn 0.58684 0.75645 -0.28882
vn 0.48768 0.74467 -0.45568
vn 0.346 0.4821 -0.8049
vn 0.44638 0.46938 -0.76186
vn 0.44768 0.44048 -0.77817
vn 0.53059 0.70238 -0.47449
vn 0.55329 0.78069 -0.2905
vn 0.2254 0.6 -0.76759
vn 0.29021 0.54972 -0.78332
vn 0.31891 0.56961 -0.75752
vn 0.31141 0.42542 -0.84973
vn 0.19301 0.32491 0.92584
vn 0.30809 0.42009 0.85358
vn 0.2505 0.4792 0.8412
vn 0.2586 0.54551 0.79721
vn 0.2674 0.685 0.6777
vn 0.2286 0.38609 0.89369
vn 0.27671 0.47871 0.83323
vn 0.1437 0.27611 0.95032
vn 0.47673 0.78215 0.40122
vn 0.53533 0.82914 0.16111
vn 0.49211 0.81902 -0.29501
vn 0.54878 0.79017 -0.27289
vn 0.50883 0.80315 0.30992
vn 0.50711 0.72271 0.46961
vn 0.42101 0.72611 -0.54361
vn 0.4484 0.4991 -0.74151
vn 0.33889 0.49869 -0.79778
vn 0.32299 0.37189 -0.87027
vn 0.2692 0.4357 -0.85889
vn 0.26701 0.43952 -0.85763
vn 0.1846 0.32041 -0.92912
vn 0.2235 0.34391 -0.91202
vn 0.138 0.22569 -0.96438
vn 0.236 0.41709 0.87769
vn 0.10899 0.20509 0.97266
vn 0.1398 0.28781 0.94743
vn 0.10031 0.25301 0.96225
vn 0.0454 0.1243 0.99121
vn 0.0294 0.0933 0.9952
vn 0.2159 0.43591 -0.87371
vn 0.21229 0.35289 -0.91126
vn 0.20091 0.33231 -0.92152
vn 0.1099 0.1515 -0.98233
vn 0.0773 0.1095 -0.99098
vn 0.1805 0.29011 -0.93982
vn 0.0145 0.0827 0.99647
vn 0.0484 0.0954 0.99426
vn 0.11241 0.32602 0.93866
vn 0.0421 0.1431 0.98881
vn 0.0757 0.2003 -0.97681
vn 0.0085 0.0738 -0.99724
vn -0.0163 0.0518 -0.99852
vn 0.0098 0.15249 -0.98826
vn 0.0198 0.0737 0.99708
vn 0.0017 0.0614 0.99811
vn 0.0084 0.0801 0.99675
vn 0.0032 0.12729 -0.99186
vn -0.0826 0.0079 -0.99655
vn -0.16729 -0.0552 -0.98436
vn -0.0384 0.0615 -0.99737
vn 0.0264 0.0919 0.99542
vn -0.0665 -0.028 0.99739
vn -0.022 0.0499 0.99851
vn -0.1015 -0.0152 -0.99472
vn -0.116 -0.0916 -0.98902
vn -0.0718 -0.077 0.99444
vn -0.2461 -0.37701 0.89292
vn -0.2146 -0.167 0.96232
vn -0.26909 -0.63219 0.72659
vn -0.33989 -0.55739 0.75749
vn -0.2131 -0.642 0.7365
vn -0.43799 -0.36059 0.82349
vn -0.25959 -0.21989 0.94035
vn -0.73269 -0.5262 0.4316
vn -0.71389 -0.61509 0.3347
vn -0.54892 -0.83563 -0.0204
vn -0.27969 -0.95965 0.029
vn -0.52001 -0.81812 -0.24551
vn -0.76209 -0.64359 -0.0707
vn -0.66139 -0.72479 -0.193
vn -0.1771 -0.0886 -0.9802
vn -0.33521 -0.1864 -0.92352
vn -0.0921 -0.0744 -0.99297
vn -0.0813 -0.128 -0.98844
vn -0.1516 -0.24331 -0.95803
vn -0.3422 -0.38129 -0.85879
vn -0.1318 -0.3368 -0.93231
vn -0.3955 -0.4435 -0.8043
vn 0.0001 -0.56202 0.82713
vn -0.0426 -0.24831 0.96774
vn 0.0249 -0.24681 0.96874
vn -0.30479 -0.79918 0.51809
vn -0.1024 -0.90302 0.41721
vn -0.0592 -0.93318 0.35449
vn -0.0164 -0.88699 0.4615
vn 0.0373 -0.31241 0.94922
vn 0.17251 -0.81734 0.54973
vn -0.2817 -0.9238 0.2593
vn 0.10799 -0.98185 0.15589
vn -0.35111 -0.88154 -0.31561
vn -0.0694 -0.99736 -0.0213
vn -0.46682 -0.76973 -0.43542
vn 0.37051 -0.76921 0.52061
vn 0.48608 -0.87387 0.0088
vn 0.33551 -0.93803 -0.0868
vn -0.2065 -0.577 -0.79021
vn -0.0798 -0.49819 -0.86339
vn 0.0074 -0.3538 -0.93529
vn -0.101 -0.30719 -0.94627
vn -0.0082 -0.49968 -0.86617
vn 0.0246 -0.5345 -0.84481
vn -0.35951 -0.71642 -0.59791
vn -0.0655 -0.88258 -0.46559
vn 0.0203 -0.88996 -0.45558
vn -0.1278 -0.88148 -0.45459
vn 0.0834 -0.36172 -0.92855
vn 0.1735 -0.54751 -0.81861
vn 0.1507 -0.3152 -0.93699
vn 0.0185 -0.69651 -0.71731
vn 0.0669 -0.75667 -0.65037
vn 0.20801 -0.67392 -0.70892
vn 0.285 -0.62781 -0.72431
vn 0.1092 -0.3104 0.94431
vn 0.2668 -0.385 0.88351
vn 0.28091 -0.52142 0.80573
vn -0.0182 -0.74642 0.66522
vn 0.34921 -0.69562 0.62782
vn 0.0327 -0.1045 0.99399
vn 0.32231 -0.67841 0.66021
vn 0.36459 -0.56798 0.73788
vn 0.0028 0.0173 0.99985
vn 0.0606 -0.0969 0.99345
vn 0.27481 -0.28961 0.91684
vn 0.1273 -0.0928 0.98751
vn 0.43989 -0.45749 0.77279
vn 0.46751 -0.83062 0.30251
vn 0.58147 -0.76456 0.27809
vn 0.47843 -0.72255 0.49903
vn 0.44002 -0.63602 0.63392
vn 0.40607 -0.63616 0.65606
vn 0.6242 -0.2174 0.7504
vn 0.2666 -0.6719 -0.691
vn 0.3579 -0.5588 -0.7481
vn 0.16741 -0.13181 -0.97704
vn 0.2295 -0.3531 -0.907
vn 0.32211 -0.36521 -0.87342
vn 0.49321 -0.50612 -0.70752
vn 0.54361 -0.40181 -0.73691
vn 0.57489 -0.41819 -0.70329
vn 0.1713 -0.28391 -0.94343
vn 0.109 -0.1874 -0.97622
vn 0.0638 -0.0378 -0.99725
vn 0.0112 0.0445 0.99895
vn 0.0495 0.0331 0.99823
vn 0.1296 -0.1508 -0.98003
vn 0.0206 0.0436 -0.99884
vn 0.12801 -0.0065 -0.99175
vn 0.0622 0.0456 -0.99702
vn 0.0412 0.11889 -0.99205
vn 0.1708 -0.0541 -0.98382
vn -0.0141 0.113 0.9935
vn 0.007 0.0673 0.99771
vn -0.0342 0.17729 -0.98356
vn -0.0644 0.13049 -0.98936
vn -0.0742 0.1867 -0.97961
vn -0.0337 0.15311 0.98764
vn -0.0333 0.1188 0.99236
vn -0.0884 0.1441 -0.98561
vn -0.0989 0.1944 -0.97592
vn -0.1189 0.1441 -0.98239
vn -0.0877 0.21139 0.97346
vn -0.0862 0.22139 0.97137
vn -0.18821 0.51193 0.83815
vn -0.0527 0.14819 0.98755
vn -0.20751 0.42262 0.88223
vn -0.1275 0.2391 0.96259
vn -0.20249 0.37419 -0.90497
vn -0.1592 0.2683 -0.95009
vn -0.2012 0.3189 -0.92619
vn -0.1462 0.2142 -0.96579
vn -0.24041 0.34911 -0.90572
vn -0.17951 0.30171 -0.93635
vn -0.2711 0.5005 0.8222
vn -0.2589 0.5671 0.7819
vn -0.32311 0.74032 0.58952
vn -0.4947 0.79131 0.3593
vn -0.38601 0.72461 0.57091
vn -0.50689 0.77728 0.37269
vn -0.30579 0.44449 0.84198
vn -0.54519 0.83428 0.0821
vn -0.4444 0.7902 0.422
vn -0.53538 0.77307 0.34019
vn -0.54592 0.81493 0.19461
vn -0.54762 0.78363 -0.29331
vn -0.54861 0.82602 -0.1293
vn -0.57842 0.81033 -0.0938
vn -0.33311 0.71132 -0.61892
vn -0.29081 0.36472 -0.88454
vn -0.21151 0.37751 -0.90153
vn -0.27141 0.28971 -0.91783
vn -0.31531 0.45421 -0.83323
vn -0.254 0.3789 -0.8899
vn -0.4519 0.7039 -0.548
vn -0.58012 0.77892 -0.23821
vn -0.4561 0.4617 -0.7608
vn -0.1809 0.57599 -0.79719
vn -0.29141 0.51361 -0.80702
vn -0.23221 0.49743 -0.83585
vn -0.50919 0.81328 0.28159
vn -0.47441 0.80621 0.3535
vn -0.27561 0.85413 0.44102
vn -0.286 0.2758 0.91768
vn -0.41651 0.50011 0.75922
vn -0.58061 0.81412 0.0103
vn -0.58511 0.77252 -0.24671
vn -0.5456 0.7824 -0.3003
vn -0.62182 0.78242 0.034
vn -0.69994 0.70434 -0.11831
vn -0.3881 0.3796 -0.83981
vn 0.33669 0.56298 0.75478
vn 0.40262 0.75803 0.51312
vn 0.34191 0.56272 0.75262
vn 0.44689 0.84357 -0.29779
vn 0.39089 0.91209 0.1237
vn 0.50459 0.85928 0.0839
vn 0.48558 0.87037 0.0817
vn 0.3344 0.5384 -0.7735
vn 0.3376 0.749 0.5701
vn 0.3531 0.8078 0.472
vn 0.3607 0.77971 0.51181
vn 0.2108 0.71601 0.66551
vn 0.1576 0.2689 0.95019
vn 0.3276 0.91839 0.2219
vn 0.39202 0.87485 -0.28452
vn 0.40431 0.84342 0.35381
vn 0.43131 0.89952 0.0696
vn 0.40288 0.90856 -0.11049
vn 0.367 0.87659 0.3113
vn 0.39498 0.84346 -0.36408
vn 0.34128 0.79406 0.50298
vn 0.3563 0.81261 -0.46121
vn 0.27319 0.81508 -0.51089
vn 0.2305 0.43881 -0.86851
vn 0.1835 0.38961 -0.90252
vn 0.39799 0.73268 -0.55208
vn 0.161 0.60589 -0.77909
vn 0.17411 0.55952 -0.81033
vn 0.2043 0.5839 -0.7857
vn 0.16969 0.41717 -0.89284
vn 0.15 0.383 0.91149
vn 0.1347 0.52381 0.84112
vn 0.1294 0.54052 0.83132
vn 0.1505 0.635 0.75771
vn 0.1716 0.54541 0.82041
vn 0.16601 0.62382 0.76373
vn 0.0961 0.3566 0.9293
vn 0.3187 0.80269 0.5041
vn 0.2771 0.8249 0.4927
vn 0.34282 0.90865 0.23841
vn 0.31721 0.91213 -0.25961
vn 0.33881 0.86692 -0.36561
vn 0.3113 0.90149 0.3007
vn 0.25151 0.74592 0.61672
vn 0.19161 0.58412 -0.78873
vn 0.24641 0.79583 -0.55312
vn 0.2429 0.5614 -0.7911
vn 0.25901 0.79583 -0.54732
vn 0.25021 0.56432 -0.78673
vn 0.1905 0.58111 -0.79121
vn 0.2047 0.48349 -0.85108
vn 0.18319 0.55437 -0.81186
vn 0.16799 0.49577 -0.85205
vn 0.1295 0.41929 -0.89857
vn 0.2668 0.80381 -0.5317
vn 0.0783 0.35659 -0.93097
vn 0.0326 0.2531 -0.96689
vn 0.1162 0.4358 0.89251
vn 0.1754 0.56019 0.80958
vn 0.0547 0.21329 0.97546
vn 0.0518 0.2297 0.97188
vn 0.2475 0.84441 0.4751
vn 0.2286 0.58491 0.77822
vn 0.2274 0.8474 0.4798
vn 0.28028 0.76965 -0.57366
vn 0.2842 0.7818 -0.555
vn 0.2915 0.76379 -0.57589
vn 0.146 0.4842 -0.86269
vn 0.0391 0.23021 -0.97235
vn 0.20931 0.63382 -0.74462
vn 0.0976 0.37361 -0.92243
vn 0.006 0.185 -0.98272
vn 0.0975 0.47609 0.87398
vn 0.0868 0.36092 0.92855
vn 0.1002 0.4436 0.8906
vn 0.0538 0.2416 0.96888
vn 0.0564 0.3517 0.93441
vn 0.0144 0.1697 0.98539
vn -0.0284 -0.0179 0.99944
vn 0.0589 0.52868 -0.84677
vn 0.0433 0.32961 -0.94312
vn 0.0562 0.32319 -0.94466
vn -0.0365 0.0946 -0.99485
vn 0.0534 0.4322 -0.9002
vn -0.0156 0.0769 0.99692
vn 0.0288 0.2009 0.97919
vn 0.0268 0.0882 0.99574
vn -0.0232 0.0307 -0.99926
vn -0.0032 0.0697 -0.99756
vn -0.0001 0.23111 -0.97293
vn -0.0299 -0.0245 -0.99925
vn -0.0066 0.2669 -0.9637
vn 0.0063 0.0959 0.99537
vn 0.0363 0.2882 0.95688
vn -0.015 0.30949 0.95078
vn 0.0218 0.19561 0.98044
vn -0.0031 -0.0429 -0.99907
vn 0.0043 -0.0258 -0.99966
vn -0.0199 0.20459 -0.97865
vn -0.0263 0.1491 0.98847
vn -0.0535 0.34832 0.93585
vn -0.0314 0.21879 0.97527
vn 0.0468 0.0385 -0.99816
vn 0.0346 0.1465 -0.98861
vn -0.0113 0.24431 -0.96963
vn -0.0211 0.18949 -0.98166
vn -0.0201 0.14211 0.98965
vn -0.0472 0.3021 0.95211
vn -0.0843 0.43378 0.89707
vn -0.0372 0.2231 0.97409
vn -0.0079 0.0732 0.99729
vn -0.0451 0.4878 -0.87179
vn -0.0568 0.39562 -0.91665
vn -0.0722 0.3573 -0.9312
vn -0.0325 0.24939 -0.96786
vn -0.0898 0.41869 -0.90368
vn -0.0425 0.28981 -0.95614
vn -0.0979 0.42329 0.90069
vn -0.13631 0.56112 0.81643
vn -0.0493 0.2148 0.97541
vn -0.1473 0.51079 0.84699
vn -0.0885 0.32929 0.94007
vn -0.2107 0.58979 0.77959
vn -0.2814 0.7653 -0.5789
vn -0.2571 0.80029 -0.54169
vn -0.29532 0.79255 -0.53353
vn -0.0897 0.3601 -0.92859
vn -0.1036 0.46699 -0.87817
vn -0.073 0.34561 -0.93553
vn -0.179 0.56631 -0.80452
vn -0.1281 0.39951 -0.90773
vn -0.16551 0.61063 0.77443
vn -0.1483 0.55781 0.81661
vn -0.0863 0.3223 0.9427
vn -0.31278 0.82386 0.47268
vn -0.2336 0.743 0.6272
vn -0.3549 0.8156 0.457
vn -0.1286 0.4019 0.90661
vn -0.33911 0.92962 0.1443
vn -0.27721 0.86492 0.41841
vn -0.2229 0.5479 -0.8063
vn -0.2255 0.80841 -0.54371
vn -0.37528 0.88326 0.28109
vn -0.2801 0.90289 -0.3261
vn -0.3047 0.86059 -0.4081
vn -0.3925 0.9079 -0.1472
vn -0.22999 0.80186 -0.55147
vn -0.21591 0.79333 -0.56922
vn -0.1537 0.5037 -0.8501
vn -0.149 0.42409 -0.89328
vn -0.1502 0.53518 -0.83128
vn -0.1541 0.43831 -0.88552
vn -0.2097 0.52699 -0.82359
vn -0.1649 0.5527 -0.8169
vn -0.1981 0.51251 -0.83552
vn -0.20611 0.52191 -0.82772
vn -0.19951 0.36882 -0.90784
vn -0.26362 0.74535 0.61234
vn -0.27909 0.56179 0.77878
vn -0.4606 0.6504 0.604
vn -0.39779 0.81998 0.41159
vn -0.37101 0.78233 0.50032
vn -0.3957 0.82871 0.3958
vn -0.4303 0.90021 0.0668
vn -0.40489 0.86079 0.3084
vn -0.41331 0.89722 -0.1555
vn -0.38773 0.82576 -0.40963
vn -0.3835 0.8523 -0.3557
vn -0.3405 0.8026 0.4898
vn -0.31889 0.92346 0.21339
vn -0.42759 0.84769 0.31399
vn -0.4075 0.89771 0.1675
vn -0.53081 0.84391 0.0778
vn -0.4514 0.8719 -0.1898
vn -0.39719 0.64648 -0.65138
vn -0.25 0.48501 -0.83801
vn -0.1769 0.7921 -0.5842
vn -0.29221 0.81382 -0.50231
vn -0.1538 0.28761 -0.94532
vn -0.2254 0.4128 -0.88249
vn -0.48138 0.64337 -0.59527
vn -0.52473 0.84674 -0.0877
vn -0.4989 0.8654 0.0466
vn -0.3793 0.6372 -0.6709
vn -0.36711 0.64072 -0.67432
vn -0.3786 0.6338 -0.6745
vn 0.1838 0.6274 0.7567
vn 0.27132 0.81655 0.50953
vn 0.21271 0.62733 0.74914
vn 0.32421 0.93762 0.1255
vn 0.2805 0.9476 0.1529
vn 0.1244 0.536 0.835
vn 0.13811 0.52353 0.84074
vn 0.24921 0.95923 0.1333
vn 0.2019 0.9761 0.0804
vn 0.1933 0.91681 0.34941
vn 0.2056 0.90469 -0.37319
vn 0.19991 0.88744 0.41532
vn 0.2768 0.90171 -0.3321
vn 0.1877 0.79041 -0.58311
vn 0.079 0.48298 -0.87206
vn 0.1077 0.72702 -0.67812
vn 0.14529 0.72416 -0.67416
vn 0.16531 0.98154 -0.0962
vn 0.1228 0.84312 0.52351
vn 0.1788 0.92062 0.34711
vn 0.19209 0.80986 0.55428
vn 0.16061 0.98593 -0.0463
vn 0.16369 0.96826 0.18889
vn 0.1651 0.86589 0.4722
vn 0.1918 0.85441 0.48291
vn 0.2177 0.79379 0.56789
vn 0.2041 0.79719 0.56819
vn 0.1317 0.62651 0.76821
vn 0.0713 0.49739 0.86459
vn 0.1173 0.87039 -0.47819
vn 0.14999 0.89477 -0.42059
vn 0.1527 0.78909 -0.59499
vn 0.0941 0.79322 -0.60162
vn 0.1065 0.71232 -0.69372
vn 0.0464 0.67378 -0.73748
vn 0.0324 0.6138 -0.7888
vn 0.0728 0.44918 0.89047
vn 0.0977 0.59978 0.79418
vn 0.12179 0.86885 0.47987
vn 0.1302 0.99023 0.0499
vn 0.1188 0.98274 -0.14181
vn 0.0348 0.98983 -0.1379
vn 0.0527 0.96524 0.25601
vn 0.1149 0.69761 0.70721
vn 0.0264 0.83134 0.55513
vn 0.1058 0.6528 -0.7501
vn 0.0529 0.5732 -0.8177
vn 0.0801 0.75519 -0.65059
vn 0.0002 0.58798 -0.80887
vn -0.0085 0.5538 -0.8326
vn 0.0179 0.55348 -0.83267
vn -0.0503 0.9985 0.0216
vn -0.0154 0.86099 0.50839
vn 0.0957 0.83349 0.54419
vn -0.0007 0.6586 0.7525
vn -0.0883 0.98583 -0.1426
vn -0.0734 0.97779 0.1963
vn -0.0761 0.96429 -0.2537
vn -0.0577 0.97936 -0.19369
vn -0.1148 0.86168 0.49429
vn -0.0373 0.52709 -0.84899
vn -0.0364 0.72368 -0.68918
vn -0.0237 0.58852 -0.80813
vn -0.0661 0.56467 -0.82266
vn -0.002 0.56167 -0.82736
vn -0.0253 0.3006 -0.95341
vn -0.07 0.54929 0.83269
vn -0.0584 0.46733 0.88215
vn -0.0735 0.59532 0.80012
vn -0.1036 0.9946 0.0055
vn -0.09579 0.89765 0.43018
vn -0.0821 0.94082 -0.32881
vn -0.0062 0.8675 0.4974
vn -0.0777 0.72133 0.68822
vn -0.12771 0.98585 -0.10861
vn -0.12971 0.98325 0.12801
vn -0.1662 0.88259 0.43979
vn -0.1517 0.89381 0.42201
vn -0.20011 0.80423 0.55962
vn -0.1051 0.86211 -0.4957
vn -0.0629 0.85893 -0.50822
vn -0.1509 0.66061 -0.73541
vn -0.144 0.6731 -0.7254
vn -0.0615 0.57988 -0.81238
vn -0.0628 0.70751 -0.70391
vn -0.096 0.73949 -0.66629
vn -0.1191 0.63061 -0.76691
vn -0.0374 0.45102 0.89173
vn -0.097 0.53559 0.83889
vn -0.1276 0.67318 0.72838
vn -0.15741 0.55352 0.81783
vn -0.1727 0.93989 0.2946
vn -0.1517 0.96968 -0.1916
vn -0.1833 0.81541 0.5491
vn -0.1578 0.95902 0.23531
vn -0.17611 0.85304 0.49123
vn -0.1398 0.8867 -0.4407
vn -0.15879 0.97656 -0.14529
vn -0.1548 0.9875 0.0298
vn -0.185 0.90949 -0.3723
vn -0.2549 0.96629 0.0362
vn -0.20451 0.92163 0.32981
vn -0.084 0.89089 0.44639
vn -0.0262 0.58802 -0.80842
vn -0.0789 0.80732 -0.58481
vn -0.10889 0.82766 -0.55057
vn -0.0709 0.45888 -0.88566
vn -0.25641 0.66922 -0.69742
vn -0.1359 0.52591 0.83961
vn -0.107 0.53699 0.83678
vn -0.2293 0.91932 0.31981
vn -0.2241 0.70141 0.67661
vn -0.27831 0.89243 -0.35511
vn -0.2835 0.95581 0.0778
vn -0.1236 0.64802 -0.75153
vn -0.20771 0.82375 -0.52753
vn -0.1309 0.67899 -0.72239
vn -0.1606 0.62121 -0.76701
vn -0.2161 0.50751 -0.83411
vn -0.0479 0.39871 -0.91582
vn -0.29301 0.92983 -0.22261
vn 0.14471 -0.71254 0.68654
vn 0.2096 -0.7317 0.6486
vn 0.26169 -0.65488 -0.70898
vn 0.2074 -0.5967 -0.7752
vn 0.038 -0.51621 -0.85562
vn 0.0785 -0.62243 0.77873
vn 0.0269 -0.83465 -0.55013
vn 0.0385 -0.96909 -0.2437
vn 0.0118 -0.3084 -0.95119
vn 0.103 -0.65972 -0.74442
vn 0.0022 -0.82591 0.5638
vn -0.0349 -0.65442 0.75532
vn -0.082 -0.97792 -0.1922
vn 0.009 -0.47989 -0.87728
vn -0.0506 -0.62963 -0.77524
vn -0.0048 -0.62822 -0.77802
vn 0.0497 -0.61323 -0.78834
vn -0.1397 -0.72641 0.67291
vn -0.0419 -0.88682 -0.46021
vn -0.1018 -0.65042 -0.75272
vn -0.18609 -0.88277 -0.43138
vn -0.2112 -0.75589 0.61969
vn -0.17591 -0.74692 0.64122
vn -0.29559 -0.92827 -0.22569
vn -0.2803 -0.6759 -0.6816
vn -0.21071 -0.81124 -0.54543
vn 0.47498 -0.76406 0.43658
vn 0.52093 -0.70624 0.47943
vn 0.43618 -0.72897 -0.52758
vn 0.3184 -0.66599 0.67459
vn 0.35418 -0.77876 -0.51777
vn 0.35119 -0.69789 -0.62419
vn 0.3024 -0.5263 0.79471
vn 0.2051 -0.60649 -0.76818
vn 0.2012 -0.60589 -0.76969
vn 0.0049 -0.0468 -0.99889
vn -0.0198 -0.0482 -0.99864
vn -0.294 -0.6507 0.7001
vn -0.20159 -0.55047 -0.81015
vn -0.20519 -0.57437 -0.79246
vn -0.45201 -0.82533 0.33841
vn -0.41651 -0.66041 -0.62481
vn -0.41079 -0.66078 -0.62818
vn -0.34189 -0.65887 -0.67007
vn -0.33511 -0.77422 -0.53692
vn -0.44289 -0.84187 0.30839
vn -0.49118 -0.66127 0.56698
vn -0.39759 -0.68889 -0.60609
vn 0.59442 -0.70463 0.38751
vn 0.51543 -0.64584 0.56323
vn 0.49569 -0.60109 0.62689
vn 0.45061 -0.57981 0.67881
vn 0.3836 -0.5846 -0.7149
vn 0.4318 -0.51741 -0.73881
vn 0.52789 -0.59689 -0.60419
vn 0.4768 -0.5532 -0.6831
vn 0.0208 -0.0401 0.99898
vn 0.0029 -0.0128 -0.99991
vn 0.0218 -0.019 -0.99958
vn 0.0094 -0.0427 -0.99904
vn -0.0328 -0.0607 -0.99762
vn -0.49379 -0.61708 0.61268
vn -0.28359 -0.31059 -0.90726
vn -0.1979 -0.4256 -0.883
vn -0.48731 -0.65692 0.57531
vn -0.5536 -0.66889 0.4961
vn -0.61997 -0.63917 0.45508
vn -0.50711 -0.65762 0.55711
vn -0.6627 -0.6841 0.3047
vn -0.64358 -0.71987 0.25999
vn -0.63891 -0.71241 0.2903
vn -0.3702 -0.4371 -0.81969
vn 0.68821 -0.61311 0.3879
vn 0.52812 -0.48212 0.69903
vn 0.57187 -0.49777 0.65206
vn 0.38071 -0.1496 0.91251
vn 0.726 -0.6337 -0.2671
vn 0.71313 -0.64983 -0.26301
vn 0.46448 -0.56447 -0.68237
vn 0.48549 -0.40439 -0.77509
vn 0.6453 -0.6611 -0.3828
vn 0.6257 -0.5959 -0.5034
vn 0.42401 -0.50241 0.75352
vn 0.0481 -0.0298 -0.9984
vn 0.0468 -0.0236 -0.99863
vn 0.0215 -0.0307 0.9993
vn -0.0375 -0.0356 -0.99866
vn 0.0133 -0.0266 0.99956
vn 0.0134 -0.043 0.99899
vn -0.011 -0.0962 -0.9953
vn -0.0123 -0.043 -0.999
vn -0.0081 -0.0152 -0.99985
vn -0.0531 -0.0467 -0.9975
vn 0.0075 -0.0335 0.99941
vn 0.009 -0.0196 -0.99977
vn -0.0048 -0.0453 0.99896
vn 0.0124 -0.0258 -0.99959
vn 0.0138 0.002 -0.9999
vn -0.0161 -0.0412 0.99902
vn -0.0062 -0.0103 -0.99993
vn -0.5597 -0.64379 0.5218
vn -0.55367 -0.66886 0.49607
vn -0.49503 -0.53423 0.68524
vn -0.60629 -0.74099 0.2887
vn -0.6237 -0.7484 0.2256
vn -0.68342 -0.72532 -0.0828
vn -0.54677 -0.56197 0.62067
vn -0.67729 -0.70658 -0.205
vn -0.55721 -0.57141 -0.60251
vn -0.56192 -0.64873 -0.51322
vn -0.61431 -0.59401 -0.51941
vn -0.42022 -0.35232 -0.83624
vn 0.77412 -0.61532 -0.1487
vn 0.46301 -0.40831 -0.78671
vn 0.51821 -0.31071 -0.79682
vn 0.39189 -0.31229 -0.86539
vn 0.5417 -0.4722 0.6954
vn 0.6466 -0.6623 0.3785
vn 0.6467 -0.6622 0.3785
vn 0.76731 -0.63801 -0.0647
vn 0.77242 -0.63182 -0.0646
vn 0.0505 -0.0201 -0.99852
vn 0.022 -0.0392 0.99899
vn 0.0005 -0.0211 0.99978
vn -0.0035 -0.0129 0.99991
vn 0.0118 -0.0292 0.9995
vn 0.0107 -0.0091 0.9999
vn 0.0129 -0.0096 0.99987
vn 0.0094 -0.027 0.99959
vn 0.0135 -0.0146 0.9998
vn 0.0204 -0.0231 0.99953
vn -0.0225 -0.015 -0.99963
vn 0.0227 -0.0343 0.99915
vn 0.0286 -0.0142 0.99949
vn 0.0027 0.0004 -1
vn 0.0067 -0.0065 0.99996
vn -0.032 -0.0175 -0.99933
vn -0.0172 -0.039 -0.99909
vn 0.0143 0.0019 -0.9999
vn -0.0314 -0.0422 0.99862
vn -0.0241 -0.0246 -0.99941
vn -0.5525 -0.4497 0.7018
vn -0.45659 -0.37109 -0.80859
vn -0.7193 -0.5394 0.4378
vn -0.67849 -0.46769 0.56649
vn -0.48632 -0.26121 -0.83383
vn 0.2925 0.3553 0.88781
vn 0.50231 -0.43771 0.74572
vn 0.78582 -0.37901 0.48871
vn 0.69509 -0.3748 -0.61349
vn 0.44378 -0.31469 0.83907
vn 0.70982 -0.58952 -0.38551
vn 0.57743 -0.39912 -0.71224
vn 0.0539 -0.0463 0.99747
vn 0.032 -0.0277 -0.9991
vn 0.0053 -0.0107 0.99993
vn -0.0093 -0.0187 0.99978
vn -0.0053 -0.0235 0.99971
vn -0.0052 -0.0147 0.99988
vn -0.0114 -0.0177 0.99978
vn 0.0252 -0.0078 0.99965
vn -0.0261 -0.017 -0.99951
vn -0.0192 -0.0181 -0.99965
vn -0.0211 -0.0132 -0.99969
vn 0.0163 -0.0017 -0.99987
vn 0.006 -0.0038 -0.99997
vn -0.0018 -0.0094 -0.99995
vn 0.0041 0.0013 -0.99999
vn -0.0118 -0.0027 -0.99993
vn 0.041 0.0441 -0.99819
vn -0.0399 -0.0375 0.9985
vn -0.0341 -0.0222 -0.99917
vn -0.61898 -0.44789 0.64518
vn -0.62989 -0.53409 0.56389
vn -0.70628 -0.43748 0.55658
vn -0.59623 -0.32982 -0.73194
vn -0.67902 -0.32651 -0.65752
vn 0.83412 -0.37051 0.40861
vn 0.65021 -0.2784 0.70691
vn 0.70101 -0.2797 0.65601
vn 0.7905 -0.3735 0.4854
vn 0.24771 -0.22331 0.94275
vn 0.85641 -0.34961 -0.37991
vn 0.72286 -0.26928 -0.63636
vn 0.4479 -0.2095 -0.86919
vn 0.63658 -0.23919 -0.73318
vn 0.53928 -0.33809 -0.77128
vn 0.0616 -0.0272 -0.99773
vn 0.0321 -0.0458 -0.99843
vn 0.0277 -0.0354 0.99899
vn 0.0059 -0.0216 0.99975
vn -0.0048 -0.0029 0.99998
vn -0.0017 -0.0212 0.99977
vn -0.0074 -0.0093 0.99993
vn -0.0053 0.0514 0.99866
vn -0.0352 0.0473 -0.99826
vn 0.0251 0.08 0.99648
vn -0.0166 -0.032 -0.99935
vn -0.038 -0.0354 0.99865
vn -0.0642 -0.051 0.99663
vn -0.0623 -0.0504 -0.99678
vn -0.0909 -0.0626 -0.99389
vn -0.16541 -0.078 -0.98314
vn -0.6871 -0.3198 0.6524
vn -0.81901 -0.35811 0.44831
vn -0.74072 -0.32401 0.58852
vn -0.52661 -0.26201 -0.80872
vn -0.84397 -0.35729 -0.40008
vn -0.37789 -0.1982 -0.90439
vn -0.47582 -0.32791 -0.81613
vn -0.65321 -0.27541 -0.70531
vn -0.52622 -0.19311 -0.82813
vn 0.77002 -0.24641 -0.58852
vn 0.79989 -0.2237 -0.55689
vn 0.54208 -0.28679 0.78987
vn 0.40521 -0.0403 -0.91333
vn 0.0557 -0.0557 -0.99689
vn 0.0285 -0.0303 0.99913
vn 0.0239 -0.0335 0.99915
vn -0.0054 -0.0143 0.99988
vn -0.0322 -0.0114 0.99942
vn 0.0011 -0.0658 -0.99783
vn -0.68702 -0.36551 0.62802
vn -0.72032 -0.31691 0.61702
vn -0.74521 -0.29401 0.59851
vn -0.82683 -0.55902 0.062
vn -0.69611 -0.2218 -0.68281
vn 0.96171 -0.184 -0.2031
vn 0.71019 -0.2118 0.67139
vn 0.35741 0.39111 0.84811
vn 0.95795 -0.21401 -0.19111
vn 0.54072 -0.18931 -0.81963
vn 0.56029 -0.0928 -0.82308
vn 0.86419 -0.2711 -0.42389
vn 0.75881 -0.28711 -0.58461
vn 0.014 -0.0135 0.99981
vn 0.0316 -0.0807 0.99624
vn 0.0146 -0.0377 0.99918
vn 0.0036 -0.083 -0.99654
vn 0.0201 -0.0867 0.99603
vn -0.0421 -0.1311 0.99048
vn 0.0225 -0.0857 0.99607
vn 0.0218 -0.0728 0.99711
vn 0.0215 -0.0587 0.99804
vn -0.0142 -0.0841 0.99636
vn 0.02 -0.0637 0.99777
vn 0.0163 -0.0736 0.99715
vn -0.0188 -0.0515 0.9985
vn -0.0703 -0.0212 0.9973
vn -0.47101 -0.1544 0.86851
vn -0.77559 -0.1983 0.59929
vn -0.97926 -0.19519 -0.0543
vn -0.53132 -0.1066 -0.84044
vn -0.51059 -0.148 -0.84699
vn -0.81743 -0.29221 -0.49642
vn -0.94171 -0.1534 -0.2994
vn -0.95523 -0.18941 -0.22731
vn 0.59859 -0.1468 0.78749
vn 0.6021 -0.0911 -0.7932
vn 0.71166 -0.10479 -0.69466
vn 0.8441 -0.1576 -0.5125
vn 0.42359 -0.1321 -0.89617
vn 0.0392 0.0056 0.99922
vn -0.0186 0.008 0.9998
vn -0.0354 0.0071 0.99935
vn 0.0371 -0.0482 0.99815
vn 0.0293 -0.0386 0.99883
vn 0.0361 -0.0698 0.99691
vn 0.0382 -0.04 0.99847
vn 0.0187 -0.0497 0.99859
vn -0.0091 -0.0393 0.99919
vn -0.0313 -0.0623 -0.99757
vn 0.02 0.0066 0.99978
vn -0.28431 -0.0362 -0.95805
vn -0.70539 -0.0665 0.70569
vn -0.1573 -0.0754 -0.98467
vn -0.62396 -0.08289 -0.77705
vn -0.69175 -0.10089 -0.71505
vn -0.87741 -0.1271 -0.4626
vn -0.73204 -0.10561 -0.67303
vn 0.81159 -0.0167 0.58399
vn 0.75373 -0.0083 -0.65713
vn 0.75387 -0.0083 -0.65697
vn 0.75434 -0.0084 -0.65643
vn 0.75438 -0.0084 -0.65638
vn 0.70339 -0.0378 -0.70979
vn 0.026 0.0024 0.99966
vn -0.012 0.0094 0.99988
vn -0.0236 0.0021 0.99972
vn -0.0514 0.0048 0.99867
vn 0.0064 0.0107 0.99992
vn 0.30129 -0.55499 -0.77538
vn 0.0454 -0.62761 -0.77721
vn -0.0545 -0.54582 -0.83613
vn 0.0531 0.26539 -0.96268
vn -0.0157 -0.0032 0.99987
vn -0.0325 -0.0172 0.99932
vn -0.0862 -0.0034 0.99627
vn -0.5818 -0.0481 0.81191
vn -0.61869 -0.0806 0.78149
vn -0.60269 -0.0112 -0.79789
vn -0.70302 -0.0328 -0.71042
vn -0.78763 -0.0446 -0.61453
vn -0.77608 -0.0427 -0.62919
vn 0.78453 0.0542 0.61772
vn 0.75809 0.0146 -0.65199
vn 0.76178 0.0141 -0.64768
vn 0.77659 0.0123 -0.62989
vn 0.77731 0.0122 -0.629
vn 0.0377 0.0447 0.99829
vn 0.008 0.0094 0.99992
vn 0.0073 0.0346 0.99937
vn -0.0161 0.0208 0.99965
vn -0.0103 0.0322 0.99943
vn -0.0474 0.035 0.99826
vn 0.0462 0.0578 0.99726
vn 0.0952 0.0314 0.99496
vn 0.34921 0.0063 -0.93702
vn -0.59239 0.0165 -0.80548
vn -0.68831 -0.003 -0.72541
vn -0.72834 0.0106 -0.68514
vn -0.7414 0.0088 -0.671
vn 0.51697 0.0425 0.85495
vn 0.73169 0.1137 0.67209
vn 0.61897 0.0853 0.78077
vn 0.63731 0.0876 0.76561
vn 0.60859 0.0834 -0.78909
vn 0.80234 0.0527 -0.59453
vn 0.75202 0.0131 -0.65901
vn 0.0329 -0.0177 -0.9993
vn 0.0321 -0.0349 -0.99888
vn -0.0194 0.0882 0.99591
vn -0.5369 -0.1886 -0.8223
vn 0.009 0.0843 0.9964
vn -0.0063 0.0319 0.99947
vn -0.0313 0.0701 0.99705
vn 0.0727 0.018 0.99719
vn -0.63008 0.083 -0.77208
vn -0.79251 0.0567 -0.60721
vn -0.78299 0.049 -0.6201
vn -0.7594 0.0512 -0.6486
vn 0.3462 0.1518 0.9258
vn 0.52407 0.16499 0.83554
vn 0.70548 0.61079 0.35949
vn 0.97458 0.2229 0.0226
vn 0.93838 0.1955 0.28499
vn 0.87061 0.152 -0.4679
vn 0.32272 0.11031 -0.94005
vn 0.0074 0.0341 0.99939
vn 0.30459 0.1371 -0.94257
vn 0.0135 0.0252 0.99959
vn -0.009 0.0265 0.99961
vn -0.0353 0.0334 0.99882
vn -0.5862 0.0241 0.80981
vn -0.7051 0.2228 0.6732
vn -0.63318 0.14619 0.76007
vn -0.60331 0.1503 -0.78321
vn -0.6135 0.1141 -0.78141
vn -0.97758 0.21029 -0.0111
vn -0.96176 0.20159 -0.18539
vn -0.22799 0.0788 -0.97047
vn -0.9076 0.1348 -0.3976
vn 0.76736 0.29549 0.56907
vn 0.69639 0.0955 0.71129
vn 0.77492 0.25641 -0.57771
vn 0.77108 0.27099 -0.57619
vn 0.20909 0.0819 0.97446
vn 0.0034 -0.0082 -0.99996
vn -0.30481 -0.28801 -0.90782
vn -0.0183 -0.4026 -0.91519
vn -0.0031 -0.0107 -0.99994
vn -0.81867 0.27439 0.50448
vn -0.74147 0.15609 0.65258
vn -0.77573 0.23911 -0.58402
vn -0.76788 0.26899 -0.58138
vn -0.749 0.1999 -0.6317
vn 0.6852 0.2709 0.6761
vn 0.84573 0.32461 -0.42352
vn 0.62871 0.2239 -0.74471
vn 0.45417 0.09489 -0.88585
vn 0.67892 0.21471 -0.70212
vn 0.0898 0.0222 -0.99571
vn 0.005 -0.0093 -0.99994
vn -0.0421 -0.0163 -0.99898
vn -0.2479 -0.38179 -0.89038
vn 0.1916 0.3677 -0.90999
vn 0.28719 -0.41939 -0.86118
vn -0.0871 0.17821 -0.98013
vn -0.67713 0.25701 0.68953
vn -0.83319 0.3418 0.4347
vn -0.87055 0.33508 -0.36038
vn -0.57619 0.2042 -0.79139
vn -0.627 0.2231 -0.74639
vn -0.38032 0.0305 -0.92435
vn 0.51873 0.26001 0.81444
vn 0.52711 0.34501 0.77661
vn 0.87128 0.42359 0.24789
vn 0.82776 0.39328 -0.40018
vn 0.62317 0.21599 -0.75167
vn -0.0394 0.0211 -0.999
vn -0.67898 0.37429 -0.63158
vn -0.79323 0.36052 -0.49072
vn 0.4007 0.3612 -0.842
vn 0.76615 0.34512 -0.54213
vn 0.48252 0.31771 0.81623
vn 0.4428 0.3502 0.8254
vn 0.70151 0.5745 0.4217
vn 0.73079 0.53599 0.42269
vn 0.75519 0.49899 0.42509
vn 0.77724 0.56583 -0.27521
vn 0.588 0.4065 -0.6993
vn 0.58569 0.35309 -0.72959
vn 0.56779 0.47389 -0.67309
vn 0.2682 0.1622 -0.94961
vn -0.0061 0.77051 0.6374
vn 0.1281 0.72848 0.67298
vn 0.0418 0.83315 -0.55147
vn -0.2245 0.86471 -0.44931
vn -0.1903 0.8015 -0.5669
vn -0.77311 0.44261 0.45431
vn -0.57921 0.40941 0.70491
vn -0.73468 0.50628 0.45159
vn -0.59062 0.49042 0.64082
vn -0.77883 0.52682 -0.34041
vn -0.5505 0.364 -0.7513
vn -0.63052 0.40681 -0.66102
vn 0.67721 0.52521 0.51531
vn 0.91774 -0.16541 -0.36111
vn 0.25221 0.0491 0.96643
vn 0.70699 0.6163 0.3469
vn 0.38531 0.36341 0.84822
vn 0.45042 0.41342 -0.79133
vn -0.22989 0.1177 -0.96607
vn -0.81423 0.29751 0.49852
vn -0.4729 0.68379 0.55569
vn -0.76408 0.53728 0.35709
vn -0.76409 0.53739 0.3569
vn -0.66228 0.26459 -0.70098
vn -0.68689 0.48329 -0.54279
vn -0.59579 0.65249 -0.46829
vn 0.71263 0.32612 0.62113
vn 0.44039 0.77468 -0.45379
vn 0.75632 0.64562 -0.1056
vn 0.73079 0.3953 -0.55649
vn 0.55979 0.56569 -0.60549
vn -0.1308 0.1304 -0.9828
vn -0.69071 0.53381 0.48781
vn -0.6313 0.6563 0.4132
vn -0.61068 0.54868 0.57098
vn -0.74203 0.57332 -0.34741
vn -0.66522 0.49451 -0.55941
vn -0.66698 0.49228 -0.55928
vn 0.61291 0.3506 0.70811
vn 0.5437 0.62949 0.5551
vn 0.4726 0.65229 0.59259
vn 0.51692 0.51482 0.68393
vn 0.61808 0.59238 -0.51678
vn 0.54701 0.60821 0.57521
vn 0.404 0.4326 -0.806
vn 0.3825 0.6086 -0.6952
vn 0.0021 0.0678 0.9977
vn -0.0092 0.0493 0.99874
vn -0.88958 -0.29529 0.34849
vn -0.7886 -0.1597 0.5938
vn -0.9734 -0.1053 -0.2035
vn -0.2775 -0.0485 -0.9595
vn -0.5008 -0.4166 -0.75871
vn -0.9207 -0.0998 -0.3773
vn 0.75274 -0.0759 0.65393
vn 0.53389 -0.0951 0.84019
vn 0.82595 -0.0047 0.56373
vn 0.82179 -0.5634 0.0851
vn 0.77492 -0.62862 0.0658
vn 0.96432 -0.0112 0.26451
vn 0.98626 0.1071 0.12579
vn 0.987 -0.145 0.0693
vn 0.9809 -0.1888 0.0468
vn 0.5977 -0.5515 -0.5819
vn 0.81598 -0.089 -0.57119
vn 0.4354 -0.0201 0.90001
vn -0.378 0.40931 -0.83041
vn -0.3731 0.557 -0.74199
vn -0.6232 0.639 0.4509
vn -0.53291 0.63381 0.56061
vn -0.5372 0.6138 0.5785
vn -0.6595 0.5892 0.4668
vn -0.63191 0.5357 0.5601
vn -0.65947 0.58917 0.46688
vn -0.70338 0.67808 -0.2132
vn -0.70897 0.62928 -0.31839
vn -0.52631 0.67391 -0.51851
vn -0.54928 0.61088 -0.57018
vn 0.8729 0.4879 0.0024
vn 0.35779 0.41909 0.83448
vn 0.54201 0.77511 0.3247
vn 0.5497 0.7732 0.3162
vn 0.314 0.59381 0.74081
vn 0.402 0.5247 -0.75039
vn 0.40088 0.72437 -0.56088
vn -0.1231 -0.50932 0.85173
vn -0.50579 -0.80159 0.3188
vn -0.60771 -0.69292 0.38801
vn -0.59498 -0.69988 0.39519
vn -0.65983 -0.72723 -0.18911
vn 0.0229 -0.62749 0.77829
vn 0.0568 -0.5327 0.8444
vn -0.036 -0.64988 0.75918
vn -0.08699 -0.74215 0.66456
vn 0.2742 -0.7715 0.5741
vn 0.2721 -0.78589 0.55529
vn 0.50331 -0.2633 0.82301
vn 0.45497 -0.62476 0.63456
vn 0.42722 -0.77914 0.45872
vn 0.82779 -0.5115 0.2305
vn 0.3657 -0.4988 -0.78579
vn 0.36392 -0.49623 -0.78824
vn -0.35931 0.65552 0.66422
vn -0.4301 0.6504 0.6261
vn -0.43041 0.65122 0.62502
vn -0.36479 0.64428 -0.67218
vn -0.36538 0.64366 -0.67246
vn -0.3999 0.4939 -0.7721
vn -0.48478 0.69148 0.53558
vn -0.4813 0.65359 0.5841
vn -0.34519 0.46389 -0.81588
vn -0.43509 0.66848 -0.60318
vn 0.4451 0.7163 -0.5374
vn 0.40369 0.62129 0.67159
vn 0.38038 0.78085 0.49557
vn 0.2942 0.68839 0.66299
vn 0.37529 0.63269 -0.67739
vn 0.1361 0.66102 0.73792
vn 0.1382 0.6569 0.7412
vn 0.96153 0.21521 0.17071
vn 0.37168 0.92826 -0.0135
vn 0.1938 0.59301 -0.78152
vn 0.2245 0.591 0.7748
vn 0.13669 0.67326 -0.72666
vn -0.0017 0.2313 -0.97288
vn 0.0055 0.4296 0.903
vn -0.2021 0.60031 0.77381
vn -0.1292 0.69162 -0.71062
vn -0.1342 0.68191 -0.71902
vn -0.1979 0.73558 0.64789
vn -0.21999 0.63178 0.74328
vn -0.2448 0.69881 0.67211
vn -0.1646 0.5528 -0.8169
vn -0.30019 0.73318 0.61019
vn -0.30739 0.66229 0.68329
vn -0.40951 0.63922 -0.65092
vn -0.34999 0.73938 -0.57518
vn 0.26711 0.56712 -0.77912
vn 0.20861 0.59843 0.77354
vn 0.1956 0.78969 0.58149
vn 0.0266 0.51087 -0.85925
vn 0.0412 0.46399 0.88488
vn 0.1102 0.60419 0.78918
vn 0.0961 0.7553 0.6483
vn 0.0531 0.85232 0.52031
vn 0.0358 0.94681 -0.3198
vn 0.0532 0.6704 -0.74009
vn 0.1374 0.6441 -0.7525
vn -0.0033 0.55981 0.82861
vn -0.0102 0.59728 0.80197
vn -0.0324 0.47791 0.87781
vn 0.0147 0.56539 0.82469
vn -0.0545 0.88514 0.46212
vn -0.1103 0.62439 -0.77329
vn 0.0319 0.62142 -0.78283
vn 0.0315 0.62132 -0.78292
vn -0.0936 0.62969 0.77119
vn -0.0488 0.76009 0.64799
vn -0.0795 0.77202 -0.63061
vn -0.1975 0.8266 0.527
vn -0.2487 0.92468 0.28829
vn -0.1443 0.65909 -0.73809
vt 0.44994 0.4463
vt 0.47338 0.43593
vt 0.4351 0.44551
vt 0.42175 0.45107
vt 0.41361 0.46229
vt 0.41453 0.46221
vt 0.41423 0.46198
vt 0.47748 0.44854
vt 0.51442 0.43415
vt 0.54821 0.43465
vt 0.57486 0.42021
vt 0.5783 0.42207
vt 0.57768 0.42057
vt 0.12505 0.32031
vt 0.12474 0.32039
vt 0.12467 0.3203
vt 0.42495 0.46959
vt 0.44524 0.4671
vt 0.45139 0.46411
vt 0.13186 0.3221
vt 0.13136 0.31943
vt 0.13853 0.32026
vt 0.13994 0.32223
vt 0.13775 0.32187
vt 0.13479 0.32041
vt 0.40427 0.48118
vt 0.40303 0.48428
vt 0.46487 0.47204
vt 0.49789 0.45323
vt 0.56967 0.44295
vt 0.56779 0.43266
vt 0.47162 0.32047
vt 0.46585 0.32301
vt 0.47222 0.32454
vt 0.51948 0.45735
vt 0.53977 0.46286
vt 0.5675 0.45173
vt 0.46493 0.31812
vt 0.45852 0.31789
vt 0.46478 0.3221
vt 0.14581 0.31981
vt 0.14794 0.32485
vt 0.14463 0.32466
vt 0.4244 0.48644
vt 0.45607 0.49052
vt 0.41989 0.49162
vt 0.15293 0.3193
vt 0.15521 0.3231
vt 0.15137 0.32277
vt 0.39752 0.50028
vt 0.43706 0.49421
vt 0.43356 0.49805
vt 0.47293 0.31818
vt 0.47885 0.32411
vt 0.57911 0.45545
vt 0.49211 0.47662
vt 0.51974 0.46578
vt 0.54968 0.46766
vt 0.58125 0.45859
vt 0.58178 0.46507
vt 0.57576 0.46953
vt 0.5804 0.46808
vt 0.51029 0.48183
vt 0.59123 0.45602
vt 0.47939 0.32482
vt 0.47956 0.3241
vt 0.59185 0.45682
vt 0.16035 0.31888
vt 0.15479 0.32586
vt 0.15825 0.32487
vt 0.16292 0.3249
vt 0.41153 0.50669
vt 0.46759 0.49974
vt 0.17006 0.32327
vt 0.1654 0.32312
vt 0.16586 0.3257
vt 0.45074 0.51208
vt 0.42262 0.51459
vt 0.41914 0.52047
vt 0.40957 0.51318
vt 0.48691 0.3264
vt 0.48759 0.32599
vt 0.48647 0.32607
vt 0.52834 0.48742
vt 0.56309 0.48175
vt 0.50934 0.50112
vt 0.54222 0.49592
vt 0.58552 0.48429
vt 0.58665 0.47658
vt 0.49382 0.32579
vt 0.49336 0.32357
vt 0.5006 0.3263
vt 0.50081 0.32655
vt 0.50096 0.32629
vt 0.58876 0.48539
vt 0.59105 0.48468
vt 0.1747 0.31823
vt 0.17228 0.32461
vt 0.16985 0.32553
vt 0.40663 0.52598
vt 0.4461 0.52086
vt 0.18183 0.31771
vt 0.18436 0.32249
vt 0.17951 0.32291
vt 0.17747 0.32436
vt 0.18 0.32501
vt 0.45303 0.53041
vt 0.42169 0.53329
vt 0.42473 0.53812
vt 0.46642 0.51848
vt 0.40811 0.53251
vt 0.5367 0.50958
vt 0.57143 0.49838
vt 0.58629 0.48794
vt 0.5905 0.49458
vt 0.51148 0.51942
vt 0.58963 0.50215
vt 0.59119 0.48513
vt 0.51521 0.32556
vt 0.51543 0.32581
vt 0.5156 0.32554
vt 0.59323 0.50378
vt 0.59564 0.50304
vt 0.18905 0.3176
vt 0.18667 0.32377
vt 0.18412 0.32476
vt 0.41397 0.54346
vt 0.47184 0.53585
vt 0.1961 0.31708
vt 0.19804 0.3206
vt 0.19404 0.32143
vt 0.19151 0.32327
vt 0.41853 0.54895
vt 0.40584 0.55463
vt 0.44625 0.55156
vt 0.54318 0.52827
vt 0.57167 0.51753
vt 0.59479 0.51269
vt 0.52174 0.53577
vt 0.46987 0.54801
vt 0.59101 0.52267
vt 0.51545 0.31694
vt 0.52268 0.32238
vt 0.52297 0.32066
vt 0.52928 0.32427
vt 0.52243 0.32439
vt 0.20336 0.31673
vt 0.40884 0.55929
vt 0.43161 0.55949
vt 0.205 0.32159
vt 0.20143 0.32215
vt 0.43741 0.56308
vt 0.21073 0.31652
vt 0.21179 0.31828
vt 0.20916 0.31908
vt 0.41968 0.57183
vt 0.48188 0.5617
vt 0.52948 0.32434
vt 0.53003 0.32408
vt 0.56285 0.53465
vt 0.55802 0.54193
vt 0.59746 0.53088
vt 0.54373 0.55454
vt 0.59059 0.54115
vt 0.59711 0.5352
vt 0.50288 0.54746
vt 0.53775 0.54715
vt 0.53665 0.32228
vt 0.53717 0.32133
vt 0.54044 0.31909
vt 0.53989 0.32176
vt 0.61057 0.52913
vt 0.21702 0.31548
vt 0.42239 0.57477
vt 0.47183 0.57355
vt 0.22447 0.3149
vt 0.22434 0.3151
vt 0.22358 0.31505
vt 0.21762 0.31744
vt 0.4988 0.57713
vt 0.43991 0.58793
vt 0.54349 0.3214
vt 0.54998 0.31904
vt 0.52711 0.57328
vt 0.54387 0.56259
vt 0.59644 0.54857
vt 0.59263 0.55173
vt 0.60093 0.54858
vt 0.6003 0.55782
vt 0.5779 0.56235
vt 0.55121 0.31368
vt 0.54779 0.31463
vt 0.55062 0.31826
vt 0.55448 0.31419
vt 0.43963 0.58862
vt 0.438 0.58845
vt 0.47955 0.58961
vt 0.44855 0.59564
vt 0.46576 0.59809
vt 0.52163 0.58971
vt 0.55123 0.5765
vt 0.56532 0.57411
vt 0.60391 0.56625
vt 0.56462 0.31223
vt 0.56292 0.31283
vt 0.56451 0.3129
vt 0.60986 0.56653
vt 0.6133 0.56464
vt 0.43826 0.41079
vt 0.42446 0.40959
vt 0.41133 0.41437
vt 0.09444 0.30689
vt 0.09547 0.30826
vt 0.09448 0.30793
vt 0.09361 0.30722
vt 0.44665 0.4207
vt 0.54568 0.39641
vt 0.51001 0.39628
vt 0.56461 0.38334
vt 0.57242 0.38525
vt 0.56917 0.3833
vt 0.10231 0.30702
vt 0.10419 0.31225
vt 0.10109 0.31162
vt 0.41109 0.43183
vt 0.44704 0.42932
vt 0.40276 0.43744
vt 0.10872 0.30667
vt 0.11296 0.31247
vt 0.10747 0.31018
vt 0.1079 0.31386
vt 0.43168 0.43984
vt 0.406 0.44171
vt 0.39323 0.44905
vt 0.42834 0.30578
vt 0.42775 0.30769
vt 0.43184 0.30976
vt 0.51354 0.41065
vt 0.56393 0.40059
vt 0.53576 0.41484
vt 0.56513 0.40413
vt 0.57695 0.41142
vt 0.58177 0.3995
vt 0.58283 0.39558
vt 0.43464 0.31161
vt 0.43597 0.31178
vt 0.58401 0.40083
vt 0.44241 0.30655
vt 0.44215 0.31439
vt 0.44333 0.31441
vt 0.44299 0.31525
vt 0.11611 0.3064
vt 0.11986 0.31328
vt 0.39793 0.45192
vt 0.11454 0.31508
vt 0.11727 0.31782
vt 0.11168 0.31391
vt 0.12334 0.30575
vt 0.12725 0.31299
vt 0.12423 0.31966
vt 0.12452 0.32029
vt 0.50037 0.4249
vt 0.45781 0.32021
vt 0.45126 0.31786
vt 0.4496 0.31701
vt 0.44865 0.31183
vt 0.57986 0.41958
vt 0.44924 0.30349
vt 0.457 0.30553
vt 0.45554 0.31364
vt 0.45004 0.31751
vt 0.13451 0.31261
vt 0.1308 0.30559
vt 0.46352 0.31072
vt 0.47134 0.3048
vt 0.47185 0.3121
vt 0.145 0.30446
vt 0.14175 0.31225
vt 0.1488 0.31206
vt 0.1515 0.30271
vt 0.15634 0.31154
vt 0.47954 0.30949
vt 0.47884 0.31697
vt 0.48561 0.3041
vt 0.48487 0.31136
vt 0.4859 0.3186
vt 0.15952 0.30353
vt 0.16371 0.31098
vt 0.17363 0.30242
vt 0.17033 0.31059
vt 0.49539 0.30958
vt 0.49344 0.31595
vt 0.18308 0.31024
vt 0.18744 0.30187
vt 0.50859 0.30818
vt 0.50014 0.30322
vt 0.5079 0.31547
vt 0.51459 0.30245
vt 0.51536 0.30971
vt 0.19237 0.30956
vt 0.1993 0.30956
vt 0.52171 0.30762
vt 0.52031 0.29867
vt 0.52218 0.31479
vt 0.52895 0.3018
vt 0.529 0.3094
vt 0.5298 0.31695
vt 0.20277 0.3019
vt 0.20649 0.30923
vt 0.21387 0.30911
vt 0.53577 0.30684
vt 0.53673 0.31406
vt 0.54308 0.30141
vt 0.54419 0.30856
vt 0.21717 0.30151
vt 0.2211 0.30846
vt 0.22122 0.29592
vt 0.54195 0.31505
vt 0.55758 0.31517
vt 0.55792 0.31243
vt 0.5513 0.30634
vt 0.55083 0.29591
vt 0.55745 0.3009
vt 0.5588 0.30863
vt 0.22821 0.30787
vt 0.23446 0.30842
vt 0.23148 0.31211
vt 0.2386 0.30013
vt 0.24067 0.30401
vt 0.2353 0.3068
vt 0.41597 0.60774
vt 0.43481 0.61016
vt 0.41725 0.60538
vt 0.23608 0.30755
vt 0.56556 0.58272
vt 0.5661 0.30617
vt 0.57191 0.30042
vt 0.56507 0.31155
vt 0.57253 0.30801
vt 0.56557 0.3121
vt 0.24568 0.29989
vt 0.24062 0.30683
vt 0.24346 0.30517
vt 0.24689 0.304
vt 0.48828 0.60371
vt 0.43371 0.61408
vt 0.44786 0.61593
vt 0.25244 0.29917
vt 0.25296 0.29998
vt 0.25152 0.30059
vt 0.4889 0.61279
vt 0.56742 0.59425
vt 0.58466 0.58603
vt 0.61398 0.5739
vt 0.60658 0.584
vt 0.58196 0.3025
vt 0.58581 0.30013
vt 0.58446 0.29861
vt 0.60754 0.58773
vt 0.56177 0.59665
vt 0.59647 0.59426
vt 0.5411 0.59877
vt 0.55785 0.59877
vt 0.57358 0.30308
vt 0.57949 0.30452
vt 0.58141 0.30442
vt 0.62395 0.58215
vt 0.25416 0.29875
vt 0.45337 0.63092
vt 0.47104 0.63027
vt 0.48823 0.62274
vt 0.54746 0.60653
vt 0.59176 0.60157
vt 0.55549 0.60954
vt 0.56326 0.61062
vt 0.62305 0.59059
vt 0.6154 0.60203
vt 0.62056 0.59992
vt 0.60923 0.60154
vt 0.42977 0.39256
vt 0.43196 0.39255
vt 0.43431 0.39163
vt 0.07897 0.29371
vt 0.08387 0.29883
vt 0.07868 0.29549
vt 0.07691 0.29393
vt 0.07384 0.29601
vt 0.07226 0.29225
vt 0.38104 0.40799
vt 0.42013 0.40259
vt 0.43052 0.40133
vt 0.41169 0.40617
vt 0.47276 0.37579
vt 0.5073 0.38275
vt 0.55471 0.36798
vt 0.57295 0.35911
vt 0.52318 0.3663
vt 0.55208 0.36952
vt 0.556 0.37606
vt 0.51409 0.3884
vt 0.50643 0.38323
vt 0.557 0.37675
vt 0.58654 0.35964
vt 0.41234 0.29421
vt 0.40516 0.292
vt 0.40696 0.29521
vt 0.4139 0.30019
vt 0.41393 0.30016
vt 0.41325 0.29975
vt 0.0864 0.29401
vt 0.08999 0.30018
vt 0.40031 0.41379
vt 0.08582 0.30245
vt 0.08783 0.3048
vt 0.08163 0.30022
vt 0.08992 0.2858
vt 0.09742 0.3
vt 0.42253 0.30528
vt 0.41824 0.29874
vt 0.4235 0.29951
vt 0.42057 0.3045
vt 0.41977 0.29124
vt 0.42739 0.29276
vt 0.43203 0.30128
vt 0.10477 0.29949
vt 0.11493 0.29179
vt 0.1121 0.29911
vt 0.435 0.29784
vt 0.43469 0.29078
vt 0.43485 0.30499
vt 0.4421 0.29201
vt 0.44593 0.29779
vt 0.11931 0.29888
vt 0.12661 0.2983
vt 0.4529 0.29756
vt 0.45638 0.29119
vt 0.13078 0.2911
vt 0.13416 0.29807
vt 0.14373 0.29098
vt 0.14069 0.29775
vt 0.46714 0.29761
vt 0.46159 0.29752
vt 0.14858 0.29703
vt 0.47085 0.29048
vt 0.476 0.2968
vt 0.47843 0.30266
vt 0.48011 0.29643
vt 0.16031 0.28992
vt 0.16743 0.28831
vt 0.16111 0.29616
vt 0.17342 0.29546
vt 0.49213 0.29335
vt 0.48512 0.29016
vt 0.51389 0.28841
vt 0.50623 0.29551
vt 0.19237 0.2872
vt 0.19195 0.29485
vt 0.18525 0.29441
vt 0.19941 0.29408
vt 0.52964 0.29414
vt 0.52091 0.28674
vt 0.20199 0.28791
vt 0.20524 0.29507
vt 0.21349 0.29476
vt 0.53559 0.29772
vt 0.53813 0.28649
vt 0.21961 0.2863
vt 0.5475 0.29323
vt 0.55709 0.28641
vt 0.55717 0.29334
vt 0.23583 0.28575
vt 0.23485 0.29243
vt 0.22638 0.29205
vt 0.23195 0.30039
vt 0.2418 0.2928
vt 0.56441 0.29266
vt 0.56464 0.29843
vt 0.57324 0.29285
vt 0.24551 0.2855
vt 0.24912 0.29243
vt 0.25241 0.28475
vt 0.57982 0.29094
vt 0.57142 0.28571
vt 0.57847 0.28382
vt 0.57915 0.2982
vt 0.58701 0.29285
vt 0.25953 0.28467
vt 0.25616 0.29211
vt 0.26271 0.2901
vt 0.26141 0.29284
vt 0.25915 0.29593
vt 0.26669 0.28442
vt 0.26759 0.28633
vt 0.48473 0.63486
vt 0.44657 0.63891
vt 0.46399 0.63878
vt 0.43687 0.63694
vt 0.2643 0.29091
vt 0.59257 0.29614
vt 0.55329 0.62427
vt 0.56718 0.61601
vt 0.56204 0.62351
vt 0.61211 0.60948
vt 0.59305 0.29528
vt 0.5946 0.29049
vt 0.59868 0.29154
vt 0.59345 0.29588
vt 0.27329 0.2822
vt 0.42683 0.64689
vt 0.48591 0.64278
vt 0.47136 0.64508
vt 0.4821 0.64465
vt 0.52761 0.64286
vt 0.55933 0.63086
vt 0.58557 0.63147
vt 0.60861 0.6184
vt 0.63066 0.61983
vt 0.60683 0.2823
vt 0.60295 0.28385
vt 0.60497 0.28667
vt 0.60967 0.61438
vt 0.61412 0.60937
vt 0.60924 0.28169
vt 0.46343 0.35747
vt 0.41816 0.37272
vt 0.41739 0.37429
vt 0.05818 0.28325
vt 0.05636 0.27776
vt 0.06232 0.28075
vt 0.05911 0.28357
vt 0.06398 0.28689
vt 0.06575 0.28938
vt 0.06646 0.28712
vt 0.41295 0.38508
vt 0.42593 0.37926
vt 0.39896 0.38535
vt 0.51853 0.34762
vt 0.49736 0.3572
vt 0.49796 0.36393
vt 0.54836 0.34933
vt 0.55038 0.34818
vt 0.53735 0.3482
vt 0.52445 0.34643
vt 0.56389 0.3554
vt 0.5507 0.34862
vt 0.55179 0.34843
vt 0.39176 0.28299
vt 0.39198 0.28308
vt 0.39177 0.2828
vt 0.55169 0.34872
vt 0.39788 0.28013
vt 0.39749 0.28725
vt 0.39874 0.28881
vt 0.06383 0.28009
vt 0.06935 0.28715
vt 0.07084 0.27998
vt 0.07543 0.2866
vt 0.06925 0.29158
vt 0.07565 0.27922
vt 0.08245 0.28615
vt 0.40316 0.28493
vt 0.40491 0.27983
vt 0.40893 0.28552
vt 0.40369 0.28984
vt 0.40283 0.2915
vt 0.41632 0.2871
vt 0.42214 0.28525
vt 0.41195 0.27898
vt 0.10014 0.27746
vt 0.09704 0.28545
vt 0.08596 0.27852
vt 0.10387 0.28529
vt 0.10103 0.2925
vt 0.11084 0.28402
vt 0.43226 0.28382
vt 0.43713 0.28385
vt 0.43422 0.27747
vt 0.11436 0.27692
vt 0.12001 0.2841
vt 0.45699 0.28855
vt 0.4483 0.27924
vt 0.12148 0.27765
vt 0.1344 0.28429
vt 0.46328 0.2759
vt 0.45606 0.276
vt 0.46253 0.28299
vt 0.14045 0.28146
vt 0.1482 0.28039
vt 0.47403 0.2824
vt 0.48014 0.28211
vt 0.47734 0.27682
vt 0.47239 0.28868
vt 0.48826 0.28257
vt 0.49661 0.28232
vt 0.49166 0.2759
vt 0.16645 0.27711
vt 0.17529 0.27942
vt 0.51054 0.28143
vt 0.5061 0.27532
vt 0.49947 0.28786
vt 0.5124 0.2723
vt 0.51285 0.27631
vt 0.51314 0.27394
vt 0.51203 0.28737
vt 0.51542 0.28824
vt 0.19474 0.2734
vt 0.18086 0.28704
vt 0.52727 0.28888
vt 0.52823 0.28766
vt 0.5281 0.28538
vt 0.20208 0.26687
vt 0.20883 0.27404
vt 0.52832 0.27588
vt 0.53465 0.28048
vt 0.21482 0.27877
vt 0.20838 0.28719
vt 0.54503 0.2798
vt 0.55276 0.2787
vt 0.54916 0.27249
vt 0.54987 0.2864
vt 0.24091 0.27908
vt 0.23229 0.27908
vt 0.56238 0.2792
vt 0.57064 0.27097
vt 0.56345 0.27245
vt 0.24872 0.2705
vt 0.24896 0.27679
vt 0.25572 0.27825
vt 0.58172 0.2782
vt 0.57661 0.27502
vt 0.58577 0.28483
vt 0.26068 0.26474
vt 0.26295 0.27696
vt 0.27012 0.27708
vt 0.59227 0.2771
vt 0.58513 0.27055
vt 0.59374 0.26571
vt 0.59312 0.28222
vt 0.59866 0.27741
vt 0.27628 0.27669
vt 0.28036 0.26899
vt 0.28157 0.27171
vt 0.27805 0.27422
vt 0.27303 0.26936
vt 0.27787 0.27633
vt 0.27958 0.27873
vt 0.28141 0.27554
vt 0.2769 0.28102
vt 0.2091 0.64456
vt 0.20838 0.64478
vt 0.20815 0.64473
vt 0.60655 0.27421
vt 0.61388 0.27684
vt 0.2867 0.26737
vt 0.28536 0.27227
vt 0.2865 0.27013
vt 0.28678 0.27153
vt 0.16598 0.64928
vt 0.15028 0.65626
vt 0.13288 0.65659
vt 0.14751 0.64862
vt 0.15489 0.64578
vt 0.16685 0.64342
vt 0.13931 0.64796
vt 0.15474 0.6433
vt 0.13997 0.64235
vt 0.19953 0.62776
vt 0.61957 0.27225
vt 0.61364 0.26984
vt 0.23923 0.62704
vt 0.26276 0.62973
vt 0.26317 0.62355
vt 0.28971 0.61802
vt 0.28693 0.61342
vt 0.61419 0.63064
vt 0.62558 0.62557
vt 0.26293 0.6115
vt 0.2927 0.60931
vt 0.30438 0.60078
vt 0.6129 0.27879
vt 0.61515 0.27724
vt 0.29396 0.61044
vt 0.78557 0.30403
vt 0.79908 0.29798
vt 0.76989 0.29649
vt 0.04385 0.26897
vt 0.04037 0.26357
vt 0.04129 0.26245
vt 0.76971 0.31151
vt 0.78118 0.30991
vt 0.76174 0.30843
vt 0.82295 0.31788
vt 0.86432 0.30324
vt 0.83562 0.30055
vt 0.88109 0.31962
vt 0.86001 0.31223
vt 0.82448 0.31808
vt 0.37504 0.26373
vt 0.37405 0.26366
vt 0.37723 0.26785
vt 0.3823 0.26618
vt 0.9194 0.31694
vt 0.92331 0.31509
vt 0.90759 0.3099
vt 0.04933 0.27312
vt 0.04835 0.26663
vt 0.05409 0.27184
vt 0.05588 0.26662
vt 0.05967 0.27318
vt 0.07032 0.2651
vt 0.06772 0.2721
vt 0.82346 0.31807
vt 0.46324 0.35741
vt 0.46225 0.35768
vt 0.88054 0.32024
vt 0.88658 0.3201
vt 0.38798 0.27125
vt 0.38958 0.26779
vt 0.38384 0.27483
vt 0.38967 0.27817
vt 0.38795 0.26105
vt 0.39725 0.26503
vt 0.39554 0.27256
vt 0.391 0.27571
vt 0.40204 0.27324
vt 0.07464 0.27198
vt 0.40647 0.27279
vt 0.40423 0.26418
vt 0.41161 0.26467
vt 0.0885 0.26962
vt 0.08191 0.27173
vt 0.08121 0.25885
vt 0.09758 0.27131
vt 0.42121 0.25789
vt 0.42619 0.26381
vt 0.41755 0.27014
vt 0.42264 0.27208
vt 0.11138 0.27095
vt 0.1179 0.26289
vt 0.44774 0.26283
vt 0.44111 0.26265
vt 0.44421 0.26948
vt 0.45172 0.26925
vt 0.4585 0.26941
vt 0.45587 0.26062
vt 0.46253 0.26242
vt 0.46588 0.26929
vt 0.47385 0.2694
vt 0.47988 0.26772
vt 0.47665 0.26199
vt 0.48829 0.26865
vt 0.4945 0.26785
vt 0.48902 0.26019
vt 0.18534 0.26727
vt 0.18613 0.25832
vt 0.19333 0.2589
vt 0.52034 0.27493
vt 0.52527 0.26244
vt 0.51665 0.266
vt 0.52497 0.25786
vt 0.52685 0.25901
vt 0.20776 0.25809
vt 0.20046 0.25771
vt 0.21555 0.26415
vt 0.53477 0.27341
vt 0.5378 0.26667
vt 0.5326 0.26254
vt 0.53929 0.25977
vt 0.54407 0.26345
vt 0.54138 0.25816
vt 0.21436 0.25529
vt 0.55284 0.26266
vt 0.5511 0.25172
vt 0.22915 0.25531
vt 0.23648 0.26958
vt 0.22193 0.2572
vt 0.23622 0.27234
vt 0.5595 0.26394
vt 0.56708 0.26426
vt 0.56416 0.25765
vt 0.56979 0.25645
vt 0.24229 0.25212
vt 0.25001 0.26432
vt 0.23643 0.25671
vt 0.5736 0.26376
vt 0.58036 0.26276
vt 0.57708 0.25651
vt 0.264 0.25476
vt 0.2693 0.2621
vt 0.58806 0.26356
vt 0.59323 0.2488
vt 0.59898 0.26981
vt 0.60109 0.263
vt 0.28675 0.25409
vt 0.28367 0.26149
vt 0.27642 0.26183
vt 0.60755 0.26062
vt 0.5988 0.25563
vt 0.60802 0.24851
vt 0.6066 0.26589
vt 0.61381 0.26222
vt 0.28967 0.26032
vt 0.28969 0.2623
vt 0.29415 0.25378
vt 0.29632 0.25405
vt 0.29205 0.25817
vt 0.29172 0.26102
vt 0.29314 0.26346
vt 0.29468 0.26034
vt 0.29066 0.26593
vt 0.14536 0.63779
vt 0.62752 0.2614
vt 0.62801 0.25481
vt 0.62058 0.25893
vt 0.29597 0.59871
vt 0.62099 0.26695
vt 0.29909 0.2563
vt 0.14801 0.6266
vt 0.15834 0.62483
vt 0.15168 0.62692
vt 0.29954 0.25533
vt 0.30022 0.25128
vt 0.15942 0.63118
vt 0.13328 0.63683
vt 0.23636 0.60971
vt 0.20621 0.60606
vt 0.17282 0.61375
vt 0.24688 0.59539
vt 0.27926 0.59394
vt 0.63406 0.25068
vt 0.63228 0.25664
vt 0.2797 0.59433
vt 0.29972 0.59487
vt 0.63532 0.25099
vt 0.74082 0.28126
vt 0.74084 0.28137
vt 0.74213 0.28139
vt 0.79355 0.2849
vt 0.78249 0.27784
vt 0.77793 0.29109
vt 0.85522 0.2845
vt 0.92825 0.28905
vt 0.90455 0.28228
vt 0.89472 0.28875
vt 0.85607 0.29294
vt 0.9089 0.29638
vt 0.91253 0.29524
vt 0.9057 0.29571
vt 0.36921 0.25815
vt 0.36947 0.25915
vt 0.36972 0.25921
vt 0.90643 0.29641
vt 0.36968 0.25946
vt 0.90786 0.29674
vt 0.03615 0.2592
vt 0.0339 0.25269
vt 0.03942 0.25789
vt 0.04126 0.25256
vt 0.04576 0.25916
vt 0.0479 0.25182
vt 0.05137 0.25899
vt 0.36916 0.25307
vt 0.36723 0.25288
vt 0.90711 0.30731
vt 0.37308 0.25751
vt 0.3737 0.24904
vt 0.3818 0.25185
vt 0.38052 0.25919
vt 0.38577 0.25783
vt 0.05545 0.25146
vt 0.05927 0.25821
vt 0.06638 0.25792
vt 0.39161 0.25954
vt 0.38949 0.25098
vt 0.07033 0.24946
vt 0.07337 0.25772
vt 0.39944 0.25813
vt 0.40671 0.25811
vt 0.39728 0.25114
vt 0.08706 0.25299
vt 0.09191 0.2492
vt 0.09807 0.2571
vt 0.09277 0.26194
vt 0.4331 0.2488
vt 0.42559 0.24887
vt 0.42881 0.25501
vt 0.4365 0.25539
vt 0.43351 0.26336
vt 0.44027 0.24898
vt 0.44396 0.25585
vt 0.45069 0.25466
vt 0.44732 0.24907
vt 0.45562 0.24996
vt 0.45873 0.25466
vt 0.46524 0.25435
vt 0.46181 0.24805
vt 0.46954 0.26107
vt 0.47473 0.25456
vt 0.13648 0.24818
vt 0.1434 0.2582
vt 0.13791 0.25434
vt 0.47611 0.24753
vt 0.4685 0.24792
vt 0.17168 0.25802
vt 0.16929 0.25115
vt 0.17844 0.2452
vt 0.50005 0.25297
vt 0.5026 0.25298
vt 0.49779 0.24593
vt 0.5081 0.25208
vt 0.50466 0.24554
vt 0.49812 0.25997
vt 0.49965 0.26162
vt 0.19258 0.24451
vt 0.18534 0.25171
vt 0.18546 0.24587
vt 0.19666 0.25135
vt 0.51584 0.25165
vt 0.52271 0.25127
vt 0.51894 0.24597
vt 0.19895 0.24318
vt 0.20364 0.25107
vt 0.20699 0.24368
vt 0.21039 0.25068
vt 0.22131 0.24299
vt 0.23083 0.24985
vt 0.54401 0.25126
vt 0.54544 0.24446
vt 0.228 0.24126
vt 0.23575 0.24222
vt 0.24315 0.24203
vt 0.25022 0.24845
vt 0.25011 0.24144
vt 0.57378 0.24881
vt 0.57978 0.24856
vt 0.57631 0.2425
vt 0.25795 0.23831
vt 0.26594 0.24748
vt 0.58793 0.24882
vt 0.59071 0.24207
vt 0.2712 0.23603
vt 0.27573 0.24768
vt 0.27257 0.25525
vt 0.2789 0.23747
vt 0.28271 0.24727
vt 0.61267 0.25487
vt 0.61464 0.2479
vt 0.28611 0.23955
vt 0.28992 0.24678
vt 0.29318 0.23934
vt 0.62672 0.24637
vt 0.62659 0.24002
vt 0.62348 0.2416
vt 0.619 0.24549
vt 0.61259 0.24067
vt 0.62039 0.23686
vt 0.6201 0.25036
vt 0.30041 0.23917
vt 0.29708 0.24638
vt 0.30284 0.24495
vt 0.30233 0.24757
vt 0.30706 0.23871
vt 0.30517 0.24533
vt 0.15191 0.61249
vt 0.1258 0.61936
vt 0.13982 0.61515
vt 0.30246 0.25012
vt 0.62773 0.23775
vt 0.63491 0.24402
vt 0.64062 0.23986
vt 0.63952 0.23755
vt 0.63919 0.24599
vt 0.22937 0.5914
vt 0.29014 0.58378
vt 0.27853 0.58084
vt 0.63897 0.24645
vt 0.30819 0.23844
vt 0.3075 0.23978
vt 0.16256 0.60249
vt 0.10659 0.61537
vt 0.14526 0.59961
vt 0.22182 0.58367
vt 0.2909 0.56914
vt 0.26331 0.57691
vt 0.26787 0.56854
vt 0.27545 0.58032
vt 0.27996 0.57988
vt 0.02609 0.24262
vt 0.02446 0.23444
vt 0.0307 0.23928
vt 0.03128 0.24544
vt 0.03385 0.25261
vt 0.02832 0.24864
vt 0.76777 0.267
vt 0.85469 0.27506
vt 0.81612 0.26483
vt 0.87356 0.26597
vt 0.91179 0.27345
vt 0.90399 0.28143
vt 0.91601 0.27527
vt 0.36684 0.25048
vt 0.36508 0.24555
vt 0.36245 0.24833
vt 0.04009 0.23811
vt 0.04351 0.24531
vt 0.03658 0.24514
vt 0.04749 0.23735
vt 0.05142 0.24413
vt 0.37302 0.24129
vt 0.38337 0.24424
vt 0.05845 0.24431
vt 0.0675 0.23532
vt 0.06621 0.24403
vt 0.05482 0.23661
vt 0.38999 0.24181
vt 0.38183 0.23715
vt 0.39182 0.24511
vt 0.39578 0.23658
vt 0.07713 0.23513
vt 0.09511 0.24121
vt 0.07749 0.23991
vt 0.41398 0.24283
vt 0.4225 0.24165
vt 0.41781 0.23542
vt 0.41694 0.25463
vt 0.42839 0.24216
vt 0.4257 0.23185
vt 0.43577 0.24206
vt 0.43221 0.2347
vt 0.44342 0.24093
vt 0.43735 0.23112
vt 0.44661 0.23448
vt 0.45046 0.24109
vt 0.45019 0.22707
vt 0.45775 0.24044
vt 0.45728 0.24429
vt 0.13051 0.23247
vt 0.13397 0.23533
vt 0.12089 0.23358
vt 0.12625 0.25137
vt 0.13402 0.23271
vt 0.46594 0.24175
vt 0.46101 0.23361
vt 0.14115 0.23159
vt 0.14935 0.24543
vt 0.1349 0.2459
vt 0.47539 0.23339
vt 0.46755 0.23138
vt 0.47618 0.23946
vt 0.15572 0.23153
vt 0.16121 0.23835
vt 0.1499 0.24784
vt 0.48953 0.22954
vt 0.4839 0.23316
vt 0.48967 0.23305
vt 0.49695 0.23121
vt 0.16189 0.23199
vt 0.17192 0.23708
vt 0.16359 0.24619
vt 0.50373 0.22889
vt 0.50409 0.23264
vt 0.50221 0.23975
vt 0.50759 0.23976
vt 0.51102 0.23055
vt 0.17893 0.22935
vt 0.17748 0.23245
vt 0.17665 0.2306
vt 0.18504 0.23924
vt 0.18495 0.23664
vt 0.51802 0.2283
vt 0.51821 0.23188
vt 0.51795 0.23631
vt 0.51179 0.24525
vt 0.51937 0.23847
vt 0.52499 0.22895
vt 0.52484 0.23211
vt 0.20013 0.22569
vt 0.2063 0.22929
vt 0.21547 0.23397
vt 0.52995 0.23759
vt 0.53959 0.2367
vt 0.53263 0.23092
vt 0.53322 0.24352
vt 0.55053 0.23513
vt 0.54697 0.22954
vt 0.54029 0.24418
vt 0.22831 0.22573
vt 0.23495 0.22802
vt 0.23369 0.23503
vt 0.56043 0.24325
vt 0.56369 0.23271
vt 0.55833 0.23542
vt 0.24242 0.22622
vt 0.25022 0.23423
vt 0.57298 0.23425
vt 0.5795 0.23449
vt 0.57555 0.22751
vt 0.25614 0.22627
vt 0.24962 0.22721
vt 0.58542 0.23388
vt 0.58342 0.24166
vt 0.58837 0.23499
vt 0.60018 0.23383
vt 0.60762 0.23281
vt 0.60392 0.22558
vt 0.60354 0.24559
vt 0.28301 0.21831
vt 0.28912 0.23249
vt 0.29106 0.22493
vt 0.29653 0.23166
vt 0.62604 0.22559
vt 0.62082 0.2306
vt 0.6258 0.23284
vt 0.29975 0.22411
vt 0.30377 0.23152
vt 0.3071 0.22421
vt 0.30981 0.23095
vt 0.63271 0.22878
vt 0.63303 0.22139
vt 0.63394 0.23553
vt 0.64188 0.23246
vt 0.31162 0.22398
vt 0.09763 0.6005
vt 0.12144 0.59813
vt 0.09998 0.60582
vt 0.31359 0.22515
vt 0.31381 0.22284
vt 0.31198 0.2329
vt 0.12442 0.60367
vt 0.14413 0.59905
vt 0.14016 0.60124
vt 0.31165 0.22973
vt 0.1379 0.59213
vt 0.21867 0.57549
vt 0.26927 0.56779
vt 0.26851 0.56733
vt 0.18086 0.57517
vt 0.23642 0.56029
vt 0.27529 0.55644
vt 0.64546 0.23459
vt 0.28055 0.5573
vt 0.79908 0.24861
vt 0.78441 0.24165
vt 0.74338 0.24535
vt 0.77632 0.25552
vt 0.76685 0.25482
vt 0.84757 0.24856
vt 0.85192 0.25743
vt 0.8864 0.24998
vt 0.90429 0.26004
vt 0.90548 0.25944
vt 0.90223 0.25979
vt 0.35374 0.23058
vt 0.35382 0.23109
vt 0.35395 0.23111
vt 0.02349 0.22972
vt 0.01862 0.22434
vt 0.02528 0.22452
vt 0.02816 0.23174
vt 0.02036 0.23123
vt 0.02819 0.2172
vt 0.03568 0.23083
vt 0.03284 0.23823
vt 0.35546 0.2227
vt 0.35233 0.22464
vt 0.35525 0.22625
vt 0.35831 0.23495
vt 0.35817 0.2287
vt 0.36762 0.23065
vt 0.03927 0.22364
vt 0.04345 0.23031
vt 0.04679 0.22301
vt 0.05067 0.23
vt 0.36607 0.22391
vt 0.37186 0.23017
vt 0.37369 0.22323
vt 0.37636 0.2312
vt 0.36717 0.23779
vt 0.05433 0.22296
vt 0.06226 0.22037
vt 0.06253 0.22735
vt 0.38474 0.22955
vt 0.3915 0.22935
vt 0.38538 0.21613
vt 0.06791 0.21902
vt 0.41295 0.21391
vt 0.40933 0.22244
vt 0.41355 0.22827
vt 0.42064 0.22739
vt 0.41708 0.22087
vt 0.42805 0.227
vt 0.43518 0.22737
vt 0.43155 0.22007
vt 0.44293 0.22678
vt 0.43476 0.21327
vt 0.11011 0.22318
vt 0.11828 0.23149
vt 0.11839 0.23436
vt 0.4456 0.21957
vt 0.45693 0.22713
vt 0.458 0.21819
vt 0.12863 0.21861
vt 0.13013 0.22525
vt 0.12355 0.22642
vt 0.13344 0.21847
vt 0.13363 0.22185
vt 0.46374 0.22589
vt 0.13624 0.21755
vt 0.14022 0.21829
vt 0.14441 0.22514
vt 0.13777 0.22592
vt 0.14533 0.22066
vt 0.14706 0.21845
vt 0.15177 0.2245
vt 0.47112 0.22549
vt 0.47479 0.2232
vt 0.46844 0.21977
vt 0.47734 0.22607
vt 0.48094 0.2193
vt 0.48149 0.22438
vt 0.48268 0.23026
vt 0.14921 0.21642
vt 0.15598 0.21848
vt 0.15817 0.22431
vt 0.48781 0.22304
vt 0.48765 0.22606
vt 0.49146 0.22592
vt 0.49603 0.21826
vt 0.4961 0.2241
vt 0.1659 0.21737
vt 0.1735 0.22352
vt 0.16588 0.22353
vt 0.16408 0.23119
vt 0.51102 0.22344
vt 0.50349 0.21939
vt 0.50327 0.22551
vt 0.17837 0.21884
vt 0.187 0.22305
vt 0.18132 0.22383
vt 0.1846 0.23044
vt 0.18968 0.21809
vt 0.19092 0.21624
vt 0.19293 0.21641
vt 0.5194 0.2216
vt 0.51098 0.2177
vt 0.51804 0.21538
vt 0.51602 0.22469
vt 0.51963 0.22453
vt 0.52546 0.21709
vt 0.52293 0.22255
vt 0.20073 0.21547
vt 0.1951 0.22225
vt 0.20517 0.21485
vt 0.20533 0.21711
vt 0.53247 0.21411
vt 0.53203 0.21672
vt 0.52897 0.22111
vt 0.53396 0.22061
vt 0.52971 0.22371
vt 0.5357 0.22279
vt 0.53676 0.21497
vt 0.53817 0.21695
vt 0.53986 0.2295
vt 0.54311 0.2233
vt 0.2083 0.21488
vt 0.21936 0.22165
vt 0.21288 0.22078
vt 0.21986 0.21451
vt 0.22056 0.22857
vt 0.55095 0.22192
vt 0.54631 0.21546
vt 0.55743 0.22068
vt 0.55352 0.21441
vt 0.554 0.22887
vt 0.22965 0.21897
vt 0.56108 0.21382
vt 0.56516 0.22113
vt 0.56878 0.22978
vt 0.57189 0.22132
vt 0.24235 0.21546
vt 0.2497 0.21986
vt 0.57505 0.2135
vt 0.57908 0.22069
vt 0.5851 0.22025
vt 0.58209 0.2131
vt 0.25559 0.2142
vt 0.26305 0.21194
vt 0.26868 0.2191
vt 0.59012 0.21272
vt 0.59195 0.22275
vt 0.6006 0.2198
vt 0.59662 0.21223
vt 0.27035 0.20715
vt 0.60686 0.21955
vt 0.6041 0.21286
vt 0.59723 0.22659
vt 0.612 0.21255
vt 0.28922 0.20538
vt 0.29178 0.21047
vt 0.28968 0.21745
vt 0.29629 0.21802
vt 0.61435 0.21863
vt 0.62265 0.21806
vt 0.61799 0.21057
vt 0.29887 0.20994
vt 0.30311 0.21702
vt 0.30626 0.20975
vt 0.62759 0.21819
vt 0.6317 0.21512
vt 0.62578 0.21123
vt 0.6395 0.21759
vt 0.31056 0.21692
vt 0.31582 0.21774
vt 0.31986 0.20906
vt 0.32011 0.20961
vt 0.3191 0.21082
vt 0.31357 0.20954
vt 0.31592 0.21545
vt 0.31837 0.21589
vt 0.31676 0.22137
vt 0.65089 0.21186
vt 0.6533 0.20998
vt 0.65085 0.20882
vt 0.65257 0.21596
vt 0.21114 0.55843
vt 0.64796 0.22117
vt 0.64806 0.21472
vt 0.65246 0.21708
vt 0.65259 0.21668
vt 0.09798 0.57955
vt 0.09783 0.5804
vt 0.09359 0.58078
vt 0.13556 0.57899
vt 0.15779 0.56527
vt 0.20656 0.55095
vt 0.1522 0.56102
vt 0.24452 0.54086
vt 0.26121 0.54666
vt 0.26473 0.54479
vt 0.26363 0.546
vt 0.26318 0.54663
vt 0.77854 0.23246
vt 0.77824 0.23274
vt 0.78011 0.23267
vt 0.01589 0.20849
vt 0.01897 0.21376
vt 0.01526 0.20993
vt 0.01219 0.21348
vt 0.01136 0.2074
vt 0.0123 0.2137
vt 0.01603 0.21731
vt 0.02015 0.21718
vt 0.74209 0.24497
vt 0.73933 0.23583
vt 0.77827 0.22318
vt 0.85261 0.23115
vt 0.84867 0.24304
vt 0.87683 0.24319
vt 0.89684 0.23656
vt 0.80687 0.24077
vt 0.90249 0.24406
vt 0.90356 0.22889
vt 0.90376 0.22839
vt 0.89895 0.23216
vt 0.34904 0.21875
vt 0.3502 0.21745
vt 0.34735 0.21441
vt 0.35136 0.22106
vt 0.02406 0.21003
vt 0.03516 0.21635
vt 0.35955 0.22046
vt 0.35927 0.21386
vt 0.35799 0.2076
vt 0.36462 0.20972
vt 0.36423 0.21672
vt 0.03949 0.20868
vt 0.0429 0.21567
vt 0.04603 0.20867
vt 0.04946 0.2156
vt 0.37096 0.21592
vt 0.37607 0.21577
vt 0.37328 0.20783
vt 0.38037 0.21133
vt 0.38188 0.21565
vt 0.3814 0.22278
vt 0.04912 0.20648
vt 0.05622 0.21634
vt 0.39058 0.21478
vt 0.38704 0.20842
vt 0.40195 0.20771
vt 0.39356 0.20971
vt 0.39745 0.21595
vt 0.40584 0.21407
vt 0.40253 0.22199
vt 0.40524 0.20032
vt 0.08991 0.21354
vt 0.08366 0.21387
vt 0.08896 0.20656
vt 0.08957 0.22076
vt 0.41636 0.20684
vt 0.42004 0.21368
vt 0.4274 0.21317
vt 0.09644 0.21394
vt 0.43066 0.20592
vt 0.44167 0.21264
vt 0.43794 0.20544
vt 0.11228 0.2119
vt 0.10414 0.21983
vt 0.10365 0.206
vt 0.11639 0.2068
vt 0.11818 0.20479
vt 0.12207 0.21149
vt 0.11676 0.2147
vt 0.11875 0.22008
vt 0.44439 0.20526
vt 0.44937 0.21273
vt 0.12082 0.20436
vt 0.12984 0.21232
vt 0.13179 0.20451
vt 0.13525 0.21075
vt 0.12972 0.20204
vt 0.45607 0.21198
vt 0.45744 0.21042
vt 0.45468 0.20571
vt 0.45923 0.20427
vt 0.45912 0.20652
vt 0.46314 0.21117
vt 0.46247 0.21267
vt 0.46641 0.21623
vt 0.46862 0.21647
vt 0.1368 0.20442
vt 0.14329 0.21085
vt 0.14532 0.21522
vt 0.47056 0.21322
vt 0.47129 0.21077
vt 0.46613 0.20701
vt 0.47806 0.21114
vt 0.47372 0.20307
vt 0.47475 0.21942
vt 0.47588 0.21348
vt 0.16067 0.2142
vt 0.16168 0.21746
vt 0.48567 0.20969
vt 0.49071 0.21018
vt 0.48806 0.20372
vt 0.5008 0.20293
vt 0.49415 0.20271
vt 0.49778 0.20947
vt 0.50365 0.20837
vt 0.51043 0.20375
vt 0.51118 0.20932
vt 0.17583 0.21689
vt 0.17706 0.214
vt 0.17948 0.20881
vt 0.1836 0.20439
vt 0.18986 0.21411
vt 0.51612 0.20684
vt 0.51697 0.20094
vt 0.52168 0.20979
vt 0.5234 0.20228
vt 0.19709 0.20206
vt 0.20105 0.20888
vt 0.19514 0.20921
vt 0.52787 0.20846
vt 0.53405 0.20725
vt 0.53138 0.20063
vt 0.53363 0.21111
vt 0.53949 0.20265
vt 0.53794 0.20872
vt 0.53948 0.21243
vt 0.21653 0.20034
vt 0.21871 0.1996
vt 0.22107 0.20048
vt 0.20893 0.2075
vt 0.5412 0.20801
vt 0.54389 0.20608
vt 0.54767 0.206
vt 0.54621 0.20089
vt 0.54342 0.20854
vt 0.54929 0.20756
vt 0.55036 0.20357
vt 0.55713 0.20725
vt 0.23353 0.19859
vt 0.22738 0.20614
vt 0.23401 0.21358
vt 0.56056 0.19972
vt 0.56425 0.20688
vt 0.57108 0.20627
vt 0.2396 0.20587
vt 0.24796 0.19839
vt 0.24855 0.20529
vt 0.24845 0.21272
vt 0.57426 0.19933
vt 0.57846 0.20619
vt 0.58469 0.20582
vt 0.58135 0.19882
vt 0.25501 0.19574
vt 0.25433 0.20425
vt 0.26199 0.19693
vt 0.26719 0.20074
vt 0.58829 0.19893
vt 0.59187 0.2052
vt 0.59912 0.20519
vt 0.59554 0.19826
vt 0.28203 0.20466
vt 0.27674 0.19654
vt 0.27721 0.21102
vt 0.60272 0.19794
vt 0.60665 0.20465
vt 0.61337 0.2044
vt 0.60995 0.19746
vt 0.28375 0.19534
vt 0.61735 0.19688
vt 0.62137 0.2044
vt 0.62568 0.19782
vt 0.30372 0.19302
vt 0.30292 0.20215
vt 0.31033 0.20234
vt 0.63965 0.21058
vt 0.63964 0.20896
vt 0.6382 0.21098
vt 0.62849 0.20438
vt 0.63411 0.20466
vt 0.63183 0.19684
vt 0.63885 0.19611
vt 0.63826 0.20352
vt 0.31279 0.19512
vt 0.31734 0.20014
vt 0.31682 0.20216
vt 0.3211 0.19171
vt 0.32111 0.19753
vt 0.32034 0.20783
vt 0.65393 0.20505
vt 0.64736 0.20081
vt 0.64376 0.19057
vt 0.64719 0.20753
vt 0.32183 0.19462
vt 0.07768 0.56623
vt 0.13299 0.55592
vt 0.07694 0.57017
vt 0.32035 0.20898
vt 0.1332 0.56343
vt 0.09073 0.57213
vt 0.11371 0.55264
vt 0.12234 0.54961
vt 0.12894 0.54737
vt 0.2068 0.54459
vt 0.2343 0.53728
vt 0.25637 0.53204
vt 0.25094 0.52585
vt 0.65759 0.19941
vt 0.65332 0.19604
vt 0.65611 0.20448
vt 0.25272 0.51684
vt 0.25531 0.51629
vt 0.25095 0.52284
vt 0.75539 0.21467
vt 0.76516 0.21317
vt 0.7465 0.21188
vt 0.0102 0.19847
vt 0.0114 0.20094
vt 0.00978 0.20035
vt 0.7707 0.22391
vt 0.76299 0.22222
vt 0.76018 0.22392
vt 0.01454 0.19264
vt 0.01967 0.20261
vt 0.0146 0.19787
vt 0.00963 0.19378
vt 0.01451 0.20291
vt 0.01073 0.20599
vt 0.7635 0.20563
vt 0.82876 0.21178
vt 0.85117 0.22145
vt 0.90381 0.21928
vt 0.86331 0.21305
vt 0.90577 0.21118
vt 0.34345 0.19951
vt 0.3438 0.2003
vt 0.34404 0.19952
vt 0.34958 0.20313
vt 0.34526 0.20696
vt 0.02322 0.19539
vt 0.02778 0.20225
vt 0.03304 0.18934
vt 0.35131 0.19582
vt 0.35839 0.20309
vt 0.35738 0.19494
vt 0.35082 0.20922
vt 0.36328 0.19958
vt 0.03906 0.19463
vt 0.03436 0.20189
vt 0.04301 0.20355
vt 0.04545 0.1878
vt 0.04904 0.20024
vt 0.3692 0.20142
vt 0.37585 0.20072
vt 0.37297 0.19474
vt 0.38064 0.19632
vt 0.38249 0.20126
vt 0.04922 0.19393
vt 0.05672 0.20092
vt 0.3907 0.20056
vt 0.38635 0.19366
vt 0.39787 0.20046
vt 0.40083 0.19304
vt 0.06206 0.20829
vt 0.05914 0.20839
vt 0.06008 0.20621
vt 0.06732 0.19341
vt 0.41237 0.19972
vt 0.41541 0.19241
vt 0.41947 0.19932
vt 0.42662 0.19894
vt 0.42264 0.19188
vt 0.09431 0.1879
vt 0.10382 0.2033
vt 0.09013 0.20433
vt 0.42974 0.19166
vt 0.43386 0.19852
vt 0.44106 0.19782
vt 0.43732 0.19113
vt 0.11018 0.19139
vt 0.1151 0.2003
vt 0.1073 0.19811
vt 0.11091 0.20509
vt 0.11743 0.1951
vt 0.11591 0.19023
vt 0.11806 0.19055
vt 0.44436 0.18985
vt 0.4426 0.19099
vt 0.44455 0.19171
vt 0.44766 0.19687
vt 0.4477 0.19853
vt 0.45514 0.19789
vt 0.44722 0.1911
vt 0.44918 0.19788
vt 0.45116 0.20138
vt 0.12404 0.19009
vt 0.12714 0.19651
vt 0.45945 0.19013
vt 0.46202 0.19807
vt 0.45196 0.20523
vt 0.45371 0.19813
vt 0.46605 0.19062
vt 0.47042 0.19793
vt 0.47627 0.19676
vt 0.47283 0.18933
vt 0.48429 0.19611
vt 0.49159 0.19515
vt 0.48767 0.18817
vt 0.49899 0.1952
vt 0.49484 0.18811
vt 0.16752 0.18621
vt 0.1735 0.19471
vt 0.16544 0.19494
vt 0.16818 0.20375
vt 0.50113 0.18813
vt 0.50531 0.19464
vt 0.51264 0.19494
vt 0.50456 0.18755
vt 0.50183 0.18685
vt 0.17489 0.18761
vt 0.18095 0.19511
vt 0.17525 0.20158
vt 0.51586 0.1872
vt 0.5201 0.19421
vt 0.52848 0.18762
vt 0.52313 0.18691
vt 0.19618 0.18487
vt 0.19986 0.19355
vt 0.18906 0.18686
vt 0.5279 0.1942
vt 0.53326 0.19313
vt 0.21403 0.1793
vt 0.21525 0.19294
vt 0.20814 0.19314
vt 0.21188 0.19995
vt 0.2174 0.18621
vt 0.21862 0.18509
vt 0.21961 0.18665
vt 0.21969 0.19682
vt 0.54108 0.19354
vt 0.55169 0.18902
vt 0.54556 0.18763
vt 0.54844 0.19517
vt 0.55097 0.19312
vt 0.5527 0.19575
vt 0.54904 0.20026
vt 0.22569 0.19116
vt 0.55454 0.19255
vt 0.55601 0.19256
vt 0.55366 0.18635
vt 0.56314 0.19217
vt 0.55906 0.18551
vt 0.24037 0.18557
vt 0.57015 0.19208
vt 0.57341 0.18468
vt 0.57737 0.19182
vt 0.5807 0.18446
vt 0.25353 0.19134
vt 0.58445 0.19155
vt 0.59164 0.19117
vt 0.59875 0.19084
vt 0.58777 0.18415
vt 0.26808 0.18893
vt 0.60176 0.18392
vt 0.60604 0.19071
vt 0.61285 0.19024
vt 0.60916 0.1832
vt 0.28544 0.18763
vt 0.61631 0.18301
vt 0.62613 0.18888
vt 0.62791 0.18241
vt 0.30129 0.18004
vt 0.3018 0.18803
vt 0.29303 0.19143
vt 0.30814 0.18809
vt 0.63424 0.18868
vt 0.31206 0.18033
vt 0.31631 0.18762
vt 0.32141 0.18165
vt 0.3217 0.18738
vt 0.64536 0.18572
vt 0.63876 0.18242
vt 0.64531 0.17864
vt 0.65385 0.18856
vt 0.3241 0.18513
vt 0.0968 0.54539
vt 0.10876 0.54472
vt 0.09065 0.55068
vt 0.32525 0.18224
vt 0.32531 0.17774
vt 0.32433 0.18953
vt 0.10208 0.55343
vt 0.11764 0.54067
vt 0.18263 0.52011
vt 0.11254 0.5344
vt 0.19872 0.52486
vt 0.2085 0.51357
vt 0.24986 0.49935
vt 0.25116 0.50718
vt 0.65843 0.19212
vt 0.6587 0.18431
vt 0.65906 0.18508
vt 0.65934 0.18427
vt 0.65884 0.19204
vt 0.65863 0.19161
vt 0.74819 0.19608
vt 0.76106 0.19401
vt 0.73788 0.19256
vt 0.77702 0.19644
vt 0.00872 0.18372
vt 0.01068 0.18933
vt 0.00819 0.18614
vt 0.74994 0.20289
vt 0.74269 0.2057
vt 0.00871 0.19137
vt 0.01363 0.17821
vt 0.01915 0.18838
vt 0.01371 0.18417
vt 0.00843 0.17951
vt 0.01355 0.18851
vt 0.76615 0.18618
vt 0.8237 0.19306
vt 0.84911 0.20357
vt 0.8624 0.20424
vt 0.89798 0.2016
vt 0.86548 0.19375
vt 0.89819 0.18635
vt 0.91215 0.20196
vt 0.90644 0.20026
vt 0.34964 0.18453
vt 0.34225 0.18587
vt 0.34279 0.1921
vt 0.35536 0.18981
vt 0.02257 0.18095
vt 0.02663 0.18816
vt 0.35124 0.18149
vt 0.34982 0.1807
vt 0.35673 0.18036
vt 0.36241 0.18644
vt 0.36355 0.19466
vt 0.04141 0.17608
vt 0.04627 0.17619
vt 0.04577 0.18226
vt 0.36898 0.18773
vt 0.37548 0.18715
vt 0.37233 0.1804
vt 0.38268 0.18695
vt 0.05401 0.17379
vt 0.05554 0.18627
vt 0.38573 0.17983
vt 0.3897 0.18659
vt 0.39708 0.18604
vt 0.40023 0.17882
vt 0.06315 0.1864
vt 0.06756 0.18268
vt 0.08111 0.18603
vt 0.07346 0.17845
vt 0.07415 0.19282
vt 0.40425 0.18581
vt 0.41159 0.18539
vt 0.41066 0.17146
vt 0.41479 0.1778
vt 0.41873 0.18503
vt 0.42619 0.1847
vt 0.42215 0.17762
vt 0.09508 0.17692
vt 0.09838 0.18466
vt 0.42926 0.17735
vt 0.4331 0.18421
vt 0.44003 0.18309
vt 0.43679 0.17691
vt 0.10879 0.17619
vt 0.11442 0.17938
vt 0.10634 0.18351
vt 0.11611 0.17599
vt 0.1181 0.1773
vt 0.11463 0.1733
vt 0.44163 0.17674
vt 0.44151 0.1838
vt 0.44616 0.18408
vt 0.44301 0.1767
vt 0.44762 0.18343
vt 0.45506 0.18357
vt 0.45073 0.1764
vt 0.11968 0.18253
vt 0.12534 0.18084
vt 0.45801 0.17599
vt 0.46228 0.18318
vt 0.46902 0.1829
vt 0.46781 0.16951
vt 0.15038 0.18089
vt 0.13955 0.18222
vt 0.14556 0.17432
vt 0.14563 0.18899
vt 0.47656 0.18215
vt 0.48383 0.18126
vt 0.48024 0.17437
vt 0.47782 0.19046
vt 0.15252 0.17515
vt 0.15893 0.17422
vt 0.16015 0.18809
vt 0.48658 0.17429
vt 0.49073 0.18043
vt 0.49121 0.18221
vt 0.49128 0.17965
vt 0.49816 0.18076
vt 0.49304 0.17472
vt 0.49715 0.18334
vt 0.16731 0.17558
vt 0.17238 0.18066
vt 0.16443 0.1805
vt 0.50495 0.18169
vt 0.49837 0.18171
vt 0.50536 0.18021
vt 0.51153 0.17874
vt 0.50847 0.17396
vt 0.18148 0.17282
vt 0.18414 0.17939
vt 0.17733 0.18001
vt 0.18175 0.1867
vt 0.18815 0.17218
vt 0.51155 0.18028
vt 0.5132 0.17923
vt 0.51548 0.17326
vt 0.51869 0.17808
vt 0.50745 0.18335
vt 0.51894 0.17986
vt 0.52611 0.17941
vt 0.52183 0.17251
vt 0.19546 0.17285
vt 0.1963 0.17819
vt 0.52936 0.17239
vt 0.53373 0.17877
vt 0.5407 0.17869
vt 0.54462 0.17193
vt 0.20278 0.17162
vt 0.21058 0.17559
vt 0.20517 0.17879
vt 0.21768 0.17078
vt 0.5495 0.17909
vt 0.22478 0.17148
vt 0.22715 0.17859
vt 0.22174 0.17812
vt 0.2252 0.18556
vt 0.2307 0.17272
vt 0.23285 0.18456
vt 0.55641 0.17895
vt 0.55696 0.17719
vt 0.55439 0.17532
vt 0.55636 0.17133
vt 0.55022 0.17373
vt 0.56158 0.17799
vt 0.55916 0.17149
vt 0.55817 0.1848
vt 0.23199 0.17019
vt 0.23934 0.17432
vt 0.2461 0.17708
vt 0.24736 0.18382
vt 0.56067 0.17097
vt 0.5692 0.17769
vt 0.57255 0.17017
vt 0.57658 0.17746
vt 0.58377 0.17711
vt 0.25431 0.17602
vt 0.58971 0.17557
vt 0.59785 0.17663
vt 0.26294 0.17626
vt 0.2696 0.17779
vt 0.26139 0.18302
vt 0.27514 0.16791
vt 0.26728 0.17086
vt 0.60509 0.17644
vt 0.60137 0.1682
vt 0.61217 0.17576
vt 0.2816 0.17152
vt 0.2761 0.1824
vt 0.28501 0.17512
vt 0.61972 0.17571
vt 0.61569 0.16866
vt 0.62646 0.17529
vt 0.62711 0.16798
vt 0.30036 0.16697
vt 0.29054 0.18177
vt 0.63524 0.17472
vt 0.63051 0.1676
vt 0.63833 0.16737
vt 0.3112 0.16636
vt 0.30833 0.17342
vt 0.31537 0.17327
vt 0.32057 0.16998
vt 0.32111 0.17383
vt 0.64006 0.17443
vt 0.64471 0.17123
vt 0.65344 0.17403
vt 0.32502 0.16756
vt 0.3212 0.16429
vt 0.32486 0.16361
vt 0.32367 0.1746
vt 0.32606 0.17516
vt 0.08035 0.53067
vt 0.11 0.52411
vt 0.09287 0.53072
vt 0.08995 0.54134
vt 0.09712 0.53618
vt 0.1685 0.50541
vt 0.10415 0.51835
vt 0.19325 0.5079
vt 0.24723 0.48926
vt 0.20271 0.49686
vt 0.24458 0.4824
vt 0.65929 0.17698
vt 0.65873 0.16977
vt 0.65924 0.17082
vt 0.65963 0.16965
vt 0.85012 0.18528
vt 0.86583 0.1799
vt 0.74669 0.17769
vt 0.75949 0.17579
vt 0.73964 0.17444
vt 0.00796 0.16959
vt 0.00968 0.17476
vt 0.00735 0.1719
vt 0.74625 0.18423
vt 0.73719 0.18712
vt 0.00757 0.17699
vt 0.01406 0.16495
vt 0.01901 0.17369
vt 0.01342 0.16964
vt 0.00785 0.16495
vt 0.01286 0.17412
vt 0.76311 0.16837
vt 0.82497 0.17489
vt 0.8967 0.17238
vt 0.35005 0.16758
vt 0.34904 0.1658
vt 0.34609 0.16776
vt 0.91168 0.18378
vt 0.90552 0.18205
vt 0.90615 0.19295
vt 0.91193 0.19166
vt 0.35018 0.1742
vt 0.34151 0.17182
vt 0.34181 0.17788
vt 0.02213 0.16627
vt 0.02609 0.17362
vt 0.01759 0.17644
vt 0.03274 0.17282
vt 0.35481 0.17307
vt 0.35785 0.1713
vt 0.35446 0.16032
vt 0.36202 0.16824
vt 0.36147 0.17395
vt 0.36323 0.18131
vt 0.3674 0.17333
vt 0.03727 0.1658
vt 0.04457 0.16439
vt 0.04545 0.16901
vt 0.37128 0.16593
vt 0.37544 0.17284
vt 0.38157 0.17212
vt 0.05105 0.16586
vt 0.38901 0.17228
vt 0.38512 0.16538
vt 0.39632 0.17173
vt 0.39242 0.16478
vt 0.05975 0.16545
vt 0.0689 0.17184
vt 0.40398 0.17085
vt 0.41471 0.16343
vt 0.41773 0.17085
vt 0.4253 0.17046
vt 0.09169 0.17013
vt 0.09586 0.16678
vt 0.10122 0.17662
vt 0.10014 0.16344
vt 0.42949 0.16301
vt 0.43321 0.16987
vt 0.4362 0.16263
vt 0.11215 0.15933
vt 0.11345 0.166
vt 0.10938 0.17003
vt 0.11531 0.16151
vt 0.1172 0.16373
vt 0.44138 0.16229
vt 0.43997 0.16967
vt 0.44617 0.16958
vt 0.44249 0.1622
vt 0.43853 0.17075
vt 0.4544 0.16909
vt 0.44995 0.16194
vt 0.11944 0.16815
vt 0.12392 0.16381
vt 0.45738 0.16147
vt 0.46094 0.16863
vt 0.46462 0.16117
vt 0.13023 0.16096
vt 0.13569 0.16576
vt 0.13054 0.17505
vt 0.47269 0.16093
vt 0.47644 0.16722
vt 0.47248 0.17557
vt 0.47978 0.16081
vt 0.15152 0.16008
vt 0.15431 0.16587
vt 0.14954 0.16622
vt 0.48307 0.16718
vt 0.48826 0.16777
vt 0.4966 0.16684
vt 0.49252 0.15963
vt 0.48503 0.15985
vt 0.16652 0.15949
vt 0.16972 0.1668
vt 0.16294 0.167
vt 0.50252 0.15928
vt 0.50408 0.16627
vt 0.50075 0.17485
vt 0.51138 0.16645
vt 0.17362 0.15926
vt 0.17926 0.16558
vt 0.1745 0.17329
vt 0.18086 0.15745
vt 0.18347 0.16495
vt 0.18747 0.15807
vt 0.18958 0.165
vt 0.51521 0.15849
vt 0.51895 0.16578
vt 0.19384 0.16131
vt 0.19697 0.16468
vt 0.19729 0.15035
vt 0.202 0.15723
vt 0.52117 0.1587
vt 0.52496 0.16537
vt 0.52873 0.15844
vt 0.53306 0.16496
vt 0.54039 0.16459
vt 0.53963 0.15015
vt 0.20787 0.16128
vt 0.2118 0.16314
vt 0.21655 0.15643
vt 0.2208 0.16348
vt 0.54398 0.15732
vt 0.54693 0.16463
vt 0.54887 0.16444
vt 0.55481 0.16423
vt 0.55142 0.15709
vt 0.22404 0.1564
vt 0.22849 0.16316
vt 0.55601 0.15664
vt 0.55663 0.16402
vt 0.56084 0.16368
vt 0.55847 0.15641
vt 0.23199 0.15587
vt 0.24626 0.16227
vt 0.24677 0.16916
vt 0.55996 0.15644
vt 0.56793 0.16337
vt 0.57152 0.15581
vt 0.57546 0.1631
vt 0.58325 0.16307
vt 0.57916 0.15573
vt 0.58624 0.15518
vt 0.59017 0.16254
vt 0.58701 0.16982
vt 0.59731 0.16246
vt 0.595 0.15166
vt 0.26704 0.15237
vt 0.26232 0.16144
vt 0.2744 0.15346
vt 0.27536 0.16032
vt 0.60083 0.15459
vt 0.60463 0.16187
vt 0.61172 0.16137
vt 0.61125 0.14749
vt 0.28165 0.15402
vt 0.28417 0.15963
vt 0.61502 0.15408
vt 0.61916 0.16105
vt 0.62597 0.16093
vt 0.62892 0.15332
vt 0.29834 0.15266
vt 0.30071 0.15953
vt 0.29131 0.16493
vt 0.30315 0.15219
vt 0.30699 0.15899
vt 0.6345 0.1605
vt 0.63789 0.15261
vt 0.3104 0.15169
vt 0.31456 0.15883
vt 0.31885 0.14869
vt 0.3202 0.15334
vt 0.32093 0.15861
vt 0.64675 0.16146
vt 0.64158 0.16001
vt 0.65131 0.15267
vt 0.6529 0.15979
vt 0.6521 0.16708
vt 0.32431 0.15333
vt 0.32533 0.15581
vt 0.32404 0.14906
vt 0.32562 0.16074
vt 0.0775 0.51308
vt 0.10111 0.50769
vt 0.08711 0.51381
vt 0.11203 0.51085
vt 0.07858 0.52603
vt 0.08826 0.51986
vt 0.16443 0.48801
vt 0.09921 0.50111
vt 0.18396 0.49206
vt 0.24021 0.47273
vt 0.19747 0.47971
vt 0.23696 0.46595
vt 0.65893 0.16263
vt 0.65809 0.1556
vt 0.65861 0.15669
vt 0.65899 0.15548
vt 0.75339 0.15914
vt 0.76233 0.15784
vt 0.74981 0.157
vt 0.74991 0.16627
vt 0.74207 0.16856
vt 0.00775 0.15573
vt 0.00782 0.15014
vt 0.01355 0.15297
vt 0.0124 0.15966
vt 0.75924 0.1487
vt 0.82902 0.15651
vt 0.84865 0.16662
vt 0.85986 0.16674
vt 0.90374 0.16338
vt 0.85097 0.14974
vt 0.9011 0.15558
vt 0.34087 0.15627
vt 0.34135 0.15745
vt 0.34175 0.1562
vt 0.90517 0.1745
vt 0.91132 0.17307
vt 0.34759 0.15315
vt 0.35006 0.15967
vt 0.34131 0.16352
vt 0.02144 0.15195
vt 0.02509 0.15939
vt 0.01813 0.15939
vt 0.02662 0.14867
vt 0.34886 0.15258
vt 0.35971 0.15302
vt 0.36064 0.15985
vt 0.36713 0.15903
vt 0.0359 0.15136
vt 0.03241 0.15872
vt 0.04024 0.15894
vt 0.04863 0.15128
vt 0.04884 0.15839
vt 0.37091 0.15164
vt 0.3744 0.15855
vt 0.38837 0.15802
vt 0.39533 0.15773
vt 0.39171 0.1506
vt 0.06592 0.15556
vt 0.05844 0.14969
vt 0.07093 0.14899
vt 0.07266 0.1636
vt 0.3988 0.15006
vt 0.40297 0.15723
vt 0.39961 0.16442
vt 0.41001 0.1567
vt 0.40612 0.14975
vt 0.4133 0.14871
vt 0.41766 0.1565
vt 0.42397 0.15608
vt 0.41857 0.14896
vt 0.0898 0.14867
vt 0.09663 0.15601
vt 0.09098 0.15643
vt 0.10121 0.1598
vt 0.10237 0.16317
vt 0.42881 0.14827
vt 0.43259 0.15629
vt 0.43545 0.14849
vt 0.10759 0.14697
vt 0.10501 0.15364
vt 0.09893 0.14937
vt 0.11153 0.15332
vt 0.1161 0.14715
vt 0.11807 0.1549
vt 0.44127 0.14718
vt 0.43901 0.15533
vt 0.43972 0.15525
vt 0.44531 0.155
vt 0.44237 0.14776
vt 0.45371 0.15445
vt 0.44872 0.14735
vt 0.44365 0.14775
vt 0.12182 0.14606
vt 0.12648 0.15398
vt 0.12659 0.1478
vt 0.1291 0.14656
vt 0.13116 0.15009
vt 0.45687 0.14771
vt 0.46018 0.15404
vt 0.46744 0.15416
vt 0.46384 0.1468
vt 0.12968 0.14358
vt 0.13915 0.14622
vt 0.14039 0.15334
vt 0.47081 0.14634
vt 0.4758 0.15401
vt 0.48287 0.15412
vt 0.47405 0.13872
vt 0.15108 0.14674
vt 0.15438 0.15301
vt 0.14853 0.15299
vt 0.4861 0.14676
vt 0.48901 0.15269
vt 0.49557 0.15173
vt 0.49275 0.14646
vt 0.16923 0.1445
vt 0.16973 0.15184
vt 0.16227 0.15221
vt 0.49973 0.14587
vt 0.50375 0.15108
vt 0.5105 0.15156
vt 0.50632 0.14534
vt 0.17953 0.14545
vt 0.18263 0.15052
vt 0.17764 0.15182
vt 0.17345 0.1428
vt 0.1855 0.14434
vt 0.19203 0.14925
vt 0.51317 0.14506
vt 0.517 0.15153
vt 0.52455 0.15162
vt 0.52107 0.14433
vt 0.19399 0.14402
vt 0.5286 0.14369
vt 0.53274 0.15074
vt 0.53604 0.1432
vt 0.20854 0.14387
vt 0.21165 0.14917
vt 0.20549 0.14908
vt 0.22055 0.1493
vt 0.54341 0.14286
vt 0.54695 0.15002
vt 0.55272 0.14522
vt 0.55391 0.15089
vt 0.22286 0.14131
vt 0.22628 0.14859
vt 0.55564 0.14978
vt 0.55954 0.1501
vt 0.56673 0.14936
vt 0.5654 0.14185
vt 0.23646 0.13517
vt 0.24562 0.1479
vt 0.23402 0.14904
vt 0.24577 0.15535
vt 0.57479 0.14877
vt 0.57116 0.14092
vt 0.58226 0.14856
vt 0.25383 0.14684
vt 0.25324 0.16082
vt 0.25984 0.15442
vt 0.58938 0.14838
vt 0.58525 0.14063
vt 0.25917 0.1399
vt 0.26548 0.13212
vt 0.27507 0.14645
vt 0.59712 0.14781
vt 0.60404 0.14761
vt 0.59996 0.14004
vt 0.60732 0.14016
vt 0.27376 0.13909
vt 0.28307 0.14682
vt 0.28853 0.14243
vt 0.28884 0.15266
vt 0.61447 0.13977
vt 0.61839 0.14691
vt 0.62173 0.13946
vt 0.29663 0.13831
vt 0.28258 0.13859
vt 0.29986 0.14562
vt 0.30638 0.14483
vt 0.62847 0.13916
vt 0.62539 0.14649
vt 0.63334 0.1465
vt 0.63707 0.14026
vt 0.30954 0.13749
vt 0.31356 0.14471
vt 0.31558 0.13481
vt 0.31892 0.14182
vt 0.63942 0.13399
vt 0.64296 0.14595
vt 0.65072 0.13836
vt 0.31831 0.13589
vt 0.32323 0.13958
vt 0.32257 0.1342
vt 0.32462 0.14674
vt 0.324 0.14127
vt 0.08286 0.494
vt 0.09816 0.49056
vt 0.08788 0.49489
vt 0.07817 0.50741
vt 0.08686 0.5022
vt 0.17463 0.46714
vt 0.0987 0.48248
vt 0.17942 0.47504
vt 0.23225 0.4565
vt 0.22826 0.44973
vt 0.65244 0.14537
vt 0.65806 0.14848
vt 0.65691 0.14136
vt 0.65743 0.14241
vt 0.65771 0.14136
vt 0.7684 0.141
vt 0.77038 0.14083
vt 0.76789 0.14057
vt 0.77014 0.13006
vt 0.72516 0.13341
vt 0.00795 0.14243
vt 0.01296 0.13819
vt 0.01195 0.14533
vt 0.89234 0.13814
vt 0.89416 0.1463
vt 0.9013 0.14651
vt 0.79297 0.13227
vt 0.90117 0.14563
vt 0.34237 0.14263
vt 0.34706 0.13875
vt 0.34286 0.13712
vt 0.34643 0.14557
vt 0.3526 0.14511
vt 0.34154 0.14929
vt 0.01925 0.13456
vt 0.02376 0.14522
vt 0.01586 0.14517
vt 0.02647 0.13755
vt 0.03193 0.1445
vt 0.35487 0.13876
vt 0.35972 0.14473
vt 0.36012 0.14793
vt 0.36636 0.14421
vt 0.3628 0.13584
vt 0.35879 0.13781
vt 0.03516 0.13694
vt 0.03902 0.14421
vt 0.04564 0.12922
vt 0.04855 0.14057
vt 0.37015 0.13726
vt 0.3739 0.14421
vt 0.05878 0.13154
vt 0.06084 0.14219
vt 0.38088 0.14404
vt 0.38415 0.1367
vt 0.38754 0.14388
vt 0.39513 0.14341
vt 0.39333 0.1314
vt 0.06545 0.13539
vt 0.07077 0.13614
vt 0.39803 0.13592
vt 0.4022 0.14276
vt 0.4089 0.14229
vt 0.08139 0.13577
vt 0.08137 0.14239
vt 0.07585 0.1416
vt 0.08484 0.14864
vt 0.08553 0.13442
vt 0.08792 0.1347
vt 0.41688 0.14196
vt 0.4102 0.13718
vt 0.42431 0.1415
vt 0.41929 0.13387
vt 0.09138 0.13998
vt 0.09738 0.14009
vt 0.10006 0.13382
vt 0.10312 0.1419
vt 0.09632 0.12818
vt 0.43235 0.14199
vt 0.42723 0.13449
vt 0.43878 0.14185
vt 0.43318 0.13226
vt 0.10305 0.12761
vt 0.10919 0.13345
vt 0.11099 0.13935
vt 0.11419 0.13287
vt 0.11663 0.13802
vt 0.11666 0.14278
vt 0.44339 0.13405
vt 0.44491 0.1413
vt 0.44572 0.14031
vt 0.44277 0.14004
vt 0.44835 0.13467
vt 0.44627 0.14217
vt 0.45219 0.14007
vt 0.11969 0.1323
vt 0.12462 0.13893
vt 0.12856 0.13241
vt 0.45501 0.13248
vt 0.45984 0.1401
vt 0.46725 0.13954
vt 0.46308 0.13249
vt 0.13836 0.13311
vt 0.1388 0.13953
vt 0.13272 0.1396
vt 0.14448 0.14282
vt 0.14387 0.14618
vt 0.47058 0.1328
vt 0.48102 0.1385
vt 0.47743 0.13173
vt 0.14819 0.13077
vt 0.15467 0.13662
vt 0.14523 0.13576
vt 0.15375 0.12491
vt 0.15708 0.13075
vt 0.48465 0.13115
vt 0.48921 0.13914
vt 0.49627 0.13923
vt 0.49184 0.13102
vt 0.16064 0.14566
vt 0.15788 0.14589
vt 0.15697 0.14281
vt 0.17254 0.14471
vt 0.50279 0.1387
vt 0.50985 0.13804
vt 0.50625 0.13035
vt 0.17572 0.1299
vt 0.17449 0.13454
vt 0.17127 0.13004
vt 0.18523 0.13632
vt 0.1841 0.13073
vt 0.18606 0.12928
vt 0.18811 0.13061
vt 0.51732 0.13706
vt 0.5247 0.13659
vt 0.52078 0.12958
vt 0.19398 0.12899
vt 0.19629 0.13553
vt 0.53227 0.13655
vt 0.53961 0.13556
vt 0.53366 0.12494
vt 0.52767 0.12954
vt 0.5398 0.13663
vt 0.20809 0.12749
vt 0.21239 0.13399
vt 0.20481 0.13473
vt 0.21497 0.12791
vt 0.21876 0.13461
vt 0.21558 0.13862
vt 0.21613 0.1419
vt 0.21436 0.14365
vt 0.54254 0.12746
vt 0.54036 0.12851
vt 0.54305 0.12895
vt 0.54625 0.13449
vt 0.54742 0.13357
vt 0.55234 0.13581
vt 0.54827 0.12885
vt 0.54789 0.13526
vt 0.54873 0.13806
vt 0.22226 0.12724
vt 0.22543 0.13547
vt 0.5561 0.14285
vt 0.55953 0.13591
vt 0.56629 0.13474
vt 0.56562 0.12606
vt 0.55567 0.12839
vt 0.23119 0.1252
vt 0.24346 0.1334
vt 0.24492 0.14079
vt 0.57421 0.1349
vt 0.56766 0.12278
vt 0.58154 0.1343
vt 0.57679 0.12481
vt 0.57869 0.14249
vt 0.2499 0.12389
vt 0.58472 0.1266
vt 0.58854 0.13328
vt 0.59249 0.14212
vt 0.59555 0.1335
vt 0.6035 0.13319
vt 0.59912 0.12571
vt 0.61032 0.1328
vt 0.60653 0.12581
vt 0.2789 0.12871
vt 0.28447 0.1324
vt 0.28712 0.12419
vt 0.29146 0.13071
vt 0.61396 0.12552
vt 0.61787 0.13243
vt 0.62357 0.11848
vt 0.29463 0.12382
vt 0.29848 0.13085
vt 0.30554 0.13036
vt 0.62798 0.12513
vt 0.62507 0.13226
vt 0.63206 0.1319
vt 0.3075 0.12327
vt 0.31275 0.13043
vt 0.64013 0.13028
vt 0.64484 0.13206
vt 0.6428 0.12504
vt 0.65 0.12474
vt 0.09874 0.46437
vt 0.09755 0.47338
vt 0.07175 0.47372
vt 0.31819 0.12994
vt 0.31606 0.12309
vt 0.32155 0.12639
vt 0.32286 0.13297
vt 0.0951 0.4739
vt 0.09597 0.47405
vt 0.08732 0.48593
vt 0.09265 0.483
vt 0.12264 0.45783
vt 0.17301 0.46098
vt 0.65433 0.12368
vt 0.65271 0.12627
vt 0.65497 0.12777
vt 0.65156 0.13113
vt 0.65636 0.13445
vt 0.22564 0.44064
vt 0.22113 0.44198
vt 0.2165 0.43767
vt 0.22551 0.44138
vt 0.01203 0.13118
vt 0.01082 0.12995
vt 0.01305 0.12712
vt 0.74325 0.12511
vt 0.76698 0.12447
vt 0.84678 0.12506
vt 0.80956 0.1263
vt 0.89172 0.13691
vt 0.87669 0.12859
vt 0.78957 0.11893
vt 0.89507 0.12916
vt 0.88473 0.12299
vt 0.34607 0.1316
vt 0.34708 0.1267
vt 0.34456 0.1301
vt 0.34835 0.13145
vt 0.8924 0.1366
vt 0.92119 0.13212
vt 0.34309 0.136
vt 0.01323 0.12433
vt 0.01541 0.12462
vt 0.01927 0.12649
vt 0.01858 0.11919
vt 0.02777 0.12343
vt 0.34889 0.1245
vt 0.34739 0.12464
vt 0.35382 0.12652
vt 0.35259 0.11899
vt 0.35971 0.12287
vt 0.35617 0.1306
vt 0.35977 0.13254
vt 0.03426 0.12191
vt 0.03837 0.1297
vt 0.03015 0.13012
vt 0.36914 0.1229
vt 0.36553 0.13005
vt 0.37343 0.12969
vt 0.04887 0.12185
vt 0.03783 0.12256
vt 0.05452 0.12485
vt 0.38017 0.12959
vt 0.38331 0.12224
vt 0.38708 0.1294
vt 0.39464 0.12913
vt 0.39052 0.12198
vt 0.06321 0.12125
vt 0.06719 0.12829
vt 0.07057 0.12096
vt 0.07448 0.12824
vt 0.39751 0.12187
vt 0.40138 0.12866
vt 0.4091 0.12804
vt 0.40478 0.12131
vt 0.07773 0.12048
vt 0.08142 0.12738
vt 0.0849 0.1202
vt 0.08885 0.12709
vt 0.41183 0.12106
vt 0.41544 0.12748
vt 0.09209 0.11975
vt 0.09581 0.11317
vt 0.41864 0.12113
vt 0.42398 0.12684
vt 0.42629 0.12106
vt 0.42969 0.12717
vt 0.11197 0.119
vt 0.1107 0.12658
vt 0.11781 0.12554
vt 0.43865 0.12724
vt 0.44516 0.12588
vt 0.44089 0.12047
vt 0.44622 0.12848
vt 0.45226 0.12612
vt 0.1213 0.11867
vt 0.12412 0.12488
vt 0.13155 0.12456
vt 0.45652 0.11915
vt 0.45671 0.12165
vt 0.45249 0.12659
vt 0.45754 0.12584
vt 0.4583 0.12415
vt 0.46603 0.12473
vt 0.46242 0.11855
vt 0.45973 0.12713
vt 0.135 0.1173
vt 0.13926 0.12418
vt 0.46867 0.11709
vt 0.4736 0.12505
vt 0.46986 0.1177
vt 0.48118 0.12479
vt 0.47656 0.1171
vt 0.14919 0.11662
vt 0.14641 0.12356
vt 0.15643 0.11662
vt 0.15981 0.12334
vt 0.48406 0.11681
vt 0.48826 0.12443
vt 0.49477 0.12391
vt 0.49849 0.11655
vt 0.16376 0.1162
vt 0.17292 0.12396
vt 0.50265 0.12339
vt 0.49911 0.13085
vt 0.50937 0.12326
vt 0.50594 0.11653
vt 0.17815 0.11496
vt 0.17084 0.11597
vt 0.18235 0.12129
vt 0.18184 0.10798
vt 0.18718 0.12539
vt 0.51315 0.11576
vt 0.51667 0.12322
vt 0.51348 0.13008
vt 0.52423 0.12283
vt 0.5206 0.11503
vt 0.19298 0.11451
vt 0.1973 0.12123
vt 0.19993 0.11456
vt 0.20419 0.12071
vt 0.20063 0.12911
vt 0.52495 0.11483
vt 0.53106 0.12063
vt 0.52733 0.1141
vt 0.53104 0.12248
vt 0.53732 0.11977
vt 0.5335 0.11564
vt 0.52947 0.11507
vt 0.53294 0.12141
vt 0.2071 0.11413
vt 0.21098 0.12122
vt 0.21448 0.11357
vt 0.21765 0.12076
vt 0.53766 0.12414
vt 0.53777 0.12138
vt 0.53968 0.12253
vt 0.54409 0.12233
vt 0.55232 0.12089
vt 0.54958 0.11201
vt 0.54037 0.11541
vt 0.5515 0.12171
vt 0.2219 0.11294
vt 0.22591 0.11934
vt 0.2289 0.11282
vt 0.23242 0.11866
vt 0.22959 0.12747
vt 0.55877 0.12104
vt 0.55561 0.1144
vt 0.24062 0.11412
vt 0.56933 0.11352
vt 0.25307 0.11206
vt 0.25673 0.12309
vt 0.58802 0.119
vt 0.58269 0.11813
vt 0.59234 0.12668
vt 0.59514 0.1193
vt 0.2618 0.11002
vt 0.26972 0.11382
vt 0.25919 0.11343
vt 0.6029 0.1188
vt 0.59856 0.11241
vt 0.60971 0.11847
vt 0.60586 0.11141
vt 0.27926 0.11052
vt 0.27476 0.11636
vt 0.28962 0.11657
vt 0.61305 0.11124
vt 0.617 0.11814
vt 0.62412 0.11053
vt 0.29363 0.10939
vt 0.29761 0.11648
vt 0.30183 0.10886
vt 0.3045 0.11618
vt 0.63142 0.11819
vt 0.63387 0.12773
vt 0.63713 0.12503
vt 0.3082 0.10879
vt 0.31081 0.11634
vt 0.31313 0.10957
vt 0.31291 0.10793
vt 0.31435 0.1088
vt 0.3147 0.11111
vt 0.31622 0.11565
vt 0.64871 0.11239
vt 0.64822 0.11009
vt 0.6468 0.11028
vt 0.64302 0.10495
vt 0.63493 0.10989
vt 0.64358 0.11629
vt 0.63782 0.11731
vt 0.1237 0.44309
vt 0.11038 0.44924
vt 0.07599 0.45614
vt 0.31722 0.11444
vt 0.06737 0.46716
vt 0.09049 0.4597
vt 0.13647 0.44793
vt 0.18027 0.42961
vt 0.16767 0.43814
vt 0.19347 0.43313
vt 0.20291 0.42419
vt 0.21628 0.42715
vt 0.21447 0.43545
vt 0.6515 0.11548
vt 0.65 0.11689
vt 0.65344 0.12083
vt 0.77008 0.10841
vt 0.7572 0.11683
vt 0.84241 0.1126
vt 0.87203 0.10389
vt 0.80989 0.10114
vt 0.84605 0.12063
vt 0.34823 0.11773
vt 0.34804 0.1203
vt 0.34877 0.11767
vt 0.90636 0.1169
vt 0.89986 0.11332
vt 0.89209 0.11268
vt 0.01424 0.11692
vt 0.01758 0.11193
vt 0.01863 0.11321
vt 0.75128 0.10061
vt 0.77021 0.10773
vt 0.01919 0.10552
vt 0.0262 0.10864
vt 0.02735 0.11584
vt 0.35279 0.11321
vt 0.35324 0.10546
vt 0.3599 0.10866
vt 0.35902 0.11616
vt 0.03334 0.1066
vt 0.03745 0.116
vt 0.0405 0.10794
vt 0.04488 0.11506
vt 0.36568 0.11616
vt 0.37223 0.11566
vt 0.36898 0.10907
vt 0.37951 0.11523
vt 0.37824 0.10128
vt 0.04804 0.1073
vt 0.05099 0.11399
vt 0.05845 0.10017
vt 0.05956 0.11372
vt 0.38671 0.11499
vt 0.39374 0.11458
vt 0.38286 0.10794
vt 0.0626 0.10682
vt 0.06608 0.11425
vt 0.06569 0.09957
vt 0.07407 0.11365
vt 0.39697 0.10738
vt 0.40061 0.11433
vt 0.40809 0.11388
vt 0.40037 0.1002
vt 0.07701 0.10585
vt 0.08078 0.11301
vt 0.08426 0.1058
vt 0.08816 0.11267
vt 0.41114 0.1068
vt 0.41521 0.11356
vt 0.42203 0.1129
vt 0.42115 0.10623
vt 0.09317 0.10528
vt 0.10229 0.11189
vt 0.4293 0.11227
vt 0.10866 0.09787
vt 0.11057 0.10926
vt 0.1171 0.11153
vt 0.12009 0.10396
vt 0.12429 0.11137
vt 0.12738 0.10367
vt 0.13149 0.11091
vt 0.45176 0.11301
vt 0.45913 0.11175
vt 0.45569 0.10449
vt 0.44732 0.11919
vt 0.46195 0.10405
vt 0.45975 0.11379
vt 0.46615 0.11163
vt 0.13462 0.10366
vt 0.14184 0.10301
vt 0.14505 0.10931
vt 0.13833 0.11016
vt 0.46936 0.1044
vt 0.47297 0.11013
vt 0.47288 0.11122
vt 0.47849 0.10795
vt 0.47628 0.10399
vt 0.47382 0.11235
vt 0.47938 0.11088
vt 0.14874 0.1022
vt 0.15221 0.10915
vt 0.15329 0.09706
vt 0.15965 0.10899
vt 0.48178 0.10323
vt 0.47875 0.10942
vt 0.48697 0.10889
vt 0.4833 0.10323
vt 0.49488 0.10879
vt 0.49021 0.10157
vt 0.48576 0.10247
vt 0.1628 0.10094
vt 0.1669 0.1086
vt 0.17029 0.1009
vt 0.1744 0.10797
vt 0.4978 0.10149
vt 0.50141 0.10969
vt 0.50897 0.10857
vt 0.17766 0.10091
vt 0.18497 0.10086
vt 0.18877 0.10764
vt 0.50925 0.10142
vt 0.50403 0.1039
vt 0.51656 0.10734
vt 0.51208 0.10154
vt 0.51788 0.11048
vt 0.51721 0.10607
vt 0.52236 0.10729
vt 0.51486 0.10176
vt 0.52192 0.11101
vt 0.19223 0.10031
vt 0.1957 0.10778
vt 0.19575 0.09309
vt 0.20312 0.10729
vt 0.52604 0.10126
vt 0.5298 0.10858
vt 0.52288 0.1089
vt 0.5369 0.10829
vt 0.53328 0.1005
vt 0.20698 0.0994
vt 0.20996 0.10709
vt 0.21699 0.10671
vt 0.54027 0.10078
vt 0.54417 0.10715
vt 0.55128 0.10695
vt 0.54779 0.09972
vt 0.22102 0.09895
vt 0.22495 0.10552
vt 0.22815 0.09834
vt 0.2309 0.10605
vt 0.55026 0.09305
vt 0.55943 0.10472
vt 0.55664 0.09899
vt 0.56781 0.09907
vt 0.56227 0.09908
vt 0.23705 0.09783
vt 0.24259 0.10422
vt 0.24501 0.11263
vt 0.56898 0.10565
vt 0.58097 0.10574
vt 0.57961 0.09154
vt 0.57711 0.11305
vt 0.24551 0.09303
vt 0.25206 0.09179
vt 0.25775 0.10442
vt 0.26367 0.09638
vt 0.58347 0.09842
vt 0.58748 0.10455
vt 0.58958 0.11335
vt 0.59482 0.10457
vt 0.26954 0.10568
vt 0.27133 0.09613
vt 0.27554 0.10311
vt 0.59801 0.09765
vt 0.6019 0.10447
vt 0.60906 0.10439
vt 0.27852 0.09585
vt 0.28229 0.10261
vt 0.29065 0.09504
vt 0.61628 0.10404
vt 0.612 0.09685
vt 0.62008 0.09755
vt 0.62442 0.10379
vt 0.29723 0.10209
vt 0.2895 0.10257
vt 0.30066 0.09456
vt 0.62949 0.10413
vt 0.62697 0.097
vt 0.3082 0.09847
vt 0.30571 0.09125
vt 0.30381 0.10135
vt 0.30939 0.10348
vt 0.31298 0.10187
vt 0.06127 0.45878
vt 0.08586 0.44471
vt 0.16285 0.42567
vt 0.12504 0.42659
vt 0.18795 0.41129
vt 0.64716 0.10593
vt 0.63643 0.10288
vt 0.64197 0.09907
vt 0.63441 0.09563
vt 0.64074 0.09171
vt 0.64624 0.10345
vt 0.64683 0.10345
vt 0.22363 0.41296
vt 0.21077 0.41271
vt 0.21726 0.41137
vt 0.77401 0.0842
vt 0.78124 0.07791
vt 0.75068 0.07818
vt 0.02473 0.10158
vt 0.02143 0.09964
vt 0.02719 0.0965
vt 0.84338 0.09319
vt 0.75704 0.09256
vt 0.76012 0.09391
vt 0.76817 0.08854
vt 0.90588 0.10094
vt 0.89585 0.08986
vt 0.89247 0.07913
vt 0.84396 0.08357
vt 0.9324 0.08505
vt 0.76737 0.0854
vt 0.89996 0.09071
vt 0.90028 0.08981
vt 0.35967 0.09495
vt 0.35489 0.10028
vt 0.35855 0.10205
vt 0.03071 0.09001
vt 0.02564 0.09456
vt 0.03373 0.10177
vt 0.03223 0.09727
vt 0.03346 0.08951
vt 0.04015 0.09361
vt 0.04312 0.10061
vt 0.37222 0.10221
vt 0.35975 0.09476
vt 0.04912 0.09195
vt 0.05121 0.10044
vt 0.05645 0.08837
vt 0.38224 0.09377
vt 0.37285 0.09421
vt 0.386 0.10057
vt 0.39312 0.10025
vt 0.39216 0.08618
vt 0.06177 0.09249
vt 0.07306 0.09933
vt 0.39646 0.09308
vt 0.40722 0.09971
vt 0.41056 0.09261
vt 0.07635 0.09177
vt 0.08049 0.09888
vt 0.08717 0.09832
vt 0.41422 0.09939
vt 0.42131 0.09897
vt 0.42055 0.08467
vt 0.0907 0.09092
vt 0.09457 0.09799
vt 0.10143 0.09736
vt 0.42361 0.09178
vt 0.42905 0.09852
vt 0.43234 0.09123
vt 0.10483 0.0902
vt 0.11602 0.09693
vt 0.43627 0.09769
vt 0.44385 0.09554
vt 0.4392 0.09054
vt 0.44009 0.10591
vt 0.11921 0.08957
vt 0.12338 0.09638
vt 0.1306 0.09625
vt 0.45366 0.09659
vt 0.46535 0.09682
vt 0.45417 0.09032
vt 0.13392 0.08884
vt 0.14528 0.09569
vt 0.13787 0.09602
vt 0.46808 0.0896
vt 0.47192 0.09692
vt 0.48248 0.08861
vt 0.14846 0.0882
vt 0.1595 0.09507
vt 0.15256 0.09552
vt 0.47961 0.09637
vt 0.4867 0.09571
vt 0.48673 0.09682
vt 0.49413 0.09526
vt 0.48997 0.08846
vt 0.49248 0.09803
vt 0.1627 0.08725
vt 0.16647 0.09443
vt 0.177 0.08652
vt 0.1738 0.09431
vt 0.49708 0.08754
vt 0.50041 0.09465
vt 0.50136 0.09527
vt 0.4944 0.09625
vt 0.50749 0.0939
vt 0.50395 0.08768
vt 0.50248 0.09708
vt 0.18095 0.09376
vt 0.18829 0.09347
vt 0.51124 0.08688
vt 0.515 0.09451
vt 0.50747 0.0956
vt 0.52538 0.08648
vt 0.19138 0.08576
vt 0.20258 0.09275
vt 0.522 0.09412
vt 0.52945 0.09345
vt 0.53697 0.09331
vt 0.2058 0.08492
vt 0.21001 0.09263
vt 0.21287 0.0847
vt 0.21664 0.09258
vt 0.54007 0.08604
vt 0.54324 0.09287
vt 0.54735 0.08544
vt 0.22044 0.08417
vt 0.22978 0.0913
vt 0.22742 0.08404
vt 0.55843 0.09113
vt 0.55709 0.08511
vt 0.56483 0.09388
vt 0.23449 0.08376
vt 0.23919 0.09167
vt 0.24179 0.08325
vt 0.56926 0.08492
vt 0.57283 0.09131
vt 0.24858 0.08288
vt 0.26338 0.08201
vt 0.25936 0.0907
vt 0.58277 0.08394
vt 0.58671 0.09056
vt 0.59417 0.09059
vt 0.58591 0.07686
vt 0.26741 0.08888
vt 0.27762 0.08122
vt 0.27479 0.08877
vt 0.60096 0.0902
vt 0.60795 0.0901
vt 0.60426 0.08299
vt 0.59704 0.08358
vt 0.28294 0.07779
vt 0.28901 0.08782
vt 0.28171 0.08848
vt 0.61059 0.08226
vt 0.61514 0.09031
vt 0.6231 0.09069
vt 0.6197 0.08166
vt 0.28732 0.07872
vt 0.29208 0.07985
vt 0.30087 0.0877
vt 0.29883 0.08073
vt 0.62749 0.07656
vt 0.62636 0.08346
vt 0.62867 0.09001
vt 0.63327 0.08161
vt 0.63533 0.08863
vt 0.09179 0.41399
vt 0.07701 0.42484
vt 0.0412 0.42893
vt 0.30454 0.08466
vt 0.30485 0.08506
vt 0.30667 0.09051
vt 0.30778 0.09222
vt 0.08957 0.43093
vt 0.07098 0.4361
vt 0.0644 0.43557
vt 0.07731 0.42528
vt 0.15075 0.40171
vt 0.19847 0.38465
vt 0.20664 0.39167
vt 0.15481 0.40975
vt 0.21957 0.39871
vt 0.22404 0.38405
vt 0.21022 0.39061
vt 0.6354 0.08359
vt 0.63864 0.08656
vt 0.63831 0.08596
vt 0.20995 0.39146
vt 0.77049 0.07081
vt 0.84452 0.07431
vt 0.87154 0.06655
vt 0.81525 0.06454
vt 0.77166 0.07052
vt 0.89959 0.07368
vt 0.90757 0.07592
vt 0.91257 0.07569
vt 0.02713 0.08762
vt 0.03132 0.08302
vt 0.03214 0.08338
vt 0.0331 0.07892
vt 0.03889 0.07922
vt 0.03786 0.0863
vt 0.04431 0.08452
vt 0.76871 0.07058
vt 0.02692 0.08811
vt 0.02672 0.08798
vt 0.36187 0.08834
vt 0.3651 0.08955
vt 0.36628 0.0831
vt 0.36796 0.07837
vt 0.37238 0.0789
vt 0.37182 0.08667
vt 0.04908 0.08529
vt 0.04565 0.07442
vt 0.05365 0.07925
vt 0.37802 0.0867
vt 0.38542 0.08617
vt 0.38358 0.07908
vt 0.06101 0.07753
vt 0.06515 0.0851
vt 0.05726 0.08538
vt 0.39592 0.07851
vt 0.39945 0.08567
vt 0.4066 0.08539
vt 0.40288 0.07822
vt 0.07228 0.08479
vt 0.07576 0.07751
vt 0.0795 0.08442
vt 0.08683 0.08409
vt 0.40995 0.07813
vt 0.41365 0.08495
vt 0.42369 0.07754
vt 0.09395 0.08373
vt 0.09886 0.07229
vt 0.1007 0.08332
vt 0.08996 0.0767
vt 0.42822 0.08437
vt 0.43534 0.08336
vt 0.43145 0.07692
vt 0.10424 0.07569
vt 0.10827 0.08296
vt 0.11501 0.08269
vt 0.43842 0.07636
vt 0.44192 0.08363
vt 0.11847 0.07487
vt 0.12274 0.08245
vt 0.1219 0.06832
vt 0.12986 0.08199
vt 0.45079 0.08334
vt 0.45678 0.08175
vt 0.45307 0.07569
vt 0.12927 0.0678
vt 0.1332 0.07426
vt 0.1374 0.08159
vt 0.13611 0.06783
vt 0.14453 0.08104
vt 0.46387 0.08237
vt 0.47119 0.08221
vt 0.4787 0.08129
vt 0.47468 0.07474
vt 0.46754 0.07523
vt 0.14318 0.07293
vt 0.14727 0.07372
vt 0.15147 0.08062
vt 0.15424 0.07337
vt 0.15861 0.08043
vt 0.47922 0.07411
vt 0.4854 0.08097
vt 0.48197 0.07522
vt 0.48908 0.07319
vt 0.49346 0.08095
vt 0.16176 0.07483
vt 0.16537 0.08
vt 0.16135 0.07146
vt 0.1679 0.07297
vt 0.16901 0.07311
vt 0.16887 0.07236
vt 0.17289 0.0797
vt 0.49017 0.86155
vt 0.4546 0.85723
vt 0.44858 0.85801
vt 0.50328 0.07348
vt 0.5031 0.07252
vt 0.50197 0.07318
vt 0.4996 0.08041
vt 0.49612 0.07483
vt 0.49559 0.07134
vt 0.5066 0.08006
vt 0.17069 0.07138
vt 0.17654 0.07325
vt 0.17988 0.07882
vt 0.1835 0.07172
vt 0.18761 0.07889
vt 0.50489 0.07152
vt 0.5104 0.07392
vt 0.51406 0.07932
vt 0.52148 0.07997
vt 0.51893 0.06949
vt 0.50995 0.07009
vt 0.51533 0.0713
vt 0.19077 0.07118
vt 0.19461 0.07845
vt 0.20124 0.07707
vt 0.52827 0.07894
vt 0.53566 0.07873
vt 0.5319 0.07202
vt 0.20919 0.07755
vt 0.22122 0.07735
vt 0.53892 0.07163
vt 0.54344 0.07841
vt 0.54894 0.0784
vt 0.54622 0.07121
vt 0.21946 0.07016
vt 0.22669 0.06972
vt 0.23048 0.0769
vt 0.55324 0.07091
vt 0.55749 0.07831
vt 0.56435 0.07768
vt 0.2339 0.06937
vt 0.24243 0.07645
vt 0.24446 0.06176
vt 0.56784 0.0702
vt 0.57179 0.07714
vt 0.57863 0.07659
vt 0.24853 0.06878
vt 0.25251 0.07583
vt 0.2625 0.06793
vt 0.2598 0.07506
vt 0.26669 0.07488
vt 0.59741 0.06892
vt 0.59165 0.06247
vt 0.59328 0.07654
vt 0.59994 0.07623
vt 0.60364 0.06863
vt 0.27607 0.06719
vt 0.2736 0.07457
vt 0.27035 0.06593
vt 0.28123 0.07422
vt 0.60721 0.07548
vt 0.6137 0.076
vt 0.61026 0.06918
vt 0.60966 0.06428
vt 0.6186 0.06764
vt 0.2914 0.07002
vt 0.28419 0.06667
vt 0.28959 0.06378
vt 0.2875 0.07332
vt 0.29295 0.0755
vt 0.29755 0.07409
vt 0.15143 0.39297
vt 0.11739 0.39365
vt 0.17084 0.37992
vt 0.08509 0.40244
vt 0.0652 0.40142
vt 0.07189 0.41229
vt 0.62115 0.075
vt 0.624 0.07266
vt 0.62365 0.06489
vt 0.6255 0.07064
vt 0.63085 0.07416
vt 0.63267 0.07989
vt 0.63164 0.07556
vt 0.06718 0.41376
vt 0.0689 0.41268
vt 0.20545 0.37664
vt 0.21053 0.37715
vt 0.22761 0.37838
vt 0.7995 0.04395
vt 0.79976 0.04319
vt 0.7926 0.04333
vt 0.03875 0.07256
vt 0.03834 0.07214
vt 0.03931 0.07126
vt 0.03545 0.07549
vt 0.83964 0.05989
vt 0.84038 0.05361
vt 0.81699 0.05208
vt 0.7824 0.05593
vt 0.76971 0.0567
vt 0.89368 0.05993
vt 0.90027 0.06286
vt 0.87706 0.04716
vt 0.75825 0.04955
vt 0.03393 0.07733
vt 0.03408 0.07634
vt 0.90254 0.06116
vt 0.90772 0.06069
vt 0.90839 0.06258
vt 0.36871 0.07693
vt 0.36786 0.07745
vt 0.92376 0.05627
vt 0.91392 0.05043
vt 0.88776 0.05391
vt 0.37231 0.07305
vt 0.0455 0.06223
vt 0.04364 0.06727
vt 0.04031 0.06627
vt 0.04537 0.06764
vt 0.05268 0.06408
vt 0.04889 0.07017
vt 0.05804 0.07083
vt 0.91019 0.04516
vt 0.87926 0.04631
vt 0.91819 0.04847
vt 0.37435 0.06884
vt 0.3783 0.07358
vt 0.3798 0.06698
vt 0.38457 0.07216
vt 0.37733 0.0649
vt 0.3852 0.06345
vt 0.39136 0.07173
vt 0.05895 0.06033
vt 0.06293 0.06993
vt 0.07083 0.07053
vt 0.39499 0.06369
vt 0.38729 0.06449
vt 0.39911 0.0714
vt 0.40615 0.0709
vt 0.40382 0.05984
vt 0.07683 0.06272
vt 0.07901 0.07012
vt 0.08783 0.0618
vt 0.08592 0.06985
vt 0.40931 0.06362
vt 0.41326 0.07063
vt 0.42021 0.07056
vt 0.41644 0.06317
vt 0.0933 0.0695
vt 0.0964 0.06198
vt 0.1002 0.06914
vt 0.4235 0.06321
vt 0.42775 0.07014
vt 0.43477 0.06979
vt 0.43411 0.0555
vt 0.10361 0.06147
vt 0.10719 0.0692
vt 0.11251 0.05548
vt 0.1142 0.06822
vt 0.43859 0.06189
vt 0.44122 0.06931
vt 0.11773 0.06037
vt 0.12206 0.05514
vt 0.12236 0.06446
vt 0.4495 0.06894
vt 0.45254 0.06134
vt 0.4563 0.06841
vt 0.44284 0.07551
vt 0.45993 0.05955
vt 0.12868 0.05352
vt 0.13229 0.06094
vt 0.46642 0.06125
vt 0.46322 0.06798
vt 0.47178 0.06859
vt 0.47705 0.0673
vt 0.1395 0.0596
vt 0.14152 0.05815
vt 0.14598 0.0627
vt 0.14218 0.06693
vt 0.14819 0.06875
vt 0.14596 0.06278
vt 0.15377 0.07315
vt 0.15041 0.06844
vt 0.06365 0.40059
vt 0.06439 0.40076
vt 0.06142 0.40135
vt 0.06133 0.4015
vt 0.03206 0.87503
vt 0.07621 0.86443
vt 0.02458 0.88536
vt 0.06392 0.87772
vt 0.02517 0.88553
vt 0.0739 0.87277
vt 0.40081 0.8774
vt 0.41026 0.87725
vt 0.41346 0.8743
vt 0.12685 0.85131
vt 0.11652 0.84601
vt 0.10281 0.86542
vt 0.07789 0.8734
vt 0.37449 0.8765
vt 0.36413 0.88247
vt 0.42058 0.86831
vt 0.40209 0.86989
vt 0.45648 0.86907
vt 0.4508 0.86785
vt 0.43622 0.87202
vt 0.12522 0.85923
vt 0.12229 0.8571
vt 0.49146 0.86199
vt 0.48015 0.06448
vt 0.47488 0.05957
vt 0.47967 0.05673
vt 0.48086 0.06241
vt 0.48205 0.06425
vt 0.48 0.06844
vt 0.48352 0.06854
vt 0.1404 0.84894
vt 0.13739 0.84753
vt 0.33764 0.88024
vt 0.37586 0.86658
vt 0.37406 0.85549
vt 0.34287 0.8596
vt 0.4085 0.85914
vt 0.41001 0.85444
vt 0.40519 0.84647
vt 0.44331 0.8478
vt 0.47944 0.84401
vt 0.94412 0.50982
vt 0.94622 0.50966
vt 0.9421 0.50938
vt 0.36353 0.85019
vt 0.35171 0.84973
vt 0.34274 0.85712
vt 0.36473 0.84649
vt 0.17662 0.06523
vt 0.1772 0.06723
vt 0.17534 0.06768
vt 0.3703 0.68232
vt 0.37339 0.67706
vt 0.34305 0.67774
vt 0.18156 0.06465
vt 0.18313 0.05881
vt 0.18535 0.06474
vt 0.17953 0.06249
vt 0.18216 0.06915
vt 0.40855 0.68492
vt 0.37767 0.68605
vt 0.40293 0.69173
vt 0.44192 0.68824
vt 0.41839 0.8444
vt 0.40553 0.84534
vt 0.45492 0.84117
vt 0.45303 0.83667
vt 0.40788 0.68191
vt 0.35878 0.68533
vt 0.44393 0.68012
vt 0.47702 0.68454
vt 0.36011 0.68894
vt 0.45409 0.68929
vt 0.45323 0.69171
vt 0.88742 0.489
vt 0.92805 0.48919
vt 0.91523 0.48457
vt 0.88449 0.4845
vt 0.5107 0.06464
vt 0.50896 0.068
vt 0.5112 0.06748
vt 0.51515 0.06519
vt 0.51667 0.05916
vt 0.51256 0.06274
vt 0.5195 0.0652
vt 0.18798 0.06371
vt 0.18444 0.0579
vt 0.19061 0.05758
vt 0.19395 0.06412
vt 0.18311 0.05727
vt 0.1971 0.05658
vt 0.20095 0.06382
vt 0.51666 0.05812
vt 0.52191 0.06451
vt 0.52398 0.05854
vt 0.52861 0.0643
vt 0.52489 0.07208
vt 0.52844 0.05551
vt 0.53156 0.05742
vt 0.53523 0.06477
vt 0.20421 0.05619
vt 0.20814 0.06355
vt 0.20513 0.07084
vt 0.2144 0.04965
vt 0.21546 0.06316
vt 0.53817 0.05731
vt 0.54166 0.06429
vt 0.54933 0.06369
vt 0.21862 0.05556
vt 0.2227 0.06277
vt 0.22241 0.04857
vt 0.22989 0.06239
vt 0.55278 0.0565
vt 0.55666 0.06364
vt 0.56423 0.06313
vt 0.56688 0.05614
vt 0.23321 0.05499
vt 0.23712 0.06208
vt 0.23698 0.04822
vt 0.57095 0.06308
vt 0.57418 0.05571
vt 0.25164 0.04859
vt 0.25861 0.06082
vt 0.25168 0.06134
vt 0.24764 0.0541
vt 0.58131 0.05572
vt 0.57796 0.06273
vt 0.58537 0.06248
vt 0.58196 0.06993
vt 0.58944 0.05448
vt 0.25989 0.05339
vt 0.26546 0.0606
vt 0.25834 0.04703
vt 0.26955 0.05274
vt 0.60038 0.06315
vt 0.59583 0.05517
vt 0.60544 0.06313
vt 0.27613 0.05482
vt 0.27839 0.05922
vt 0.27415 0.04949
vt 0.27915 0.05492
vt 0.27721 0.05126
vt 0.28156 0.05368
vt 0.28254 0.05734
vt 0.28416 0.0602
vt 0.6146 0.05553
vt 0.6155 0.05522
vt 0.6133 0.05353
vt 0.61637 0.05699
vt 0.60366 0.05354
vt 0.61107 0.05641
vt 0.61285 0.06249
vt 0.09122 0.38084
vt 0.09223 0.38165
vt 0.08061 0.38412
vt 0.28499 0.05913
vt 0.06403 0.40131
vt 0.06666 0.40028
vt 0.12624 0.37933
vt 0.06363 0.39545
vt 0.17748 0.35922
vt 0.16892 0.36851
vt 0.19679 0.36077
vt 0.14126 0.3786
vt 0.19519 0.36567
vt 0.61977 0.06012
vt 0.6187 0.06108
vt 0.62275 0.06454
vt 0.20786 0.36365
vt 0.20402 0.36507
vt 0.20156 0.36734
vt 0.04608 0.06144
vt 0.04661 0.0613
vt 0.04639 0.06081
vt 0.05202 0.05713
vt 0.05105 0.05651
vt 0.05279 0.05539
vt 0.83918 0.03577
vt 0.75666 0.03567
vt 0.89497 0.04018
vt 0.89361 0.0367
vt 0.79682 0.02369
vt 0.87878 0.02674
vt 0.75404 0.02919
vt 0.79975 0.03108
vt 0.7618 0.03506
vt 0.91109 0.04072
vt 0.91829 0.03985
vt 0.38197 0.06058
vt 0.38022 0.06147
vt 0.93013 0.03632
vt 0.9166 0.03012
vt 0.38793 0.05315
vt 0.38541 0.05752
vt 0.38862 0.05718
vt 0.39116 0.05909
vt 0.05384 0.0512
vt 0.0572 0.0521
vt 0.05932 0.05208
vt 0.06003 0.04734
vt 0.06619 0.04888
vt 0.06287 0.05749
vt 0.07101 0.05474
vt 0.91344 0.64725
vt 0.90282 0.65126
vt 0.92408 0.64875
vt 0.91949 0.02884
vt 0.89938 0.02789
vt 0.06008 0.04694
vt 0.06032 0.04689
vt 0.39364 0.05161
vt 0.39881 0.05718
vt 0.39463 0.04818
vt 0.39837 0.04932
vt 0.39966 0.05242
vt 0.4008 0.04906
vt 0.07639 0.05587
vt 0.06869 0.06484
vt 0.07355 0.04667
vt 0.0812 0.04837
vt 0.40546 0.0561
vt 0.41276 0.0562
vt 0.40886 0.04835
vt 0.41959 0.05605
vt 0.42239 0.04838
vt 0.08822 0.04654
vt 0.09253 0.05579
vt 0.08451 0.05542
vt 0.09895 0.05468
vt 0.42631 0.05492
vt 0.43029 0.04811
vt 0.10296 0.04635
vt 0.10658 0.05432
vt 0.43706 0.04754
vt 0.44164 0.05482
vt 0.44859 0.05426
vt 0.45151 0.0471
vt 0.11707 0.04548
vt 0.45566 0.05409
vt 0.46133 0.05362
vt 0.4608 0.04667
vt 0.13142 0.04444
vt 0.13524 0.0528
vt 0.46943 0.05265
vt 0.46593 0.0449
vt 0.47285 0.04732
vt 0.14443 0.04787
vt 0.13889 0.04507
vt 0.14535 0.04561
vt 0.14408 0.04894
vt 0.14324 0.05449
vt 0.14062 0.05224
vt 0.00333 0.88645
vt 0.02281 0.87548
vt 0.14584 0.0415
vt 0.14669 0.04151
vt 0.06289 0.38181
vt 0.06947 0.3813
vt 0.059 0.38418
vt 0.05786 0.38018
vt 0.12559 0.36661
vt 0.16548 0.35688
vt 0.12691 0.37031
vt 0.03776 0.87088
vt 0.02922 0.86605
vt 0.07494 0.85508
vt 0.07581 0.86032
vt 0.10564 0.84164
vt 0.10951 0.36448
vt 0.1363 0.35719
vt 0.193 0.34084
vt 0.17728 0.3532
vt 0.47576 0.05318
vt 0.48 0.04896
vt 0.47411 0.04587
vt 0.48299 0.04303
vt 0.47981 0.05604
vt 0.18347 0.35096
vt 0.18272 0.3519
vt 0.12318 0.84475
vt 0.11929 0.8459
vt 0.12112 0.84452
vt 0.77896 0.01436
vt 0.76571 0.00693
vt 0.7333 0.01028
vt 0.7468 0.01964
vt 0.76121 0.02127
vt 0.73703 0.01391
vt 0.73994 0.02498
vt 0.31176 0.86792
vt 0.31701 0.86487
vt 0.26586 0.87987
vt 0.8293 0.0135
vt 0.83373 0.02254
vt 0.93827 0.01903
vt 0.88891 0.0149
vt 0.88257 0.01924
vt 0.89114 0.02304
vt 0.35813 0.67
vt 0.40489 0.67152
vt 0.4534 0.67602
vt 0.41714 0.67241
vt 0.32197 0.86488
vt 0.51573 0.04454
vt 0.51584 0.04477
vt 0.51589 0.04447
vt 0.51552 0.04479
vt 0.89344 0.02729
vt 0.91777 0.02622
vt 0.51529 0.05097
vt 0.51648 0.05621
vt 0.51752 0.05104
vt 0.47716 0.68206
vt 0.47093 0.67495
vt 0.18772 0.04876
vt 0.18227 0.04295
vt 0.18922 0.04189
vt 0.19278 0.04967
vt 0.18293 0.05416
vt 0.1937 0.04065
vt 0.1999 0.04919
vt 0.19432 0.0471
vt 0.19448 0.05152
vt 0.5213 0.05089
vt 0.52711 0.05092
vt 0.52327 0.04329
vt 0.53454 0.04977
vt 0.20286 0.04119
vt 0.20768 0.04862
vt 0.21032 0.03527
vt 0.21389 0.04577
vt 0.20657 0.04127
vt 0.54117 0.04978
vt 0.54901 0.04961
vt 0.54114 0.03591
vt 0.53737 0.04293
vt 0.2179 0.04053
vt 0.22758 0.04008
vt 0.22893 0.04785
vt 0.552 0.04229
vt 0.55588 0.0491
vt 0.5628 0.04828
vt 0.23832 0.03996
vt 0.24382 0.04762
vt 0.57021 0.04876
vt 0.56649 0.04187
vt 0.57883 0.04136
vt 0.5735 0.04065
vt 0.57748 0.04798
vt 0.24787 0.0353
vt 0.58424 0.04749
vt 0.58722 0.0392
vt 0.58861 0.04191
vt 0.58841 0.04008
vt 0.26083 0.04124
vt 0.26324 0.04499
vt 0.25383 0.03934
vt 0.2591 0.03621
vt 0.26419 0.04125
vt 0.71567 0.37677
vt 0.72981 0.38013
vt 0.76302 0.3698
vt 0.26762 0.04334
vt 0.26671 0.04019
vt 0.26947 0.04637
vt 0.91015 0.3604
vt 0.86697 0.361
vt 0.89671 0.36469
vt 0.90583 0.35793
vt 0.59101 0.04775
vt 0.59354 0.0457
vt 0.59441 0.03725
vt 0.59558 0.04231
vt 0.59796 0.04864
vt 0.60163 0.04326
vt 0.77337 0.36836
vt 0.77299 0.36783
vt 0.27057 0.04514
vt 0.27458 0.04816
vt 0.27545 0.04944
vt 0.73661 0.35883
vt 0.72443 0.35822
vt 0.7224 0.36079
vt 0.73598 0.36098
vt 0.77959 0.36078
vt 0.73381 0.36665
vt 0.81952 0.35821
vt 0.81892 0.35227
vt 0.88527 0.3506
vt 0.88735 0.35375
vt 0.85838 0.34191
vt 0.77871 0.34774
vt 0.88521 0.34661
vt 0.60564 0.04625
vt 0.60408 0.04711
vt 0.60992 0.05034
vt 0.90461 0.34648
vt 0.90326 0.34193
vt 0.09082 0.38061
vt 0.77006 0.34887
vt 0.77034 0.34785
vt 0.09851 0.37867
vt 0.17953 0.35752
vt 0.1692 0.36058
vt 0.1962 0.35463
vt 0.79411 0.66
vt 0.79383 0.65927
vt 0.78592 0.65984
vt 0.79662 0.0233
vt 0.80303 0.02357
vt 0.8717 0.6538
vt 0.88109 0.65348
vt 0.7598 0.65325
vt 0.06663 0.04216
vt 0.06202 0.04559
vt 0.06614 0.04244
vt 0.83294 0.65036
vt 0.80067 0.65918
vt 0.83878 0.64386
vt 0.81835 0.64252
vt 0.76489 0.65232
vt 0.89415 0.64218
vt 0.8668 0.6335
vt 0.80102 0.63885
vt 0.74841 0.64514
vt 0.75727 0.65311
vt 0.06048 0.04648
vt 0.90879 0.64313
vt 0.91581 0.64057
vt 0.92073 0.64174
vt 0.39577 0.04628
vt 0.39428 0.04692
vt 0.92207 0.63449
vt 0.90534 0.63328
vt 0.40166 0.04099
vt 0.39987 0.04336
vt 0.40239 0.04283
vt 0.40019 0.04714
vt 0.07299 0.0437
vt 0.07271 0.03808
vt 0.07489 0.03741
vt 0.07349 0.03728
vt 0.08225 0.03612
vt 0.08025 0.03428
vt 0.07998 0.04103
vt 0.74523 0.63703
vt 0.81884 0.63186
vt 0.8894 0.62304
vt 0.90764 0.62809
vt 0.76744 0.6292
vt 0.75023 0.63562
vt 0.92473 0.62331
vt 0.40533 0.03823
vt 0.40622 0.04026
vt 0.40788 0.0375
vt 0.40957 0.04011
vt 0.4056 0.04341
vt 0.41183 0.04206
vt 0.41386 0.03475
vt 0.41878 0.04123
vt 0.08681 0.02983
vt 0.08656 0.0388
vt 0.08749 0.03566
vt 0.09466 0.03334
vt 0.09715 0.04028
vt 0.09444 0.04818
vt 0.42182 0.03219
vt 0.41502 0.03398
vt 0.42206 0.03512
vt 0.42618 0.04122
vt 0.43342 0.04109
vt 0.42744 0.03369
vt 0.10343 0.04104
vt 0.10081 0.03817
vt 0.10146 0.02815
vt 0.10987 0.03232
vt 0.43724 0.03351
vt 0.44065 0.04057
vt 0.44768 0.0401
vt 0.44401 0.0332
vt 0.11234 0.03941
vt 0.12148 0.03913
vt 0.12379 0.03191
vt 0.4512 0.03262
vt 0.45523 0.03967
vt 0.46179 0.03919
vt 0.45826 0.0327
vt 0.13061 0.02861
vt 0.13385 0.03761
vt 0.12841 0.03875
vt 0.46469 0.03189
vt 0.4682 0.03839
vt 0.14521 0.02994
vt 0.14693 0.03572
vt 0.14049 0.03772
vt 0.15207 0.03658
vt 0.15161 0.03665
vt 0.15211 0.03572
vt 0.15096 0.03758
vt 0.20654 0.8605
vt 0.20638 0.86138
vt 0.20783 0.86165
vt 0.04937 0.37705
vt 0.10478 0.36175
vt 0.27572 0.84396
vt 0.26798 0.85302
vt 0.2965 0.84047
vt 0.13708 0.3541
vt 0.161 0.34583
vt 0.47557 0.03897
vt 0.47854 0.03844
vt 0.4738 0.03301
vt 0.48005 0.03045
vt 0.48018 0.03345
vt 0.48175 0.03731
vt 0.4865 0.03233
vt 0.48637 0.03988
vt 0.15894 0.0342
vt 0.15275 0.0304
vt 0.1597 0.02907
vt 0.19072 0.8746
vt 0.20575 0.87225
vt 0.19125 0.87695
vt 0.1662 0.02977
vt 0.21283 0.88086
vt 0.25353 0.8561
vt 0.26023 0.86465
vt 0.3062 0.84108
vt 0.30809 0.84812
vt 0.31286 0.837
vt 0.22174 0.88
vt 0.27289 0.86995
vt 0.31034 0.85776
vt 0.48704 0.03864
vt 0.49284 0.03645
vt 0.49402 0.03004
vt 0.48805 0.03176
vt 0.49413 0.03402
vt 0.49541 0.03624
vt 0.31802 0.83667
vt 0.33 0.84488
vt 0.32996 0.8415
vt 0.49976 0.03126
vt 0.50146 0.03237
vt 0.50175 0.03134
vt 0.50148 0.03736
vt 0.31335 0.85675
vt 0.31372 0.85732
vt 0.17403 0.03074
vt 0.17601 0.03428
vt 0.17314 0.03394
vt 0.19591 0.88447
vt 0.20794 0.8843
vt 0.17442 0.02826
vt 0.16939 0.03479
vt 0.17538 0.03903
vt 0.18125 0.02866
vt 0.18117 0.03151
vt 0.17973 0.03595
vt 0.18586 0.03608
vt 0.17558 0.03915
vt 0.25188 0.87512
vt 0.26488 0.88017
vt 0.21502 0.89041
vt 0.42359 0.52537
vt 0.42144 0.52589
vt 0.42292 0.52572
vt 0.17546 0.03919
vt 0.7648 0.00667
vt 0.76619 0.00678
vt 0.50198 0.03737
vt 0.50665 0.03621
vt 0.5087 0.02996
vt 0.50795 0.03203
vt 0.513 0.03748
vt 0.50844 0.04048
vt 0.50827 0.04126
vt 0.50916 0.04147
vt 0.51767 0.03663
vt 0.51771 0.03418
vt 0.51516 0.03002
vt 0.18834 0.02783
vt 0.19254 0.03568
vt 0.52026 0.03669
vt 0.52242 0.02913
vt 0.52685 0.03618
vt 0.53368 0.03605
vt 0.52943 0.02858
vt 0.5291 0.04701
vt 0.2027 0.0269
vt 0.1996 0.0346
vt 0.53702 0.02825
vt 0.54826 0.03509
vt 0.54476 0.02801
vt 0.20993 0.02722
vt 0.22175 0.03388
vt 0.55581 0.03499
vt 0.55153 0.02818
vt 0.56207 0.03546
vt 0.23417 0.03152
vt 0.22418 0.02667
vt 0.23006 0.0222
vt 0.22735 0.03636
vt 0.23728 0.027
vt 0.24178 0.03331
vt 0.5657 0.02498
vt 0.55945 0.02745
vt 0.56593 0.02853
vt 0.56934 0.03412
vt 0.57305 0.02689
vt 0.57681 0.03449
vt 0.24559 0.02877
vt 0.23844 0.0263
vt 0.24527 0.02744
vt 0.72557 0.39952
vt 0.71502 0.40237
vt 0.7347 0.40136
vt 0.25343 0.03318
vt 0.82063 0.3945
vt 0.75195 0.40734
vt 0.72757 0.39201
vt 0.79281 0.38792
vt 0.89438 0.38556
vt 0.84709 0.38262
vt 0.83972 0.39032
vt 0.57886 0.02714
vt 0.57422 0.02744
vt 0.58006 0.02938
vt 0.57908 0.0317
vt 0.58163 0.03159
vt 0.58255 0.03526
vt 0.91017 0.38743
vt 0.88268 0.39114
vt 0.58227 0.02977
vt 0.5866 0.03243
vt 0.58623 0.034
vt 0.58813 0.03414
vt 0.73637 0.38165
vt 0.72955 0.38168
vt 0.7269 0.38294
vt 0.25987 0.03631
vt 0.26099 0.03732
vt 0.82424 0.37917
vt 0.89493 0.36872
vt 0.8904 0.37986
vt 0.82096 0.37471
vt 0.86619 0.36172
vt 0.59316 0.03692
vt 0.76524 0.62454
vt 0.73919 0.6272
vt 0.88642 0.61444
vt 0.83208 0.61485
vt 0.83557 0.61671
vt 0.83979 0.62162
vt 0.41445 0.03422
vt 0.73405 0.61861
vt 0.74633 0.61939
vt 0.74611 0.61683
vt 0.08745 0.02875
vt 0.08777 0.02965
vt 0.82743 0.61355
vt 0.8833 0.60468
vt 0.78959 0.61059
vt 0.83003 0.60692
vt 0.86248 0.59807
vt 0.80094 0.60245
vt 0.90563 0.59559
vt 0.7449 0.609
vt 0.92573 0.60605
vt 0.93113 0.60168
vt 0.42331 0.02893
vt 0.42042 0.0296
vt 0.92651 0.59649
vt 0.42914 0.02424
vt 0.42734 0.02681
vt 0.43033 0.02653
vt 0.42936 0.03066
vt 0.09441 0.02561
vt 0.10144 0.02238
vt 0.10157 0.02234
vt 0.10146 0.02231
vt 0.11049 0.02175
vt 0.10867 0.01847
vt 0.10866 0.0253
vt 0.73989 0.60779
vt 0.74454 0.59781
vt 0.81811 0.59289
vt 0.87221 0.58212
vt 0.90209 0.59023
vt 0.77826 0.58765
vt 0.74527 0.59773
vt 0.44419 0.01931
vt 0.44316 0.0189
vt 0.44096 0.02006
vt 0.91339 0.58561
vt 0.43323 0.02238
vt 0.43453 0.02433
vt 0.43598 0.02196
vt 0.43759 0.02433
vt 0.43371 0.02758
vt 0.43989 0.02657
vt 0.91418 0.57871
vt 0.44719 0.02495
vt 0.44659 0.02807
vt 0.11565 0.02048
vt 0.11573 0.01742
vt 0.11699 0.02676
vt 0.12403 0.02456
vt 0.75871 0.57465
vt 0.74596 0.57814
vt 0.76945 0.58095
vt 0.90392 0.57184
vt 0.90707 0.57623
vt 0.92194 0.57369
vt 0.45004 0.0199
vt 0.45368 0.02627
vt 0.45019 0.01615
vt 0.45695 0.01719
vt 0.46158 0.02504
vt 0.13002 0.01291
vt 0.12918 0.01913
vt 0.1229 0.01815
vt 0.12959 0.02233
vt 0.13764 0.01734
vt 0.13735 0.02388
vt 0.13791 0.03132
vt 0.46563 0.01272
vt 0.45753 0.01711
vt 0.4646 0.01909
vt 0.46858 0.02498
vt 0.47155 0.01605
vt 0.14437 0.02504
vt 0.14435 0.02133
vt 0.15312 0.02347
vt 0.47494 0.02473
vt 0.47957 0.02323
vt 0.47152 0.01695
vt 0.48264 0.02521
vt 0.48621 0.01617
vt 0.16672 0.0225
vt 0.15164 0.01605
vt 0.16602 0.01518
vt 0.15963 0.02135
vt 0.48962 0.02401
vt 0.49808 0.02357
vt 0.49338 0.01667
vt 0.17872 0.02217
vt 0.18025 0.01506
vt 0.17352 0.02069
vt 0.50487 0.02377
vt 0.51134 0.02287
vt 0.50757 0.01727
vt 0.51779 0.02236
vt 0.18747 0.0227
vt 0.18748 0.01672
vt 0.19516 0.01412
vt 0.1935 0.02065
vt 0.19596 0.02841
vt 0.52066 0.01023
vt 0.51491 0.01474
vt 0.52214 0.0166
vt 0.52603 0.02202
vt 0.52935 0.01417
vt 0.53232 0.02206
vt 0.20219 0.01584
vt 0.20151 0.01143
vt 0.20234 0.02219
vt 0.2082 0.01616
vt 0.20928 0.02012
vt 0.75011 0.46149
vt 0.75352 0.45823
vt 0.74473 0.46068
vt 0.91598 0.43995
vt 0.89459 0.43937
vt 0.89016 0.44674
vt 0.53841 0.01945
vt 0.53656 0.0158
vt 0.54126 0.02148
vt 0.54169 0.01487
vt 0.54777 0.02149
vt 0.20886 0.01341
vt 0.21621 0.01612
vt 0.21742 0.02181
vt 0.73256 0.44018
vt 0.72803 0.44175
vt 0.73851 0.44113
vt 0.22453 0.01967
vt 0.81224 0.43522
vt 0.76962 0.44689
vt 0.54635 0.01538
vt 0.54327 0.01418
vt 0.78884 0.42864
vt 0.86253 0.43717
vt 0.89531 0.42555
vt 0.85941 0.42366
vt 0.90479 0.43436
vt 0.90529 0.4285
vt 0.54963 0.01844
vt 0.55057 0.01643
vt 0.55209 0.0183
vt 0.55329 0.02194
vt 0.55325 0.01647
vt 0.55747 0.01792
vt 0.55689 0.02027
vt 0.55952 0.0203
vt 0.55826 0.02545
vt 0.23057 0.02053
vt 0.23178 0.02209
vt 0.23349 0.02179
vt 0.73443 0.41756
vt 0.71406 0.42141
vt 0.73552 0.42149
vt 0.81911 0.41866
vt 0.77771 0.42118
vt 0.85935 0.41265
vt 0.89911 0.41946
vt 0.88115 0.41148
vt 0.72736 0.4318
vt 0.81598 0.41248
vt 0.79881 0.41137
vt 0.81871 0.41051
vt 0.82246 0.40803
vt 0.88124 0.40359
vt 0.9164 0.41533
vt 0.56399 0.02226
vt 0.91845 0.409
vt 0.9153 0.4056
vt 0.56663 0.02255
vt 0.57205 0.02641
vt 0.56993 0.02248
vt 0.87587 0.39408
vt 0.82455 0.39874
vt 0.91756 0.39655
vt 0.77988 0.58518
vt 0.76619 0.58631
vt 0.84584 0.58168
vt 0.83408 0.57565
vt 0.11758 0.01525
vt 0.123 0.01317
vt 0.83357 0.56608
vt 0.82647 0.55759
vt 0.81088 0.55763
vt 0.87825 0.55852
vt 0.76166 0.56704
vt 0.88239 0.56993
vt 0.8936 0.56683
vt 0.90098 0.56703
vt 0.94353 0.55455
vt 0.94378 0.55374
vt 0.85643 0.54922
vt 0.74563 0.55936
vt 0.79812 0.55131
vt 0.74497 0.55866
vt 0.84068 0.54341
vt 0.8137 0.54552
vt 0.76721 0.54829
vt 0.76174 0.54678
vt 0.7523 0.5483
vt 0.13639 0.00964
vt 0.13719 0.01023
vt 0.13174 0.01231
vt 0.88572 0.53909
vt 0.88189 0.54857
vt 0.91527 0.54794
vt 0.9163 0.54466
vt 0.89702 0.53879
vt 0.89737 0.53692
vt 0.47095 0.0105
vt 0.14408 0.01168
vt 0.14433 0.00936
vt 0.77227 0.53627
vt 0.82696 0.53273
vt 0.87638 0.52939
vt 0.84635 0.52079
vt 0.79928 0.52502
vt 0.74586 0.53899
vt 0.74686 0.5315
vt 0.47229 0.01041
vt 0.478 0.01161
vt 0.47892 0.0079
vt 0.48585 0.00769
vt 0.4848 0.00931
vt 0.4868 0.00919
vt 0.82501 0.51367
vt 0.76269 0.51875
vt 0.74705 0.52604
vt 0.74657 0.51964
vt 0.83871 0.50461
vt 0.79795 0.50636
vt 0.88967 0.49977
vt 0.87337 0.5106
vt 0.7465 0.51332
vt 0.49325 0.01089
vt 0.49273 0.00667
vt 0.49972 0.00751
vt 0.49916 0.0087
vt 0.50072 0.00864
vt 0.50041 0.01561
vt 0.17974 0.00757
vt 0.1731 0.01005
vt 0.17261 0.00778
vt 0.8196 0.49566
vt 0.76911 0.49912
vt 0.86671 0.49231
vt 0.74562 0.50752
vt 0.74408 0.50036
vt 0.83258 0.48294
vt 0.80826 0.4839
vt 0.74931 0.4903
vt 0.74986 0.49005
vt 0.7483 0.49027
vt 0.88002 0.48072
vt 0.87635 0.49123
vt 0.90099 0.49753
vt 0.5076 0.01037
vt 0.88634 0.48069
vt 0.88585 0.47973
vt 0.51374 0.00852
vt 0.18029 0.0077
vt 0.18741 0.00996
vt 0.18717 0.00926
vt 0.18948 0.00929
vt 0.79033 0.48069
vt 0.84985 0.47619
vt 0.17982 0.0075
vt 0.80108 0.47273
vt 0.74149 0.48059
vt 0.87844 0.47136
vt 0.83392 0.47093
vt 0.82056 0.46982
vt 0.87406 0.4626
vt 0.82754 0.46042
vt 0.75537 0.46993
vt 0.74389 0.47725
vt 0.51447 0.0085
vt 0.90747 0.46957
vt 0.90684 0.46694
vt 0.52262 0.01024
vt 0.52754 0.00936
vt 0.19419 0.00894
vt 0.20064 0.01066
vt 0.74511 0.45057
vt 0.87602 0.45037
vt 0.81656 0.4517
vt 0.9118 0.45394
vt 0.88441 0.45104
vt 0.53177 0.01317
vt 0.53583 0.01185
vt 0.53537 0.01121
vt 0.88834 0.45011
vt 0.8531 0.44276
vt 0.41292 0.46291
vt 0.39231 0.47953
vt 0.13284 0.32373
vt 0.57584 0.44036
vt 0.4767 0.32464
vt 0.48438 0.32574
vt 0.39706 0.51874
vt 0.58304 0.46906
vt 0.50076 0.31701
vt 0.49952 0.32667
vt 0.17398 0.32667
vt 0.39837 0.53699
vt 0.50813 0.32315
vt 0.5024 0.32666
vt 0.50805 0.32564
vt 0.51368 0.3261
vt 0.19746 0.32357
vt 0.59338 0.52199
vt 0.59573 0.50353
vt 0.59415 0.52281
vt 0.44226 0.57869
vt 0.43563 0.58772
vt 0.55184 0.31844
vt 0.62765 0.54864
vt 0.61333 0.5624
vt 0.39629 0.42591
vt 0.39475 0.42506
vt 0.57526 0.39162
vt 0.39613 0.42724
vt 0.43579 0.31274
vt 0.58327 0.40913
vt 0.41003 0.46237
vt 0.58592 0.41018
vt 0.44936 0.31747
vt 0.49285 0.30312
vt 0.50741 0.30398
vt 0.22483 0.31485
vt 0.61554 0.56481
vt 0.57178 0.30912
vt 0.43566 0.62425
vt 0.62616 0.58497
vt 0.58481 0.30301
vt 0.62173 0.57342
vt 0.57843 0.30603
vt 0.43639 0.62601
vt 0.43448 0.62792
vt 0.59219 0.29719
vt 0.41056 0.39012
vt 0.38955 0.39798
vt 0.07414 0.2964
vt 0.0801 0.29998
vt 0.40775 0.29589
vt 0.41997 0.30436
vt 0.15216 0.28827
vt 0.48512 0.28882
vt 0.49958 0.28935
vt 0.54244 0.28718
vt 0.56405 0.28566
vt 0.26669 0.29018
vt 0.59965 0.28552
vt 0.59887 0.29123
vt 0.27377 0.2851
vt 0.46256 0.65238
vt 0.43518 0.65277
vt 0.14732 0.65999
vt 0.16796 0.66
vt 0.52684 0.64294
vt 0.60207 0.28895
vt 0.4028 0.37152
vt 0.054 0.27793
vt 0.05709 0.28217
vt 0.4136 0.37622
vt 0.89877 0.32427
vt 0.91149 0.32667
vt 0.92916 0.32141
vt 0.56662 0.34
vt 0.3875 0.27801
vt 0.39197 0.28323
vt 0.56899 0.35278
vt 0.38912 0.39044
vt 0.42687 0.27843
vt 0.44118 0.27759
vt 0.13473 0.27749
vt 0.46992 0.27553
vt 0.15144 0.27482
vt 0.15904 0.28264
vt 0.48474 0.27781
vt 0.48438 0.27546
vt 0.49889 0.27487
vt 0.50077 0.27566
vt 0.18016 0.27407
vt 0.52107 0.27999
vt 0.20204 0.28082
vt 0.52764 0.27309
vt 0.54196 0.2722
vt 0.22289 0.27198
vt 0.55642 0.27174
vt 0.46703 0.65505
vt 0.42846 0.66
vt 0.52664 0.64309
vt 0.2645 0.63017
vt 0.28842 0.26958
vt 0.58412 0.63262
vt 0.30695 0.61312
vt 0.61911 0.27316
vt 0.62054 0.27113
vt 0.62334 0.26686
vt 0.90586 0.30837
vt 0.37785 0.26857
vt 0.37887 0.26971
vt 0.38288 0.27326
vt 0.05061 0.27528
vt 0.46171 0.35761
vt 0.40884 0.36594
vt 0.82466 0.31819
vt 0.51894 0.34695
vt 0.43549 0.27071
vt 0.10383 0.2645
vt 0.10836 0.26351
vt 0.1224 0.26235
vt 0.12981 0.26995
vt 0.12924 0.25847
vt 0.13557 0.26156
vt 0.1412 0.26876
vt 0.1501 0.26134
vt 0.15802 0.26499
vt 0.48389 0.26068
vt 0.17305 0.26733
vt 0.16442 0.26044
vt 0.50714 0.26718
vt 0.17895 0.25963
vt 0.51344 0.25989
vt 0.51255 0.25944
vt 0.55551 0.25748
vt 0.25068 0.25579
vt 0.58419 0.256
vt 0.11346 0.64279
vt 0.62652 0.26361
vt 0.14089 0.6217
vt 0.11898 0.62879
vt 0.63199 0.25706
vt 0.78166 0.27778
vt 0.03555 0.25911
vt 0.03382 0.25266
vt 0.36905 0.25873
vt 0.77391 0.29104
vt 0.91949 0.30259
vt 0.91002 0.2965
vt 0.07787 0.24761
vt 0.41123 0.25024
vt 0.10312 0.24822
vt 0.10726 0.24913
vt 0.11252 0.2554
vt 0.11312 0.24834
vt 0.11996 0.24832
vt 0.15985 0.25299
vt 0.4838 0.24651
vt 0.49212 0.25397
vt 0.49033 0.24499
vt 0.52618 0.24423
vt 0.53351 0.25192
vt 0.55505 0.24307
vt 0.5639 0.24998
vt 0.56927 0.24235
vt 0.58128 0.24043
vt 0.26412 0.2405
vt 0.59793 0.24112
vt 0.30671 0.24484
vt 0.11133 0.62595
vt 0.10817 0.61669
vt 0.63973 0.24546
vt 0.7587 0.26101
vt 0.02316 0.2363
vt 0.02476 0.24067
vt 0.76218 0.26929
vt 0.92015 0.26701
vt 0.35893 0.24126
vt 0.35974 0.24254
vt 0.35734 0.23602
vt 0.36195 0.24769
vt 0.4055 0.24229
vt 0.41053 0.23556
vt 0.08973 0.23558
vt 0.09152 0.23434
vt 0.11085 0.24186
vt 0.10459 0.23502
vt 0.10572 0.23276
vt 0.14838 0.23193
vt 0.48704 0.2392
vt 0.19191 0.23022
vt 0.58298 0.22753
vt 0.26363 0.22613
vt 0.27762 0.22476
vt 0.61166 0.22599
vt 0.61491 0.23326
vt 0.63963 0.22526
vt 0.31268 0.23413
vt 0.122 0.58942
vt 0.08717 0.6002
vt 0.64553 0.2349
vt 0.27992 0.54891
vt 0.64735 0.22872
vt 0.64584 0.23409
vt 0.64829 0.22703
vt 0.64946 0.22212
vt 0.9146 0.25212
vt 0.35368 0.23095
vt 0.01879 0.22524
vt 0.90502 0.2601
vt 0.40343 0.22897
vt 0.07544 0.22135
vt 0.08341 0.22813
vt 0.0984 0.22768
vt 0.0907 0.22078
vt 0.48855 0.21726
vt 0.09275 0.58326
vt 0.11592 0.5839
vt 0.0882 0.59335
vt 0.26916 0.53591
vt 0.72297 0.22583
vt 0.34573 0.20963
vt 0.34681 0.21311
vt 0.90064 0.2384
vt 0.07474 0.20714
vt 0.1457 0.20414
vt 0.15333 0.21111
vt 0.48122 0.20514
vt 0.15374 0.20442
vt 0.14701 0.20286
vt 0.16084 0.20527
vt 0.16109 0.20199
vt 0.16817 0.21028
vt 0.17532 0.20288
vt 0.18961 0.20146
vt 0.19069 0.20036
vt 0.20485 0.20062
vt 0.29078 0.1962
vt 0.32153 0.20179
vt 0.09404 0.57908
vt 0.20079 0.53464
vt 0.65786 0.19865
vt 0.65823 0.19632
vt 0.25275 0.52639
vt 0.74229 0.2149
vt 0.90993 0.21953
vt 0.3425 0.19319
vt 0.90835 0.22048
vt 0.34509 0.20661
vt 0.05945 0.1934
vt 0.08838 0.19207
vt 0.10302 0.19209
vt 0.12982 0.19015
vt 0.13229 0.18944
vt 0.13933 0.19697
vt 0.13857 0.18939
vt 0.15237 0.19576
vt 0.20352 0.18612
vt 0.53816 0.18599
vt 0.24706 0.19117
vt 0.65281 0.18107
vt 0.32518 0.19121
vt 0.25712 0.50571
vt 0.65968 0.17796
vt 0.25607 0.50699
vt 0.25469 0.51579
vt 0.00738 0.18413
vt 0.34175 0.18471
vt 0.34144 0.17907
vt 0.91169 0.21002
vt 0.05872 0.17961
vt 0.08067 0.1787
vt 0.0879 0.17752
vt 0.10326 0.1765
vt 0.14017 0.1696
vt 0.2607 0.1688
vt 0.27536 0.17512
vt 0.2894 0.16764
vt 0.07668 0.54068
vt 0.32599 0.17008
vt 0.25545 0.48734
vt 0.65943 0.16382
vt 0.25388 0.48909
vt 0.25517 0.49672
vt 0.00667 0.17004
vt 0.34104 0.17065
vt 0.34089 0.16483
vt 0.05681 0.16336
vt 0.078 0.17076
vt 0.08029 0.15804
vt 0.08697 0.16343
vt 0.12878 0.16113
vt 0.1446 0.16031
vt 0.15972 0.15953
vt 0.23016 0.15601
vt 0.56159 0.16358
vt 0.24815 0.47087
vt 0.65858 0.1496
vt 0.24662 0.47266
vt 0.25007 0.47946
vt 0.75588 0.15004
vt 0.00678 0.15599
vt 0.00719 0.16293
vt 0.00727 0.15728
vt 0.91277 0.16364
vt 0.3412 0.15033
vt 0.9107 0.16518
vt 0.38128 0.15833
vt 0.38456 0.15111
vt 0.07251 0.15005
vt 0.187 0.14363
vt 0.20087 0.14346
vt 0.20171 0.14166
vt 0.23123 0.1412
vt 0.23974 0.4546
vt 0.65675 0.13533
vt 0.23848 0.45627
vt 0.24197 0.46322
vt 0.00743 0.14903
vt 0.00782 0.14274
vt 0.84347 0.13894
vt 0.90707 0.15446
vt 0.34213 0.14325
vt 0.16365 0.13793
vt 0.24417 0.12623
vt 0.25886 0.12586
vt 0.27282 0.12486
vt 0.3168 0.12292
vt 0.05277 0.48023
vt 0.32169 0.12668
vt 0.23876 0.43537
vt 0.65376 0.12156
vt 0.16573 0.45145
vt 0.65526 0.12833
vt 0.2328 0.4474
vt 0.74561 0.11997
vt 0.0095 0.1342
vt 0.91481 0.12285
vt 0.92032 0.12574
vt 0.02376 0.12985
vt 0.43297 0.11867
vt 0.56261 0.11329
vt 0.06676 0.46147
vt 0.31797 0.12162
vt 0.22991 0.41674
vt 0.23772 0.41771
vt 0.21576 0.43419
vt 0.01868 0.10646
vt 0.91203 0.1065
vt 0.35113 0.1121
vt 0.90312 0.11337
vt 0.35195 0.108
vt 0.43298 0.1055
vt 0.43779 0.11152
vt 0.44614 0.10294
vt 0.30923 0.09691
vt 0.06881 0.44268
vt 0.22688 0.40183
vt 0.6435 0.09795
vt 0.64224 0.09407
vt 0.21992 0.4107
vt 0.02108 0.09851
vt 0.01994 0.10205
vt 0.91422 0.09798
vt 0.35519 0.09958
vt 0.44657 0.09017
vt 0.23413 0.37893
vt 0.2246 0.39437
vt 0.3608 0.08866
vt 0.93234 0.08479
vt 0.02661 0.08823
vt 0.7687 0.06994
vt 0.75233 0.06336
vt 0.76555 0.05859
vt 0.90963 0.0687
vt 0.36449 0.08304
vt 0.36688 0.07882
vt 0.3732 0.07969
vt 0.36577 0.86727
vt 0.3395 0.86131
vt 0.48665 0.84473
vt 0.95218 0.49944
vt 0.49667 0.85161
vt 0.28984 0.0641
vt 0.29269 0.0694
vt 0.05706 0.41032
vt 0.29726 0.07359
vt 0.21238 0.36993
vt 0.6273 0.07032
vt 0.62475 0.06618
vt 0.75233 0.04818
vt 0.76458 0.05413
vt 0.376 0.06721
vt 0.47317 0.06116
vt 0.02299 0.88599
vt 0.33667 0.88101
vt 0.02274 0.88626
vt 0.36436 0.88844
vt 0.48009 0.05666
vt 0.48516 0.06609
vt 0.16333 0.84713
vt 0.49282 0.86184
vt 0.49146 0.86961
vt 0.33667 0.67938
vt 0.48111 0.84136
vt 0.41643 0.69344
vt 0.4828 0.68618
vt 0.49667 0.69474
vt 0.60186 0.05496
vt 0.04862 0.39698
vt 0.28942 0.0635
vt 0.04184 0.40239
vt 0.21277 0.3527
vt 0.62289 0.06361
vt 0.22201 0.3556
vt 0.75842 0.03676
vt 0.74665 0.02746
vt 0.78914 0.02372
vt 0.75555 0.03543
vt 0.38187 0.0589
vt 0.75535 0.65364
vt 0.38934 0.05208
vt 0.39102 0.05002
vt 0.11096 0.04784
vt 0.12296 0.04686
vt 0.02089 0.86895
vt 0.11502 0.83797
vt 0.48017 0.04954
vt 0.11936 0.83667
vt 0.17927 0.0447
vt 0.18243 0.04564
vt 0.74028 0.02901
vt 0.83069 0.01347
vt 0.82611 0.02278
vt 0.41038 0.67127
vt 0.84311 0.02367
vt 0.94385 0.01893
vt 0.902 0.01338
vt 0.94399 0.01923
vt 0.18217 0.0498
vt 0.59961 0.04191
vt 0.59723 0.03943
vt 0.71874 0.37183
vt 0.70439 0.37033
vt 0.75831 0.34972
vt 0.04942 0.38897
vt 0.05957 0.38403
vt 0.87021 0.34191
vt 0.88859 0.34
vt 0.60803 0.04801
vt 0.91911 0.35353
vt 0.87004 0.02582
vt 0.75134 0.64559
vt 0.7552 0.65094
vt 0.7405 0.63442
vt 0.07726 0.03323
vt 0.92756 0.63061
vt 0.93726 0.61417
vt 0.15289 0.0316
vt 0.2486 0.84996
vt 0.05375 0.37086
vt 0.18015 0.34
vt 0.2006 0.86337
vt 0.16627 0.0311
vt 0.16083 0.03404
vt 0.17 0.889
vt 0.16739 0.03323
vt 0.17557 0.03933
vt 0.21329 0.89093
vt 0.21448 0.89076
vt 0.32282 0.86372
vt 0.7118 0.41242
vt 0.25246 0.0319
vt 0.2471 0.02889
vt 0.91721 0.39496
vt 0.9069 0.37913
vt 0.25953 0.03594
vt 0.7175 0.39143
vt 0.89906 0.37014
vt 0.90335 0.37678
vt 0.93603 0.61346
vt 0.08557 0.02971
vt 0.09324 0.02596
vt 0.73245 0.61741
vt 0.93679 0.61262
vt 0.74466 0.59762
vt 0.10703 0.01784
vt 0.85352 0.5912
vt 0.93308 0.59189
vt 0.11241 0.01643
vt 0.44653 0.01728
vt 0.47901 0.01778
vt 0.15866 0.01069
vt 0.20282 0.01093
vt 0.53818 0.01234
vt 0.21609 0.0154
vt 0.22349 0.01833
vt 0.2171 0.01607
vt 0.92213 0.41851
vt 0.7157 0.43124
vt 0.91888 0.39783
vt 0.56421 0.02024
vt 0.45073 0.0151
vt 0.12946 0.01301
vt 0.74619 0.55621
vt 0.4633 0.01294
vt 0.15139 0.0081
vt 0.14974 0.008
vt 0.13778 0.00949
vt 0.74229 0.52958
vt 0.89446 0.5185
vt 0.90985 0.51879
vt 0.15841 0.00733
vt 0.15371 0.00747
vt 0.16551 0.00742
vt 0.16303 0.00701
vt 0.74125 0.5103
vt 0.9095 0.51606
vt 0.9015 0.49964
vt 0.1673 0.00714
vt 0.17967 0.0075
vt 0.50663 0.00738
vt 0.74755 0.48958
vt 0.92893 0.45598
usemtl mat0
f 1/1/1 2/2/2 3/3/3
f 1/1/1 3/3/3 4/4/4
f 5/5/5 6/6/6 7/7/7
f 8/8/8 1/1/1 6/6/6
f 1/1/1 8/8/8 9/9/9
f 8/8/8 10/10/10 9/9/9
f 9/9/9 10/10/10 11/11/11
f 12/12/12 13/13/13 11/11/11
f 14/14/14 15/15/15 16/16/16
f 17/17/17 18/18/18 19/19/19
f 8/8/8 6/6/6 19/19/19
f 20/20/20 14/14/14 21/21/21
f 22/22/22 23/23/23 24/24/24
f 22/22/22 24/24/24 25/25/25
f 20/20/20 21/21/21 25/25/25
f 26/26/26 27/27/27 28/28/28
f 19/19/19 18/18/18 28/28/28
f 29/29/29 30/30/30 10/10/10
f 10/10/10 30/30/30 31/31/31
f 32/32/32 33/33/33 34/34/34
f 35/35/35 36/36/36 37/37/37
f 38/38/38 39/39/39 40/40/40
f 41/41/41 23/23/23 22/22/22
f 41/41/41 42/42/42 43/43/43
f 28/28/28 44/44/44 45/45/45
f 44/44/44 46/46/46 45/45/45
f 47/47/47 48/48/48 49/49/49
f 47/47/47 49/49/49 41/41/41
f 46/46/46 50/50/50 51/51/51
f 45/45/45 51/51/51 52/52/52
f 53/53/53 32/32/32 54/54/54
f 36/36/36 55/55/55 37/37/37
f 56/56/56 57/57/57 28/28/28
f 36/36/36 57/57/57 56/56/56
f 36/36/36 58/58/58 59/59/59
f 60/60/60 61/61/61 62/62/62
f 58/58/58 56/56/56 63/63/63
f 55/55/55 59/59/59 64/64/64
f 65/65/65 66/66/66 54/54/54
f 60/60/60 67/67/67 59/59/59
f 68/68/68 48/48/48 47/47/47
f 69/69/69 48/48/48 70/70/70
f 68/68/68 71/71/71 70/70/70
f 52/52/52 72/72/72 73/73/73
f 68/68/68 74/74/74 75/75/75
f 71/71/71 75/75/75 76/76/76
f 77/77/77 78/78/78 79/79/79
f 73/73/73 80/80/80 78/78/78
f 81/81/81 82/82/82 83/83/83
f 73/73/73 63/63/63 45/45/45
f 84/84/84 85/85/85 61/61/61
f 86/86/86 73/73/73 77/77/77
f 87/87/87 84/84/84 86/86/86
f 87/87/87 85/85/85 84/84/84
f 88/88/88 89/89/89 85/85/85
f 82/82/82 90/90/90 91/91/91
f 92/92/92 93/93/93 94/94/94
f 95/95/95 96/96/95 88/88/95
f 97/97/96 98/98/97 74/74/74
f 99/99/98 74/74/74 98/98/97
f 79/79/79 100/100/99 101/101/100
f 102/102/101 103/103/102 104/104/103
f 97/97/96 104/104/103 105/105/104
f 105/105/104 104/104/103 106/106/105
f 107/107/106 108/108/107 109/109/108
f 110/110/109 111/111/110 108/108/107
f 86/86/86 112/112/111 87/87/87
f 110/110/109 86/86/86 77/77/77
f 112/112/111 113/113/112 87/87/87
f 114/114/113 113/113/112 115/115/114
f 116/116/115 110/110/109 107/107/106
f 117/117/116 115/115/114 113/113/112
f 95/95/117 114/114/117 118/118/117
f 119/119/118 120/120/119 121/121/120
f 122/122/121 123/123/121 117/117/121
f 124/124/122 125/125/123 103/103/102
f 126/126/124 103/103/102 125/125/123
f 109/109/108 127/127/125 128/128/126
f 129/129/127 130/130/128 131/131/129
f 124/124/122 131/131/129 132/132/130
f 133/133/131 134/134/132 135/135/133
f 128/128/126 133/133/131 135/135/133
f 116/116/115 136/136/134 112/112/111
f 128/128/126 116/116/115 107/107/106
f 136/136/134 137/137/135 112/112/111
f 122/122/136 137/137/135 138/138/137
f 139/139/138 128/128/126 140/140/139
f 137/137/135 136/136/134 141/141/140
f 142/142/141 143/143/142 144/144/143
f 144/144/143 143/143/142 145/145/144
f 145/145/144 143/143/142 146/146/145
f 147/147/146 130/130/128 129/129/127
f 135/135/133 148/148/147 149/149/148
f 147/147/146 150/150/149 151/151/150
f 149/149/148 152/152/151 140/140/139
f 153/153/152 154/154/153 155/155/154
f 153/153/152 155/155/154 147/147/146
f 152/152/151 156/156/155 157/157/156
f 158/158/157 159/159/157 145/145/157
f 139/139/138 160/160/158 136/136/134
f 136/136/134 160/160/158 141/141/140
f 160/160/158 161/161/159 162/162/160
f 161/161/159 163/163/161 164/164/162
f 165/165/163 161/161/159 164/164/162
f 157/157/156 166/166/164 140/140/139
f 157/157/156 163/163/161 167/167/165
f 161/161/159 166/166/164 167/167/165
f 159/159/166 168/168/167 169/169/168
f 170/170/169 169/169/168 171/171/170
f 165/165/163 172/172/171 162/162/160
f 173/173/172 154/154/153 153/153/152
f 157/157/156 174/174/173 175/175/174
f 176/176/175 177/177/176 178/178/177
f 179/179/178 173/173/172 178/178/177
f 180/180/179 175/175/174 181/181/180
f 182/182/181 183/183/182 170/170/169
f 175/175/174 163/163/161 157/157/156
f 180/180/179 184/184/183 185/185/184
f 186/186/185 187/187/185 188/188/185
f 189/189/186 187/187/187 190/190/188
f 187/187/187 185/185/184 190/190/188
f 191/191/189 192/192/190 193/193/191
f 194/194/192 191/191/189 193/193/191
f 195/195/193 181/181/180 196/196/194
f 180/180/179 181/181/180 197/197/195
f 198/198/196 199/199/197 197/197/195
f 197/197/195 199/199/197 200/200/198
f 201/201/199 180/180/179 197/197/195
f 201/201/199 190/190/188 184/184/183
f 202/202/200 203/203/201 190/190/188
f 204/204/202 205/205/202 206/206/202
f 207/207/203 208/208/204 203/203/201
f 209/209/205 210/210/206 211/211/207
f 212/212/208 213/213/209 214/214/210
f 212/212/208 214/214/210 215/215/211
f 216/216/212 217/217/213 209/209/205
f 218/218/214 217/217/213 219/219/215
f 220/220/216 221/221/217 219/219/215
f 222/222/218 223/223/219 224/224/220
f 216/216/212 225/225/221 226/226/222
f 225/225/221 227/227/223 226/226/222
f 228/228/224 229/229/225 230/230/226
f 228/228/224 230/230/226 222/222/218
f 223/223/219 230/230/226 231/231/227
f 232/232/228 233/233/229 234/234/230
f 232/232/228 226/226/222 233/233/229
f 232/232/228 2/2/2 226/226/222
f 235/235/231 236/236/232 237/237/233
f 238/238/234 239/239/235 217/217/213
f 238/238/234 240/240/236 241/241/237
f 242/242/238 241/241/237 240/240/236
f 239/239/235 243/243/239 244/244/240
f 245/245/241 246/246/242 237/237/233
f 239/239/235 241/241/237 243/243/239
f 241/241/237 247/247/243 243/243/239
f 237/237/233 246/246/242 248/248/244
f 248/248/244 249/249/245 250/250/246
f 249/249/245 251/251/247 250/250/246
f 252/252/248 229/229/225 228/228/224
f 252/252/248 253/253/249 229/229/225
f 3/3/3 254/254/250 4/4/4
f 255/255/251 253/253/249 256/256/252
f 257/257/253 229/229/225 255/255/251
f 258/258/254 259/259/255 253/253/249
f 258/258/254 253/253/249 252/252/248
f 260/260/256 16/16/16 261/261/257
f 262/262/258 2/2/2 9/9/9
f 9/9/9 11/11/11 240/240/236
f 242/242/238 240/240/236 11/11/11
f 263/263/259 39/39/39 264/264/260
f 250/250/246 265/265/261 266/266/262
f 11/11/11 13/13/13 267/267/263
f 268/268/264 266/266/262 269/269/265
f 269/269/265 266/266/262 270/270/266
f 270/270/266 266/266/262 271/271/267
f 272/272/268 259/259/255 273/273/269
f 259/259/255 272/272/268 21/21/21
f 272/272/268 22/22/22 25/25/25
f 32/32/32 53/53/53 38/38/38
f 270/270/266 274/274/270 269/269/265
f 275/275/271 269/269/265 274/274/270
f 270/270/266 38/38/38 274/274/270
f 275/275/271 274/274/270 276/276/272
f 276/276/272 274/274/270 38/38/38
f 277/277/273 278/278/274 273/273/269
f 277/277/273 279/279/275 278/278/274
f 279/279/275 280/280/276 281/281/277
f 277/277/273 280/280/276 279/279/275
f 281/281/277 47/47/47 279/279/275
f 276/276/272 282/282/278 275/275/271
f 276/276/272 283/283/279 282/282/278
f 284/284/280 282/282/278 285/285/281
f 283/283/279 286/286/282 282/282/278
f 287/287/283 281/281/277 280/280/276
f 287/287/283 288/288/284 281/281/277
f 288/288/284 289/289/285 290/290/286
f 287/287/283 289/289/285 288/288/284
f 290/290/286 68/68/68 288/288/284
f 285/285/281 291/291/287 284/284/280
f 285/285/281 292/292/288 291/291/287
f 289/289/285 293/293/289 290/290/286
f 97/97/96 68/68/68 290/290/286
f 290/290/286 293/293/289 97/97/96
f 289/289/285 294/294/290 293/293/289
f 293/293/289 102/102/101 97/97/96
f 291/291/287 295/295/291 296/296/292
f 291/291/287 297/297/293 295/295/291
f 298/298/294 295/295/291 299/299/295
f 297/297/293 142/142/141 295/295/291
f 294/294/290 300/300/296 293/293/289
f 124/124/122 102/102/101 293/293/289
f 293/293/289 300/300/296 124/124/122
f 300/300/296 294/294/290 301/301/297
f 301/301/297 129/129/127 300/300/296
f 300/300/296 129/129/127 124/124/122
f 299/299/295 302/302/298 298/298/294
f 303/303/299 298/298/294 302/302/298
f 299/299/295 304/304/300 302/302/298
f 303/303/299 302/302/298 305/305/301
f 305/305/301 302/302/298 306/306/302
f 304/304/300 307/307/303 306/306/302
f 308/308/304 301/301/297 294/294/290
f 308/308/304 309/309/305 301/301/297
f 309/309/305 308/308/304 310/310/306
f 310/310/306 153/153/152 309/309/305
f 306/306/302 311/311/307 305/305/301
f 306/306/302 312/312/308 311/311/307
f 313/313/309 311/311/307 314/314/310
f 314/314/310 311/311/307 312/312/308
f 315/315/311 310/310/306 308/308/304
f 315/315/311 316/316/312 310/310/306
f 310/310/306 316/316/312 173/173/172
f 315/315/311 317/317/313 316/316/312
f 178/178/177 173/173/172 316/316/312
f 192/192/190 318/318/314 170/170/169
f 319/319/315 320/320/316 194/194/192
f 314/314/310 321/321/317 313/313/309
f 322/322/318 313/313/309 323/323/319
f 314/314/310 192/192/190 321/321/317
f 324/324/320 321/321/317 191/191/189
f 325/325/321 326/326/322 327/327/323
f 328/328/324 329/329/325 330/330/326
f 199/199/197 331/331/327 332/332/328
f 198/198/196 333/333/329 199/199/197
f 326/326/322 330/330/326 334/334/330
f 205/205/331 320/320/316 319/319/315
f 202/202/200 335/335/332 207/207/203
f 323/323/319 336/336/333 337/337/334
f 324/324/320 338/338/335 336/336/333
f 205/205/331 204/204/336 338/338/335
f 339/339/337 336/336/333 338/338/335
f 204/204/336 340/340/338 338/338/335
f 341/341/339 329/329/325 328/328/324
f 342/342/340 329/329/325 343/343/341
f 341/341/339 344/344/342 343/343/341
f 345/345/343 199/199/197 332/332/328
f 345/345/343 200/200/198 199/199/197
f 346/346/344 347/347/345 345/345/343
f 348/348/346 349/349/347 350/350/348
f 348/348/346 350/350/348 341/341/339
f 345/345/343 347/347/345 351/351/349
f 200/200/198 352/352/350 335/335/332
f 352/352/350 200/200/198 345/345/343
f 352/352/350 353/353/351 335/335/332
f 354/354/352 353/353/351 355/355/353
f 353/353/351 352/352/350 355/355/353
f 356/356/354 357/357/355 358/358/356
f 359/359/357 360/360/358 361/361/359
f 352/352/350 362/362/360 360/360/358
f 363/363/361 360/360/358 362/362/360
f 364/364/362 365/365/363 356/356/354
f 356/356/364 365/365/364 366/366/364
f 359/359/357 367/367/365 355/355/353
f 368/368/366 349/349/347 348/348/346
f 369/369/367 370/370/368 371/371/369
f 351/351/349 371/371/369 372/372/370
f 372/372/370 373/373/371 361/361/359
f 373/373/371 374/374/372 375/375/373
f 361/361/374 373/373/371 376/376/375
f 377/377/376 378/378/377 379/379/378
f 380/380/379 381/381/380 382/382/381
f 383/383/382 384/384/383 385/385/384
f 383/383/382 385/385/384 386/386/385
f 387/387/386 388/388/387 386/386/385
f 381/381/380 389/389/388 390/390/389
f 391/391/390 390/390/389 392/392/391
f 393/393/392 382/382/381 394/394/393
f 395/395/394 396/396/395 397/397/396
f 397/397/396 393/393/392 398/398/397
f 399/399/398 398/398/397 394/394/393
f 391/391/390 394/394/393 382/382/381
f 391/391/390 400/400/399 401/401/400
f 394/394/393 400/400/399 402/402/401
f 403/403/402 396/396/395 395/395/394
f 404/404/403 405/405/404 406/406/405
f 407/407/406 408/408/406 409/409/406
f 410/410/407 384/384/383 383/383/382
f 410/410/407 411/411/408 384/384/383
f 210/210/206 412/412/409 211/211/207
f 413/413/410 411/411/408 414/414/411
f 415/415/412 384/384/383 413/413/410
f 416/416/413 417/417/414 411/411/408
f 416/416/413 411/411/408 410/410/407
f 209/209/205 400/400/399 391/391/390
f 400/400/399 209/209/205 218/218/214
f 218/218/214 219/219/215 400/400/399
f 402/402/401 400/400/399 219/219/215
f 236/236/232 235/235/231 418/418/415
f 404/404/416 419/419/417 420/420/418
f 408/408/419 421/421/420 419/419/417
f 422/422/421 420/420/418 423/423/422
f 420/420/418 235/235/231 424/424/423
f 417/417/414 425/425/424 222/222/218
f 426/426/425 427/427/426 425/425/424
f 427/427/426 228/228/224 425/425/424
f 425/425/424 228/228/224 222/222/218
f 424/424/423 428/428/427 423/423/422
f 429/429/428 423/423/422 428/428/427
f 235/235/231 430/430/429 424/424/423
f 429/429/428 428/428/427 431/431/430
f 428/428/427 248/248/244 432/432/431
f 252/252/248 228/228/224 427/427/426
f 427/427/426 433/433/432 252/252/248
f 433/433/432 426/426/425 434/434/433
f 434/434/433 258/258/254 433/433/432
f 432/432/431 435/435/434 436/436/435
f 435/435/434 268/268/264 269/269/265
f 437/437/436 434/434/433 426/426/425
f 437/437/436 438/438/437 434/434/433
f 273/273/269 258/258/254 434/434/433
f 434/434/433 438/438/437 273/273/269
f 438/438/437 439/439/438 440/440/439
f 437/437/436 439/439/438 438/438/437
f 440/440/439 273/273/269 438/438/437
f 275/275/271 441/441/440 442/442/441
f 439/439/438 443/443/442 440/440/439
f 277/277/273 273/273/269 440/440/439
f 440/440/439 443/443/442 277/277/273
f 444/444/443 275/275/271 445/445/444
f 446/446/445 447/447/446 445/445/444
f 448/448/447 449/449/448 450/450/449
f 451/451/450 289/289/285 287/287/283
f 284/284/280 452/452/451 453/453/452
f 451/451/450 294/294/290 289/289/285
f 454/454/453 455/455/454 298/298/294
f 456/456/455 457/457/456 458/458/457
f 458/458/457 457/457/456 294/294/290
f 459/459/458 294/294/290 457/457/456
f 303/303/299 460/460/459 461/461/460
f 462/462/461 463/463/462 459/459/458
f 308/308/304 294/294/290 459/459/458
f 459/459/458 463/463/462 308/308/304
f 464/464/463 308/308/304 463/463/462
f 460/460/459 465/465/464 466/466/465
f 460/460/459 305/305/301 465/465/464
f 467/467/466 317/317/313 464/464/463
f 315/315/311 308/308/304 464/464/463
f 464/464/463 317/317/313 315/315/311
f 468/468/467 313/313/309 322/322/318
f 469/469/468 468/468/467 470/470/469
f 470/470/469 468/468/467 322/322/318
f 471/471/470 472/472/471 473/473/472
f 474/474/473 317/317/313 473/473/472
f 473/473/472 472/472/471 474/474/473
f 472/472/471 471/471/470 475/475/474
f 475/475/474 328/328/324 472/472/471
f 472/472/471 328/328/324 474/474/473
f 470/470/469 476/476/475 469/469/468
f 323/323/319 477/477/476 476/476/475
f 476/476/475 337/337/334 478/478/477
f 479/479/478 475/475/474 471/471/470
f 479/479/478 480/480/479 475/475/474
f 479/479/478 481/481/480 480/480/479
f 478/478/477 482/482/481 483/483/482
f 484/484/483 483/483/482 482/482/481
f 337/337/334 485/485/484 482/482/481
f 486/486/485 482/482/481 485/485/484
f 487/487/486 488/488/487 481/481/480
f 487/487/486 489/489/488 488/488/487
f 368/368/366 348/348/346 488/488/487
f 488/488/487 490/490/489 491/491/490
f 492/492/491 493/493/492 489/489/488
f 492/492/491 489/489/488 487/487/486
f 494/494/493 495/495/494 496/496/495
f 369/369/367 497/497/496 370/370/368
f 490/490/489 489/489/488 498/498/497
f 499/499/498 358/358/356 357/357/355
f 494/494/493 500/500/499 501/501/500
f 375/375/373 371/371/369 501/501/500
f 501/501/500 371/371/369 494/494/493
f 501/501/500 502/502/501 503/503/502
f 375/375/373 501/501/500 377/377/376
f 377/377/376 501/501/500 503/503/502
f 486/486/485 504/504/503 505/505/504
f 506/506/505 505/505/504 504/504/503
f 499/499/498 507/507/506 504/504/503
f 508/508/507 493/493/492 492/492/491
f 496/496/495 509/509/508 510/510/509
f 511/511/510 512/512/511 510/510/509
f 510/510/509 512/512/511 513/513/512
f 502/502/501 510/510/509 514/514/513
f 510/510/509 500/500/499 494/494/493
f 514/514/513 513/513/512 515/515/514
f 515/515/514 516/516/515 514/514/513
f 516/516/515 515/515/514 517/517/516
f 518/518/517 519/519/518 520/520/519
f 503/503/502 521/521/520 522/522/521
f 523/523/522 518/518/517 520/520/519
f 524/524/523 525/525/524 526/526/525
f 527/527/526 528/528/527 529/529/528
f 530/530/529 529/529/528 531/531/530
f 532/532/531 531/531/530 533/533/532
f 534/534/533 535/535/534 536/536/535
f 534/534/533 393/393/392 535/535/534
f 537/537/536 524/524/523 538/538/537
f 538/538/537 526/526/525 539/539/538
f 538/538/537 539/539/538 540/540/539
f 541/541/540 542/542/541 540/540/539
f 542/542/541 543/543/542 537/537/536
f 535/535/534 539/539/538 526/526/525
f 397/397/396 539/539/538 393/393/392
f 544/544/543 540/540/539 539/539/538
f 540/540/539 545/545/544 541/541/540
f 541/541/545 545/545/546 546/546/547
f 547/547/548 548/548/549 549/549/550
f 540/540/539 550/550/551 545/545/544
f 551/551/552 552/552/553 553/553/554
f 533/533/532 554/554/555 555/555/556
f 556/556/557 557/557/558 555/555/556
f 558/558/559 555/555/556 388/388/560
f 555/555/556 557/557/558 388/388/560
f 559/559/561 560/560/562 557/557/558
f 551/551/552 561/561/563 562/562/564
f 561/561/563 563/563/565 562/562/564
f 553/553/554 564/564/566 561/561/563
f 565/565/567 405/405/568 564/564/566
f 563/563/565 404/404/416 566/566/569
f 405/405/568 404/404/416 564/564/566
f 410/410/407 383/383/382 560/560/562
f 560/560/562 416/416/413 410/410/407
f 566/566/569 567/567/570 568/568/571
f 404/404/416 422/422/421 566/566/569
f 422/422/421 567/567/570 566/566/569
f 569/569/572 570/570/573 571/571/574
f 569/569/572 572/572/575 570/570/573
f 573/573/576 416/416/413 570/570/573
f 570/570/573 572/572/575 573/573/576
f 569/569/572 574/574/577 572/572/575
f 574/574/577 426/426/425 572/572/575
f 572/572/575 426/426/425 573/573/576
f 575/575/578 576/576/579 577/577/580
f 429/429/428 576/576/579 575/575/578
f 578/578/581 579/579/582 574/574/577
f 574/574/577 579/579/582 426/426/425
f 436/436/435 580/580/583 581/581/584
f 582/582/585 583/583/586 579/579/582
f 437/437/436 426/426/425 579/579/582
f 579/579/582 583/583/586 437/437/436
f 583/583/586 439/439/438 437/437/436
f 584/584/587 585/585/588 586/586/589
f 587/587/590 588/588/591 439/439/438
f 589/589/592 590/590/593 591/591/594
f 447/447/446 590/590/593 592/592/595
f 593/593/596 594/594/597 595/595/598
f 452/452/451 594/594/597 593/593/596
f 596/596/599 597/597/600 449/449/448
f 594/594/597 598/598/601 599/599/602
f 594/594/597 600/600/603 598/598/601
f 601/601/604 602/602/605 603/603/606
f 604/604/607 454/454/453 605/605/608
f 606/606/609 456/456/455 607/607/610
f 608/608/611 609/609/612 610/610/613
f 611/611/614 612/612/615 606/606/609
f 613/613/616 610/610/613 614/614/617
f 615/615/618 616/616/619 612/612/615
f 617/617/620 618/618/621 619/619/622
f 620/620/623 618/618/621 617/617/620
f 621/621/624 471/471/470 622/622/625
f 623/623/626 624/624/627 625/625/628
f 626/626/629 627/627/630 621/621/624
f 479/479/478 471/471/470 621/621/624
f 621/621/624 627/627/630 479/479/478
f 628/628/631 481/481/480 627/627/630
f 627/627/630 481/481/480 479/479/478
f 484/484/483 629/629/632 630/630/633
f 484/484/483 631/631/634 629/629/632
f 632/632/635 633/633/636 628/628/631
f 632/632/635 634/634/637 633/633/636
f 631/631/634 635/635/638 636/636/639
f 637/637/640 636/636/639 635/635/638
f 631/631/634 638/638/641 635/635/638
f 639/639/642 635/635/638 638/638/641
f 508/508/507 492/492/491 634/634/637
f 634/634/637 640/640/643 508/508/507
f 641/641/644 642/642/645 643/643/646
f 644/644/647 643/643/646 640/640/643
f 640/640/643 643/643/646 645/645/648
f 646/646/649 645/645/648 647/647/650
f 508/508/507 640/640/643 648/648/651
f 649/649/652 650/650/653 651/651/654
f 639/639/642 518/518/517 652/652/655
f 653/653/656 652/652/655 518/518/517
f 654/654/657 642/642/645 641/641/644
f 647/647/650 642/642/645 655/655/658
f 656/656/659 657/657/660 655/655/658
f 658/658/661 659/659/662 660/660/663
f 658/658/661 651/651/654 659/659/662
f 661/661/664 662/662/665 663/663/666
f 664/664/667 665/665/668 662/662/665
f 665/665/668 666/666/669 667/667/670
f 663/663/666 662/662/665 665/665/668
f 653/653/656 668/668/671 669/669/672
f 649/649/652 670/670/673 671/671/674
f 663/663/666 670/670/673 658/658/661
f 670/670/673 672/672/675 671/671/674
f 673/673/676 672/672/675 674/674/677
f 675/675/678 676/676/679 515/515/514
f 667/667/670 677/677/680 670/670/673
f 670/670/673 663/663/666 667/667/670
f 670/670/673 677/677/680 674/674/677
f 678/678/681 677/677/680 679/679/682
f 680/680/683 681/681/684 653/653/656
f 678/678/681 682/682/685 674/674/677
f 683/683/686 684/684/687 685/685/688
f 686/686/689 687/687/690 688/688/691
f 689/689/692 690/690/693 691/691/694
f 691/691/694 690/690/693 683/683/686
f 689/689/692 692/692/695 690/690/693
f 693/693/696 694/694/697 683/683/686
f 695/695/698 696/696/699 697/697/700
f 698/698/701 699/699/702 700/700/703
f 701/701/704 698/698/701 700/700/703
f 702/702/705 703/703/706 704/704/707
f 705/705/708 706/706/709 707/707/710
f 708/708/711 709/709/712 707/707/710
f 705/705/708 707/707/710 528/528/527
f 710/710/713 711/711/714 709/709/712
f 710/710/713 709/709/712 708/708/711
f 712/712/715 697/697/700 692/692/695
f 713/713/716 714/714/717 524/524/523
f 715/715/718 716/716/719 695/695/698
f 701/701/704 717/717/720 718/718/721
f 719/719/722 720/720/723 717/717/720
f 721/721/724 718/718/721 722/722/725
f 722/722/725 717/717/720 723/723/726
f 723/723/726 717/717/720 724/724/727
f 723/723/726 551/551/552 725/725/728
f 720/720/723 551/551/552 724/724/727
f 556/556/557 554/554/555 711/711/714
f 711/711/714 726/726/729 556/556/557
f 725/725/728 727/727/730 728/728/731
f 551/551/552 562/562/564 725/725/728
f 562/562/564 727/727/730 725/725/728
f 729/729/732 727/727/730 568/568/571
f 730/730/733 731/731/734 732/732/735
f 571/571/574 559/559/561 731/731/734
f 731/731/734 730/730/733 571/571/574
f 733/733/736 571/571/574 730/730/733
f 734/734/737 729/729/732 735/735/738
f 735/735/738 736/736/739 737/737/740
f 569/569/572 571/571/574 733/733/736
f 738/738/741 574/574/577 569/569/572
f 739/739/742 578/578/581 738/738/741
f 578/578/581 574/574/577 738/738/741
f 740/740/743 741/741/744 742/742/745
f 742/742/745 743/743/746 740/740/743
f 581/581/584 743/743/746 742/742/745
f 743/743/746 744/744/747 745/745/748
f 740/740/743 743/743/746 745/745/748
f 581/581/584 585/585/588 743/743/746
f 746/746/749 745/745/748 744/744/747
f 744/744/747 747/747/750 746/746/749
f 584/584/587 747/747/750 744/744/747
f 748/748/751 749/749/752 750/750/753
f 591/591/594 749/749/752 748/748/751
f 751/751/754 752/752/755 753/753/756
f 595/595/598 752/752/755 751/751/754
f 754/754/757 755/755/758 756/756/759
f 757/757/760 758/758/761 759/759/762
f 760/760/763 758/758/761 761/761/764
f 762/762/765 611/611/614 763/763/766
f 611/611/614 762/762/765 764/764/767
f 765/765/768 766/766/769 767/767/770
f 768/768/771 769/769/772 770/770/773
f 771/771/774 764/764/767 762/762/765
f 769/769/772 772/772/775 773/773/776
f 619/619/622 772/772/775 769/769/772
f 774/774/777 775/775/778 776/776/779
f 776/776/779 775/775/778 777/777/780
f 778/778/781 779/779/782 780/780/783
f 625/625/628 779/779/782 778/778/781
f 780/780/783 779/779/782 781/781/784
f 782/782/785 783/783/786 784/784/787
f 784/784/787 783/783/786 626/626/629
f 785/785/788 786/786/789 787/787/790
f 630/630/633 786/786/789 785/785/788
f 788/788/791 632/632/635 783/783/786
f 789/789/792 634/634/637 632/632/635
f 790/790/793 637/637/640 791/791/794
f 637/637/640 792/792/795 793/793/796
f 644/644/647 634/634/637 789/789/792
f 794/794/797 795/795/798 796/796/799
f 795/795/798 641/641/644 796/796/799
f 793/793/796 797/797/800 798/798/801
f 799/799/802 798/798/801 797/797/800
f 793/793/796 800/800/803 797/797/800
f 801/801/804 797/797/800 800/800/803
f 794/794/797 802/802/805 795/795/798
f 654/654/657 641/641/644 795/795/798
f 795/795/798 803/803/806 654/654/657
f 804/804/807 805/805/808 806/806/809
f 804/804/807 806/806/809 794/794/797
f 802/802/805 806/806/809 807/807/810
f 808/808/811 807/807/810 809/809/812
f 654/654/657 803/803/806 810/810/813
f 803/803/806 802/802/805 807/807/810
f 666/666/669 811/811/814 667/667/670
f 812/812/815 813/813/816 814/814/817
f 677/677/680 815/815/818 679/679/682
f 801/801/804 816/816/819 814/814/817
f 812/812/815 814/814/817 816/816/819
f 809/809/812 805/805/808 817/817/820
f 818/818/821 819/819/822 820/820/823
f 821/821/824 805/805/808 822/822/825
f 823/823/826 811/811/814 824/824/827
f 825/825/828 677/677/680 667/667/670
f 823/823/826 825/825/828 667/667/670
f 819/819/822 825/825/828 823/823/826
f 677/677/680 825/825/828 815/815/818
f 826/826/829 819/819/822 827/827/830
f 825/825/828 826/826/829 828/828/831
f 828/828/831 829/829/832 825/825/828
f 830/830/833 813/813/816 831/831/834
f 815/815/818 832/832/835 833/833/836
f 834/834/837 830/830/833 831/831/834
f 835/835/838 836/836/839 837/837/840
f 838/838/841 839/839/842 837/837/840
f 838/838/841 837/837/840 840/840/843
f 839/839/842 838/838/841 841/841/844
f 842/842/845 843/843/846 844/844/847
f 845/845/848 694/694/697 693/693/696
f 846/846/849 847/847/850 848/848/851
f 849/849/852 850/850/853 851/851/854
f 852/852/855 846/846/849 848/848/851
f 850/850/853 853/853/856 851/851/854
f 854/854/857 846/846/849 852/852/855
f 855/855/858 856/856/859 857/857/860
f 858/858/861 859/859/862 857/857/860
f 855/855/858 857/857/860 688/688/691
f 860/860/863 861/861/864 858/858/861
f 859/859/862 706/706/709 688/688/691
f 849/849/852 862/862/865 863/863/866
f 684/684/687 694/694/697 840/840/843
f 852/852/855 693/693/696 864/864/867
f 851/851/854 698/698/701 865/865/868
f 866/866/869 865/865/868 867/867/870
f 867/867/870 865/865/868 868/868/871
f 868/868/871 865/865/868 698/698/701
f 868/868/871 701/701/704 869/869/872
f 870/870/873 861/861/864 860/860/863
f 870/870/873 871/871/874 861/861/864
f 861/861/864 871/871/874 708/708/711
f 872/872/875 871/871/874 870/870/873
f 871/871/874 710/710/713 708/708/711
f 869/869/872 873/873/876 874/874/877
f 875/875/878 876/876/879 872/872/875
f 872/872/875 876/876/879 710/710/713
f 876/876/879 732/732/735 710/710/713
f 877/877/880 878/878/881 879/879/882
f 728/728/731 878/878/881 877/877/880
f 732/732/735 880/880/883 730/730/733
f 881/881/884 882/882/885 883/883/886
f 884/884/887 885/885/888 886/886/889
f 886/886/889 887/887/890 884/884/887
f 888/888/891 887/887/890 886/886/889
f 884/884/887 887/887/890 889/889/892
f 890/890/893 891/891/894 892/892/895
f 740/740/743 891/891/894 890/890/893
f 892/892/895 891/891/894 893/893/896
f 740/740/743 745/745/748 891/891/894
f 894/894/897 895/895/898 896/896/899
f 746/746/749 895/895/898 894/894/897
f 895/895/898 897/897/900 898/898/901
f 746/746/749 897/897/900 895/895/898
f 899/899/902 900/900/903 901/901/904
f 902/902/905 903/903/906 898/898/901
f 904/904/907 905/905/908 906/906/909
f 907/907/910 908/908/911 909/909/912
f 908/908/911 910/910/913 911/911/914
f 907/907/910 912/912/915 908/908/911
f 913/913/916 910/910/913 908/908/911
f 914/914/917 915/915/918 916/916/919
f 915/915/918 914/914/917 917/917/920
f 918/918/921 919/919/922 920/920/923
f 759/759/762 919/919/922 918/918/921
f 921/921/924 917/917/920 914/914/917
f 921/921/924 922/922/925 917/917/920
f 917/917/920 922/922/925 763/763/766
f 923/923/926 922/922/925 921/921/924
f 922/922/925 923/923/926 924/924/927
f 922/922/925 924/924/927 762/762/765
f 922/922/925 762/762/765 763/763/766
f 925/925/928 924/924/927 923/923/926
f 924/924/927 925/925/928 926/926/929
f 927/927/930 773/773/776 928/928/931
f 929/929/932 926/926/929 925/925/928
f 930/930/933 926/926/929 929/929/932
f 926/926/929 930/930/933 782/782/785
f 931/931/934 782/782/785 930/930/933
f 931/931/934 932/932/935 782/782/785
f 933/933/936 932/932/935 931/931/934
f 934/934/937 935/935/938 936/936/939
f 787/787/790 935/935/938 934/934/937
f 937/937/940 932/932/935 933/933/936
f 937/937/940 938/938/941 932/932/935
f 932/932/935 938/938/941 788/788/791
f 939/939/942 791/791/794 940/940/943
f 941/941/944 942/942/945 938/938/941
f 938/938/941 942/942/945 943/943/946
f 942/942/945 944/944/947 945/945/948
f 945/945/948 794/794/797 942/942/945
f 942/942/945 794/794/797 943/943/946
f 799/799/802 946/946/949 947/947/950
f 948/948/951 945/945/948 944/944/947
f 948/948/951 949/949/952 945/945/948
f 948/948/951 950/950/953 949/949/952
f 951/951/954 952/952/955 953/953/956
f 947/947/950 954/954/957 955/955/958
f 956/956/959 955/955/958 953/953/956
f 947/947/950 957/957/960 954/954/957
f 951/951/954 954/954/957 957/957/960
f 958/958/961 959/959/962 950/950/953
f 958/958/961 960/960/963 959/959/962
f 805/805/808 804/804/807 959/959/962
f 959/959/962 961/961/964 822/822/825
f 960/960/963 962/962/965 963/963/966
f 964/964/967 965/965/968 966/966/969
f 822/822/970 961/961/970 967/967/970
f 961/961/964 960/960/963 963/963/966
f 951/951/954 968/968/971 952/952/955
f 969/969/972 970/970/973 971/971/974
f 972/972/975 970/970/973 969/969/972
f 826/826/829 827/827/830 964/964/967
f 826/826/829 973/973/976 828/828/831
f 974/974/977 828/828/831 975/975/978
f 951/951/954 830/830/833 969/969/972
f 976/976/979 969/969/972 830/830/833
f 977/977/980 978/978/981 962/962/965
f 979/979/982 980/980/983 981/981/984
f 964/964/967 980/980/983 979/979/982
f 982/982/985 973/973/976 979/979/982
f 983/983/986 984/984/987 985/985/988
f 982/982/985 984/984/989 973/973/976
f 982/982/985 985/985/990 984/984/989
f 975/975/978 986/986/991 987/987/992
f 988/988/993 989/989/994 990/990/995
f 988/988/993 990/990/995 991/991/996
f 991/991/996 992/992/997 993/993/998
f 993/993/998 988/988/993 991/991/996
f 994/994/999 995/995/1000 996/996/1001
f 997/997/1002 996/996/1001 995/995/1000
f 998/998/1003 997/997/1002 995/995/1000
f 841/841/844 995/995/1000 839/839/842
f 998/998/1003 995/995/1000 999/999/1004
f 998/998/1003 999/999/1004 1000/1000/1005
f 1001/1001/1006 1002/1002/1007 1003/1003/1008
f 1004/1004/1009 1005/1005/1010 1006/1006/1011
f 1006/1006/1011 1005/1005/1010 858/858/861
f 1007/1007/1012 1008/1008/1013 1005/1005/1010
f 1007/1007/1012 1005/1005/1010 1004/1004/1009
f 1008/1008/1013 860/860/863 1005/1005/1010
f 1005/1005/1010 860/860/863 858/858/861
f 862/862/865 1001/1001/1006 863/863/866
f 1002/1002/1007 866/866/869 1009/1009/1014
f 1010/1010/1015 866/866/869 867/867/870
f 870/870/873 860/860/863 1008/1008/1013
f 1008/1008/1013 1011/1011/1016 870/870/873
f 1011/1011/1016 1012/1012/1017 1013/1013/1018
f 1014/1014/1019 1012/1012/1017 1011/1011/1016
f 1013/1013/1018 872/872/875 1011/1011/1016
f 1010/1010/1015 1015/1015/1020 1016/1016/1021
f 874/874/877 1017/1017/1022 1010/1010/1015
f 1018/1018/1023 1015/1015/1020 1017/1017/1022
f 1012/1012/1017 875/875/878 1013/1013/1018
f 875/875/878 872/872/875 1013/1013/1018
f 1019/1019/1024 1020/1020/1025 1021/1021/1026
f 1021/1021/1026 1020/1020/1025 880/880/883
f 1022/1022/1027 1023/1023/1028 1024/1024/1029
f 1025/1025/1030 1023/1023/1028 1022/1022/1027
f 1023/1023/1028 1026/1026/1031 1027/1027/1032
f 1024/1024/1029 1023/1023/1028 1027/1027/1032
f 1026/1026/1031 1028/1028/1033 1029/1029/1034
f 884/884/887 1028/1028/1033 1026/1026/1031
f 1028/1028/1033 1030/1030/1035 1031/1031/1036
f 1028/1028/1033 889/889/892 1030/1030/1035
f 884/884/887 889/889/892 1028/1028/1033
f 1032/1032/1037 1031/1031/1036 1030/1030/1035
f 1030/1030/1035 1033/1033/1038 1032/1032/1037
f 1030/1030/1035 889/889/892 892/892/895
f 892/892/895 1033/1033/1038 1030/1030/1035
f 1034/1034/1039 1033/1033/1038 1035/1035/1040
f 1033/1033/1038 893/893/896 1036/1036/1041
f 892/892/895 893/893/896 1033/1033/1038
f 1037/1037/1042 1038/1038/1043 1039/1039/1044
f 1039/1039/1044 1038/1038/1043 1040/1040/1045
f 1037/1037/1042 1041/1041/1046 1038/1038/1043
f 1035/1035/1040 1042/1042/1047 1043/1043/1048
f 896/896/899 1042/1042/1047 1035/1035/1040
f 896/896/899 903/903/906 1042/1042/1047
f 1044/1044/1049 1045/1045/1050 1046/1046/1051
f 1046/1046/1051 1045/1045/1050 899/899/902
f 1047/1047/1052 1048/1048/1053 1049/1049/1054
f 1042/1042/1047 903/903/906 902/902/905
f 902/902/905 1049/1049/1054 1042/1042/1047
f 1050/1050/1055 1051/1051/1056 1045/1045/1050
f 1045/1045/1050 1051/1051/1056 1052/1052/1057
f 1053/1053/1058 1054/1054/1059 1055/1055/1060
f 1053/1053/1058 1055/1055/1060 1056/1056/1061
f 1057/1057/1062 1058/1058/1063 1051/1051/1056
f 1058/1058/1063 1059/1059/1064 1051/1051/1056
f 1060/1060/1065 1056/1056/1061 1061/1061/1066
f 1062/1062/1067 1063/1063/1068 1061/1061/1066
f 911/911/914 1063/1063/1068 1062/1062/1067
f 1060/1060/1065 1061/1061/1066 1064/1064/1069
f 1065/1065/1070 1066/1066/1071 1067/1067/1072
f 1068/1068/1073 906/906/909 1069/1069/1074
f 1069/1069/1074 921/921/924 914/914/917
f 1068/1068/1073 914/914/917 916/916/919
f 1070/1070/1075 1064/1064/1069 1071/1071/1076
f 1072/1072/1077 1073/1073/1078 1074/1074/1079
f 1070/1070/1075 1071/1071/1076 1075/1075/1080
f 1076/1076/1081 1072/1072/1077 1074/1074/1079
f 1077/1077/1082 1078/1078/1083 921/921/924
f 1078/1078/1083 1079/1079/1084 923/923/926
f 1078/1078/1083 923/923/926 921/921/924
f 1080/1080/1085 1081/1081/1086 1082/1082/1087
f 1083/1083/1088 1081/1081/1086 1080/1080/1085
f 1079/1079/1084 925/925/928 923/923/926
f 1081/1081/1086 1084/1084/1089 1085/1085/1090
f 1081/1081/1086 1086/1086/1091 1084/1084/1089
f 1087/1087/1092 929/929/932 1079/1079/1084
f 1088/1088/1093 1089/1089/1094 1087/1087/1092
f 1089/1089/1094 930/930/933 929/929/932
f 1090/1090/1095 1091/1091/1096 1092/1092/1097
f 1093/1093/1098 1089/1089/1094 1088/1088/1093
f 1089/1089/1094 931/931/934 930/930/933
f 931/931/934 1093/1093/1098 1094/1094/1099
f 1095/1095/1100 1096/1096/1101 1097/1097/1102
f 936/936/939 1096/1096/1101 1095/1095/1100
f 1098/1098/1103 1094/1094/1099 1099/1099/1104
f 1098/1098/1103 937/937/940 1094/1094/1099
f 1094/1094/1099 937/937/940 933/933/936
f 1100/1100/1105 1101/1101/1106 1102/1102/1107
f 1103/1103/1108 1104/1104/1109 1105/1105/1110
f 1106/1106/1111 1104/1104/1109 1103/1103/1108
f 1107/1107/1112 1108/1108/1113 944/944/947
f 944/944/947 1108/1108/1113 948/948/951
f 1108/1108/1113 1109/1109/1114 1110/1110/1115
f 1110/1110/1115 950/950/953 1108/1108/1113
f 1108/1108/1113 950/950/953 948/948/951
f 952/952/955 968/968/971 953/953/956
f 1111/1111/1116 1112/1112/1117 1113/1113/1118
f 1113/1113/1118 1112/1112/1117 956/956/959
f 1114/1114/1119 1110/1110/1115 1109/1109/1114
f 1115/1115/1120 958/958/961 1110/1110/1115
f 1116/1116/1121 1117/1117/1122 1115/1115/1120
f 1115/1115/1120 962/962/965 958/958/961
f 1113/1113/1118 1118/1118/1123 1111/1111/1116
f 1119/1119/1124 1111/1111/1116 1118/1118/1123
f 1113/1113/1118 1120/1120/1125 1118/1118/1123
f 1121/1121/1126 1118/1118/1123 1120/1120/1125
f 1122/1122/1127 1117/1117/1122 1116/1116/1121
f 1123/1123/1128 1124/1124/1129 1125/1125/1130
f 1126/1126/1131 1122/1122/1127 1127/1127/1132
f 1117/1117/1122 1128/1128/1133 962/962/965
f 1129/1129/1134 1130/1130/1135 1131/1131/1136
f 1117/1117/1122 1132/1132/1137 1128/1128/1133
f 1123/1123/1128 1133/1133/1138 1124/1124/1129
f 1131/1131/1136 1130/1130/1135 981/981/984
f 985/985/990 982/982/985 1134/1134/1139
f 1135/1135/1140 985/985/1140 1136/1136/1140
f 1134/1134/1139 1137/1137/1141 1138/1138/1142
f 1137/1137/1141 1134/1134/1139 1133/1133/1138
f 1139/1139/1143 1134/1134/1139 1138/1138/1142
f 982/982/985 981/981/984 1134/1134/1139
f 1134/1134/1139 981/981/984 1130/1130/1135
f 1136/1136/1144 1134/1134/1139 1139/1139/1143
f 971/971/974 1140/1140/1145 1121/1121/1126
f 1139/1139/1143 1141/1141/1146 1136/1136/1144
f 1142/1142/1147 1143/1143/1148 1144/1144/1149
f 1145/1145/1150 1144/1144/1149 1146/1146/1151
f 1143/1143/1148 1142/1142/1147 1147/1147/1152
f 1147/1147/1152 1142/1142/1147 1148/1148/1153
f 1147/1147/1152 1148/1148/1153 1149/1149/1154
f 996/996/1001 1148/1148/1153 1145/1145/1150
f 1148/1148/1153 996/996/1001 997/997/1002
f 1150/1150/1155 1151/1151/1156 1152/1152/1157
f 1153/1153/1158 1154/1154/1159 1155/1155/1160
f 1156/1156/1161 1157/1157/1162 1158/1158/1163
f 1158/1158/1163 1159/1159/1164 1156/1156/1161
f 1160/1160/1165 1156/1156/1161 989/989/994
f 1161/1161/1166 1162/1162/1167 1159/1159/1164
f 1161/1161/1166 1159/1159/1164 1158/1158/1163
f 1162/1162/1167 1163/1163/1168 1159/1159/1164
f 1159/1159/1164 1163/1163/1168 990/990/995
f 1164/1164/1169 1165/1165/1170 1166/1166/1171
f 1153/1153/1158 1166/1166/1171 1165/1165/1170
f 1155/1155/1160 1167/1167/1172 1168/1168/1173
f 1169/1169/1174 1168/1168/1173 1167/1167/1172
f 1170/1170/1175 1171/1171/1176 1162/1162/1167
f 1004/1004/1009 1163/1163/1168 1162/1162/1167
f 1171/1171/1176 1172/1172/1177 1173/1173/1178
f 1170/1170/1175 1172/1172/1177 1171/1171/1176
f 1173/1173/1178 1007/1007/1012 1171/1171/1176
f 1174/1174/1179 1175/1175/1180 1176/1176/1181
f 1175/1175/1180 1177/1177/1182 1176/1176/1181
f 1178/1178/1183 1009/1009/1014 1175/1175/1180
f 1009/1009/1014 1177/1177/1182 1175/1175/1180
f 1179/1179/1184 1173/1173/1178 1172/1172/1177
f 1179/1179/1184 1014/1014/1019 1173/1173/1178
f 1014/1014/1019 1007/1007/1012 1173/1173/1178
f 1179/1179/1184 1180/1180/1185 1181/1181/1186
f 1181/1181/1186 1012/1012/1017 1014/1014/1019
f 1182/1182/1187 1183/1183/1188 1184/1184/1189
f 1015/1015/1020 1183/1183/1188 1182/1182/1187
f 1185/1185/1190 1012/1012/1017 1181/1181/1186
f 1186/1186/1191 1187/1187/1192 1188/1188/1193
f 1188/1188/1193 1189/1189/1194 1190/1190/1195
f 1024/1024/1029 1189/1189/1194 1188/1188/1193
f 1191/1191/1196 1192/1192/1197 1193/1193/1198
f 1029/1029/1034 1192/1192/1197 1191/1191/1196
f 1192/1192/1197 1194/1194/1199 1195/1195/1200
f 1193/1193/1198 1192/1192/1197 1195/1195/1200
f 1196/1196/1201 1197/1197/1202 1198/1198/1203
f 1039/1039/1044 1198/1198/1203 1197/1197/1202
f 1199/1199/1204 1195/1195/1200 1194/1194/1199
f 1194/1194/1199 1034/1034/1039 1199/1199/1204
f 1194/1194/1199 1031/1031/1036 1032/1032/1037
f 1032/1032/1037 1034/1034/1039 1194/1194/1199
f 1034/1034/1039 1200/1200/1205 1201/1201/1206
f 1199/1199/1204 1034/1034/1039 1201/1201/1206
f 1034/1034/1039 1035/1035/1040 1200/1200/1205
f 1202/1202/1207 1203/1203/1208 1204/1204/1209
f 1204/1204/1209 1203/1203/1208 1037/1037/1042
f 1202/1202/1207 1205/1205/1210 1206/1206/1211
f 1200/1200/1205 1207/1207/1212 1201/1201/1206
f 1043/1043/1048 1207/1207/1212 1200/1200/1205
f 1208/1208/1213 1206/1206/1211 1205/1205/1210
f 1209/1209/1214 1210/1210/1215 1211/1211/1216
f 1211/1211/1216 1210/1210/1215 1044/1044/1049
f 1212/1212/1217 1213/1213/1218 1214/1214/1219
f 1215/1215/1220 1216/1216/1221 1217/1217/1222
f 1047/1047/1052 1218/1218/1223 1215/1215/1220
f 1219/1219/1224 1216/1216/1221 1220/1220/1225
f 1220/1220/1225 1216/1216/1221 1218/1218/1223
f 1220/1220/1225 1218/1218/1223 1221/1221/1226
f 1222/1222/1227 1214/1214/1219 1213/1213/1218
f 1223/1223/1228 1224/1224/1229 1214/1214/1219
f 1214/1214/1219 1224/1224/1229 1050/1050/1055
f 1220/1220/1225 1225/1225/1230 1219/1219/1224
f 1220/1220/1225 1221/1221/1226 1226/1226/1231
f 1220/1220/1225 1226/1226/1231 1225/1225/1230
f 1053/1053/1058 1227/1227/1232 1226/1226/1231
f 1228/1228/1233 1225/1225/1230 1229/1229/1234
f 1229/1229/1234 1225/1225/1230 1227/1227/1232
f 1229/1229/1234 1227/1227/1232 1056/1056/1061
f 1230/1230/1235 1231/1231/1236 1232/1232/1237
f 1232/1232/1237 1231/1231/1236 1233/1233/1238
f 1229/1229/1234 1234/1234/1239 1235/1235/1240
f 1229/1229/1234 1056/1056/1061 1236/1236/1241
f 1234/1234/1239 1236/1236/1241 1064/1064/1069
f 1237/1237/1242 1238/1238/1243 1239/1239/1244
f 1239/1239/1244 1238/1238/1243 1240/1240/1245
f 1241/1241/1246 1242/1242/1247 1243/1243/1248
f 1234/1234/1239 1244/1244/1249 1245/1245/1250
f 1246/1246/1251 1245/1245/1250 1244/1244/1249
f 1234/1234/1239 1064/1064/1069 1247/1247/1252
f 1234/1234/1239 1247/1247/1252 1244/1244/1249
f 1070/1070/1075 1248/1248/1253 1247/1247/1252
f 1246/1246/1251 1244/1244/1249 1249/1249/1254
f 1249/1249/1254 1244/1244/1249 1250/1250/1255
f 1250/1250/1255 1244/1244/1249 1248/1248/1253
f 1250/1250/1255 1248/1248/1253 1075/1075/1080
f 1251/1251/1256 1077/1077/1082 1252/1252/1257
f 1251/1251/1256 1253/1253/1258 1254/1254/1259
f 1255/1255/1260 1249/1249/1254 1256/1256/1261
f 1257/1257/1262 1258/1258/1263 1256/1256/1261
f 1257/1257/1262 1075/1075/1080 1259/1259/1264
f 1082/1082/1087 1260/1260/1265 1259/1259/1264
f 1255/1255/1260 1256/1256/1261 1261/1261/1266
f 1262/1262/1267 1258/1258/1263 1260/1260/1265
f 1260/1260/1265 1263/1263/1268 1264/1264/1269
f 1265/1265/1270 1254/1254/1259 1253/1253/1258
f 1266/1266/1271 1267/1267/1272 1268/1268/1273
f 1267/1267/1272 1269/1269/1274 1079/1079/1084
f 1264/1264/1269 1270/1270/1275 1271/1271/1276
f 1085/1085/1090 1270/1270/1275 1264/1264/1269
f 1270/1270/1275 1272/1272/1277 1273/1273/1278
f 1271/1271/1276 1270/1270/1275 1273/1273/1278
f 1270/1270/1275 1274/1274/1279 1272/1272/1277
f 1268/1268/1273 1275/1275/1280 1266/1266/1271
f 1266/1266/1271 1087/1087/1092 1269/1269/1274
f 1276/1276/1281 1273/1273/1278 1272/1272/1277
f 1272/1272/1277 1277/1277/1282 1276/1276/1281
f 1091/1091/1096 1277/1277/1282 1272/1272/1277
f 1277/1277/1282 1278/1278/1283 1279/1279/1284
f 1280/1280/1285 1093/1093/1098 1275/1275/1280
f 1093/1093/1098 1280/1280/1285 1281/1281/1286
f 1282/1282/1287 1277/1277/1282 1279/1279/1284
f 1279/1279/1284 1283/1283/1288 1282/1282/1287
f 1097/1097/1102 1283/1283/1288 1279/1279/1284
f 1283/1283/1288 1284/1284/1289 1285/1285/1290
f 1282/1282/1287 1283/1283/1288 1285/1285/1290
f 1286/1286/1291 1098/1098/1103 1281/1281/1286
f 1286/1286/1291 1287/1287/1292 1288/1288/1293
f 1289/1289/1294 1285/1285/1290 1284/1284/1289
f 1284/1284/1289 1290/1290/1295 1289/1289/1294
f 1289/1289/1294 1291/1291/1296 1292/1292/1297
f 1293/1293/1298 1288/1288/1293 1287/1287/1292
f 1291/1291/1296 1294/1294/1299 1295/1295/1300
f 1291/1291/1296 1296/1296/1301 1105/1105/1110
f 1105/1105/1110 1294/1294/1299 1291/1291/1296
f 1295/1295/1300 1294/1294/1299 1297/1297/1302
f 1298/1298/1303 1299/1299/1304 1300/1300/1305
f 1301/1301/1306 1109/1109/1114 1300/1300/1305
f 1302/1302/1307 1303/1303/1308 1304/1304/1309
f 1112/1112/1117 1303/1303/1308 1302/1302/1307
f 1305/1305/1310 1300/1300/1305 1299/1299/1304
f 1305/1305/1310 1306/1306/1311 1301/1301/1306
f 1114/1114/1119 1109/1109/1114 1301/1301/1306
f 1301/1301/1306 1306/1306/1311 1114/1114/1119
f 1305/1305/1310 1307/1307/1312 1306/1306/1311
f 1306/1306/1311 1116/1116/1121 1114/1114/1119
f 1308/1308/1313 1309/1309/1314 1310/1310/1315
f 1308/1308/1313 1111/1111/1116 1119/1119/1124
f 1308/1308/1313 1119/1119/1124 1309/1309/1314
f 1311/1311/1316 1309/1309/1314 1119/1119/1124
f 1122/1122/1127 1116/1116/1121 1312/1312/1317
f 1312/1312/1317 1313/1313/1318 1127/1127/1132
f 1314/1314/1319 1315/1315/1320 1316/1316/1321
f 1317/1317/1322 1316/1316/1321 1318/1318/1323
f 1318/1318/1323 1316/1316/1321 1319/1319/1324
f 1127/1127/1132 1313/1313/1318 1320/1320/1325
f 1313/1313/1318 1318/1318/1323 1319/1319/1324
f 1321/1321/1326 1322/1322/1327 1323/1323/1328
f 1324/1324/1329 1322/1322/1327 1321/1321/1326
f 1137/1137/1141 1325/1325/1330 1138/1138/1142
f 1311/1311/1316 1326/1326/1331 1327/1327/1332
f 1324/1324/1329 1328/1328/1333 1329/1329/1334
f 1328/1328/1333 1327/1327/1332 1326/1326/1331
f 1330/1330/1335 1331/1331/1336 1332/1332/1337
f 1333/1333/1338 1331/1331/1336 1334/1334/1339
f 1335/1335/1340 1334/1334/1339 1336/1336/1341
f 1335/1335/1340 1325/1325/1330 1334/1334/1339
f 1335/1335/1340 1337/1337/1342 1325/1325/1330
f 1137/1137/1141 1333/1333/1338 1325/1325/1330
f 1338/1338/1343 1339/1339/1344 1340/1340/1345
f 1341/1341/1346 1338/1338/1343 1340/1340/1345
f 1342/1342/1347 1343/1343/1348 1344/1344/1349
f 1345/1345/1350 1346/1346/1351 1347/1347/1352
f 1348/1348/1353 1349/1349/1354 1347/1347/1352
f 1350/1350/1355 1347/1347/1352 1351/1351/1356
f 1157/1157/1162 1351/1351/1356 1352/1352/1357
f 1353/1353/1358 1143/1143/1148 1354/1354/1359
f 1355/1355/1360 1344/1344/1361 1356/1356/1362
f 1356/1356/1362 1344/1344/1361 1357/1357/1363
f 1357/1357/1363 1358/1358/1364 1359/1359/1365
f 1143/1143/1148 1360/1360/1366 1344/1344/1361
f 1361/1361/1367 1358/1358/1364 1149/1149/1154
f 1362/1362/1368 1363/1363/1368 1364/1364/1368
f 1365/1365/1369 1366/1366/1370 1367/1367/1371
f 1368/1368/1372 1366/1366/1370 1365/1365/1369
f 1369/1369/1373 1346/1346/1351 1345/1345/1350
f 1369/1369/1373 1161/1161/1166 1352/1352/1357
f 1157/1157/1162 1352/1352/1357 1158/1158/1163
f 1352/1352/1357 1161/1161/1166 1158/1158/1163
f 1370/1370/1374 1161/1161/1166 1369/1369/1373
f 1164/1164/1169 1368/1368/1375 1165/1165/1170
f 1366/1366/1370 1371/1371/1376 1372/1372/1377
f 1373/1373/1378 1372/1372/1377 1374/1374/1379
f 1374/1374/1379 1372/1372/1377 1375/1375/1380
f 1375/1375/1380 1372/1372/1377 1371/1371/1376
f 1376/1376/1381 1377/1377/1382 1370/1370/1374
f 1170/1170/1175 1161/1161/1166 1370/1370/1374
f 1370/1370/1374 1377/1377/1382 1170/1170/1175
f 1377/1377/1382 1378/1378/1383 1379/1379/1384
f 1376/1376/1381 1378/1378/1383 1377/1377/1382
f 1379/1379/1384 1172/1172/1177 1377/1377/1382
f 1377/1377/1382 1172/1172/1177 1170/1170/1175
f 1375/1375/1380 1380/1380/1385 1374/1374/1379
f 1380/1380/1385 1381/1381/1386 1382/1382/1387
f 1174/1174/1179 1176/1176/1181 1380/1380/1385
f 1176/1176/1181 1381/1381/1386 1380/1380/1385
f 1383/1383/1388 1381/1381/1386 1384/1384/1389
f 1384/1384/1389 1381/1381/1386 1385/1385/1390
f 1386/1386/1391 1379/1379/1384 1378/1378/1383
f 1386/1386/1391 1387/1387/1392 1379/1379/1384
f 1179/1179/1184 1172/1172/1177 1379/1379/1384
f 1379/1379/1384 1387/1387/1392 1179/1179/1184
f 1384/1384/1389 1184/1184/1189 1383/1383/1388
f 1184/1184/1189 1388/1388/1393 1389/1389/1394
f 1384/1384/1389 1385/1385/1390 1184/1184/1189
f 1390/1390/1395 1391/1391/1396 1392/1392/1397
f 1392/1392/1397 1393/1393/1398 1390/1390/1395
f 1394/1394/1399 1393/1393/1398 1392/1392/1397
f 1393/1393/1398 1186/1186/1191 1395/1395/1400
f 1390/1390/1395 1393/1393/1398 1395/1395/1400
f 1393/1393/1398 1187/1187/1192 1186/1186/1191
f 1394/1394/1399 1187/1187/1192 1393/1393/1398
f 1396/1396/1401 1397/1397/1402 1398/1398/1403
f 1396/1396/1401 1399/1399/1404 1397/1397/1402
f 1400/1400/1405 1395/1395/1400 1186/1186/1191
f 1186/1186/1191 1401/1401/1406 1400/1400/1405
f 1190/1190/1195 1401/1401/1406 1186/1186/1191
f 1400/1400/1405 1401/1401/1406 1402/1402/1407
f 1401/1401/1406 1191/1191/1196 1402/1402/1407
f 1189/1189/1194 1191/1191/1196 1401/1401/1406
f 1398/1398/1403 1403/1403/1408 1396/1396/1401
f 1403/1403/1408 1399/1399/1404 1396/1396/1401
f 1402/1402/1407 1195/1195/1200 1404/1404/1409
f 1402/1402/1407 1191/1191/1196 1193/1193/1198
f 1193/1193/1198 1195/1195/1200 1402/1402/1407
f 1195/1195/1200 1405/1405/1410 1406/1406/1411
f 1404/1404/1409 1195/1195/1200 1406/1406/1411
f 1407/1407/1412 1408/1408/1413 1409/1409/1414
f 1410/1410/1415 1411/1411/1416 1412/1412/1417
f 1413/1413/1418 1407/1407/1412 1410/1410/1415
f 1412/1412/1417 1414/1414/1419 1413/1413/1418
f 1415/1415/1420 1406/1406/1411 1405/1405/1410
f 1405/1405/1410 1416/1416/1421 1415/1415/1420
f 1405/1405/1410 1195/1195/1200 1199/1199/1204
f 1199/1199/1204 1416/1416/1421 1405/1405/1410
f 1199/1199/1204 1201/1201/1206 1416/1416/1421
f 1417/1417/1422 1412/1412/1417 1411/1411/1416
f 1417/1417/1422 1418/1418/1423 1412/1412/1417
f 1412/1412/1417 1418/1418/1423 1202/1202/1207
f 1418/1418/1423 1419/1419/1424 1420/1420/1425
f 1421/1421/1426 1419/1419/1424 1418/1418/1423
f 1208/1208/1213 1205/1205/1210 1418/1418/1423
f 1418/1418/1423 1205/1205/1210 1202/1202/1207
f 1422/1422/1427 1423/1423/1428 1424/1424/1429
f 1425/1425/1430 1424/1424/1429 1426/1426/1431
f 1423/1423/1428 1427/1427/1432 1426/1426/1431
f 1201/1201/1206 1428/1428/1433 1422/1422/1427
f 1427/1427/1432 1428/1428/1433 1429/1429/1434
f 1429/1429/1434 1217/1217/1222 1430/1430/1435
f 1431/1431/1436 1420/1420/1425 1419/1419/1424
f 1431/1431/1436 1432/1432/1437 1420/1420/1425
f 1420/1420/1425 1432/1432/1437 1209/1209/1214
f 1222/1222/1227 1213/1213/1218 1433/1433/1438
f 1433/1433/1438 1213/1213/1218 1212/1212/1217
f 1434/1434/1439 1435/1435/1440 1436/1436/1441
f 1435/1435/1440 1437/1437/1442 1438/1438/1443
f 1439/1439/1444 1440/1440/1445 1434/1434/1439
f 1437/1437/1442 1440/1440/1445 1219/1219/1224
f 1441/1441/1446 1442/1442/1447 1223/1223/1228
f 1443/1443/1448 1444/1444/1449 1445/1445/1450
f 1443/1443/1448 1219/1219/1224 1444/1444/1449
f 1230/1230/1235 1442/1442/1447 1441/1441/1446
f 1446/1446/1451 1447/1447/1452 1448/1448/1453
f 1235/1235/1240 1449/1449/1454 1448/1448/1453
f 1450/1450/1455 1449/1449/1454 1451/1451/1456
f 1451/1451/1456 1449/1449/1454 1245/1245/1250
f 1237/1237/1242 1452/1452/1457 1453/1453/1458
f 1454/1454/1459 1455/1455/1460 1237/1237/1242
f 1456/1456/1461 1242/1242/1247 1241/1241/1246
f 1451/1451/1456 1457/1457/1462 1450/1450/1455
f 1458/1458/1463 1450/1450/1455 1457/1457/1462
f 1246/1246/1251 1459/1459/1464 1451/1451/1456
f 1458/1458/1463 1457/1457/1462 1460/1460/1465
f 1460/1460/1465 1457/1457/1462 1459/1459/1464
f 1461/1461/1466 1462/1462/1467 1463/1463/1468
f 1243/1243/1248 1242/1242/1247 1456/1456/1461
f 1463/1463/1468 1462/1462/1467 1251/1251/1256
f 1464/1464/1469 1465/1465/1470 1466/1466/1471
f 1464/1464/1469 1249/1249/1254 1467/1467/1472
f 1468/1468/1473 1465/1465/1470 1469/1469/1474
f 1469/1469/1474 1465/1465/1470 1467/1467/1472
f 1469/1469/1474 1467/1467/1472 1470/1470/1475
f 1471/1471/1476 1472/1472/1477 1473/1473/1478
f 1471/1471/1476 1268/1268/1273 1474/1474/1479
f 1475/1475/1480 1476/1476/1481 1468/1468/1473
f 1476/1476/1481 1477/1477/1482 1478/1478/1483
f 1470/1470/1475 1261/1261/1266 1262/1262/1267
f 1475/1475/1480 1470/1470/1475 1479/1479/1484
f 1475/1475/1480 1479/1479/1484 1476/1476/1481
f 1271/1271/1276 1480/1480/1485 1479/1479/1484
f 1481/1481/1486 1477/1477/1482 1480/1480/1485
f 1480/1480/1485 1273/1273/1278 1482/1482/1487
f 1271/1271/1276 1273/1273/1278 1480/1480/1485
f 1483/1483/1488 1484/1484/1489 1473/1473/1478
f 1484/1484/1489 1485/1485/1490 1275/1275/1280
f 1486/1486/1491 1481/1481/1486 1482/1482/1487
f 1482/1482/1487 1487/1487/1492 1486/1486/1491
f 1482/1482/1487 1273/1273/1278 1276/1276/1281
f 1276/1276/1281 1487/1487/1492 1482/1482/1487
f 1487/1487/1492 1277/1277/1282 1488/1488/1493
f 1276/1276/1281 1277/1277/1282 1487/1487/1492
f 1489/1489/1494 1280/1280/1285 1485/1485/1490
f 1490/1490/1495 1491/1491/1496 1489/1489/1494
f 1489/1489/1494 1492/1492/1497 1280/1280/1285
f 1493/1493/1498 1487/1487/1492 1488/1488/1493
f 1488/1488/1493 1494/1494/1499 1493/1493/1498
f 1488/1488/1493 1277/1277/1282 1282/1282/1287
f 1282/1282/1287 1494/1494/1499 1488/1488/1493
f 1494/1494/1499 1495/1495/1500 1496/1496/1501
f 1493/1493/1498 1494/1494/1499 1496/1496/1501
f 1494/1494/1499 1285/1285/1290 1495/1495/1500
f 1282/1282/1287 1285/1285/1290 1494/1494/1499
f 1497/1497/1502 1498/1498/1503 1490/1490/1495
f 1498/1498/1503 1286/1286/1291 1492/1492/1497
f 1499/1499/1504 1498/1498/1503 1497/1497/1502
f 1498/1498/1503 1499/1499/1504 1500/1500/1505
f 1498/1498/1503 1500/1500/1505 1287/1287/1292
f 1498/1498/1503 1287/1287/1292 1286/1286/1291
f 1501/1501/1506 1496/1496/1501 1495/1495/1500
f 1495/1495/1500 1502/1502/1507 1501/1501/1506
f 1495/1495/1500 1285/1285/1290 1289/1289/1294
f 1289/1289/1294 1502/1502/1507 1495/1495/1500
f 1502/1502/1507 1503/1503/1508 1504/1504/1509
f 1501/1501/1506 1502/1502/1507 1504/1504/1509
f 1505/1505/1510 1500/1500/1505 1506/1506/1511
f 1293/1293/1298 1500/1500/1505 1505/1505/1510
f 1505/1505/1510 1507/1507/1512 1293/1293/1298
f 1508/1508/1513 1504/1504/1509 1503/1503/1508
f 1503/1503/1508 1509/1509/1514 1508/1508/1513
f 1295/1295/1300 1509/1509/1514 1503/1503/1508
f 1509/1509/1514 1510/1510/1515 1511/1511/1516
f 1508/1508/1513 1509/1509/1514 1511/1511/1516
f 1509/1509/1514 1297/1297/1302 1510/1510/1515
f 1295/1295/1300 1297/1297/1302 1509/1509/1514
f 1512/1512/1517 1298/1298/1303 1505/1505/1510
f 1505/1505/1510 1298/1298/1303 1107/1107/1112
f 1513/1513/1518 1511/1511/1516 1510/1510/1515
f 1510/1510/1515 1514/1514/1519 1513/1513/1518
f 1304/1304/1309 1514/1514/1519 1510/1510/1515
f 1513/1513/1518 1514/1514/1519 1515/1515/1520
f 1516/1516/1521 1517/1517/1522 1298/1298/1303
f 1305/1305/1310 1299/1299/1304 1298/1298/1303
f 1298/1298/1303 1517/1517/1522 1305/1305/1310
f 1517/1517/1522 1516/1516/1521 1518/1518/1523
f 1518/1518/1523 1307/1307/1312 1517/1517/1522
f 1517/1517/1522 1307/1307/1312 1305/1305/1310
f 1519/1519/1524 1520/1520/1525 1521/1521/1526
f 1522/1522/1527 1523/1523/1528 1524/1524/1529
f 1310/1310/1315 1523/1523/1528 1522/1522/1527
f 1525/1525/1530 1523/1523/1528 1526/1526/1531
f 1310/1310/1315 1521/1521/1526 1523/1523/1528
f 1527/1527/1532 1518/1518/1523 1516/1516/1521
f 1528/1528/1533 1529/1529/1534 1518/1518/1523
f 1317/1317/1322 1307/1307/1312 1518/1518/1523
f 1518/1518/1523 1529/1529/1534 1317/1317/1322
f 1530/1530/1535 1531/1531/1536 1528/1528/1533
f 1532/1532/1537 1314/1314/1319 1529/1529/1534
f 1322/1322/1327 1533/1533/1538 1323/1323/1328
f 1526/1526/1531 1534/1534/1539 1525/1525/1530
f 1535/1535/1540 1525/1525/1530 1534/1534/1539
f 1526/1526/1531 1536/1536/1541 1534/1534/1539
f 1533/1533/1538 1534/1534/1539 1536/1536/1541
f 1537/1537/1542 1531/1531/1536 1530/1530/1535
f 1538/1538/1543 1539/1539/1544 1540/1540/1545
f 1541/1541/1546 1314/1314/1319 1532/1532/1537
f 1542/1542/1547 1543/1543/1548 1539/1539/1544
f 1330/1330/1335 1542/1542/1547 1336/1336/1341
f 1544/1544/1549 1545/1545/1550 1539/1539/1544
f 1539/1539/1544 1545/1545/1550 1546/1546/1551
f 1336/1336/1341 1539/1539/1544 1547/1547/1552
f 1337/1337/1342 1548/1548/1553 1549/1549/1554
f 1547/1547/1552 1550/1550/1555 1548/1548/1553
f 1551/1551/1556 1552/1552/1557 1533/1533/1538
f 1553/1553/1558 1551/1551/1556 1533/1533/1538
f 1554/1554/1559 1555/1555/1559 1556/1556/1559
f 1557/1557/1560 1558/1558/1561 1559/1559/1562
f 1560/1560/1563 1561/1561/1564 1562/1562/1565
f 1563/1563/1566 1564/1564/1567 1565/1565/1568
f 1355/1355/1360 1564/1564/1569 1563/1563/1570
f 1566/1566/1571 1567/1567/1572 1568/1568/1573
f 1560/1560/1563 1569/1569/1574 1568/1568/1573
f 1561/1561/1564 1568/1568/1573 1570/1570/1575
f 1570/1570/1575 1345/1345/1350 1571/1571/1576
f 1571/1571/1576 1561/1561/1564 1570/1570/1575
f 1572/1572/1577 1558/1558/1561 1573/1573/1578
f 1573/1573/1578 1558/1558/1561 1574/1574/1579
f 1574/1574/1579 1575/1575/1580 1576/1576/1581
f 1575/1575/1580 1577/1577/1582 1576/1576/1581
f 1558/1558/1561 1355/1355/1360 1574/1574/1579
f 1574/1574/1579 1355/1355/1360 1356/1356/1362
f 1356/1356/1362 1363/1363/1583 1574/1574/1579
f 1363/1363/1583 1575/1575/1580 1574/1574/1579
f 1578/1578/1584 1579/1579/1585 1580/1580/1586
f 1581/1581/1587 1579/1579/1585 1582/1582/1588
f 1583/1583/1589 1567/1567/1572 1566/1566/1571
f 1583/1583/1589 1584/1584/1590 1567/1567/1572
f 1369/1369/1373 1345/1345/1350 1567/1567/1572
f 1567/1567/1572 1584/1584/1590 1369/1369/1373
f 1585/1585/1591 1584/1584/1590 1583/1583/1589
f 1584/1584/1590 1370/1370/1374 1369/1369/1373
f 1586/1586/1592 1587/1587/1593 1588/1588/1594
f 1589/1589/1595 1373/1373/1378 1587/1587/1593
f 1590/1590/1596 1587/1587/1593 1374/1374/1379
f 1591/1591/1597 1592/1592/1598 1585/1585/1591
f 1591/1591/1597 1593/1593/1599 1592/1592/1598
f 1376/1376/1381 1370/1370/1374 1592/1592/1598
f 1592/1592/1598 1593/1593/1599 1376/1376/1381
f 1591/1591/1597 1594/1594/1600 1595/1595/1601
f 1386/1386/1391 1378/1378/1383 1593/1593/1599
f 1593/1593/1599 1378/1378/1383 1376/1376/1381
f 1596/1596/1602 1597/1597/1603 1598/1598/1604
f 1382/1382/1387 1597/1597/1603 1596/1596/1602
f 1598/1598/1604 1597/1597/1603 1599/1599/1605
f 1597/1597/1603 1383/1383/1388 1600/1600/1606
f 1601/1601/1607 1595/1595/1601 1594/1594/1600
f 1601/1601/1607 1602/1602/1608 1595/1595/1601
f 1595/1595/1601 1602/1602/1608 1386/1386/1391
f 1600/1600/1606 1603/1603/1609 1604/1604/1610
f 1600/1600/1606 1383/1383/1388 1389/1389/1394
f 1389/1389/1394 1603/1603/1609 1600/1600/1606
f 1603/1603/1609 1605/1605/1611 1606/1606/1612
f 1604/1604/1610 1603/1603/1609 1606/1606/1612
f 1603/1603/1609 1391/1391/1396 1605/1605/1611
f 1389/1389/1394 1391/1391/1396 1603/1603/1609
f 1607/1607/1613 1608/1608/1614 1609/1609/1615
f 1609/1609/1615 1610/1610/1616 1607/1607/1613
f 1605/1605/1611 1395/1395/1400 1606/1606/1612
f 1605/1605/1611 1391/1391/1396 1390/1390/1395
f 1390/1390/1395 1395/1395/1400 1605/1605/1611
f 1395/1395/1400 1611/1611/1617 1612/1612/1618
f 1606/1606/1612 1395/1395/1400 1612/1612/1618
f 1611/1611/1617 1395/1395/1400 1400/1400/1405
f 1613/1613/1619 1614/1614/1620 1615/1615/1621
f 1612/1612/1618 1613/1613/1619 1615/1615/1621
f 1613/1613/1619 1402/1402/1407 1614/1614/1620
f 1616/1616/1622 1617/1617/1623 1618/1618/1624
f 1615/1615/1621 1614/1614/1620 1619/1619/1625
f 1614/1614/1620 1404/1404/1409 1620/1620/1626
f 1620/1620/1626 1621/1621/1627 1622/1622/1628
f 1620/1620/1626 1406/1406/1411 1621/1621/1627
f 1404/1404/1409 1406/1406/1411 1620/1620/1626
f 1623/1623/1629 1624/1624/1630 1625/1625/1631
f 1625/1625/1631 1624/1624/1630 1626/1626/1632
f 1627/1627/1633 1628/1628/1634 1629/1629/1635
f 1417/1417/1422 1411/1411/1416 1624/1624/1630
f 1624/1624/1630 1411/1411/1416 1410/1410/1415
f 1630/1630/1636 1631/1631/1637 1632/1632/1638
f 1631/1631/1637 1622/1622/1628 1621/1621/1627
f 1621/1621/1627 1633/1633/1639 1632/1632/1638
f 1621/1621/1627 1406/1406/1411 1415/1415/1420
f 1415/1415/1420 1634/1634/1640 1621/1621/1627
f 1633/1633/1639 1635/1635/1641 1636/1636/1642
f 1630/1630/1636 1632/1632/1638 1636/1636/1642
f 1637/1637/1643 1633/1633/1639 1634/1634/1640
f 1637/1637/1643 1634/1634/1640 1638/1638/1644
f 1639/1639/1645 1640/1640/1646 1627/1627/1633
f 1627/1627/1633 1640/1640/1646 1417/1417/1422
f 1641/1641/1647 1636/1636/1642 1635/1635/1641
f 1635/1635/1641 1642/1642/1648 1641/1641/1647
f 1638/1638/1644 1643/1643/1649 1424/1424/1429
f 1644/1644/1650 1638/1638/1644 1635/1635/1641
f 1425/1425/1430 1642/1642/1648 1635/1635/1641
f 1641/1641/1647 1642/1642/1648 1645/1645/1651
f 1642/1642/1648 1436/1436/1441 1646/1646/1652
f 1425/1425/1430 1436/1436/1441 1642/1642/1648
f 1431/1431/1436 1419/1419/1424 1421/1421/1426
f 1646/1646/1652 1647/1647/1653 1648/1648/1654
f 1438/1438/1443 1647/1647/1653 1646/1646/1652
f 1649/1649/1655 1650/1650/1656 1651/1651/1657
f 1445/1445/1450 1650/1650/1656 1649/1649/1655
f 1650/1650/1656 1652/1652/1658 1653/1653/1659
f 1651/1651/1657 1650/1650/1656 1653/1653/1659
f 1654/1654/1660 1655/1655/1661 1656/1656/1662
f 1656/1656/1662 1655/1655/1661 1657/1657/1663
f 1658/1658/1664 1653/1653/1659 1652/1652/1658
f 1652/1652/1658 1659/1659/1665 1658/1658/1664
f 1446/1446/1451 1659/1659/1665 1652/1652/1658
f 1659/1659/1665 1660/1660/1666 1661/1661/1667
f 1662/1662/1668 1658/1658/1664 1661/1661/1667
f 1663/1663/1669 1664/1664/1670 1655/1655/1661
f 1664/1664/1670 1665/1665/1671 1655/1655/1661
f 1666/1666/1672 1661/1661/1667 1660/1660/1666
f 1660/1660/1666 1667/1667/1673 1666/1666/1672
f 1458/1458/1463 1667/1667/1673 1660/1660/1666
f 1667/1667/1673 1668/1668/1674 1669/1669/1675
f 1666/1666/1672 1667/1667/1673 1669/1669/1675
f 1670/1670/1676 1671/1671/1677 1672/1672/1678
f 1672/1672/1678 1671/1671/1677 1461/1461/1466
f 1673/1673/1679 1674/1674/1680 1668/1668/1674
f 1466/1466/1471 1674/1674/1680 1673/1673/1679
f 1675/1675/1681 1676/1676/1682 1677/1677/1683
f 1677/1677/1683 1676/1676/1682 1678/1678/1684
f 1679/1679/1685 1680/1680/1686 1681/1681/1687
f 1682/1682/1688 1472/1472/1477 1471/1471/1476
f 1683/1683/1689 1684/1684/1690 1685/1685/1691
f 1478/1478/1483 1686/1686/1692 1683/1683/1689
f 1687/1687/1693 1684/1684/1690 1686/1686/1692
f 1687/1687/1693 1686/1686/1692 1688/1688/1694
f 1689/1689/1695 1481/1481/1486 1688/1688/1694
f 1681/1681/1687 1690/1690/1696 1682/1682/1688
f 1473/1473/1478 1472/1472/1477 1682/1682/1688
f 1690/1690/1696 1483/1483/1488 1473/1473/1478
f 1691/1691/1697 1692/1692/1698 1693/1693/1699
f 1692/1692/1698 1694/1694/1700 1695/1695/1701
f 1688/1688/1694 1481/1481/1486 1486/1486/1491
f 1691/1691/1697 1688/1688/1694 1692/1692/1698
f 1486/1486/1491 1694/1694/1700 1692/1692/1698
f 1486/1486/1491 1487/1487/1492 1694/1694/1700
f 1483/1483/1488 1696/1696/1702 1489/1489/1494
f 1696/1696/1702 1490/1490/1495 1489/1489/1494
f 1694/1694/1700 1697/1697/1703 1698/1698/1704
f 1697/1697/1703 1699/1699/1705 1698/1698/1704
f 1697/1697/1703 1493/1493/1498 1699/1699/1705
f 1698/1698/1704 1699/1699/1705 1700/1700/1706
f 1701/1701/1707 1497/1497/1502 1490/1490/1495
f 1701/1701/1707 1499/1499/1504 1497/1497/1502
f 1702/1702/1708 1496/1496/1501 1501/1501/1506
f 1501/1501/1506 1703/1703/1709 1702/1702/1708
f 1703/1703/1709 1704/1704/1710 1705/1705/1711
f 1703/1703/1709 1504/1504/1509 1704/1704/1710
f 1501/1501/1506 1504/1504/1509 1703/1703/1709
f 1706/1706/1712 1500/1500/1505 1499/1499/1504
f 1707/1707/1713 1705/1705/1711 1704/1704/1710
f 1704/1704/1710 1708/1708/1714 1707/1707/1713
f 1704/1704/1710 1504/1504/1509 1508/1508/1513
f 1508/1508/1513 1708/1708/1714 1704/1704/1710
f 1708/1708/1714 1709/1709/1715 1710/1710/1716
f 1707/1707/1713 1708/1708/1714 1710/1710/1716
f 1708/1708/1714 1511/1511/1516 1709/1709/1715
f 1508/1508/1513 1511/1511/1516 1708/1708/1714
f 1711/1711/1717 1512/1512/1517 1506/1506/1511
f 1712/1712/1718 1710/1710/1716 1709/1709/1715
f 1709/1709/1715 1713/1713/1719 1712/1712/1718
f 1709/1709/1715 1511/1511/1516 1513/1513/1518
f 1513/1513/1518 1713/1713/1719 1709/1709/1715
f 1712/1712/1718 1713/1713/1719 1714/1714/1720
f 1513/1513/1518 1515/1515/1520 1713/1713/1719
f 1715/1715/1721 1716/1716/1722 1717/1717/1723
f 1717/1717/1723 1716/1716/1722 1516/1516/1521
f 1716/1716/1722 1715/1715/1721 1718/1718/1724
f 1713/1713/1719 1719/1719/1725 1714/1714/1720
f 1524/1524/1529 1719/1719/1725 1713/1713/1719
f 1720/1720/1726 1718/1718/1724 1715/1715/1721
f 1720/1720/1726 1721/1721/1727 1718/1718/1724
f 1527/1527/1532 1516/1516/1521 1718/1718/1724
f 1718/1718/1724 1721/1721/1727 1527/1527/1532
f 1720/1720/1726 1722/1722/1728 1721/1721/1727
f 1721/1721/1727 1722/1722/1728 1723/1723/1729
f 1721/1721/1727 1530/1530/1535 1527/1527/1532
f 1723/1723/1729 1530/1530/1535 1721/1721/1727
f 1535/1535/1540 1724/1724/1730 1725/1725/1731
f 1726/1726/1732 1725/1725/1731 1724/1724/1730
f 1727/1727/1733 1724/1724/1730 1535/1535/1540
f 1723/1723/1729 1722/1722/1728 1728/1728/1734
f 1729/1729/1735 1730/1730/1736 1731/1731/1737
f 1732/1732/1738 1722/1722/1728 1733/1733/1739
f 1723/1723/1729 1734/1734/1740 1530/1530/1535
f 1735/1735/1741 1545/1545/1550 1544/1544/1549
f 1723/1723/1729 1728/1728/1734 1734/1734/1740
f 1729/1729/1735 1736/1736/1742 1730/1730/1736
f 1737/1737/1743 1736/1736/1742 1738/1738/1744
f 1739/1739/1745 1737/1737/1743 1740/1740/1746
f 1740/1740/1746 1741/1741/1747 1742/1742/1748
f 1727/1727/1733 1743/1743/1749 1744/1744/1750
f 1744/1744/1751 1745/1745/1751 1746/1746/1751
f 1743/1743/1749 1747/1747/1752 1748/1748/1753
f 1749/1749/1754 1750/1750/1755 1751/1751/1756
f 1752/1752/1757 1750/1750/1755 1749/1749/1754
f 1753/1753/1758 1754/1754/1759 1755/1755/1760
f 1572/1572/1577 1756/1756/1761 1757/1757/1762
f 1758/1758/1763 1754/1754/1759 1569/1569/1574
f 1759/1759/1764 1760/1760/1765 1761/1761/1766
f 1753/1753/1758 1762/1762/1767 1761/1761/1766
f 1754/1754/1759 1761/1761/1766 1763/1763/1768
f 1763/1763/1768 1566/1566/1571 1754/1754/1759
f 1764/1764/1769 1752/1752/1757 1765/1765/1770
f 1765/1765/1770 1752/1752/1757 1766/1766/1771
f 1767/1767/1772 1768/1768/1773 1769/1769/1774
f 1768/1768/1773 1770/1770/1775 1769/1769/1774
f 1752/1752/1757 1572/1572/1577 1766/1766/1771
f 1766/1766/1771 1572/1572/1577 1573/1573/1578
f 1576/1576/1581 1577/1577/1582 1767/1767/1772
f 1577/1577/1582 1768/1768/1773 1767/1767/1772
f 1768/1768/1773 1771/1771/1776 1772/1772/1777
f 1773/1773/1778 1774/1774/1779 1775/1775/1780
f 1773/1773/1778 1586/1586/1592 1776/1776/1781
f 1777/1777/1782 1760/1760/1765 1759/1759/1764
f 1777/1777/1782 1778/1778/1783 1760/1760/1765
f 1583/1583/1589 1566/1566/1571 1760/1760/1765
f 1760/1760/1765 1778/1778/1783 1583/1583/1589
f 1778/1778/1783 1585/1585/1591 1583/1583/1589
f 1773/1773/1778 1779/1779/1784 1780/1780/1785
f 1779/1779/1784 1776/1776/1781 1781/1781/1786
f 1586/1586/1592 1588/1588/1594 1776/1776/1781
f 1782/1782/1787 1776/1776/1781 1783/1783/1788
f 1784/1784/1789 1585/1585/1591 1778/1778/1783
f 1784/1784/1789 1594/1594/1600 1585/1585/1591
f 1585/1585/1591 1594/1594/1600 1591/1591/1597
f 1784/1784/1789 1785/1785/1790 1786/1786/1791
f 1787/1787/1792 1788/1788/1793 1789/1789/1794
f 1787/1787/1792 1783/1783/1788 1598/1598/1604
f 1598/1598/1604 1788/1788/1793 1787/1787/1792
f 1788/1788/1793 1599/1599/1605 1790/1790/1795
f 1598/1598/1604 1599/1599/1605 1788/1788/1793
f 1791/1791/1796 1792/1792/1797 1594/1594/1600
f 1594/1594/1600 1792/1792/1797 1601/1601/1607
f 1793/1793/1798 1788/1788/1793 1790/1790/1795
f 1790/1790/1795 1794/1794/1799 1793/1793/1798
f 1790/1790/1795 1599/1599/1605 1604/1604/1610
f 1604/1604/1610 1794/1794/1799 1790/1790/1795
f 1794/1794/1799 1795/1795/1800 1796/1796/1801
f 1793/1793/1798 1794/1794/1799 1796/1796/1801
f 1794/1794/1799 1606/1606/1612 1795/1795/1800
f 1604/1604/1610 1606/1606/1612 1794/1794/1799
f 1797/1797/1802 1798/1798/1803 1610/1610/1616
f 1799/1799/1804 1798/1798/1803 1800/1800/1805
f 1799/1799/1804 1801/1801/1806 1798/1798/1803
f 1796/1796/1801 1795/1795/1800 1802/1802/1807
f 1802/1802/1807 1803/1803/1808 1804/1804/1809
f 1796/1796/1801 1802/1802/1807 1804/1804/1809
f 1802/1802/1807 1612/1612/1618 1803/1803/1808
f 1804/1804/1809 1803/1803/1808 1805/1805/1810
f 1803/1803/1808 1806/1806/1811 1805/1805/1810
f 1612/1612/1618 1806/1806/1811 1803/1803/1808
f 1806/1806/1811 1807/1807/1812 1808/1808/1813
f 1805/1805/1810 1806/1806/1811 1808/1808/1813
f 1806/1806/1811 1615/1615/1621 1807/1807/1812
f 1612/1612/1618 1615/1615/1621 1806/1806/1811
f 1809/1809/1814 1810/1810/1815 1616/1616/1622
f 1808/1808/1813 1807/1807/1812 1811/1811/1816
f 1807/1807/1812 1812/1812/1817 1811/1811/1816
f 1807/1807/1812 1615/1615/1621 1619/1619/1625
f 1619/1619/1625 1812/1812/1817 1807/1807/1812
f 1812/1812/1817 1813/1813/1818 1814/1814/1819
f 1812/1812/1817 1622/1622/1628 1813/1813/1818
f 1815/1815/1820 1816/1816/1821 1817/1817/1822
f 1817/1817/1822 1816/1816/1821 1623/1623/1629
f 1816/1816/1821 1818/1818/1823 1819/1819/1824
f 1820/1820/1825 1818/1818/1823 1816/1816/1821
f 1821/1821/1826 1814/1814/1819 1813/1813/1818
f 1822/1822/1827 1823/1823/1828 1824/1824/1829
f 1813/1813/1818 1622/1622/1628 1631/1631/1637
f 1630/1630/1636 1823/1823/1828 1822/1822/1827
f 1825/1825/1830 1826/1826/1831 1827/1827/1832
f 1824/1824/1829 1825/1825/1830 1827/1827/1832
f 1825/1825/1830 1636/1636/1642 1826/1826/1831
f 1828/1828/1833 1829/1829/1834 1639/1639/1645
f 1830/1830/1835 1827/1827/1832 1826/1826/1831
f 1826/1826/1831 1831/1831/1836 1830/1830/1835
f 1826/1826/1831 1636/1636/1642 1641/1641/1647
f 1641/1641/1647 1831/1831/1836 1826/1826/1831
f 1831/1831/1836 1832/1832/1837 1833/1833/1838
f 1830/1830/1835 1831/1831/1836 1833/1833/1838
f 1831/1831/1836 1645/1645/1651 1832/1832/1837
f 1641/1641/1647 1645/1645/1651 1831/1831/1836
f 1834/1834/1839 1835/1835/1840 1836/1836/1841
f 1834/1834/1839 1837/1837/1842 1835/1835/1840
f 1832/1832/1837 1645/1645/1651 1648/1648/1654
f 1648/1648/1654 1838/1838/1843 1832/1832/1837
f 1838/1838/1843 1839/1839/1844 1840/1840/1845
f 1838/1838/1843 1841/1841/1846 1839/1839/1844
f 1842/1842/1847 1843/1843/1848 1834/1834/1839
f 1834/1834/1839 1843/1843/1848 1844/1844/1849
f 1845/1845/1850 1840/1840/1845 1839/1839/1844
f 1839/1839/1844 1846/1846/1851 1845/1845/1850
f 1839/1839/1844 1841/1841/1846 1651/1651/1657
f 1651/1651/1657 1847/1847/1852 1839/1839/1844
f 1848/1848/1853 1849/1849/1854 1850/1850/1855
f 1845/1845/1850 1848/1848/1853 1850/1850/1855
f 1847/1847/1852 1653/1653/1659 1851/1851/1856
f 1651/1651/1657 1653/1653/1659 1847/1847/1852
f 1852/1852/1857 1853/1853/1858 1854/1854/1859
f 1854/1854/1859 1853/1853/1858 1654/1654/1660
f 1851/1851/1856 1653/1653/1659 1658/1658/1664
f 1662/1662/1668 1855/1855/1860 1856/1856/1861
f 1857/1857/1862 1858/1858/1863 1859/1859/1864
f 1860/1860/1865 1861/1861/1866 1862/1862/1867
f 1862/1862/1867 1861/1861/1866 1863/1863/1868
f 1864/1864/1869 1861/1861/1866 1860/1860/1865
f 1865/1865/1870 1866/1866/1871 1858/1858/1863
f 1867/1867/1872 1859/1859/1864 1858/1858/1863
f 1866/1866/1871 1868/1868/1873 1867/1867/1872
f 1869/1869/1874 1661/1661/1667 1666/1666/1672
f 1865/1865/1875 1869/1869/1875 1866/1866/1875
f 1666/1666/1672 1870/1870/1876 1866/1866/1871
f 1868/1868/1873 1871/1871/1877 1872/1872/1878
f 1867/1867/1872 1868/1868/1873 1872/1872/1878
f 1870/1870/1876 1669/1669/1675 1871/1871/1877
f 1666/1666/1672 1669/1669/1675 1870/1870/1876
f 1873/1873/1879 1874/1874/1880 1864/1864/1869
f 1874/1874/1880 1672/1672/1678 1861/1861/1866
f 1875/1875/1881 1872/1872/1878 1871/1871/1877
f 1871/1871/1877 1876/1876/1882 1875/1875/1881
f 1871/1871/1877 1669/1669/1675 1668/1668/1674
f 1668/1668/1674 1876/1876/1882 1871/1871/1877
f 1876/1876/1882 1877/1877/1883 1878/1878/1884
f 1875/1875/1881 1876/1876/1882 1878/1878/1884
f 1879/1879/1885 1880/1880/1886 1881/1881/1887
f 1675/1675/1681 1880/1880/1886 1882/1882/1888
f 1877/1877/1883 1883/1883/1889 1878/1878/1884
f 1685/1685/1691 1883/1883/1889 1877/1877/1883
f 1884/1884/1890 1885/1885/1891 1886/1886/1892
f 1886/1886/1892 1885/1885/1891 1887/1887/1893
f 1888/1888/1894 1889/1889/1895 1885/1885/1891
f 1890/1890/1896 1891/1891/1897 1892/1892/1898
f 1893/1893/1899 1894/1894/1900 1892/1892/1898
f 1891/1891/1901 1895/1895/1902 1896/1896/1903
f 1897/1897/1904 1895/1895/1902 1890/1890/1896
f 1695/1695/1701 1694/1694/1700 1895/1895/1902
f 1898/1898/1905 1899/1899/1906 1889/1889/1895
f 1899/1899/1906 1696/1696/1702 1889/1889/1895
f 1900/1900/1907 1901/1901/1908 1696/1696/1702
f 1902/1902/1909 1903/1903/1910 1904/1904/1911
f 1903/1903/1910 1905/1905/1912 1904/1904/1911
f 1903/1903/1910 1694/1694/1700 1698/1698/1704
f 1698/1698/1704 1905/1905/1912 1903/1903/1910
f 1904/1904/1911 1905/1905/1912 1906/1906/1913
f 1905/1905/1912 1700/1700/1706 1906/1906/1913
f 1698/1698/1704 1700/1700/1706 1905/1905/1912
f 1900/1900/1907 1907/1907/1914 1901/1901/1908
f 1906/1906/1913 1700/1700/1706 1705/1705/1711
f 1908/1908/1915 1705/1705/1711 1909/1909/1916
f 1910/1910/1917 1911/1911/1918 1912/1912/1919
f 1913/1913/1920 1911/1911/1918 1914/1914/1921
f 1909/1909/1916 1915/1915/1922 1916/1916/1923
f 1909/1909/1916 1705/1705/1711 1707/1707/1713
f 1707/1707/1713 1915/1915/1922 1909/1909/1916
f 1916/1916/1923 1915/1915/1922 1917/1917/1924
f 1915/1915/1922 1710/1710/1716 1917/1917/1924
f 1707/1707/1713 1710/1710/1716 1915/1915/1922
f 1918/1918/1925 1711/1711/1717 1919/1919/1926
f 1918/1918/1925 1920/1920/1927 1711/1711/1717
f 1917/1917/1924 1921/1921/1928 1922/1922/1929
f 1917/1917/1924 1710/1710/1716 1712/1712/1718
f 1712/1712/1718 1921/1921/1928 1917/1917/1924
f 1921/1921/1928 1923/1923/1930 1924/1924/1931
f 1922/1922/1929 1921/1921/1928 1924/1924/1931
f 1921/1921/1928 1714/1714/1720 1923/1923/1930
f 1712/1712/1718 1714/1714/1720 1921/1921/1928
f 1925/1925/1932 1715/1715/1721 1926/1926/1933
f 1923/1923/1930 1927/1927/1934 1928/1928/1935
f 1714/1714/1720 1927/1927/1934 1923/1923/1930
f 1928/1928/1935 1927/1927/1934 1929/1929/1936
f 1930/1930/1937 1931/1931/1938 1925/1925/1932
f 1930/1930/1937 1932/1932/1939 1931/1931/1938
f 1931/1931/1938 1932/1932/1939 1720/1720/1726
f 1930/1930/1937 1933/1933/1940 1932/1932/1939
f 1932/1932/1939 1933/1933/1940 1934/1934/1941
f 1932/1932/1939 1722/1722/1728 1720/1720/1726
f 1935/1935/1942 1936/1936/1943 1929/1929/1936
f 1935/1935/1942 1725/1725/1731 1726/1726/1732
f 1935/1935/1942 1726/1726/1732 1936/1936/1943
f 1937/1937/1944 1936/1936/1943 1726/1726/1732
f 1934/1934/1941 1933/1933/1940 1938/1938/1945
f 1938/1938/1945 1939/1939/1946 1940/1940/1947
f 1941/1941/1948 1942/1942/1949 1733/1733/1739
f 1934/1934/1941 1938/1938/1945 1941/1941/1948
f 1943/1943/1950 1944/1944/1951 1945/1945/1952
f 1946/1946/1953 1947/1947/1954 1738/1738/1744
f 1948/1948/1955 1944/1944/1951 1949/1949/1956
f 1948/1948/1955 1950/1950/1957 1944/1944/1951
f 1951/1951/1958 1950/1950/1957 1952/1952/1959
f 1952/1952/1959 1953/1953/1960 1951/1951/1958
f 1738/1738/1744 1944/1944/1951 1950/1950/1957
f 1737/1737/1743 1738/1738/1744 1950/1950/1957
f 1740/1740/1746 1950/1950/1957 1741/1741/1747
f 1741/1741/1747 1950/1950/1957 1951/1951/1958
f 1937/1937/1944 1954/1954/1961 1955/1955/1962
f 1955/1955/1962 1956/1956/1963 1957/1957/1964
f 1958/1958/1965 1769/1769/1774 1959/1959/1966
f 1960/1960/1967 1961/1961/1968 1962/1962/1969
f 1963/1963/1970 1964/1964/1971 1965/1965/1972
f 1764/1764/1769 1966/1966/1973 1967/1967/1974
f 1968/1968/1975 1964/1964/1971 1762/1762/1767
f 1969/1969/1976 1970/1970/1977 1971/1971/1978
f 1963/1963/1970 1972/1972/1979 1969/1969/1976
f 1964/1964/1971 1971/1971/1978 1973/1973/1980
f 1973/1973/1980 1759/1759/1764 1964/1964/1971
f 1974/1974/1981 1961/1961/1968 1975/1975/1982
f 1975/1975/1982 1961/1961/1968 1958/1958/1965
f 1770/1770/1775 1976/1976/1983 1959/1959/1966
f 1961/1961/1968 1764/1764/1769 1958/1958/1965
f 1958/1958/1965 1764/1764/1769 1765/1765/1770
f 1977/1977/1984 1978/1978/1985 1979/1979/1986
f 1770/1770/1775 1980/1980/1987 1981/1981/1988
f 1770/1770/1775 1982/1982/1989 1983/1983/1990
f 1984/1984/1991 1985/1985/1992 1986/1986/1993
f 1987/1987/1994 1970/1970/1977 1969/1969/1976
f 1987/1987/1994 1988/1988/1995 1970/1970/1977
f 1777/1777/1782 1759/1759/1764 1989/1989/1996
f 1970/1970/1977 1988/1988/1995 1777/1777/1782
f 1990/1990/1997 1988/1988/1995 1987/1987/1994
f 1988/1988/1995 1778/1778/1783 1777/1777/1782
f 1977/1977/1984 1991/1991/1998 1992/1992/1999
f 1779/1779/1784 1781/1781/1786 1991/1991/1998
f 1781/1781/1786 1992/1992/1999 1991/1991/1998
f 1993/1993/2000 1992/1992/1999 1994/1994/2001
f 1994/1994/2001 1992/1992/1999 1995/1995/2002
f 1995/1995/2002 1996/1996/2003 1997/1997/2004
f 1998/1998/2005 1784/1784/1789 1990/1990/1997
f 1784/1784/1789 1778/1778/1783 1990/1990/1997
f 1998/1998/2005 1999/1999/2006 2000/2000/2007
f 2001/2001/2008 1994/1994/2001 1997/1997/2004
f 1997/1997/2004 2002/2002/2009 2001/2001/2008
f 1997/1997/2004 1996/1996/2003 1789/1789/1794
f 1789/1789/1794 2002/2002/2009 1997/1997/2004
f 2001/2001/2008 2002/2002/2009 2003/2003/2010
f 2002/2002/2009 1788/1788/1793 2003/2003/2010
f 1789/1789/1794 1788/1788/1793 2002/2002/2009
f 2004/2004/2011 1791/1791/1796 1785/1785/1790
f 2003/2003/2010 2005/2005/2012 2006/2006/2013
f 2003/2003/2010 1788/1788/1793 1793/1793/1798
f 1793/1793/1798 2005/2005/2012 2003/2003/2010
f 2005/2005/2012 2007/2007/2014 2008/2008/2015
f 2006/2006/2013 2005/2005/2012 2008/2008/2015
f 2005/2005/2012 1796/1796/1801 2007/2007/2014
f 1793/1793/1798 1796/1796/1801 2005/2005/2012
f 2009/2009/2016 2010/2010/2017 1798/1798/1803
f 1796/1796/1801 1804/1804/1809 2011/2011/2018
f 2011/2011/2018 1804/1804/1809 2012/2012/2019
f 1804/1804/1809 2013/2013/2020 2012/2012/2019
f 1805/1805/1810 2013/2013/2020 1804/1804/1809
f 2013/2013/2020 2014/2014/2021 2012/2012/2019
f 2013/2013/2020 1808/1808/1813 2014/2014/2021
f 1805/1805/1810 1808/1808/1813 2013/2013/2020
f 2015/2015/2022 2016/2016/2023 1809/1809/1814
f 2017/2017/2024 2016/2016/2023 2018/2018/2025
f 2012/2012/2019 2014/2014/2021 2019/2019/2026
f 2014/2014/2021 2020/2020/2027 2019/2019/2026
f 2014/2014/2021 1808/1808/1813 1811/1811/1816
f 1811/1811/1816 2020/2020/2027 2014/2014/2021
f 2019/2019/2026 2020/2020/2027 2021/2021/2028
f 1811/1811/1816 1814/1814/1819 2020/2020/2027
f 2022/2022/2029 2023/2023/2030 2024/2024/2031
f 2023/2023/2030 2025/2025/2032 2026/2026/2033
f 2022/2022/2029 2025/2025/2032 2023/2023/2030
f 2023/2023/2030 1820/1820/1825 2024/2024/2031
f 2027/2027/2034 2021/2021/2028 2028/2028/2035
f 2028/2028/2035 2029/2029/2036 2030/2030/2037
f 2031/2031/2038 1814/1814/1819 1821/1821/1826
f 1824/1824/1829 2029/2029/2036 2028/2028/2035
f 2029/2029/2036 2032/2032/2039 2033/2033/2040
f 2030/2030/2037 2029/2029/2036 2033/2033/2040
f 2029/2029/2036 1827/1827/1832 2032/2032/2039
f 1824/1824/1829 1827/1827/1832 2029/2029/2036
f 1819/1819/1824 1818/1818/1823 1820/1820/1825
f 2034/2034/2041 2035/2035/2042 1829/1829/1834
f 2036/2036/2043 2033/2033/2040 2032/2032/2039
f 2032/2032/2039 1827/1827/1832 1830/1830/1835
f 2037/2037/2044 1833/1833/1838 2038/2038/2045
f 2039/2039/2046 2040/2040/2047 2041/2041/2048
f 2038/2038/2045 1833/1833/1838 2042/2042/2049
f 1833/1833/1838 2043/2043/2050 2042/2042/2049
f 2044/2044/2051 2043/2043/2050 1833/1833/1838
f 2042/2042/2049 2043/2043/2050 2045/2045/2052
f 2044/2044/2051 1840/1840/1845 2043/2043/2050
f 2046/2046/2053 2047/2047/2054 2048/2048/2055
f 2048/2048/2055 2047/2047/2054 1842/1842/1847
f 2049/2049/2056 1840/1840/1845 1845/1845/1850
f 1845/1845/1850 2050/2050/2057 2049/2049/2056
f 2050/2050/2057 2051/2051/2058 2052/2052/2059
f 2053/2053/2060 2050/2050/2057 2052/2052/2059
f 2050/2050/2057 1850/1850/1855 2051/2051/2058
f 2054/2054/2061 2055/2055/2062 2056/2056/2063
f 2056/2056/2063 2055/2055/2062 1852/1852/1857
f 2052/2052/2059 2051/2051/2058 2057/2057/2064
f 2051/2051/2058 2058/2058/2065 2057/2057/2064
f 2051/2051/2058 1850/1850/1855 2059/2059/2066
f 2059/2059/2066 2058/2058/2065 2051/2051/2058
f 2058/2058/2065 2060/2060/2067 2057/2057/2064
f 2058/2058/2065 1859/1859/1864 2060/2060/2067
f 2059/2059/2066 1859/1859/1864 2058/2058/2065
f 2061/2061/2068 2062/2062/2069 2063/2063/2070
f 2064/2064/2071 2065/2065/2072 2062/2062/2069
f 2062/2062/2069 2065/2065/2072 1860/1860/1865
f 2066/2066/2073 2065/2065/2072 2064/2064/2071
f 2065/2065/2072 2066/2066/2073 2067/2067/2074
f 2065/2065/2072 2067/2067/2074 1864/1864/1869
f 2065/2065/2072 1864/1864/1869 1860/1860/1865
f 2057/2057/2064 2060/2060/2067 2068/2068/2075
f 2060/2060/2067 1867/1867/1872 2069/2069/2076
f 1867/1867/1872 1872/1872/1878 2069/2069/2076
f 2070/2070/2077 1873/1873/1879 1864/1864/1869
f 2070/2070/2077 2071/2071/2078 1873/1873/1879
f 2072/2072/2079 2073/2073/2080 2070/2070/2077
f 2074/2074/2081 2075/2075/2082 2076/2076/2083
f 2075/2075/2082 1875/1875/1881 2077/2077/2084
f 2077/2077/2084 2078/2078/2085 2079/2079/2086
f 2077/2077/2084 1878/1878/1884 2078/2078/2085
f 1875/1875/1881 1878/1878/1884 2077/2077/2084
f 2080/2080/2087 2081/2081/2088 1880/1880/1886
f 2082/2082/2089 2081/2081/2088 2080/2080/2087
f 2081/2081/2088 2082/2082/2089 2083/2083/2090
f 2084/2084/2091 2079/2079/2086 2078/2078/2085
f 2078/2078/2085 2085/2085/2092 2084/2084/2091
f 1878/1878/1884 2085/2085/2092 2078/2078/2085
f 2086/2086/2093 2087/2087/2094 2088/2088/2095
f 2084/2084/2091 2086/2086/2093 2088/2088/2095
f 2086/2086/2093 1894/1894/1900 2087/2087/2094
f 2089/2089/2096 2083/2083/2090 2082/2082/2089
f 2089/2089/2096 2090/2090/2097 2083/2083/2090
f 2083/2083/2090 2090/2090/2097 1884/1884/1890
f 2091/2091/2098 2088/2088/2095 2087/2087/2094
f 2092/2092/2099 2093/2093/2100 2094/2094/2101
f 2087/2087/2094 1894/1894/1900 1893/1893/1899
f 1896/1896/2102 2093/2093/2100 2092/2092/2099
f 2095/2095/2103 2096/2096/2104 2090/2090/2097
f 2096/2096/2104 1898/1898/1905 2090/2090/2097
f 2096/2096/2104 2097/2097/2105 1899/1899/1906
f 2098/2098/2106 2099/2099/2107 2100/2100/2108
f 2099/2099/2107 2101/2101/2109 2100/2100/2108
f 2099/2099/2107 1902/1902/1909 1904/1904/1911
f 1904/1904/1911 2101/2101/2109 2099/2099/2107
f 2101/2101/2109 2102/2102/2110 2103/2103/2111
f 2100/2100/2108 2101/2101/2109 2103/2103/2111
f 2101/2101/2109 1906/1906/1913 2102/2102/2110
f 1904/1904/1911 1906/1906/1913 2101/2101/2109
f 2103/2103/2111 2102/2102/2110 2104/2104/2112
f 2102/2102/2110 2105/2105/2113 2104/2104/2112
f 2102/2102/2110 1906/1906/1913 2106/2106/2114
f 2106/2106/2114 2105/2105/2113 2102/2102/2110
f 2105/2105/2113 2107/2107/2115 2108/2108/2116
f 2104/2104/2112 2105/2105/2113 2108/2108/2116
f 2105/2105/2113 1909/1909/1916 2107/2107/2115
f 2106/2106/2114 1909/1909/1916 2105/2105/2113
f 2109/2109/2117 1914/1914/1921 2110/2110/2118
f 2111/2111/2119 2112/2112/2120 2109/2109/2117
f 2112/2112/2120 1913/1913/1920 1914/1914/1921
f 2108/2108/2116 2107/2107/2115 2113/2113/2121
f 2107/2107/2115 2114/2114/2122 2113/2113/2121
f 2114/2114/2122 2115/2115/2123 2116/2116/2124
f 2113/2113/2121 2114/2114/2122 2116/2116/2124
f 2114/2114/2122 1917/1917/1924 2115/2115/2123
f 2117/2117/2125 2112/2112/2120 2111/2111/2119
f 2117/2117/2125 2118/2118/2126 2112/2112/2120
f 2112/2112/2120 1918/1918/1925 1913/1913/1920
f 2112/2112/2120 2118/2118/2126 1918/1918/1925
f 2116/2116/2124 2115/2115/2123 2119/2119/2127
f 2115/2115/2123 2120/2120/2128 2119/2119/2127
f 2120/2120/2128 2121/2121/2129 2122/2122/2130
f 2120/2120/2128 1924/1924/1931 2121/2121/2129
f 1922/1922/1929 1924/1924/1931 2120/2120/2128
f 2123/2123/2131 2124/2124/2132 2125/2125/2133
f 2125/2125/2133 2124/2124/2132 1925/1925/1932
f 2124/2124/2132 2126/2126/2134 2127/2127/2135
f 2123/2123/2131 2126/2126/2134 2124/2124/2132
f 2127/2127/2135 1925/1925/1932 2124/2124/2132
f 2121/2121/2129 2128/2128/2136 2122/2122/2130
f 1928/1928/1935 2128/2128/2136 2121/2121/2129
f 2122/2122/2130 2128/2128/2136 2129/2129/2137
f 1928/1928/1935 1929/1929/1936 2128/2128/2136
f 2130/2130/2138 2127/2127/2135 2126/2126/2134
f 2130/2130/2138 2131/2131/2139 2127/2127/2135
f 1930/1930/1937 1925/1925/1932 2127/2127/2135
f 2127/2127/2135 2131/2131/2139 1930/1930/1937
f 2130/2130/2138 2132/2132/2140 2131/2131/2139
f 2131/2131/2139 2133/2133/2141 2134/2134/2142
f 2131/2131/2139 1933/1933/1940 1930/1930/1937
f 2134/2134/2142 1939/1939/1946 2131/2131/2139
f 1936/1936/1943 2135/2135/2143 2136/2136/2144
f 2137/2137/2145 2135/2135/2143 2138/2138/2146
f 2135/2135/2143 2139/2139/2147 2138/2138/2146
f 1936/1936/1943 2139/2139/2147 2135/2135/2143
f 2140/2140/2148 2141/2141/2149 2134/2134/2142
f 2140/2140/2148 2133/2133/2141 2142/2142/2150
f 2134/2134/2142 2143/2143/2151 1940/1940/1947
f 2144/2144/2152 2145/2145/2153 2146/2146/2154
f 2147/2147/2155 2146/2146/2154 2145/2145/2153
f 2148/2148/2156 2149/2149/2157 1949/1949/1956
f 2147/2147/2155 1949/1949/1956 2149/2149/2157
f 2150/2150/2158 2145/2145/2153 2151/2151/2159
f 2150/2150/2158 2152/2152/2160 2145/2145/2153
f 2153/2153/2161 2152/2152/2160 2154/2154/2162
f 2154/2154/2162 2155/2155/2163 2153/2153/2161
f 1948/1948/1955 1949/1949/1956 2152/2152/2160
f 1952/1952/1959 2152/2152/2160 1953/1953/1960
f 1953/1953/1960 2152/2152/2160 2153/2153/2161
f 2138/2138/2146 2156/2156/2164 2157/2157/2165
f 2157/2157/2165 2158/2158/2166 2159/2159/2167
f 2160/2160/2168 2161/2161/2169 2162/2162/2170
f 1974/1974/1981 2163/2163/2171 2164/2164/2172
f 2165/2165/2173 2166/2166/2174 2167/2167/2175
f 2165/2165/2173 2167/2167/2175 2168/2168/2176
f 2168/2168/2176 1969/1969/1976 1972/1972/1979
f 1972/1972/1979 2165/2165/2173 2168/2168/2176
f 2169/2169/2177 2161/2161/2169 2170/2170/2178
f 2170/2170/2178 2161/2161/2169 2171/2171/2179
f 2172/2172/2180 2173/2173/2181 2174/2174/2182
f 2173/2173/2181 2175/2175/2183 2174/2174/2182
f 2161/2161/2169 1974/1974/1981 2171/2171/2179
f 2171/2171/2179 1974/1974/1981 1975/1975/1982
f 1959/1959/1966 1976/1976/1983 2172/2172/2180
f 1976/1976/1983 2173/2173/2181 2172/2172/2180
f 2176/2176/2184 2177/2177/2185 2178/2178/2186
f 1976/1976/1983 2179/2179/2187 2180/2180/2188
f 2178/2178/2186 2177/2177/2185 2181/2181/2189
f 2182/2182/2190 2177/2177/2185 2183/2183/2191
f 2184/2184/2192 2185/2185/2193 2186/2186/2194
f 2186/2186/2194 2185/2185/2193 1987/1987/1994
f 2187/2187/2195 2185/2185/2193 2184/2184/2192
f 2185/2185/2193 1990/1990/1997 1987/1987/1994
f 2188/2188/2196 1993/1993/2000 2189/2189/2197
f 1993/1993/2000 2190/2190/2198 2189/2189/2197
f 2190/2190/2198 1994/1994/2001 2191/2191/2199
f 2192/2192/2200 2193/2193/2201 2187/2187/2195
f 2192/2192/2200 2194/2194/2202 2193/2193/2201
f 1998/1998/2005 1990/1990/1997 2193/2193/2201
f 2193/2193/2201 2194/2194/2202 1998/1998/2005
f 2194/2194/2202 2195/2195/2203 2196/2196/2204
f 2192/2192/2200 2195/2195/2203 2194/2194/2202
f 2194/2194/2202 1999/1999/2006 1998/1998/2005
f 2197/2197/2205 2189/2189/2197 2191/2191/2199
f 2191/2191/2199 2198/2198/2206 2197/2197/2205
f 2191/2191/2199 1994/1994/2001 2001/2001/2008
f 2001/2001/2008 2198/2198/2206 2191/2191/2199
f 2001/2001/2008 2003/2003/2010 2198/2198/2206
f 2199/2199/2207 2200/2200/2208 2201/2201/2209
f 2199/2199/2207 2008/2008/2015 2200/2200/2208
f 2202/2202/2210 2009/2009/2016 2203/2203/2211
f 2204/2204/2212 2205/2205/2213 2202/2202/2210
f 2201/2201/2209 2200/2200/2208 2206/2206/2214
f 2200/2200/2208 2207/2207/2215 2206/2206/2214
f 2200/2200/2208 2008/2008/2015 2208/2208/2216
f 2208/2208/2216 2207/2207/2215 2200/2200/2208
f 2207/2207/2215 2209/2209/2217 2210/2210/2218
f 2206/2206/2214 2207/2207/2215 2210/2210/2218
f 2207/2207/2215 2011/2011/2018 2209/2209/2217
f 2208/2208/2216 2011/2011/2018 2207/2207/2215
f 2210/2210/2218 2209/2209/2217 2211/2211/2219
f 2209/2209/2217 2212/2212/2220 2211/2211/2219
f 2209/2209/2217 2011/2011/2018 2012/2012/2019
f 2012/2012/2019 2212/2212/2220 2209/2209/2217
f 2212/2212/2220 2213/2213/2221 2214/2214/2222
f 2212/2212/2220 2012/2012/2019 2213/2213/2221
f 2215/2215/2223 2216/2216/2224 2217/2217/2225
f 2217/2217/2225 2216/2216/2224 2016/2016/2023
f 2218/2218/2226 2219/2219/2227 2018/2018/2025
f 2214/2214/2222 2213/2213/2221 2220/2220/2228
f 2213/2213/2221 2221/2221/2229 2220/2220/2228
f 2213/2213/2221 2012/2012/2019 2019/2019/2026
f 2019/2019/2026 2221/2221/2229 2213/2213/2221
f 2220/2220/2228 2221/2221/2229 2222/2222/2230
f 2019/2019/2026 2021/2021/2028 2221/2221/2229
f 2223/2223/2231 2224/2224/2232 2225/2225/2233
f 2223/2223/2231 2226/2226/2234 2224/2224/2232
f 2224/2224/2232 2226/2226/2234 2022/2022/2029
f 2223/2223/2231 2227/2227/2235 2226/2226/2234
f 2228/2228/2236 2025/2025/2032 2022/2022/2029
f 2229/2229/2237 2222/2222/2230 2230/2230/2238
f 2231/2231/2239 2232/2232/2240 2233/2233/2241
f 2230/2230/2238 2021/2021/2028 2027/2027/2034
f 2030/2030/2037 2232/2232/2240 2231/2231/2239
f 2232/2232/2240 2234/2234/2242 2235/2235/2243
f 2236/2236/2244 2232/2232/2240 2235/2235/2243
f 2232/2232/2240 2033/2033/2040 2234/2234/2242
f 2030/2030/2037 2033/2033/2040 2232/2232/2240
f 2237/2237/2245 2238/2238/2246 2228/2228/2236
f 2026/2026/2033 2025/2025/2032 2228/2228/2236
f 2228/2228/2236 2238/2238/2246 2035/2035/2042
f 2239/2239/2247 2240/2240/2248 2241/2241/2249
f 2242/2242/2250 2235/2235/2243 2234/2234/2242
f 2234/2234/2242 2033/2033/2040 2036/2036/2043
f 2243/2243/2251 2244/2244/2252 2245/2245/2253
f 2243/2243/2251 2038/2038/2045 2244/2244/2252
f 2246/2246/2254 2241/2241/2249 2240/2240/2248
f 2247/2247/2255 2248/2248/2256 2241/2241/2249
f 2241/2241/2249 2248/2248/2256 2040/2040/2047
f 2245/2245/2253 2244/2244/2252 2249/2249/2257
f 2244/2244/2252 2250/2250/2258 2249/2249/2257
f 2244/2244/2252 2038/2038/2045 2042/2042/2049
f 2042/2042/2049 2250/2250/2258 2244/2244/2252
f 2250/2250/2258 2251/2251/2259 2252/2252/2260
f 2249/2249/2257 2250/2250/2258 2252/2252/2260
f 2250/2250/2258 2045/2045/2052 2251/2251/2259
f 2042/2042/2049 2045/2045/2052 2250/2250/2258
f 2253/2253/2261 2254/2254/2262 2255/2255/2263
f 2255/2255/2263 2254/2254/2262 2046/2046/2053
f 2252/2252/2260 2251/2251/2259 2256/2256/2264
f 2251/2251/2259 2257/2257/2265 2256/2256/2264
f 2251/2251/2259 2045/2045/2052 2053/2053/2060
f 2053/2053/2060 2257/2257/2265 2251/2251/2259
f 2257/2257/2265 2258/2258/2266 2259/2259/2267
f 2256/2256/2264 2257/2257/2265 2259/2259/2267
f 2257/2257/2265 2052/2052/2059 2258/2258/2266
f 2053/2053/2060 2052/2052/2059 2257/2257/2265
f 2260/2260/2268 2261/2261/2269 2262/2262/2270
f 2262/2262/2270 2261/2261/2269 2054/2054/2061
f 2259/2259/2267 2258/2258/2266 2263/2263/2271
f 2258/2258/2266 2264/2264/2272 2263/2263/2271
f 2258/2258/2266 2052/2052/2059 2057/2057/2064
f 2057/2057/2064 2264/2264/2272 2258/2258/2266
f 2264/2264/2272 2265/2265/2273 2266/2266/2274
f 2263/2263/2271 2264/2264/2272 2266/2266/2274
f 2264/2264/2272 2057/2057/2064 2265/2265/2273
f 2267/2267/2275 2268/2268/2276 2269/2269/2277
f 2269/2269/2277 2268/2268/2276 2064/2064/2071
f 2270/2270/2278 2271/2271/2279 2267/2267/2275
f 2268/2268/2276 2272/2272/2280 2066/2066/2073
f 2268/2268/2276 2066/2066/2073 2064/2064/2071
f 2266/2266/2274 2265/2265/2273 2273/2273/2281
f 2265/2265/2273 2274/2274/2282 2273/2273/2281
f 2265/2265/2273 2057/2057/2064 2068/2068/2075
f 2068/2068/2075 2274/2274/2282 2265/2265/2273
f 2274/2274/2282 2275/2275/2283 2276/2276/2284
f 2273/2273/2281 2274/2274/2282 2276/2276/2284
f 2274/2274/2282 2074/2074/2081 2275/2275/2283
f 2068/2068/2075 2074/2074/2081 2274/2274/2282
f 2277/2277/2285 2072/2072/2079 2272/2272/2280
f 2272/2272/2280 2072/2072/2079 2066/2066/2073
f 2276/2276/2284 2275/2275/2283 2278/2278/2286
f 2275/2275/2283 2279/2279/2287 2278/2278/2286
f 2275/2275/2283 2074/2074/2081 2076/2076/2083
f 2076/2076/2083 2279/2279/2287 2275/2275/2283
f 2278/2278/2286 2279/2279/2287 2280/2280/2288
f 2076/2076/2083 2079/2079/2086 2279/2279/2287
f 2281/2281/2289 2282/2282/2290 2283/2283/2291
f 2283/2283/2291 2282/2282/2290 2080/2080/2087
f 2282/2282/2290 2284/2284/2292 2082/2082/2089
f 2282/2282/2290 2082/2082/2089 2080/2080/2087
f 2285/2285/2293 2280/2280/2288 2079/2079/2086
f 2079/2079/2086 2286/2286/2294 2285/2285/2293
f 2084/2084/2091 2286/2286/2294 2079/2079/2086
f 2285/2285/2293 2286/2286/2294 2287/2287/2295
f 2286/2286/2294 2088/2088/2095 2288/2288/2296
f 2084/2084/2091 2088/2088/2095 2286/2286/2294
f 2289/2289/2297 2290/2290/2298 2284/2284/2292
f 2284/2284/2292 2089/2089/2096 2082/2082/2089
f 2284/2284/2292 2290/2290/2298 2089/2089/2096
f 2288/2288/2296 2291/2291/2299 2287/2287/2295
f 2288/2288/2296 2088/2088/2095 2091/2091/2098
f 2292/2292/2300 2293/2293/2301 2294/2294/2302
f 2292/2292/2300 2094/2094/2101 2098/2098/2106
f 2292/2292/2300 2098/2098/2106 2293/2293/2301
f 2295/2295/2303 2296/2296/2304 2297/2297/2305
f 2297/2297/2305 2296/2296/2304 2298/2298/2306
f 2293/2293/2301 2299/2299/2307 2300/2300/2308
f 2293/2293/2301 2098/2098/2106 2100/2100/2108
f 2100/2100/2108 2299/2299/2307 2293/2293/2301
f 2299/2299/2307 2103/2103/2111 2301/2301/2309
f 2100/2100/2108 2103/2103/2111 2299/2299/2307
f 2302/2302/2310 2303/2303/2311 2298/2298/2306
f 2302/2302/2310 2304/2304/2312 2303/2303/2311
f 2301/2301/2309 2305/2305/2313 2306/2306/2314
f 2301/2301/2309 2103/2103/2111 2104/2104/2112
f 2104/2104/2112 2305/2305/2313 2301/2301/2309
f 2104/2104/2112 2108/2108/2116 2305/2305/2313
f 2307/2307/2315 2109/2109/2117 2302/2302/2310
f 2308/2308/2316 2309/2309/2317 2109/2109/2117
f 2309/2309/2317 2111/2111/2119 2109/2109/2117
f 2310/2310/2318 2311/2311/2319 2312/2312/2320
f 2113/2113/2121 2311/2311/2319 2310/2310/2318
f 2311/2311/2319 2116/2116/2124 2313/2313/2321
f 2312/2312/2320 2311/2311/2319 2313/2313/2321
f 2113/2113/2121 2116/2116/2124 2311/2311/2319
f 2314/2314/2322 2315/2315/2323 2309/2309/2317
f 2315/2315/2323 2117/2117/2125 2111/2111/2119
f 2316/2316/2324 2317/2317/2325 2315/2315/2323
f 2313/2313/2321 2116/2116/2124 2318/2318/2326
f 2116/2116/2124 2319/2319/2327 2318/2318/2326
f 2119/2119/2127 2319/2319/2327 2116/2116/2124
f 2318/2318/2326 2319/2319/2327 2320/2320/2328
f 2119/2119/2127 2122/2122/2130 2319/2319/2327
f 2321/2321/2329 2316/2316/2324 2322/2322/2330
f 2321/2321/2329 2323/2323/2331 2316/2316/2324
f 2316/2316/2324 2323/2323/2331 2123/2123/2131
f 2323/2323/2331 2321/2321/2329 2324/2324/2332
f 2324/2324/2332 2126/2126/2134 2323/2323/2331
f 2323/2323/2331 2126/2126/2134 2123/2123/2131
f 2325/2325/2333 2320/2320/2328 2326/2326/2334
f 2326/2326/2334 2327/2327/2335 2325/2325/2333
f 2122/2122/2130 2327/2327/2335 2326/2326/2334
f 2325/2325/2333 2327/2327/2335 2328/2328/2336
f 2122/2122/2130 2129/2129/2137 2327/2327/2335
f 2329/2329/2337 2330/2330/2338 2324/2324/2332
f 2130/2130/2138 2126/2126/2134 2324/2324/2332
f 2331/2331/2339 2332/2332/2340 2330/2330/2338
f 2331/2331/2339 2330/2330/2338 2329/2329/2337
f 2333/2333/2341 2334/2334/2342 2335/2335/2343
f 2136/2136/2144 2137/2137/2145 2334/2334/2342
f 2336/2336/2344 2332/2332/2340 2331/2331/2339
f 2337/2337/2345 2336/2336/2344 2338/2338/2346
f 2332/2332/2340 2339/2339/2347 2132/2132/2140
f 2332/2332/2340 2340/2340/2348 2339/2339/2347
f 2341/2341/2349 2342/2342/2350 2343/2343/2351
f 2344/2344/2352 2345/2345/2353 2151/2151/2159
f 2346/2346/2354 2342/2342/2350 2347/2347/2355
f 2346/2346/2354 2348/2348/2356 2342/2342/2350
f 2349/2349/2357 2348/2348/2356 2346/2346/2354
f 2346/2346/2354 2350/2350/2358 2349/2349/2357
f 2151/2151/2159 2342/2342/2350 2348/2348/2356
f 2150/2150/2158 2151/2151/2159 2348/2348/2356
f 2154/2154/2162 2348/2348/2356 2155/2155/2163
f 2155/2155/2163 2348/2348/2356 2349/2349/2357
f 2351/2351/2359 2352/2352/2360 2353/2353/2361
f 2353/2353/2361 2354/2354/2362 2355/2355/2363
f 2356/2356/2364 2357/2357/2365 2358/2358/2366
f 2359/2359/2367 2360/2360/2368 2357/2357/2365
f 2361/2361/2369 2362/2362/2370 2363/2363/2371
f 2363/2363/2371 2167/2167/2175 2166/2166/2174
f 2166/2166/2174 2361/2361/2369 2363/2363/2371
f 2364/2364/2372 2365/2365/2373 2366/2366/2374
f 2367/2367/2375 2359/2359/2367 2357/2357/2365
f 2364/2364/2376 2366/2366/2376 2368/2368/2376
f 2369/2369/2377 2370/2370/2378 2371/2371/2379
f 2370/2370/2378 2372/2372/2380 2373/2373/2381
f 2372/2372/2380 2369/2369/2377 2374/2374/2382
f 2372/2372/2380 2188/2188/2196 2373/2373/2381
f 2375/2375/2383 2376/2376/2384 2377/2377/2385
f 2377/2377/2385 2376/2376/2384 2184/2184/2192
f 2378/2378/2386 2379/2379/2387 2376/2376/2384
f 2370/2370/2378 2373/2373/2381 2380/2380/2388
f 2373/2373/2381 2381/2381/2389 2380/2380/2388
f 2188/2188/2196 2382/2382/2390 2373/2373/2381
f 2381/2381/2389 2383/2383/2391 2384/2384/2392
f 2385/2385/2393 2381/2381/2389 2384/2384/2392
f 2382/2382/2390 2189/2189/2197 2383/2383/2391
f 2386/2386/2394 2379/2379/2387 2378/2378/2386
f 2386/2386/2394 2387/2387/2395 2379/2379/2387
f 2387/2387/2395 2388/2388/2396 2389/2389/2397
f 2389/2389/2397 2195/2195/2203 2387/2387/2395
f 2387/2387/2395 2195/2195/2203 2192/2192/2200
f 2390/2390/2398 2384/2384/2392 2383/2383/2391
f 2383/2383/2391 2391/2391/2399 2390/2390/2398
f 2383/2383/2391 2189/2189/2197 2197/2197/2205
f 2197/2197/2205 2391/2391/2399 2383/2383/2391
f 2389/2389/2397 2392/2392/2400 2393/2393/2401
f 2391/2391/2399 2394/2394/2402 2395/2395/2403
f 2394/2394/2402 2396/2396/2404 2395/2395/2403
f 2396/2396/2404 2397/2397/2405 2398/2398/2406
f 2395/2395/2403 2396/2396/2404 2398/2398/2406
f 2396/2396/2404 2201/2201/2209 2397/2397/2405
f 2399/2399/2407 2400/2400/2408 2393/2393/2401
f 2393/2393/2401 2400/2400/2408 2202/2202/2210
f 2398/2398/2406 2397/2397/2405 2401/2401/2409
f 2397/2397/2405 2402/2402/2410 2401/2401/2409
f 2397/2397/2405 2201/2201/2209 2206/2206/2214
f 2206/2206/2214 2402/2402/2410 2397/2397/2405
f 2402/2402/2410 2210/2210/2218 2403/2403/2411
f 2206/2206/2214 2210/2210/2218 2402/2402/2410
f 2404/2404/2412 2405/2405/2413 2406/2406/2414
f 2406/2406/2414 2405/2405/2413 2407/2407/2415
f 2404/2404/2412 2408/2408/2416 2409/2409/2417
f 2403/2403/2411 2410/2410/2418 2411/2411/2419
f 2403/2403/2411 2210/2210/2218 2211/2211/2219
f 2211/2211/2219 2410/2410/2418 2403/2403/2411
f 2410/2410/2418 2412/2412/2420 2413/2413/2421
f 2414/2414/2422 2407/2407/2415 2409/2409/2417
f 2414/2414/2422 2415/2415/2423 2215/2215/2223
f 2415/2415/2423 2416/2416/2424 2417/2417/2425
f 2418/2418/2426 2416/2416/2424 2415/2415/2423
f 2412/2412/2420 2419/2419/2427 2420/2420/2428
f 2412/2412/2420 2214/2214/2222 2220/2220/2228
f 2220/2220/2228 2419/2419/2427 2412/2412/2420
f 2419/2419/2427 2421/2421/2429 2422/2422/2430
f 2419/2419/2427 2222/2222/2230 2421/2421/2429
f 2220/2220/2228 2222/2222/2230 2419/2419/2427
f 2423/2423/2431 2417/2417/2425 2416/2416/2424
f 2424/2424/2432 2425/2425/2433 2417/2417/2425
f 2223/2223/2231 2225/2225/2233 2417/2417/2425
f 2417/2417/2425 2425/2425/2433 2223/2223/2231
f 2425/2425/2433 2426/2426/2434 2427/2427/2435
f 2424/2424/2432 2426/2426/2434 2425/2425/2433
f 2428/2428/2436 2227/2227/2235 2425/2425/2433
f 2425/2425/2433 2227/2227/2235 2223/2223/2231
f 2422/2422/2430 2421/2421/2429 2429/2429/2437
f 2430/2430/2438 2431/2431/2439 2432/2432/2440
f 2421/2421/2429 2229/2229/2237 2432/2432/2440
f 2432/2432/2440 2431/2431/2439 2433/2433/2441
f 2431/2431/2442 2430/2430/2443 2434/2434/2444
f 2434/2434/2444 2235/2235/2243 2435/2435/2445
f 2236/2236/2244 2235/2235/2243 2434/2434/2444
f 2436/2436/2446 2427/2427/2435 2426/2426/2434
f 2436/2436/2446 2437/2437/2447 2427/2427/2435
f 2428/2428/2436 2437/2437/2447 2237/2237/2245
f 2436/2436/2446 2438/2438/2448 2437/2437/2447
f 2246/2246/2254 2240/2240/2248 2239/2239/2247
f 2439/2439/2449 2433/2433/2441 2435/2435/2445
f 2435/2435/2445 2440/2440/2450 2439/2439/2449
f 2435/2435/2445 2235/2235/2243 2242/2242/2250
f 2242/2242/2250 2440/2440/2450 2435/2435/2445
f 2440/2440/2450 2441/2441/2451 2442/2442/2452
f 2439/2439/2449 2440/2440/2450 2442/2442/2452
f 2440/2440/2450 2245/2245/2253 2441/2441/2451
f 2242/2242/2250 2245/2245/2253 2440/2440/2450
f 2443/2443/2453 2444/2444/2454 2445/2445/2455
f 2445/2445/2455 2444/2444/2454 2247/2247/2255
f 2446/2446/2456 2447/2447/2457 2247/2247/2255
f 2448/2448/2458 2442/2442/2452 2441/2441/2451
f 2252/2252/2260 2449/2449/2459 2450/2450/2460
f 2451/2451/2461 2452/2452/2462 2453/2453/2463
f 2452/2452/2462 2446/2446/2456 2453/2453/2463
f 2454/2454/2464 2455/2455/2465 2452/2452/2462
f 2450/2450/2460 2449/2449/2459 2456/2456/2466
f 2449/2449/2459 2457/2457/2467 2456/2456/2466
f 2449/2449/2459 2252/2252/2260 2256/2256/2264
f 2256/2256/2264 2457/2457/2467 2449/2449/2459
f 2457/2457/2467 2458/2458/2468 2459/2459/2469
f 2456/2456/2466 2457/2457/2467 2459/2459/2469
f 2457/2457/2467 2259/2259/2267 2458/2458/2468
f 2256/2256/2264 2259/2259/2267 2457/2457/2467
f 2460/2460/2470 2461/2461/2471 2462/2462/2472
f 2270/2270/2278 2463/2463/2473 2260/2260/2268
f 2458/2458/2468 2259/2259/2267 2263/2263/2271
f 2263/2263/2271 2464/2464/2474 2458/2458/2468
f 2464/2464/2474 2465/2465/2475 2466/2466/2476
f 2464/2464/2474 2266/2266/2274 2465/2465/2475
f 2263/2263/2271 2266/2266/2274 2464/2464/2474
f 2467/2467/2477 2468/2468/2478 2469/2469/2479
f 2467/2467/2477 2470/2470/2480 2468/2468/2478
f 2468/2468/2478 2470/2470/2480 2270/2270/2278
f 2471/2471/2481 2472/2472/2482 2473/2473/2483
f 2465/2465/2475 2266/2266/2274 2273/2273/2281
f 2273/2273/2281 2474/2474/2484 2465/2465/2475
f 2474/2474/2484 2475/2475/2485 2476/2476/2486
f 2474/2474/2484 2276/2276/2284 2475/2475/2485
f 2273/2273/2281 2276/2276/2284 2474/2474/2484
f 2477/2477/2487 2478/2478/2488 2470/2470/2480
f 2470/2470/2480 2478/2478/2488 2277/2277/2285
f 2475/2475/2485 2276/2276/2284 2278/2278/2286
f 2278/2278/2286 2479/2479/2489 2475/2475/2485
f 2479/2479/2489 2480/2480/2490 2481/2481/2491
f 2482/2482/2492 2479/2479/2489 2481/2481/2491
f 2479/2479/2489 2280/2280/2288 2483/2483/2493
f 2484/2484/2494 2485/2485/2495 2486/2486/2496
f 2486/2486/2496 2485/2485/2495 2281/2281/2289
f 2485/2485/2495 2487/2487/2497 2488/2488/2498
f 2484/2484/2494 2487/2487/2497 2485/2485/2495
f 2489/2489/2499 2490/2490/2500 2491/2491/2501
f 2492/2492/2502 2493/2493/2503 2494/2494/2504
f 2493/2493/2503 2481/2481/2491 2480/2480/2490
f 2480/2480/2490 2495/2495/2505 2494/2494/2504
f 2483/2483/2493 2280/2280/2288 2285/2285/2293
f 2285/2285/2293 2495/2495/2505 2483/2483/2493
f 2496/2496/2506 2497/2497/2507 2498/2498/2508
f 2494/2494/2504 2496/2496/2506 2498/2498/2508
f 2496/2496/2506 2495/2495/2505 2499/2499/2509
f 2499/2499/2510 2495/2495/2505 2500/2500/2511
f 2500/2500/2511 2287/2287/2295 2497/2497/2507
f 2285/2285/2293 2287/2287/2295 2500/2500/2511
f 2501/2501/2512 2488/2488/2498 2487/2487/2497
f 2501/2501/2512 2502/2502/2513 2488/2488/2498
f 2488/2488/2498 2502/2502/2513 2289/2289/2297
f 2497/2497/2507 2287/2287/2295 2503/2503/2514
f 2503/2503/2514 2504/2504/2515 2497/2497/2507
f 2504/2504/2515 2505/2505/2516 2506/2506/2517
f 2507/2507/2518 2504/2504/2515 2506/2506/2517
f 2508/2508/2519 2509/2509/2520 2295/2295/2303
f 2509/2509/2520 2510/2510/2521 2295/2295/2303
f 2505/2505/2516 2511/2511/2522 2512/2512/2523
f 2300/2300/2308 2511/2511/2522 2505/2505/2516
f 2511/2511/2522 2513/2513/2524 2514/2514/2525
f 2511/2511/2522 2515/2515/2526 2513/2513/2524
f 2300/2300/2308 2515/2515/2526 2511/2511/2522
f 2516/2516/2527 2308/2308/2316 2509/2509/2520
f 2509/2509/2520 2308/2308/2316 2302/2302/2310
f 2514/2514/2525 2513/2513/2524 2517/2517/2528
f 2513/2513/2524 2518/2518/2529 2517/2517/2528
f 2513/2513/2524 2515/2515/2526 2306/2306/2314
f 2306/2306/2314 2518/2518/2529 2513/2513/2524
f 2518/2518/2529 2519/2519/2530 2520/2520/2531
f 2306/2306/2314 2519/2519/2530 2518/2518/2529
f 2520/2520/2531 2521/2521/2532 2522/2522/2533
f 2520/2520/2531 2519/2519/2530 2312/2312/2320
f 2312/2312/2320 2521/2521/2532 2520/2520/2531
f 2521/2521/2532 2523/2523/2534 2524/2524/2535
f 2522/2522/2533 2521/2521/2532 2524/2524/2535
f 2312/2312/2320 2313/2313/2321 2523/2523/2534
f 2525/2525/2536 2526/2526/2537 2322/2322/2330
f 2526/2526/2537 2527/2527/2538 2528/2528/2539
f 2524/2524/2535 2523/2523/2534 2529/2529/2540
f 2523/2523/2534 2530/2530/2541 2529/2529/2540
f 2523/2523/2534 2313/2313/2321 2318/2318/2326
f 2318/2318/2326 2530/2530/2541 2523/2523/2534
f 2529/2529/2540 2530/2530/2541 2531/2531/2542
f 2318/2318/2326 2320/2320/2328 2530/2530/2541
f 2532/2532/2543 2528/2528/2539 2527/2527/2538
f 2532/2532/2543 2533/2533/2544 2528/2528/2539
f 2321/2321/2329 2322/2322/2330 2526/2526/2537
f 2528/2528/2539 2533/2533/2544 2321/2321/2329
f 2532/2532/2543 2534/2534/2545 2533/2533/2544
f 2535/2535/2546 2531/2531/2542 2536/2536/2547
f 2536/2536/2547 2537/2537/2548 2535/2535/2546
f 2536/2536/2547 2320/2320/2328 2325/2325/2333
f 2325/2325/2333 2537/2537/2548 2536/2536/2547
f 2537/2537/2548 2328/2328/2336 2333/2333/2341
f 2325/2325/2333 2328/2328/2336 2537/2537/2548
f 2538/2538/2549 2539/2539/2550 2534/2534/2545
f 2329/2329/2337 2321/2321/2329 2534/2534/2545
f 2534/2534/2545 2539/2539/2550 2329/2329/2337
f 2540/2540/2551 2541/2541/2552 2542/2542/2553
f 2542/2542/2553 2541/2541/2552 2543/2543/2554
f 2333/2333/2341 2335/2335/2343 2541/2541/2552
f 2544/2544/2555 2545/2545/2556 2546/2546/2557
f 2547/2547/2558 2548/2548/2559 2549/2549/2560
f 2547/2547/2558 2550/2550/2561 2336/2336/2344
f 2547/2547/2558 2549/2549/2560 2550/2550/2561
f 2551/2551/2562 2545/2545/2556 2552/2552/2563
f 2553/2553/2564 2554/2554/2565 2347/2347/2355
f 2555/2555/2566 2545/2545/2556 2544/2544/2555
f 2347/2347/2355 2545/2545/2556 2556/2556/2567
f 2557/2557/2568 2558/2558/2569 2559/2559/2570
f 2560/2560/2571 2561/2561/2572 2559/2559/2570
f 2562/2562/2573 2563/2563/2574 2564/2564/2575
f 2562/2562/2573 2565/2565/2576 2563/2563/2574
f 2566/2566/2577 2567/2567/2577 2568/2568/2577
f 2569/2569/2578 2359/2359/2367 2570/2570/2579
f 2571/2571/2580 2572/2572/2581 2367/2367/2375
f 2571/2571/2580 2573/2573/2582 2574/2574/2583
f 2570/2570/2579 2572/2572/2581 2575/2575/2584
f 2576/2576/2585 2577/2577/2586 2574/2574/2583
f 2578/2578/2587 2579/2579/2588 2580/2580/2589
f 2579/2579/2588 2578/2578/2587 2581/2581/2590
f 2582/2582/2591 2583/2583/2592 2576/2576/2585
f 2578/2578/2587 2370/2370/2378 2581/2581/2590
f 2370/2370/2378 2578/2578/2587 2584/2584/2593
f 2585/2585/2594 2586/2586/2595 2568/2568/2596
f 2566/2566/2597 2375/2375/2383 2362/2362/2370
f 2566/2566/2597 2587/2587/2598 2375/2375/2383
f 2587/2587/2598 2588/2588/2599 2589/2589/2600
f 2579/2579/2588 2590/2590/2601 2591/2591/2602
f 2581/2581/2590 2380/2380/2388 2592/2592/2603
f 2593/2593/2604 2592/2592/2603 2594/2594/2605
f 2594/2594/2605 2595/2595/2606 2596/2596/2607
f 2385/2385/2393 2384/2384/2392 2596/2596/2607
f 2597/2597/2608 2598/2598/2609 2599/2599/2610
f 2386/2386/2394 2378/2378/2386 2599/2599/2610
f 2599/2599/2610 2598/2598/2609 2386/2386/2394
f 2598/2598/2609 2388/2388/2396 2386/2386/2394
f 2600/2600/2611 2594/2594/2605 2601/2601/2612
f 2601/2601/2612 2602/2602/2613 2600/2600/2611
f 2390/2390/2398 2602/2602/2613 2601/2601/2612
f 2390/2390/2398 2391/2391/2399 2602/2602/2613
f 2603/2603/2614 2388/2388/2396 2604/2604/2615
f 2603/2603/2614 2605/2605/2616 2388/2388/2396
f 2388/2388/2396 2605/2605/2616 2389/2389/2397
f 2602/2602/2613 2606/2606/2617 2607/2607/2618
f 2606/2606/2617 2608/2608/2619 2607/2607/2618
f 2606/2606/2617 2391/2391/2399 2395/2395/2403
f 2395/2395/2403 2608/2608/2619 2606/2606/2617
f 2608/2608/2619 2609/2609/2620 2610/2610/2621
f 2607/2607/2618 2608/2608/2619 2610/2610/2621
f 2395/2395/2403 2398/2398/2406 2608/2608/2619
f 2611/2611/2622 2392/2392/2400 2605/2605/2616
f 2611/2611/2622 2612/2612/2623 2392/2392/2400
f 2392/2392/2400 2612/2612/2623 2399/2399/2407
f 2612/2612/2623 2613/2613/2624 2614/2614/2625
f 2611/2611/2622 2613/2613/2624 2612/2612/2623
f 2614/2614/2625 2400/2400/2408 2399/2399/2407
f 2610/2610/2621 2609/2609/2620 2615/2615/2626
f 2609/2609/2620 2616/2616/2627 2615/2615/2626
f 2401/2401/2409 2616/2616/2627 2609/2609/2620
f 2616/2616/2627 2617/2617/2628 2618/2618/2629
f 2615/2615/2626 2616/2616/2627 2618/2618/2629
f 2616/2616/2627 2402/2402/2410 2617/2617/2628
f 2401/2401/2409 2402/2402/2410 2616/2616/2627
f 2619/2619/2630 2614/2614/2625 2613/2613/2624
f 2619/2619/2630 2620/2620/2631 2614/2614/2625
f 2614/2614/2625 2620/2620/2631 2404/2404/2412
f 2620/2620/2631 2621/2621/2632 2622/2622/2633
f 2619/2619/2630 2621/2621/2632 2620/2620/2631
f 2409/2409/2417 2408/2408/2416 2620/2620/2631
f 2620/2620/2631 2408/2408/2416 2404/2404/2412
f 2618/2618/2629 2617/2617/2628 2623/2623/2634
f 2617/2617/2628 2624/2624/2635 2623/2623/2634
f 2617/2617/2628 2402/2402/2410 2411/2411/2419
f 2411/2411/2419 2624/2624/2635 2617/2617/2628
f 2625/2625/2636 2622/2622/2633 2621/2621/2632
f 2625/2625/2636 2418/2418/2426 2622/2622/2633
f 2622/2622/2633 2418/2418/2426 2414/2414/2422
f 2418/2418/2426 2626/2626/2637 2423/2423/2431
f 2625/2625/2636 2626/2626/2637 2418/2418/2426
f 2423/2423/2431 2416/2416/2424 2418/2418/2426
f 2627/2627/2638 2628/2628/2639 2629/2629/2640
f 2628/2628/2639 2630/2630/2641 2629/2629/2640
f 2420/2420/2428 2630/2630/2641 2628/2628/2639
f 2631/2631/2642 2423/2423/2431 2626/2626/2637
f 2631/2631/2642 2632/2632/2643 2423/2423/2431
f 2423/2423/2431 2632/2632/2643 2424/2424/2432
f 2632/2632/2643 2631/2631/2642 2633/2633/2644
f 2633/2633/2644 2426/2426/2434 2632/2632/2643
f 2632/2632/2643 2426/2426/2434 2424/2424/2432
f 2634/2634/2645 2635/2635/2646 2636/2636/2647
f 2634/2634/2645 2422/2422/2430 2429/2429/2437
f 2429/2429/2437 2635/2635/2646 2634/2634/2645
f 2429/2429/2437 2433/2433/2441 2637/2637/2648
f 2635/2635/2646 2637/2637/2648 2638/2638/2649
f 2639/2639/2650 2633/2633/2644 2631/2631/2642
f 2639/2639/2650 2640/2640/2651 2633/2633/2644
f 2436/2436/2446 2426/2426/2434 2633/2633/2644
f 2633/2633/2644 2640/2640/2651 2436/2436/2446
f 2641/2641/2652 2438/2438/2448 2640/2640/2651
f 2640/2640/2651 2438/2438/2448 2436/2436/2446
f 2642/2642/2653 2638/2638/2649 2643/2643/2654
f 2644/2644/2655 2433/2433/2441 2439/2439/2449
f 2439/2439/2449 2645/2645/2656 2644/2644/2655
f 2646/2646/2657 2647/2647/2658 2648/2648/2659
f 2646/2646/2657 2645/2645/2656 2649/2649/2660
f 2649/2649/2660 2442/2442/2452 2647/2647/2658
f 2439/2439/2449 2442/2442/2452 2649/2649/2660
f 2650/2650/2661 2641/2641/2652 2640/2640/2651
f 2650/2650/2661 2651/2651/2662 2641/2641/2652
f 2641/2641/2652 2651/2651/2662 2443/2443/2453
f 2451/2451/2461 2453/2453/2463 2651/2651/2662
f 2651/2651/2662 2453/2453/2463 2443/2443/2453
f 2652/2652/2663 2648/2648/2659 2647/2647/2658
f 2647/2647/2658 2653/2653/2664 2654/2654/2665
f 2647/2647/2658 2442/2442/2452 2448/2448/2458
f 2448/2448/2458 2653/2653/2664 2647/2647/2658
f 2653/2653/2664 2655/2655/2666 2656/2656/2667
f 2654/2654/2665 2653/2653/2664 2656/2656/2667
f 2653/2653/2664 2450/2450/2460 2655/2655/2666
f 2448/2448/2458 2450/2450/2460 2653/2653/2664
f 2657/2657/2668 2658/2658/2669 2651/2651/2662
f 2657/2657/2668 2454/2454/2464 2658/2658/2669
f 2658/2658/2669 2454/2454/2464 2451/2451/2461
f 2454/2454/2464 2659/2659/2670 2660/2660/2671
f 2657/2657/2668 2659/2659/2670 2454/2454/2464
f 2661/2661/2672 2656/2656/2667 2655/2655/2666
f 2655/2655/2666 2662/2662/2673 2661/2661/2672
f 2662/2662/2673 2663/2663/2674 2664/2664/2675
f 2661/2661/2672 2662/2662/2673 2664/2664/2675
f 2662/2662/2673 2459/2459/2469 2663/2663/2674
f 2665/2665/2676 2660/2660/2671 2659/2659/2670
f 2665/2665/2676 2666/2666/2677 2660/2660/2671
f 2660/2660/2671 2666/2666/2677 2455/2455/2465
f 2663/2663/2674 2667/2667/2678 2664/2664/2675
f 2663/2663/2674 2459/2459/2469 2668/2668/2679
f 2668/2668/2679 2667/2667/2678 2663/2663/2674
f 2667/2667/2678 2669/2669/2680 2670/2670/2681
f 2664/2664/2675 2667/2667/2678 2670/2670/2681
f 2667/2667/2678 2466/2466/2476 2669/2669/2680
f 2668/2668/2679 2466/2466/2476 2667/2667/2678
f 2671/2671/2682 2666/2666/2677 2672/2672/2683
f 2671/2671/2682 2673/2673/2684 2666/2666/2677
f 2467/2467/2477 2469/2469/2479 2666/2666/2677
f 2666/2666/2677 2673/2673/2684 2467/2467/2477
f 2673/2673/2684 2674/2674/2685 2675/2675/2686
f 2671/2671/2682 2674/2674/2685 2673/2673/2684
f 2675/2675/2686 2472/2472/2482 2471/2471/2481
f 2676/2676/2687 2670/2670/2681 2669/2669/2680
f 2669/2669/2680 2677/2677/2688 2676/2676/2687
f 2669/2669/2680 2466/2466/2476 2678/2678/2689
f 2678/2678/2689 2677/2677/2688 2669/2669/2680
f 2677/2677/2688 2679/2679/2690 2680/2680/2691
f 2676/2676/2687 2677/2677/2688 2680/2680/2691
f 2677/2677/2688 2476/2476/2486 2679/2679/2690
f 2678/2678/2689 2476/2476/2486 2677/2677/2688
f 2681/2681/2692 2675/2675/2686 2674/2674/2685
f 2681/2681/2692 2682/2682/2693 2675/2675/2686
f 2473/2473/2483 2472/2472/2482 2675/2675/2686
f 2675/2675/2686 2682/2682/2693 2477/2477/2487
f 2682/2682/2693 2683/2683/2694 2684/2684/2695
f 2681/2681/2692 2683/2683/2694 2682/2682/2693
f 2684/2684/2695 2685/2685/2696 2682/2682/2693
f 2682/2682/2693 2685/2685/2696 2477/2477/2487
f 2686/2686/2697 2680/2680/2691 2679/2679/2690
f 2679/2679/2690 2687/2687/2698 2688/2688/2699
f 2679/2679/2690 2476/2476/2486 2482/2482/2492
f 2482/2482/2492 2689/2689/2700 2679/2679/2690
f 2687/2687/2698 2690/2690/2701 2691/2691/2702
f 2692/2692/2703 2687/2687/2698 2691/2691/2702
f 2693/2693/2704 2687/2687/2698 2689/2689/2700
f 2693/2693/2704 2689/2689/2700 2481/2481/2491
f 2694/2694/2705 2684/2684/2695 2683/2683/2694
f 2694/2694/2705 2695/2695/2706 2684/2684/2695
f 2484/2484/2494 2685/2685/2696 2684/2684/2695
f 2684/2684/2695 2695/2695/2706 2484/2484/2494
f 2695/2695/2706 2696/2696/2707 2697/2697/2708
f 2694/2694/2705 2696/2696/2707 2695/2695/2706
f 2697/2697/2708 2487/2487/2497 2695/2695/2706
f 2695/2695/2706 2487/2487/2497 2484/2484/2494
f 2698/2698/2709 2481/2481/2491 2493/2493/2503
f 2699/2699/2710 2698/2698/2709 2700/2700/2711
f 2699/2699/2712 2700/2700/2713 2690/2690/2701
f 2700/2700/2713 2701/2701/2714 2690/2690/2701
f 2701/2701/2714 2702/2702/2715 2703/2703/2716
f 2704/2704/2717 2701/2701/2714 2703/2703/2716
f 2701/2701/2714 2492/2492/2718 2494/2494/2719
f 2701/2701/2714 2498/2498/2508 2705/2705/2720
f 2706/2706/2721 2697/2697/2708 2696/2696/2707
f 2706/2706/2721 2707/2707/2722 2697/2697/2708
f 2501/2501/2512 2487/2487/2497 2697/2697/2708
f 2697/2697/2708 2707/2707/2722 2501/2501/2512
f 2707/2707/2722 2708/2708/2723 2709/2709/2724
f 2706/2706/2721 2708/2708/2723 2707/2707/2722
f 2508/2508/2519 2710/2710/2725 2501/2501/2512
f 2702/2702/2715 2711/2711/2726 2712/2712/2727
f 2705/2705/2720 2498/2498/2508 2507/2507/2518
f 2507/2507/2518 2711/2711/2726 2702/2702/2715
f 2507/2507/2518 2506/2506/2517 2711/2711/2726
f 2709/2709/2724 2713/2713/2728 2508/2508/2519
f 2512/2512/2523 2514/2514/2525 2714/2714/2729
f 2715/2715/2730 2716/2716/2731 2516/2516/2527
f 2517/2517/2528 2717/2717/2732 2718/2718/2733
f 2717/2717/2732 2719/2719/2734 2720/2720/2735
f 2721/2721/2736 2722/2722/2737 2723/2723/2738
f 2723/2723/2738 2722/2722/2737 2308/2308/2316
f 2720/2720/2735 2724/2724/2739 2725/2725/2740
f 2720/2720/2735 2719/2719/2734 2522/2522/2533
f 2522/2522/2533 2724/2724/2739 2720/2720/2735
f 2724/2724/2739 2726/2726/2741 2727/2727/2742
f 2725/2725/2740 2724/2724/2739 2727/2727/2742
f 2724/2724/2739 2524/2524/2535 2726/2726/2741
f 2522/2522/2533 2524/2524/2535 2724/2724/2739
f 2728/2728/2743 2729/2729/2744 2722/2722/2737
f 2728/2728/2743 2730/2730/2745 2729/2729/2744
f 2729/2729/2744 2730/2730/2745 2525/2525/2536
f 2731/2731/2746 2726/2726/2741 2732/2732/2747
f 2726/2726/2741 2524/2524/2535 2529/2529/2540
f 2732/2732/2747 2531/2531/2542 2733/2733/2748
f 2731/2731/2746 2732/2732/2747 2733/2733/2748
f 2734/2734/2749 2735/2735/2750 2730/2730/2745
f 2532/2532/2543 2527/2527/2538 2730/2730/2745
f 2736/2736/2751 2737/2737/2752 2735/2735/2750
f 2736/2736/2751 2735/2735/2750 2734/2734/2749
f 2737/2737/2752 2534/2534/2545 2735/2735/2750
f 2531/2531/2542 2738/2738/2753 2733/2733/2748
f 2535/2535/2546 2738/2738/2753 2531/2531/2542
f 2738/2738/2753 2739/2739/2754 2740/2740/2755
f 2535/2535/2546 2739/2739/2754 2738/2738/2753
f 2741/2741/2756 2742/2742/2757 2737/2737/2752
f 2538/2538/2549 2534/2534/2545 2737/2737/2752
f 2737/2737/2752 2742/2742/2757 2538/2538/2549
f 2741/2741/2756 2743/2743/2758 2742/2742/2757
f 2743/2743/2758 2744/2744/2759 2745/2745/2760
f 2746/2746/2761 2743/2743/2758 2745/2745/2760
f 2747/2747/2762 2548/2548/2559 2742/2742/2757
f 2748/2748/2763 2749/2749/2764 2750/2750/2765
f 2751/2751/2766 2752/2752/2767 2753/2753/2768
f 2542/2542/2553 2753/2753/2768 2754/2754/2769
f 2542/2542/2553 2543/2543/2554 2753/2753/2768
f 2755/2755/2770 2756/2756/2771 2757/2757/2772
f 2758/2758/2773 2747/2747/2773 2746/2746/2773
f 2544/2544/2555 2759/2759/2774 2760/2760/2775
f 2756/2756/2771 2761/2761/2776 2760/2760/2775
f 2755/2755/2770 2762/2762/2777 2763/2763/2778
f 2764/2764/2779 2765/2765/2780 2766/2766/2781
f 2555/2555/2566 2761/2761/2776 2763/2763/2778
f 2763/2763/2778 2764/2764/2779 2767/2767/2782
f 2768/2768/2783 2748/2748/2763 2769/2769/2784
f 2543/2543/2554 2770/2770/2785 2769/2769/2784
f 2770/2770/2785 2768/2768/2783 2769/2769/2784
f 2575/2575/2584 2771/2771/2786 2772/2772/2787
f 2773/2773/2788 2774/2774/2789 2775/2775/2790
f 2773/2773/2788 2775/2775/2790 2771/2771/2786
f 2773/2773/2788 2575/2575/2584 2776/2776/2791
f 2771/2771/2786 2575/2575/2584 2773/2773/2788
f 2773/2773/2788 2776/2776/2791 2577/2577/2586
f 2777/2777/2792 2778/2778/2793 2779/2779/2794
f 2780/2780/2795 2781/2781/2796 2782/2782/2797
f 2783/2783/2798 2784/2784/2799 2785/2785/2800
f 2775/2775/2790 2786/2786/2801 2787/2787/2802
f 2783/2783/2798 2588/2588/2599 2586/2586/2595
f 2785/2785/2800 2788/2788/2803 2789/2789/2804
f 2785/2785/2800 2789/2789/2804 2790/2790/2805
f 2790/2790/2805 2589/2589/2600 2785/2785/2800
f 2590/2590/2601 2778/2778/2793 2591/2591/2602
f 2779/2779/2794 2593/2593/2604 2791/2791/2806
f 2792/2792/2807 2791/2791/2806 2793/2793/2808
f 2794/2794/2809 2593/2593/2604 2594/2594/2605
f 2795/2795/2810 2796/2796/2811 2790/2790/2805
f 2790/2790/2805 2796/2796/2811 2597/2597/2608
f 2797/2797/2812 2798/2798/2813 2796/2796/2811
f 2798/2798/2813 2604/2604/2615 2796/2796/2811
f 2799/2799/2814 2800/2800/2815 2801/2801/2816
f 2600/2600/2611 2800/2800/2815 2799/2799/2814
f 2800/2800/2815 2802/2802/2817 2803/2803/2818
f 2801/2801/2816 2800/2800/2815 2803/2803/2818
f 2800/2800/2815 2602/2602/2613 2802/2802/2817
f 2600/2600/2611 2602/2602/2613 2800/2800/2815
f 2804/2804/2819 2798/2798/2813 2797/2797/2812
f 2805/2805/2820 2806/2806/2821 2807/2807/2822
f 2807/2807/2822 2605/2605/2616 2805/2805/2820
f 2805/2805/2820 2605/2605/2616 2603/2603/2614
f 2808/2808/2823 2809/2809/2824 2810/2810/2825
f 2808/2808/2823 2610/2610/2621 2809/2809/2824
f 2607/2607/2618 2610/2610/2621 2808/2808/2823
f 2811/2811/2826 2807/2807/2822 2806/2806/2821
f 2811/2811/2826 2812/2812/2827 2807/2807/2822
f 2611/2611/2622 2605/2605/2616 2807/2807/2822
f 2807/2807/2822 2812/2812/2827 2611/2611/2622
f 2812/2812/2827 2813/2813/2828 2814/2814/2829
f 2811/2811/2826 2813/2813/2828 2812/2812/2827
f 2814/2814/2829 2613/2613/2624 2812/2812/2827
f 2812/2812/2827 2613/2613/2624 2611/2611/2622
f 2810/2810/2825 2809/2809/2824 2815/2815/2830
f 2809/2809/2824 2816/2816/2831 2815/2815/2830
f 2809/2809/2824 2610/2610/2621 2615/2615/2626
f 2615/2615/2626 2816/2816/2831 2809/2809/2824
f 2816/2816/2831 2817/2817/2832 2818/2818/2833
f 2815/2815/2830 2816/2816/2831 2818/2818/2833
f 2816/2816/2831 2618/2618/2629 2817/2817/2832
f 2615/2615/2626 2618/2618/2629 2816/2816/2831
f 2819/2819/2834 2814/2814/2829 2813/2813/2828
f 2819/2819/2834 2820/2820/2835 2814/2814/2829
f 2619/2619/2630 2613/2613/2624 2814/2814/2829
f 2814/2814/2829 2820/2820/2835 2619/2619/2630
f 2820/2820/2835 2821/2821/2836 2822/2822/2837
f 2819/2819/2834 2821/2821/2836 2820/2820/2835
f 2822/2822/2837 2621/2621/2632 2820/2820/2835
f 2820/2820/2835 2621/2621/2632 2619/2619/2630
f 2818/2818/2833 2817/2817/2832 2823/2823/2838
f 2817/2817/2832 2824/2824/2839 2823/2823/2838
f 2817/2817/2832 2618/2618/2629 2623/2623/2634
f 2623/2623/2634 2824/2824/2839 2817/2817/2832
f 2824/2824/2839 2825/2825/2840 2826/2826/2841
f 2823/2823/2838 2824/2824/2839 2826/2826/2841
f 2824/2824/2839 2627/2627/2638 2825/2825/2840
f 2623/2623/2634 2627/2627/2638 2824/2824/2839
f 2827/2827/2842 2822/2822/2837 2821/2821/2836
f 2827/2827/2842 2626/2626/2637 2822/2822/2837
f 2625/2625/2636 2621/2621/2632 2822/2822/2837
f 2822/2822/2837 2626/2626/2637 2625/2625/2636
f 2626/2626/2637 2827/2827/2842 2828/2828/2843
f 2825/2825/2840 2829/2829/2844 2826/2826/2841
f 2825/2825/2840 2627/2627/2638 2629/2629/2640
f 2629/2629/2640 2829/2829/2844 2825/2825/2840
f 2830/2830/2845 2828/2828/2843 2827/2827/2842
f 2830/2830/2845 2831/2831/2846 2828/2828/2843
f 2631/2631/2642 2626/2626/2637 2828/2828/2843
f 2828/2828/2843 2831/2831/2846 2631/2631/2642
f 2832/2832/2847 2631/2631/2642 2831/2831/2846
f 2833/2833/2848 2832/2832/2847 2831/2831/2846
f 2833/2833/2848 2834/2834/2849 2832/2832/2847
f 2639/2639/2650 2631/2631/2642 2832/2832/2847
f 2832/2832/2847 2834/2834/2849 2639/2639/2650
f 2834/2834/2849 2835/2835/2850 2836/2836/2851
f 2833/2833/2848 2835/2835/2850 2834/2834/2849
f 2836/2836/2851 2640/2640/2651 2834/2834/2849
f 2834/2834/2849 2640/2640/2651 2639/2639/2650
f 2837/2837/2852 2838/2838/2853 2839/2839/2854
f 2837/2837/2852 2840/2840/2855 2642/2642/2653
f 2642/2642/2653 2838/2838/2853 2837/2837/2852
f 2839/2839/2854 2838/2838/2853 2841/2841/2856
f 2642/2642/2653 2648/2648/2659 2842/2842/2857
f 2838/2838/2853 2842/2842/2857 2843/2843/2858
f 2844/2844/2859 2836/2836/2851 2835/2835/2850
f 2650/2650/2661 2640/2640/2651 2836/2836/2851
f 2845/2845/2860 2846/2846/2861 2847/2847/2862
f 2846/2846/2861 2651/2651/2662 2847/2847/2862
f 2848/2848/2863 2843/2843/2858 2849/2849/2864
f 2843/2843/2858 2648/2648/2659 2652/2652/2663
f 2652/2652/2663 2850/2850/2865 2843/2843/2858
f 2849/2849/2864 2851/2851/2866 2852/2852/2867
f 2853/2853/2868 2656/2656/2667 2854/2854/2869
f 2654/2654/2665 2656/2656/2667 2853/2853/2868
f 2855/2855/2870 2846/2846/2861 2845/2845/2860
f 2855/2855/2870 2856/2856/2871 2846/2846/2861
f 2846/2846/2861 2856/2856/2871 2657/2657/2668
f 2857/2857/2872 2858/2858/2873 2856/2856/2871
f 2857/2857/2872 2856/2856/2871 2855/2855/2870
f 2858/2858/2873 2659/2659/2670 2856/2856/2871
f 2859/2859/2874 2852/2852/2867 2851/2851/2866
f 2860/2860/2875 2861/2861/2876 2862/2862/2877
f 2854/2854/2869 2656/2656/2667 2661/2661/2672
f 2661/2661/2672 2861/2861/2876 2854/2854/2869
f 2861/2861/2876 2863/2863/2878 2864/2864/2879
f 2865/2865/2880 2861/2861/2876 2864/2864/2879
f 2861/2861/2876 2664/2664/2675 2863/2863/2878
f 2661/2661/2672 2664/2664/2675 2861/2861/2876
f 2866/2866/2881 2858/2858/2873 2857/2857/2872
f 2867/2867/2882 2868/2868/2883 2869/2869/2884
f 2869/2869/2884 2672/2672/2683 2867/2867/2882
f 2867/2867/2882 2672/2672/2683 2665/2665/2676
f 2870/2870/2885 2864/2864/2879 2863/2863/2878
f 2863/2863/2878 2871/2871/2886 2870/2870/2885
f 2664/2664/2675 2871/2871/2886 2863/2863/2878
f 2871/2871/2886 2670/2670/2681 2872/2872/2887
f 2664/2664/2675 2670/2670/2681 2871/2871/2886
f 2873/2873/2888 2869/2869/2884 2868/2868/2883
f 2873/2873/2888 2674/2674/2685 2869/2869/2884
f 2671/2671/2682 2672/2672/2683 2869/2869/2884
f 2869/2869/2884 2674/2674/2685 2671/2671/2682
f 2674/2674/2685 2874/2874/2889 2875/2875/2890
f 2873/2873/2888 2874/2874/2889 2674/2674/2685
f 2876/2876/2891 2877/2877/2892 2872/2872/2887
f 2872/2872/2887 2878/2878/2893 2879/2879/2894
f 2872/2872/2887 2670/2670/2681 2676/2676/2687
f 2676/2676/2687 2880/2880/2895 2872/2872/2887
f 2881/2881/2896 2882/2882/2897 2883/2883/2898
f 2880/2880/2895 2680/2680/2691 2884/2884/2899
f 2676/2676/2687 2680/2680/2691 2880/2880/2895
f 2885/2885/2900 2875/2875/2890 2874/2874/2889
f 2885/2885/2900 2886/2886/2901 2875/2875/2890
f 2681/2681/2692 2674/2674/2685 2875/2875/2890
f 2875/2875/2890 2886/2886/2901 2681/2681/2692
f 2886/2886/2901 2887/2887/2902 2888/2888/2903
f 2885/2885/2900 2887/2887/2902 2886/2886/2901
f 2888/2888/2903 2683/2683/2694 2886/2886/2901
f 2886/2886/2901 2683/2683/2694 2681/2681/2692
f 2889/2889/2904 2882/2882/2897 2890/2890/2905
f 2884/2884/2899 2680/2680/2691 2686/2686/2697
f 2891/2891/2906 2890/2890/2905 2882/2882/2897
f 2890/2890/2905 2892/2892/2907 2893/2893/2908
f 2889/2889/2904 2890/2890/2905 2893/2893/2908
f 2890/2890/2905 2688/2688/2699 2692/2692/2703
f 2890/2890/2905 2691/2691/2702 2892/2892/2907
f 2894/2894/2909 2888/2888/2903 2887/2887/2902
f 2894/2894/2909 2895/2895/2910 2888/2888/2903
f 2694/2694/2705 2683/2683/2694 2888/2888/2903
f 2888/2888/2903 2895/2895/2910 2694/2694/2705
f 2895/2895/2910 2894/2894/2909 2896/2896/2911
f 2896/2896/2911 2696/2696/2707 2895/2895/2910
f 2895/2895/2910 2696/2696/2707 2694/2694/2705
f 2893/2893/2908 2892/2892/2907 2897/2897/2912
f 2892/2892/2907 2898/2898/2913 2897/2897/2912
f 2892/2892/2907 2691/2691/2702 2704/2704/2717
f 2704/2704/2717 2898/2898/2913 2892/2892/2907
f 2898/2898/2913 2899/2899/2914 2900/2900/2915
f 2704/2704/2717 2703/2703/2716 2898/2898/2913
f 2901/2901/2916 2896/2896/2911 2894/2894/2909
f 2901/2901/2916 2902/2902/2917 2896/2896/2911
f 2706/2706/2721 2696/2696/2707 2896/2896/2911
f 2896/2896/2911 2902/2902/2917 2706/2706/2721
f 2902/2902/2917 2903/2903/2918 2904/2904/2919
f 2901/2901/2916 2903/2903/2918 2902/2902/2917
f 2904/2904/2919 2708/2708/2723 2706/2706/2721
f 2900/2900/2915 2899/2899/2914 2905/2905/2920
f 2899/2899/2914 2906/2906/2921 2907/2907/2922
f 2712/2712/2727 2906/2906/2921 2899/2899/2914
f 2906/2906/2921 2908/2908/2923 2909/2909/2924
f 2907/2907/2922 2906/2906/2921 2909/2909/2924
f 2910/2910/2925 2904/2904/2919 2903/2903/2918
f 2910/2910/2925 2911/2911/2926 2904/2904/2919
f 2709/2709/2724 2708/2708/2723 2904/2904/2919
f 2904/2904/2919 2911/2911/2926 2713/2713/2728
f 2911/2911/2926 2912/2912/2927 2713/2713/2728
f 2913/2913/2928 2914/2914/2929 2915/2915/2930
f 2908/2908/2923 2913/2913/2928 2915/2915/2930
f 2913/2913/2928 2916/2916/2931 2914/2914/2929
f 2714/2714/2729 2916/2916/2931 2913/2913/2928
f 2917/2917/2932 2911/2911/2926 2910/2910/2925
f 2918/2918/2933 2919/2919/2934 2911/2911/2926
f 2911/2911/2926 2919/2919/2934 2715/2715/2730
f 2918/2918/2933 2920/2920/2935 2919/2919/2934
f 2721/2721/2736 2723/2723/2738 2919/2919/2934
f 2919/2919/2934 2723/2723/2738 2715/2715/2730
f 2915/2915/2930 2914/2914/2929 2921/2921/2936
f 2914/2914/2929 2922/2922/2937 2921/2921/2936
f 2914/2914/2929 2916/2916/2931 2718/2718/2733
f 2718/2718/2733 2922/2922/2937 2914/2914/2929
f 2922/2922/2937 2923/2923/2938 2924/2924/2939
f 2920/2920/2935 2925/2925/2940 2919/2919/2934
f 2919/2919/2934 2925/2925/2940 2721/2721/2736
f 2925/2925/2940 2926/2926/2941 2927/2927/2942
f 2920/2920/2935 2926/2926/2941 2925/2925/2940
f 2922/2922/2937 2924/2924/2939 2928/2928/2943
f 2924/2924/2939 2929/2929/2944 2928/2928/2943
f 2924/2924/2939 2923/2923/2938 2725/2725/2740
f 2725/2725/2740 2929/2929/2944 2924/2924/2939
f 2928/2928/2943 2929/2929/2944 2930/2930/2945
f 2725/2725/2740 2727/2727/2742 2929/2929/2944
f 2931/2931/2946 2927/2927/2942 2926/2926/2941
f 2931/2931/2946 2932/2932/2947 2927/2927/2942
f 2728/2728/2743 2722/2722/2737 2925/2925/2940
f 2927/2927/2942 2932/2932/2947 2728/2728/2743
f 2931/2931/2946 2933/2933/2948 2932/2932/2947
f 2930/2930/2945 2934/2934/2949 2935/2935/2950
f 2930/2930/2945 2727/2727/2742 2731/2731/2746
f 2731/2731/2746 2934/2934/2949 2930/2930/2945
f 2935/2935/2950 2934/2934/2949 2936/2936/2951
f 2934/2934/2949 2733/2733/2748 2937/2937/2952
f 2731/2731/2746 2733/2733/2748 2934/2934/2949
f 2933/2933/2948 2938/2938/2953 2939/2939/2954
f 2734/2734/2749 2728/2728/2743 2939/2939/2954
f 2939/2939/2954 2938/2938/2953 2734/2734/2749
f 2940/2940/2955 2938/2938/2953 2933/2933/2948
f 2938/2938/2953 2736/2736/2751 2734/2734/2749
f 2937/2937/2952 2941/2941/2956 2942/2942/2957
f 2733/2733/2748 2941/2941/2956 2937/2937/2952
f 2943/2943/2958 2940/2940/2955 2944/2944/2959
f 2945/2945/2960 2946/2946/2961 2741/2741/2756
f 2741/2741/2756 2946/2946/2961 2744/2744/2759
f 2946/2946/2961 2943/2943/2958 2947/2947/2962
f 2948/2948/2963 2949/2949/2964 2757/2757/2772
f 2950/2950/2965 2951/2951/2966 2952/2952/2967
f 2749/2749/2764 2953/2953/2968 2750/2750/2765
f 2954/2954/2969 2955/2955/2970 2956/2956/2971
f 2957/2957/2972 2956/2956/2971 2955/2955/2970
f 2954/2954/2969 2752/2752/2767 2751/2751/2766
f 2954/2954/2969 2751/2751/2766 2955/2955/2970
f 2958/2958/2973 2955/2955/2970 2751/2751/2766
f 2958/2958/2973 2953/2953/2968 2959/2959/2974
f 2762/2762/2777 2950/2950/2965 2765/2765/2780
f 2960/2960/2975 2961/2961/2976 2962/2962/2977
f 2963/2963/2978 2964/2964/2979 2965/2965/2980
f 2966/2966/2981 2967/2967/2982 2968/2968/2983
f 2966/2966/2981 2789/2789/2804 2788/2788/2803
f 2969/2969/2984 2775/2775/2790 2774/2774/2789
f 2970/2970/2985 2971/2971/2986 2969/2969/2984
f 2970/2970/2985 2969/2969/2984 2972/2972/2987
f 2973/2973/2988 2969/2969/2984 2774/2774/2789
f 2974/2974/2989 2975/2975/2990 2976/2976/2991
f 2977/2977/2992 2975/2975/2990 2974/2974/2989
f 2972/2972/2993 2963/2963/2993 2978/2978/2993
f 2974/2974/2989 2979/2979/2994 2980/2980/2995
f 2981/2981/2996 2982/2982/2997 2983/2983/2998
f 2983/2983/2998 2982/2982/2997 2792/2792/2807
f 2983/2983/2998 2792/2792/2807 2793/2793/2808
f 2984/2984/2999 2968/2968/2983 2985/2985/3000
f 2966/2966/2981 2986/2986/3001 2789/2789/2804
f 2966/2966/2981 2987/2987/3002 2986/2986/3001
f 2987/2987/3002 2988/2988/3003 2989/2989/3004
f 2990/2990/3005 2797/2797/2812 2986/2986/3001
f 2983/2983/2998 2991/2991/3006 2992/2992/3007
f 2801/2801/2816 2991/2991/3006 2983/2983/2998
f 2801/2801/2816 2803/2803/2818 2991/2991/3006
f 2993/2993/3008 2994/2994/3009 2990/2990/3005
f 2804/2804/2819 2797/2797/2812 2990/2990/3005
f 2990/2990/3005 2994/2994/3009 2804/2804/2819
f 2995/2995/3010 2994/2994/3009 2993/2993/3008
f 2994/2994/3009 2806/2806/2821 2804/2804/2819
f 2996/2996/3011 2997/2997/3012 2803/2803/2818
f 2810/2810/2825 2998/2998/3013 2803/2803/2818
f 2998/2998/3013 2999/2999/3014 3000/3000/3015
f 2998/2998/3013 2810/2810/2825 2999/2999/3014
f 2806/2806/2821 2813/2813/2828 2811/2811/2826
f 2813/2813/2828 3001/3001/3016 3002/3002/3017
f 3000/3000/3015 2999/2999/3014 3003/3003/3018
f 2999/2999/3014 2818/2818/2833 3003/3003/3018
f 2999/2999/3014 2810/2810/2825 2815/2815/2830
f 2815/2815/2830 2818/2818/2833 2999/2999/3014
f 2818/2818/2833 3004/3004/3019 3005/3005/3020
f 3003/3003/3018 2818/2818/2833 3005/3005/3020
f 3006/3006/3021 3002/3002/3017 3001/3001/3016
f 3006/3006/3021 3007/3007/3022 3002/3002/3017
f 2819/2819/2834 2813/2813/2828 3002/3002/3017
f 3002/3002/3017 3007/3007/3022 2819/2819/2834
f 3006/3006/3021 3008/3008/3023 3007/3007/3022
f 3008/3008/3023 2821/2821/2836 3007/3007/3022
f 3007/3007/3022 2821/2821/2836 2819/2819/2834
f 3004/3004/3019 3009/3009/3024 3005/3005/3020
f 3004/3004/3019 2818/2818/2833 2823/2823/2838
f 2823/2823/2838 3009/3009/3024 3004/3004/3019
f 3009/3009/3024 3010/3010/3025 3011/3011/3026
f 3005/3005/3020 3009/3009/3024 3011/3011/3026
f 3009/3009/3024 2826/2826/2841 3010/3010/3025
f 2823/2823/2838 2826/2826/2841 3009/3009/3024
f 3012/3012/3027 3013/3013/3028 3008/3008/3023
f 2827/2827/2842 2821/2821/2836 3008/3008/3023
f 3008/3008/3023 3013/3013/3028 2827/2827/2842
f 3012/3012/3027 3014/3014/3029 3013/3013/3028
f 3011/3011/3026 3010/3010/3025 3015/3015/3030
f 3010/3010/3025 3016/3016/3031 3015/3015/3030
f 2826/2826/2841 3016/3016/3031 3010/3010/3025
f 3015/3015/3030 3016/3016/3031 3017/3017/3032
f 3018/3018/3033 2830/2830/2845 3014/3014/3029
f 3019/3019/3034 2830/2830/2845 3018/3018/3033
f 3019/3019/3034 2831/2831/2846 2830/2830/2845
f 3020/3020/3035 3021/3021/3036 3022/3022/3037
f 3023/3023/3038 3021/3021/3036 3020/3020/3035
f 3024/3024/3039 3025/3025/3040 3019/3019/3034
f 3026/3026/3041 2835/2835/2850 3025/3025/3040
f 3027/3027/3042 3028/3028/3043 3029/3029/3044
f 2839/2839/2854 2841/2841/2856 3028/3028/3043
f 3030/3030/3045 3026/3026/3041 3025/3025/3040
f 3031/3031/3046 2845/2845/2860 3032/3032/3047
f 3032/3032/3047 2845/2845/2860 2844/2844/2859
f 3029/3029/3044 3028/3028/3043 3033/3033/3048
f 3028/3028/3043 3034/3034/3049 3033/3033/3048
f 3028/3028/3043 2841/2841/2856 2848/2848/2863
f 2848/2848/2863 3034/3034/3049 3028/3028/3043
f 3033/3033/3048 3034/3034/3049 3035/3035/3050
f 2848/2848/2863 2852/2852/2867 3034/3034/3049
f 3036/3036/3051 3037/3037/3052 3038/3038/3053
f 3039/3039/3054 3040/3040/3055 3035/3035/3050
f 3039/3039/3054 2852/2852/2867 2859/2859/2874
f 2862/2862/2877 3041/3041/3056 3039/3039/3054
f 3040/3040/3055 3042/3042/3057 3043/3043/3058
f 3035/3035/3050 3040/3040/3055 3043/3043/3058
f 3041/3041/3056 2864/2864/2879 3044/3044/3059
f 2865/2865/2880 2864/2864/2879 3041/3041/3056
f 3045/3045/3060 3037/3037/3052 3036/3036/3051
f 3045/3045/3060 3046/3046/3061 3037/3037/3052
f 2866/2866/2881 2857/2857/2872 3037/3037/3052
f 3037/3037/3052 3046/3046/3061 2866/2866/2881
f 3047/3047/3062 3048/3048/3063 3046/3046/3061
f 3047/3047/3062 3046/3046/3061 3045/3045/3060
f 3048/3048/3063 2868/2868/2883 3046/3046/3061
f 3046/3046/3061 2868/2868/2883 2866/2866/2881
f 3049/3049/3064 3043/3043/3058 3042/3042/3057
f 3042/3042/3057 3050/3050/3065 3049/3049/3064
f 3044/3044/3059 2864/2864/2879 2870/2870/2885
f 2870/2870/2885 3051/3051/3066 3052/3052/3067
f 3050/3050/3065 3053/3053/3068 3054/3054/3069
f 3049/3049/3064 3050/3050/3065 3054/3054/3069
f 2870/2870/2885 2877/2877/2892 3055/3055/3070
f 3047/3047/3062 3056/3056/3071 3048/3048/3063
f 2873/2873/2888 3048/3048/3063 3056/3056/3071
f 3057/3057/3072 2874/2874/2889 3056/3056/3071
f 3056/3056/3071 2874/2874/2889 2873/2873/2888
f 3058/3058/3073 3054/3054/3069 3053/3053/3068
f 3053/3053/3068 3059/3059/3074 3058/3058/3073
f 3055/3055/3070 2877/2877/2892 2876/2876/2891
f 2879/2879/2894 3059/3059/3074 3060/3060/3075
f 3058/3058/3073 3059/3059/3074 3061/3061/3076
f 3062/3062/3077 3057/3057/3072 3056/3056/3071
f 3062/3062/3077 2887/2887/2902 3057/3057/3072
f 2885/2885/2900 2874/2874/2889 3057/3057/3072
f 3057/3057/3072 2887/2887/2902 2885/2885/2900
f 2887/2887/2902 3062/3062/3077 3063/3063/3078
f 3064/3064/3079 3065/3065/3080 3061/3061/3076
f 3064/3064/3079 2883/2883/2898 2889/2889/2904
f 2889/2889/2904 3065/3065/3080 3064/3064/3079
f 3065/3065/3080 2893/2893/2908 3066/3066/3081
f 2889/2889/2904 2893/2893/2908 3065/3065/3080
f 3067/3067/3082 3063/3063/3078 3062/3062/3077
f 3067/3067/3082 3068/3068/3083 3063/3063/3078
f 2894/2894/2909 2887/2887/2902 3063/3063/3078
f 3063/3063/3078 3068/3068/3083 2894/2894/2909
f 3068/3068/3083 3069/3069/3084 3070/3070/3085
f 3067/3067/3082 3069/3069/3084 3068/3068/3083
f 3070/3070/3085 2894/2894/2909 3068/3068/3083
f 3065/3065/3080 3066/3066/3081 3071/3071/3086
f 3066/3066/3081 3072/3072/3087 3071/3071/3086
f 3066/3066/3081 2893/2893/2908 2897/2897/2912
f 2897/2897/2912 3072/3072/3087 3066/3066/3081
f 3072/3072/3087 2905/2905/2920 3073/3073/3088
f 3071/3071/3086 3072/3072/3087 3073/3073/3088
f 3074/3074/3089 3070/3070/3085 3069/3069/3084
f 3074/3074/3089 3075/3075/3090 3070/3070/3085
f 2901/2901/2916 2894/2894/2909 3070/3070/3085
f 3070/3070/3085 3075/3075/3090 2901/2901/2916
f 3074/3074/3089 3076/3076/3091 3075/3075/3090
f 3075/3075/3090 2903/2903/2918 2901/2901/2916
f 2905/2905/2920 3077/3077/3092 3078/3078/3093
f 2907/2907/2922 3077/3077/3092 2905/2905/2920
f 2907/2907/2922 2909/2909/2924 3079/3079/3094
f 3080/3080/3095 3075/3075/3090 3076/3076/3091
f 3080/3080/3095 3081/3081/3096 3075/3075/3090
f 2910/2910/2925 2903/2903/2918 3075/3075/3090
f 3075/3075/3090 3081/3081/3096 2910/2910/2925
f 3081/3081/3096 3082/3082/3097 2917/2917/2932
f 3080/3080/3095 3082/3082/3097 3081/3081/3096
f 2917/2917/2932 2910/2910/2925 3081/3081/3096
f 3078/3078/3093 3077/3077/3092 3083/3083/3098
f 3079/3079/3094 3084/3084/3099 3083/3083/3098
f 3079/3079/3094 2909/2909/2924 2908/2908/2923
f 2908/2908/2923 3084/3084/3099 3079/3079/3094
f 2908/2908/2923 2915/2915/2930 3084/3084/3099
f 3085/3085/3100 2917/2917/2932 3082/3082/3097
f 3085/3085/3100 2918/2918/2933 2917/2917/2932
f 2918/2918/2933 3086/3086/3101 3087/3087/3102
f 3085/3085/3100 3086/3086/3101 2918/2918/2933
f 3087/3087/3102 2920/2920/2935 2918/2918/2933
f 3083/3083/3098 2915/2915/2930 3088/3088/3103
f 2915/2915/2930 3089/3089/3104 3088/3088/3103
f 2921/2921/2936 3089/3089/3104 2915/2915/2930
f 3089/3089/3104 3090/3090/3105 3091/3091/3106
f 3088/3088/3103 3089/3089/3104 3091/3091/3106
f 3089/3089/3104 2922/2922/2937 3090/3090/3105
f 2921/2921/2936 2922/2922/2937 3089/3089/3104
f 3086/3086/3101 3092/3092/3107 3087/3087/3102
f 3087/3087/3102 3092/3092/3107 2920/2920/2935
f 3092/3092/3107 3093/3093/3108 3094/3094/3109
f 3086/3086/3101 3093/3093/3108 3092/3092/3107
f 3094/3094/3109 2926/2926/2941 3092/3092/3107
f 3092/3092/3107 2926/2926/2941 2920/2920/2935
f 3090/3090/3105 2922/2922/2937 2928/2928/2943
f 3095/3095/3110 3096/3096/3111 3097/3097/3112
f 3098/3098/3113 3095/3095/3110 3097/3097/3112
f 3095/3095/3110 2930/2930/2945 3096/3096/3111
f 2931/2931/2946 2926/2926/2941 3094/3094/3109
f 3099/3099/3114 3100/3100/3115 3101/3101/3116
f 3099/3099/3114 3101/3101/3116 3093/3093/3108
f 3100/3100/3115 2933/2933/2948 3101/3101/3116
f 3102/3102/3117 3097/3097/3112 3096/3096/3111
f 3096/3096/3111 3103/3103/3118 3102/3102/3117
f 3096/3096/3111 2930/2930/2945 2935/2935/2950
f 2935/2935/2950 3103/3103/3118 3096/3096/3111
f 3103/3103/3118 3104/3104/3119 3105/3105/3120
f 3102/3102/3117 3103/3103/3118 3105/3105/3120
f 3103/3103/3118 2936/2936/2951 3104/3104/3119
f 2935/2935/2950 2936/2936/2951 3103/3103/3118
f 3106/3106/3121 3100/3100/3115 3099/3099/3114
f 3107/3107/3122 3108/3108/3123 3100/3100/3115
f 3100/3100/3115 3108/3108/3123 2933/2933/2948
f 3107/3107/3122 3109/3109/3124 3108/3108/3123
f 3110/3110/3125 3105/3105/3120 3111/3111/3126
f 3104/3104/3119 3112/3112/3127 3111/3111/3126
f 3104/3104/3119 2936/2936/2951 2942/2942/2957
f 2942/2942/2957 3112/3112/3127 3104/3104/3119
f 3111/3111/3126 3112/3112/3127 3113/3113/3128
f 3113/3113/3128 3112/3112/3127 3114/3114/3129
f 3115/3115/3130 3116/3116/3131 3117/3117/3132
f 3118/3118/3133 3108/3108/3123 3109/3109/3124
f 3108/3108/3123 2944/2944/2959 2940/2940/2955
f 3119/3119/3134 3120/3120/3135 2944/2944/2959
f 2944/2944/2959 3120/3120/3135 3121/3121/3136
f 3122/3122/3137 3123/3123/3138 3124/3124/3139
f 3122/3122/3137 3124/3124/3139 3125/3125/3140
f 3126/3126/3141 3127/3127/3142 3128/3128/3143
f 3129/3129/3144 3122/3122/3137 3125/3125/3140
f 3129/3129/3144 2952/2952/2967 2951/2951/2966
f 3130/3130/3145 2952/2952/2967 3129/3129/3144
f 3128/3128/3143 3131/3131/3146 3132/3132/3147
f 3133/3133/3148 3134/3134/3149 3135/3135/3150
f 3114/3114/3129 2956/2956/2971 2957/2957/2972
f 3114/3114/3129 2957/2957/2972 3134/3134/3149
f 3132/3132/3147 3136/3136/3151 3128/3128/3143
f 2964/2964/2979 3137/3137/3152 2965/2965/2980
f 3138/3138/3153 3139/3139/3154 3140/3140/3155
f 3138/3138/3153 3140/3140/3155 3141/3141/3156
f 3137/3137/3152 2964/2964/2979 3138/3138/3153
f 3138/3138/3153 2975/2975/2990 3142/3142/3157
f 3142/3142/3158 3143/3143/3159 3144/3144/3160
f 2975/2975/2990 3143/3143/3161 3142/3142/3157
f 3145/3145/3162 3146/3146/3163 3147/3147/3164
f 3147/3147/3164 3146/3146/3163 3148/3148/3165
f 3149/3149/3166 3147/3147/3164 3148/3148/3165
f 3150/3150/3167 3149/3149/3166 3151/3151/3168
f 3150/3150/3167 2989/2989/3004 2988/2988/3003
f 2988/2988/3003 3147/3147/3164 3150/3150/3167
f 3152/3152/3169 3137/3137/3152 3141/3141/3156
f 3145/3145/3162 3153/3153/3170 3154/3154/3171
f 3155/3155/3172 2992/2992/3007 3156/3156/3173
f 3155/3155/3172 3156/3156/3173 3157/3157/3174
f 3158/3158/3175 3157/3157/3174 3159/3159/3176
f 3160/3160/3177 3156/3156/3173 2997/2997/3012
f 3151/3151/3168 3149/3149/3166 3161/3161/3178
f 3151/3151/3168 3161/3161/3178 2993/2993/3008
f 3161/3161/3178 3162/3162/3179 3163/3163/3180
f 3164/3164/3181 3165/3165/3182 3166/3166/3183
f 3164/3164/3181 2997/2997/3012 2996/2996/3011
f 2996/2996/3011 3165/3165/3182 3164/3164/3181
f 3165/3165/3182 3000/3000/3015 3166/3166/3183
f 2996/2996/3011 3000/3000/3015 3165/3165/3182
f 3167/3167/3184 3168/3168/3185 3169/3169/3186
f 3169/3169/3186 3168/3168/3185 3001/3001/3016
f 3170/3170/3187 3166/3166/3183 3000/3000/3015
f 3171/3171/3188 3172/3172/3189 3173/3173/3190
f 3171/3171/3188 3005/3005/3020 3172/3172/3189
f 3003/3003/3018 3005/3005/3020 3171/3171/3188
f 3174/3174/3191 3175/3175/3192 3176/3176/3193
f 3006/3006/3021 3001/3001/3016 3174/3174/3191
f 3174/3174/3191 3176/3176/3193 3006/3006/3021
f 3176/3176/3193 3175/3175/3192 3177/3177/3194
f 3177/3177/3194 3008/3008/3023 3176/3176/3193
f 3176/3176/3193 3008/3008/3023 3006/3006/3021
f 3173/3173/3190 3172/3172/3189 3178/3178/3195
f 3172/3172/3189 3179/3179/3196 3178/3178/3195
f 3005/3005/3020 3179/3179/3196 3172/3172/3189
f 3179/3179/3196 3011/3011/3026 3180/3180/3197
f 3178/3178/3195 3179/3179/3196 3180/3180/3197
f 3005/3005/3020 3011/3011/3026 3179/3179/3196
f 3012/3012/3027 3008/3008/3023 3177/3177/3194
f 3177/3177/3194 3181/3181/3198 3012/3012/3027
f 3182/3182/3199 3183/3183/3200 3181/3181/3198
f 3182/3182/3199 3181/3181/3198 3184/3184/3201
f 3183/3183/3200 3014/3014/3029 3181/3181/3198
f 3011/3011/3026 3185/3185/3202 3180/3180/3197
f 3015/3015/3030 3185/3185/3202 3011/3011/3026
f 3185/3185/3202 3186/3186/3203 3187/3187/3204
f 3180/3180/3197 3185/3185/3202 3187/3187/3204
f 3185/3185/3202 3017/3017/3032 3186/3186/3203
f 3015/3015/3030 3017/3017/3032 3185/3185/3202
f 3188/3188/3205 3183/3183/3200 3182/3182/3199
f 3188/3188/3205 3189/3189/3206 3183/3183/3200
f 3018/3018/3033 3014/3014/3029 3183/3183/3200
f 3183/3183/3200 3189/3189/3206 3018/3018/3033
f 3188/3188/3205 3190/3190/3207 3189/3189/3206
f 3190/3190/3207 3019/3019/3034 3189/3189/3206
f 3189/3189/3206 3019/3019/3034 3018/3018/3033
f 3187/3187/3204 3186/3186/3203 3191/3191/3208
f 3186/3186/3203 3192/3192/3209 3191/3191/3208
f 3022/3022/3037 3192/3192/3209 3186/3186/3203
f 3193/3193/3210 3190/3190/3207 3188/3188/3205
f 3193/3193/3210 3194/3194/3211 3190/3190/3207
f 3024/3024/3039 3019/3019/3034 3190/3190/3207
f 3190/3190/3207 3194/3194/3211 3024/3024/3039
f 3195/3195/3212 3196/3196/3213 3194/3194/3211
f 3195/3195/3212 3194/3194/3211 3193/3193/3210
f 3196/3196/3213 3025/3025/3040 3194/3194/3211
f 3194/3194/3211 3025/3025/3040 3024/3024/3039
f 3197/3197/3214 3198/3198/3215 3199/3199/3216
f 3029/3029/3044 3198/3198/3215 3197/3197/3214
f 3200/3200/3217 3196/3196/3213 3195/3195/3212
f 3201/3201/3218 3202/3202/3219 3196/3196/3213
f 3030/3030/3045 3025/3025/3040 3196/3196/3213
f 3196/3196/3213 3202/3202/3219 3030/3030/3045
f 3203/3203/3220 3204/3204/3221 3202/3202/3219
f 3203/3203/3220 3202/3202/3219 3201/3201/3218
f 3204/3204/3221 3031/3031/3046 3202/3202/3219
f 3202/3202/3219 3031/3031/3046 3030/3030/3045
f 3205/3205/3222 3029/3029/3044 3033/3033/3048
f 3206/3206/3223 3207/3207/3224 3208/3208/3225
f 3209/3209/3226 3206/3206/3223 3208/3208/3225
f 3206/3206/3223 3035/3035/3050 3207/3207/3224
f 3210/3210/3227 3204/3204/3221 3203/3203/3220
f 3211/3211/3228 3212/3212/3229 3204/3204/3221
f 3036/3036/3051 3031/3031/3046 3204/3204/3221
f 3204/3204/3221 3212/3212/3229 3036/3036/3051
f 3211/3211/3228 3213/3213/3230 3212/3212/3229
f 3212/3212/3229 3213/3213/3230 3214/3214/3231
f 3214/3214/3231 3036/3036/3051 3212/3212/3229
f 3215/3215/3232 3208/3208/3225 3207/3207/3224
f 3207/3207/3224 3216/3216/3233 3217/3217/3234
f 3035/3035/3050 3216/3216/3233 3207/3207/3224
f 3215/3215/3232 3217/3217/3234 3218/3218/3235
f 3216/3216/3233 3043/3043/3058 3219/3219/3236
f 3035/3035/3050 3043/3043/3058 3216/3216/3233
f 3214/3214/3231 3213/3213/3230 3220/3220/3237
f 3220/3220/3237 3221/3221/3238 3214/3214/3231
f 3220/3220/3237 3213/3213/3230 3222/3222/3239
f 3045/3045/3060 3036/3036/3051 3214/3214/3231
f 3214/3214/3231 3221/3221/3238 3045/3045/3060
f 3220/3220/3237 3223/3223/3240 3221/3221/3238
f 3223/3223/3240 3220/3220/3237 3222/3222/3239
f 3224/3224/3241 3223/3223/3240 3225/3225/3242
f 3221/3221/3238 3224/3224/3241 3226/3226/3243
f 3226/3226/3243 3047/3047/3062 3221/3221/3238
f 3221/3221/3238 3047/3047/3062 3045/3045/3060
f 3227/3227/3244 3228/3228/3245 3229/3229/3246
f 3230/3230/3247 3231/3231/3248 3232/3232/3249
f 3219/3219/3236 3233/3233/3250 3234/3234/3251
f 3219/3219/3236 3043/3043/3058 3049/3049/3064
f 3049/3049/3064 3233/3233/3250 3219/3219/3236
f 3234/3234/3252 3232/3232/3252 3235/3235/3252
f 3234/3234/3251 3233/3233/3250 3232/3232/3249
f 3230/3230/3247 3233/3233/3250 3236/3236/3253
f 3233/3233/3250 3054/3054/3069 3236/3236/3253
f 3049/3049/3064 3054/3054/3069 3233/3233/3250
f 3237/3237/3254 3224/3224/3241 3225/3225/3242
f 3226/3226/3243 3224/3224/3241 3238/3238/3255
f 3238/3238/3255 3239/3239/3256 3226/3226/3243
f 3240/3240/3257 3241/3241/3258 3239/3239/3256
f 3240/3240/3257 3239/3239/3256 3238/3238/3255
f 3241/3241/3258 3056/3056/3071 3239/3239/3256
f 3242/3242/3259 3231/3231/3260 3230/3230/3247
f 3230/3230/3247 3236/3236/3253 3243/3243/3261
f 3236/3236/3253 3244/3244/3262 3243/3243/3261
f 3236/3236/3253 3054/3054/3069 3058/3058/3073
f 3058/3058/3073 3244/3244/3262 3236/3236/3253
f 3244/3244/3262 3245/3245/3263 3246/3246/3264
f 3247/3247/3265 3243/3243/3261 3248/3248/3266
f 3248/3248/3266 3244/3244/3262 3246/3246/3264
f 3244/3244/3262 3061/3061/3076 3245/3245/3263
f 3058/3058/3073 3061/3061/3076 3244/3244/3262
f 3249/3249/3267 3241/3241/3258 3240/3240/3257
f 3249/3249/3267 3250/3250/3268 3241/3241/3258
f 3251/3251/3269 3250/3250/3268 3249/3249/3267
f 3061/3061/3076 3252/3252/3270 3245/3245/3263
f 3252/3252/3270 3253/3253/3271 3254/3254/3272
f 3252/3252/3270 3065/3065/3080 3253/3253/3271
f 3061/3061/3076 3065/3065/3080 3252/3252/3270
f 3067/3067/3082 3062/3062/3077 3251/3251/3269
f 3251/3251/3269 3255/3255/3273 3067/3067/3082
f 3256/3256/3274 3069/3069/3084 3255/3255/3273
f 3255/3255/3273 3069/3069/3084 3067/3067/3082
f 3254/3254/3272 3253/3253/3271 3257/3257/3275
f 3253/3253/3271 3258/3258/3276 3257/3257/3275
f 3253/3253/3271 3065/3065/3080 3071/3071/3086
f 3071/3071/3086 3258/3258/3276 3253/3253/3271
f 3258/3258/3276 3259/3259/3277 3260/3260/3278
f 3257/3257/3275 3258/3258/3276 3260/3260/3278
f 3258/3258/3276 3073/3073/3088 3259/3259/3277
f 3071/3071/3086 3073/3073/3088 3258/3258/3276
f 3261/3261/3279 3256/3256/3274 3255/3255/3273
f 3074/3074/3089 3069/3069/3084 3256/3256/3274
f 3256/3256/3274 3262/3262/3280 3263/3263/3281
f 3261/3261/3279 3262/3262/3280 3256/3256/3274
f 3263/3263/3281 3076/3076/3091 3256/3256/3274
f 3256/3256/3274 3076/3076/3091 3074/3074/3089
f 3260/3260/3278 3259/3259/3277 3264/3264/3282
f 3259/3259/3277 3265/3265/3283 3264/3264/3282
f 3078/3078/3093 3265/3265/3283 3259/3259/3277
f 3265/3265/3283 3078/3078/3093 3266/3266/3284
f 3267/3267/3285 3263/3263/3281 3262/3262/3280
f 3267/3267/3285 3268/3268/3286 3263/3263/3281
f 3080/3080/3095 3076/3076/3091 3263/3263/3281
f 3263/3263/3281 3268/3268/3286 3080/3080/3095
f 3267/3267/3285 3269/3269/3287 3268/3268/3286
f 3268/3268/3286 3082/3082/3097 3080/3080/3095
f 3264/3264/3282 3266/3266/3284 3270/3270/3288
f 3266/3266/3284 3271/3271/3289 3270/3270/3288
f 3266/3266/3284 3078/3078/3093 3083/3083/3098
f 3083/3083/3098 3271/3271/3289 3266/3266/3284
f 3270/3270/3288 3271/3271/3289 3272/3272/3290
f 3271/3271/3289 3083/3083/3098 3272/3272/3290
f 3273/3273/3291 3268/3268/3286 3269/3269/3287
f 3273/3273/3291 3274/3274/3292 3268/3268/3286
f 3085/3085/3100 3082/3082/3097 3268/3268/3286
f 3268/3268/3286 3274/3274/3292 3085/3085/3100
f 3274/3274/3292 3275/3275/3293 3276/3276/3294
f 3273/3273/3291 3275/3275/3293 3274/3274/3292
f 3276/3276/3294 3086/3086/3101 3274/3274/3292
f 3274/3274/3292 3086/3086/3101 3085/3085/3100
f 3272/3272/3290 3083/3083/3098 3088/3088/3103
f 3088/3088/3103 3091/3091/3106 3272/3272/3290
f 3276/3276/3294 3277/3277/3295 3086/3086/3101
f 3277/3277/3295 3093/3093/3108 3086/3086/3101
f 3278/3278/3296 3279/3279/3297 3280/3280/3298
f 3280/3280/3298 3281/3281/3299 3278/3278/3296
f 3280/3280/3298 3091/3091/3106 3098/3098/3113
f 3098/3098/3113 3281/3281/3299 3280/3280/3298
f 3278/3278/3296 3281/3281/3299 3282/3282/3300
f 3281/3281/3299 3097/3097/3112 3102/3102/3117
f 3098/3098/3113 3097/3097/3112 3281/3281/3299
f 3283/3283/3301 3284/3284/3302 3285/3285/3303
f 3283/3283/3301 3286/3286/3304 3284/3284/3302
f 3284/3284/3302 3286/3286/3304 3093/3093/3108
f 3287/3287/3305 3288/3288/3306 3289/3289/3307
f 3102/3102/3117 3288/3288/3306 3287/3287/3305
f 3290/3290/3308 3289/3289/3307 3291/3291/3309
f 3292/3292/3310 3293/3293/3311 3294/3294/3312
f 3295/3295/3313 3296/3296/3314 3106/3106/3121
f 3107/3107/3122 3296/3296/3314 3109/3109/3124
f 3296/3296/3314 3292/3292/3310 3297/3297/3315
f 3298/3298/3316 3299/3299/3317 3300/3300/3318
f 3299/3299/3317 3301/3301/3319 3302/3302/3320
f 3303/3303/3321 3301/3301/3319 3299/3299/3317
f 3304/3304/3322 3305/3305/3323 3291/3291/3309
f 3306/3306/3324 3291/3291/3309 3307/3307/3325
f 3308/3308/3326 3307/3307/3325 3110/3110/3125
f 3308/3308/3326 3309/3309/3327 3310/3310/3328
f 3303/3303/3321 3311/3311/3329 3312/3312/3330
f 3303/3303/3321 3117/3117/3132 3311/3311/3329
f 3127/3127/3142 3298/3298/3316 3313/3313/3331
f 3127/3127/3142 3313/3313/3331 3314/3314/3332
f 3315/3315/3333 3127/3127/3142 3314/3314/3332
f 3316/3316/3334 3317/3317/3335 3318/3318/3336
f 3319/3319/3337 3320/3320/3338 3321/3321/3339
f 3319/3319/3337 3322/3322/3340 3320/3320/3338
f 3323/3323/3341 3140/3140/3155 3139/3139/3154
f 3324/3324/3342 3325/3325/3343 3326/3326/3344
f 3323/3323/3341 3327/3327/3345 3140/3140/3155
f 3323/3323/3341 3328/3328/3346 3324/3324/3342
f 3139/3139/3154 3329/3329/3347 3328/3328/3346
f 3316/3316/3334 3324/3324/3342 3330/3330/3348
f 3331/3331/3349 3325/3325/3343 3316/3316/3334
f 3322/3322/3350 3332/3332/3350 3333/3333/3350
f 3328/3328/3346 3329/3329/3347 3334/3334/3351
f 3328/3328/3346 3334/3334/3351 3335/3335/3352
f 3329/3329/3353 3336/3336/3353 3334/3334/3353
f 3158/3158/3175 3337/3337/3354 3338/3338/3355
f 3339/3339/3356 3340/3340/3357 3341/3341/3358
f 3342/3342/3359 3337/3337/3354 3159/3159/3176
f 3343/3343/3360 3344/3344/3361 3345/3345/3362
f 3345/3345/3362 3344/3344/3361 3321/3321/3339
f 3319/3319/3337 3346/3346/3363 3162/3162/3179
f 3346/3346/3363 3347/3347/3364 3348/3348/3365
f 3348/3348/3365 3347/3347/3364 3349/3349/3366
f 3348/3348/3365 3163/3163/3180 3162/3162/3179
f 3350/3350/3367 3351/3351/3368 3352/3352/3369
f 3340/3340/3357 3352/3352/3369 3351/3351/3368
f 3353/3353/3370 3159/3159/3176 3354/3354/3371
f 3353/3353/3370 3354/3354/3371 3355/3355/3372
f 3166/3166/3183 3356/3356/3373 3354/3354/3371
f 3357/3357/3374 3355/3355/3372 3358/3358/3375
f 3356/3356/3373 3166/3166/3183 3359/3359/3376
f 3349/3349/3366 3347/3347/3364 3360/3360/3377
f 3360/3360/3377 3361/3361/3378 3349/3349/3366
f 3349/3349/3366 3361/3361/3378 3167/3167/3184
f 3362/3362/3379 3168/3168/3185 3167/3167/3184
f 3363/3363/3380 3364/3364/3381 3359/3359/3376
f 3359/3359/3376 3365/3365/3382 3363/3363/3380
f 3359/3359/3376 3166/3166/3183 3170/3170/3187
f 3170/3170/3187 3365/3365/3382 3359/3359/3376
f 3365/3365/3382 3366/3366/3383 3367/3367/3384
f 3363/3363/3380 3365/3365/3382 3367/3367/3384
f 3365/3365/3382 3173/3173/3190 3366/3366/3383
f 3170/3170/3187 3173/3173/3190 3365/3365/3382
f 3368/3368/3385 3369/3369/3386 3362/3362/3379
f 3175/3175/3192 3168/3168/3185 3362/3362/3379
f 3362/3362/3379 3369/3369/3386 3175/3175/3192
f 3370/3370/3387 3371/3371/3388 3369/3369/3386
f 3370/3370/3387 3369/3369/3386 3368/3368/3385
f 3371/3371/3388 3175/3175/3192 3369/3369/3386
f 3372/3372/3389 3367/3367/3384 3366/3366/3383
f 3373/3373/3390 3374/3374/3391 3375/3375/3392
f 3373/3373/3390 3180/3180/3197 3374/3374/3391
f 3178/3178/3195 3180/3180/3197 3373/3373/3390
f 3370/3370/3387 3376/3376/3393 3371/3371/3388
f 3184/3184/3201 3175/3175/3192 3371/3371/3388
f 3371/3371/3388 3376/3376/3393 3184/3184/3201
f 3377/3377/3394 3378/3378/3395 3376/3376/3393
f 3377/3377/3394 3376/3376/3393 3370/3370/3387
f 3376/3376/3393 3182/3182/3199 3184/3184/3201
f 3375/3375/3392 3374/3374/3391 3379/3379/3396
f 3374/3374/3391 3380/3380/3397 3379/3379/3396
f 3180/3180/3197 3380/3380/3397 3374/3374/3391
f 3380/3380/3397 3381/3381/3398 3382/3382/3399
f 3379/3379/3396 3380/3380/3397 3382/3382/3399
f 3380/3380/3397 3187/3187/3204 3381/3381/3398
f 3180/3180/3197 3187/3187/3204 3380/3380/3397
f 3383/3383/3400 3378/3378/3395 3377/3377/3394
f 3383/3383/3400 3384/3384/3401 3378/3378/3395
f 3378/3378/3395 3384/3384/3401 3188/3188/3205
f 3385/3385/3402 3386/3386/3403 3383/3383/3400
f 3386/3386/3403 3188/3188/3205 3384/3384/3401
f 3382/3382/3399 3381/3381/3398 3387/3387/3404
f 3381/3381/3398 3388/3388/3405 3387/3387/3404
f 3381/3381/3398 3187/3187/3204 3191/3191/3208
f 3191/3191/3208 3388/3388/3405 3381/3381/3398
f 3389/3389/3406 3386/3386/3403 3385/3385/3402
f 3389/3389/3406 3195/3195/3212 3386/3386/3403
f 3193/3193/3210 3188/3188/3205 3386/3386/3403
f 3386/3386/3403 3195/3195/3212 3193/3193/3210
f 3390/3390/3407 3200/3200/3217 3391/3391/3408
f 3387/3387/3404 3392/3392/3409 3393/3393/3410
f 3392/3392/3409 3394/3394/3411 3393/3393/3410
f 3392/3392/3409 3395/3395/3412 3199/3199/3216
f 3199/3199/3216 3394/3394/3411 3392/3392/3409
f 3393/3393/3410 3394/3394/3411 3396/3396/3413
f 3199/3199/3216 3198/3198/3215 3394/3394/3411
f 3397/3397/3414 3200/3200/3217 3390/3390/3407
f 3398/3398/3415 3203/3203/3220 3200/3200/3217
f 3200/3200/3217 3203/3203/3220 3201/3201/3218
f 3399/3399/3416 3396/3396/3413 3400/3400/3417
f 3400/3400/3417 3401/3401/3418 3399/3399/3416
f 3400/3400/3417 3198/3198/3215 3209/3209/3226
f 3209/3209/3226 3401/3401/3418 3400/3400/3417
f 3401/3401/3418 3208/3208/3225 3402/3402/3419
f 3209/3209/3226 3208/3208/3225 3401/3401/3418
f 3403/3403/3420 3404/3404/3421 3405/3405/3422
f 3406/3406/3423 3407/3407/3424 3211/3211/3228
f 3408/3408/3425 3407/3407/3424 3406/3406/3423
f 3211/3211/3228 3407/3407/3424 3409/3409/3426
f 3410/3410/3427 3409/3409/3428 3407/3407/3424
f 3410/3410/3427 3407/3407/3424 3408/3408/3425
f 3411/3411/3429 3412/3412/3430 3413/3413/3431
f 3413/3413/3431 3412/3412/3430 3414/3414/3432
f 3415/3415/3433 3416/3416/3434 3417/3417/3435
f 3418/3418/3436 3419/3419/3437 3420/3420/3438
f 3421/3421/3439 3422/3422/3440 3423/3423/3441
f 3424/3424/3442 3420/3420/3443 3416/3416/3434
f 3416/3416/3434 3425/3425/3444 3424/3424/3442
f 3420/3420/3443 3426/3426/3445 3427/3427/3446
f 3421/3421/3439 3428/3428/3447 3429/3429/3448
f 3423/3423/3441 3430/3430/3449 3431/3431/3450
f 3432/3432/3451 3433/3433/3452 3434/3434/3453
f 3435/3435/3454 3426/3426/3445 3436/3436/3455
f 3432/3432/3451 3437/3437/3456 3433/3433/3452
f 3402/3402/3419 3438/3438/3457 3439/3439/3458
f 3440/3440/3459 3439/3439/3458 3441/3441/3460
f 3438/3438/3457 3442/3442/3461 3441/3441/3460
f 3402/3402/3419 3208/3208/3225 3215/3215/3232
f 3402/3402/3419 3443/3443/3462 3438/3438/3457
f 3215/3215/3232 3444/3444/3463 3443/3443/3462
f 3424/3424/3464 3445/3445/3465 3436/3436/3466
f 3446/3446/3467 3445/3445/3465 3424/3424/3464
f 3447/3447/3468 3428/3428/3447 3448/3448/3469
f 3448/3448/3469 3449/3449/3470 3450/3450/3471
f 3428/3428/3447 3431/3431/3450 3448/3448/3472
f 3431/3431/3450 3451/3451/3473 3448/3448/3472
f 3433/3433/3452 3229/3229/3474 3430/3430/3449
f 3431/3431/3450 3229/3229/3474 3451/3451/3473
f 3452/3452/3475 3453/3453/3476 3449/3449/3470
f 3449/3449/3470 3448/3448/3472 3452/3452/3475
f 3454/3454/3477 3453/3453/3476 3452/3452/3475
f 3454/3454/3477 3452/3452/3475 3229/3229/3474
f 3454/3454/3477 3229/3229/3246 3455/3455/3478
f 3456/3456/3479 3457/3457/3480 3458/3458/3481
f 3459/3459/3482 3460/3460/3483 3461/3461/3484
f 3460/3460/3483 3459/3459/3482 3462/3462/3485
f 3463/3463/3486 3464/3464/3487 3465/3465/3488
f 3466/3466/3489 3467/3467/3490 3468/3468/3491
f 3469/3469/3492 3470/3470/3493 3471/3471/3494
f 3469/3469/3492 3472/3472/3495 3470/3470/3493
f 3471/3471/3494 3240/3240/3257 3473/3473/3496
f 3473/3473/3496 3240/3240/3257 3238/3238/3255
f 3469/3469/3492 3473/3473/3496 3464/3464/3487
f 3474/3474/3497 3475/3475/3498 3476/3476/3499
f 3476/3476/3499 3477/3477/3500 3474/3474/3497
f 3459/3459/3482 3453/3453/3476 3462/3462/3485
f 3453/3453/3476 3478/3478/3501 3479/3479/3502
f 3478/3478/3501 3480/3480/3503 3481/3481/3504
f 3467/3467/3490 3466/3466/3489 3482/3482/3505
f 3483/3483/3506 3475/3475/3498 3466/3466/3489
f 3477/3477/3500 3484/3484/3507 3482/3482/3505
f 3485/3485/3508 3484/3484/3509 3477/3477/3500
f 3486/3486/3510 3475/3475/3498 3483/3483/3506
f 3487/3487/3511 3477/3477/3500 3488/3488/3512
f 3489/3489/3513 3490/3490/3514 3491/3491/3515
f 3489/3489/3513 3491/3491/3515 3492/3492/3516
f 3493/3493/3517 3494/3494/3518 3495/3495/3519
f 3242/3242/3259 3247/3247/3265 3494/3494/3518
f 3247/3247/3265 3495/3495/3519 3494/3494/3518
f 3496/3496/3520 3497/3497/3521 3498/3498/3522
f 3497/3497/3521 3496/3496/3520 3499/3499/3523
f 3496/3496/3520 3495/3495/3519 3248/3248/3266
f 3500/3500/3524 3501/3501/3525 3502/3502/3526
f 3502/3502/3526 3503/3503/3527 3500/3500/3524
f 3504/3504/3528 3501/3501/3525 3470/3470/3493
f 3249/3249/3267 3240/3240/3257 3471/3471/3494
f 3500/3500/3524 3503/3503/3527 3249/3249/3267
f 3505/3505/3529 3506/3506/3530 3503/3503/3527
f 3505/3505/3529 3503/3503/3527 3502/3502/3526
f 3506/3506/3530 3251/3251/3269 3503/3503/3527
f 3503/3503/3527 3251/3251/3269 3249/3249/3267
f 3507/3507/3531 3508/3508/3532 3509/3509/3533
f 3508/3508/3532 3510/3510/3534 3509/3509/3533
f 3499/3499/3523 3246/3246/3264 3508/3508/3532
f 3511/3511/3535 3510/3510/3534 3508/3508/3532
f 3512/3512/3536 3510/3510/3534 3513/3513/3537
f 3511/3511/3535 3254/3254/3272 3514/3514/3538
f 3515/3515/3539 3506/3506/3530 3505/3505/3529
f 3515/3515/3539 3516/3516/3540 3506/3506/3530
f 3517/3517/3541 3251/3251/3269 3506/3506/3530
f 3506/3506/3530 3516/3516/3540 3517/3517/3541
f 3518/3518/3542 3519/3519/3543 3516/3516/3540
f 3518/3518/3542 3516/3516/3540 3515/3515/3539
f 3519/3519/3543 3255/3255/3273 3516/3516/3540
f 3516/3516/3540 3255/3255/3273 3517/3517/3541
f 3513/3513/3537 3514/3514/3538 3520/3520/3544
f 3514/3514/3538 3521/3521/3545 3520/3520/3544
f 3514/3514/3538 3254/3254/3272 3257/3257/3275
f 3257/3257/3275 3521/3521/3545 3514/3514/3538
f 3521/3521/3545 3522/3522/3546 3520/3520/3544
f 3521/3521/3545 3260/3260/3278 3522/3522/3546
f 3257/3257/3275 3260/3260/3278 3521/3521/3545
f 3523/3523/3547 3519/3519/3543 3518/3518/3542
f 3523/3523/3547 3524/3524/3548 3519/3519/3543
f 3519/3519/3543 3524/3524/3548 3261/3261/3279
f 3525/3525/3549 3526/3526/3550 3524/3524/3548
f 3525/3525/3549 3524/3524/3548 3523/3523/3547
f 3526/3526/3550 3262/3262/3280 3524/3524/3548
f 3520/3520/3544 3522/3522/3546 3527/3527/3551
f 3522/3522/3546 3528/3528/3552 3527/3527/3551
f 3522/3522/3546 3260/3260/3278 3264/3264/3282
f 3264/3264/3282 3528/3528/3552 3522/3522/3546
f 3528/3528/3552 3529/3529/3553 3530/3530/3554
f 3527/3527/3551 3528/3528/3552 3530/3530/3554
f 3528/3528/3552 3264/3264/3282 3529/3529/3553
f 3531/3531/3555 3526/3526/3550 3525/3525/3549
f 3531/3531/3555 3532/3532/3556 3526/3526/3550
f 3532/3532/3556 3533/3533/3557 3269/3269/3287
f 3532/3532/3556 3269/3269/3287 3267/3267/3285
f 3529/3529/3553 3534/3534/3558 3530/3530/3554
f 3529/3529/3553 3264/3264/3282 3270/3270/3288
f 3270/3270/3288 3534/3534/3558 3529/3529/3553
f 3530/3530/3554 3534/3534/3558 3535/3535/3559
f 3270/3270/3288 3272/3272/3290 3534/3534/3558
f 3536/3536/3560 3537/3537/3561 3538/3538/3562
f 3536/3536/3560 3538/3538/3562 3539/3539/3563
f 3537/3537/3561 3275/3275/3293 3538/3538/3562
f 3540/3540/3564 3535/3535/3559 3541/3541/3565
f 3541/3541/3565 3542/3542/3566 3540/3540/3564
f 3541/3541/3565 3272/3272/3290 3543/3543/3567
f 3543/3543/3567 3542/3542/3566 3541/3541/3565
f 3542/3542/3566 3279/3279/3297 3544/3544/3568
f 3540/3540/3564 3542/3542/3566 3544/3544/3568
f 3543/3543/3567 3279/3279/3297 3542/3542/3566
f 3545/3545/3569 3537/3537/3561 3536/3536/3560
f 3545/3545/3569 3546/3546/3570 3537/3537/3561
f 3537/3537/3561 3546/3546/3570 3275/3275/3293
f 3545/3545/3569 3547/3547/3571 3548/3548/3572
f 3546/3546/3570 3285/3285/3303 3275/3275/3293
f 3279/3279/3297 3549/3549/3573 3550/3550/3574
f 3278/3278/3296 3549/3549/3573 3279/3279/3297
f 3549/3549/3573 3282/3282/3300 3551/3551/3575
f 3278/3278/3296 3282/3282/3300 3549/3549/3573
f 3552/3552/3576 3553/3553/3577 3285/3285/3303
f 3552/3552/3576 3548/3548/3572 3554/3554/3578
f 3285/3285/3303 3553/3553/3577 3283/3283/3301
f 3552/3552/3576 3555/3555/3579 3553/3553/3577
f 3555/3555/3579 3556/3556/3580 3557/3557/3581
f 3558/3558/3582 3555/3555/3579 3557/3557/3581
f 3559/3559/3583 3293/3293/3311 3553/3553/3577
f 3560/3560/3584 3561/3561/3585 3562/3562/3586
f 3563/3563/3587 3561/3561/3585 3560/3560/3584
f 3551/3551/3575 3290/3290/3308 3564/3564/3588
f 3562/3562/3586 3564/3564/3588 3565/3565/3589
f 3551/3551/3575 3282/3282/3300 3289/3289/3307
f 3563/3563/3590 3565/3565/3589 3566/3566/3591
f 3563/3563/3590 3566/3566/3591 3291/3291/3309
f 3567/3567/3592 3568/3568/3593 3569/3569/3594
f 3570/3570/3595 3559/3559/3583 3558/3558/3582
f 3559/3559/3583 3294/3294/3312 3293/3293/3311
f 3302/3302/3320 3571/3571/3596 3572/3572/3597
f 3568/3568/3593 3573/3573/3598 3574/3574/3599
f 3568/3568/3593 3575/3575/3600 3573/3573/3598
f 3576/3576/3601 3575/3575/3600 3577/3577/3602
f 3573/3573/3598 3576/3576/3601 3578/3578/3603
f 3574/3574/3599 3573/3573/3598 3572/3572/3597
f 3579/3579/3604 3576/3576/3601 3577/3577/3602
f 3578/3578/3603 3300/3300/3318 3299/3299/3317
f 3580/3580/3605 3563/3563/3605 3581/3581/3605
f 3581/3581/3606 3291/3291/3309 3582/3582/3607
f 3579/3579/3604 3583/3583/3608 3584/3584/3609
f 3584/3584/3609 3585/3585/3610 3579/3579/3604
f 3343/3343/3611 3586/3586/3611 3587/3587/3611
f 3588/3588/3612 3587/3587/3612 3586/3586/3612
f 3589/3589/3613 3590/3590/3614 3591/3591/3615
f 3592/3592/3616 3317/3317/3335 3351/3351/3368
f 3317/3317/3335 3592/3592/3616 3593/3593/3617
f 3592/3592/3616 3594/3594/3618 3595/3595/3619
f 3596/3596/3620 3592/3592/3616 3597/3597/3621
f 3598/3598/3622 3599/3599/3623 3596/3596/3620
f 3600/3600/3624 3599/3599/3623 3598/3598/3622
f 3594/3594/3618 3350/3350/3367 3601/3601/3625
f 3594/3594/3618 3601/3601/3625 3595/3595/3619
f 3595/3595/3619 3601/3601/3625 3602/3602/3626
f 3357/3357/3374 3603/3603/3627 3604/3604/3628
f 3605/3605/3629 3606/3606/3630 3595/3595/3619
f 3607/3607/3631 3608/3608/3632 3609/3609/3633
f 3608/3608/3632 3603/3603/3627 3358/3358/3375
f 3358/3358/3375 3364/3364/3381 3610/3610/3634
f 3611/3611/3635 3612/3612/3636 3591/3591/3615
f 3613/3613/3637 3612/3612/3636 3614/3614/3638
f 3589/3589/3613 3613/3613/3637 3360/3360/3377
f 3615/3615/3639 3613/3613/3637 3614/3614/3638
f 3616/3616/3640 3615/3615/3639 3617/3617/3641
f 3618/3618/3642 3619/3619/3643 3620/3620/3644
f 3606/3606/3630 3621/3621/3645 3622/3622/3646
f 3623/3623/3647 3624/3624/3648 3614/3614/3638
f 3610/3610/3634 3364/3364/3381 3363/3363/3380
f 3609/3609/3633 3610/3610/3634 3625/3625/3649
f 3363/3363/3380 3626/3626/3650 3610/3610/3634
f 3627/3627/3651 3625/3625/3649 3628/3628/3652
f 3628/3628/3652 3629/3629/3653 3630/3630/3654
f 3363/3363/3380 3367/3367/3384 3626/3626/3650
f 3617/3617/3641 3631/3631/3655 3632/3632/3656
f 3617/3617/3641 3633/3633/3657 3634/3634/3658
f 3635/3635/3659 3636/3636/3660 3637/3637/3661
f 3372/3372/3389 3636/3636/3660 3635/3635/3659
f 3636/3636/3660 3638/3638/3662 3639/3639/3663
f 3637/3637/3661 3636/3636/3660 3639/3639/3663
f 3636/3636/3660 3375/3375/3392 3638/3638/3662
f 3372/3372/3389 3375/3375/3392 3636/3636/3660
f 3640/3640/3664 3641/3641/3665 3642/3642/3666
f 3642/3642/3666 3641/3641/3665 3370/3370/3387
f 3643/3643/3667 3377/3377/3394 3641/3641/3665
f 3641/3641/3665 3377/3377/3394 3370/3370/3387
f 3644/3644/3668 3382/3382/3399 3645/3645/3669
f 3379/3379/3396 3382/3382/3399 3644/3644/3668
f 3646/3646/3670 3647/3647/3671 3643/3643/3667
f 3383/3383/3400 3377/3377/3394 3643/3643/3667
f 3643/3643/3667 3647/3647/3671 3383/3383/3400
f 3645/3645/3669 3382/3382/3399 3648/3648/3672
f 3382/3382/3399 3649/3649/3673 3648/3648/3672
f 3387/3387/3404 3649/3649/3673 3382/3382/3399
f 3649/3649/3673 3650/3650/3674 3651/3651/3675
f 3648/3648/3672 3649/3649/3673 3651/3651/3675
f 3649/3649/3673 3387/3387/3404 3650/3650/3674
f 3652/3652/3676 3390/3390/3407 3385/3385/3402
f 3385/3385/3402 3390/3390/3407 3389/3389/3406
f 3651/3651/3675 3650/3650/3674 3653/3653/3677
f 3650/3650/3674 3387/3387/3404 3393/3393/3410
f 3653/3653/3677 3654/3654/3678 3655/3655/3679
f 3651/3651/3675 3653/3653/3677 3655/3655/3679
f 3656/3656/3680 3657/3657/3681 3397/3397/3414
f 3397/3397/3414 3657/3657/3681 3398/3398/3415
f 3654/3654/3678 3658/3658/3682 3655/3655/3679
f 3399/3399/3416 3658/3658/3682 3654/3654/3678
f 3659/3659/3683 3655/3655/3679 3660/3660/3684
f 3661/3661/3685 3662/3662/3686 3663/3663/3687
f 3664/3664/3688 3662/3662/3686 3661/3661/3685
f 3665/3665/3689 3666/3666/3690 3664/3664/3688
f 3667/3667/3691 3668/3668/3692 3415/3415/3433
f 3669/3669/3693 3670/3670/3694 3663/3663/3687
f 3671/3671/3695 3672/3672/3696 3673/3673/3697
f 3672/3672/3696 3671/3671/3695 3674/3674/3698
f 3675/3675/3699 3676/3676/3700 3677/3677/3701
f 3668/3668/3692 3678/3678/3702 3415/3415/3433
f 3678/3678/3702 3679/3679/3703 3680/3680/3704
f 3680/3680/3704 3425/3425/3444 3681/3681/3705
f 3682/3682/3706 3425/3425/3444 3680/3680/3704
f 3675/3675/3699 3683/3683/3707 3684/3684/3708
f 3672/3672/3696 3683/3683/3707 3675/3675/3699
f 3684/3684/3708 3685/3685/3709 3686/3686/3710
f 3415/3415/3433 3681/3681/3705 3416/3416/3434
f 3687/3687/3711 3688/3688/3712 3689/3689/3713
f 3690/3690/3714 3689/3689/3713 3688/3688/3712
f 3687/3687/3711 3439/3439/3458 3691/3691/3715
f 3687/3687/3711 3691/3691/3715 3688/3688/3712
f 3692/3692/3716 3693/3693/3716 3686/3686/3716
f 3694/3694/3717 3695/3695/3718 3696/3696/3719
f 3696/3696/3719 3695/3695/3718 3425/3425/3444
f 3697/3697/3720 3698/3698/3721 3699/3699/3722
f 3700/3700/3723 3701/3701/3724 3702/3702/3725
f 3703/3703/3726 3701/3701/3724 3700/3700/3723
f 3704/3704/3727 3705/3705/3728 3706/3706/3729
f 3698/3698/3721 3697/3697/3720 3707/3707/3730
f 3701/3701/3724 3708/3708/3731 3697/3697/3720
f 3709/3709/3732 3710/3710/3733 3711/3711/3734
f 3709/3709/3732 3711/3711/3734 3712/3712/3735
f 3712/3712/3736 3711/3711/3737 3708/3708/3731
f 3713/3713/3738 3467/3467/3490 3714/3714/3739
f 3715/3715/3740 3716/3716/3741 3484/3484/3507
f 3717/3717/3742 3705/3705/3742 3704/3704/3742
f 3718/3718/3743 3719/3719/3744 3720/3720/3745
f 3718/3718/3743 3721/3721/3746 3719/3719/3744
f 3722/3722/3747 3723/3723/3748 3712/3712/3735
f 3724/3724/3749 3725/3725/3750 3726/3726/3751
f 3727/3727/3752 3728/3728/3753 3715/3715/3754
f 3729/3729/3755 3730/3730/3756 3731/3731/3757
f 3731/3731/3757 3732/3732/3758 3729/3729/3755
f 3501/3501/3525 3729/3729/3755 3502/3502/3526
f 3729/3729/3755 3732/3732/3758 3502/3502/3526
f 3501/3501/3525 3504/3504/3528 3733/3733/3759
f 3734/3734/3760 3735/3735/3761 3736/3736/3762
f 3735/3735/3761 3505/3505/3529 3737/3737/3763
f 3737/3737/3763 3505/3505/3529 3502/3502/3526
f 3726/3726/3751 3738/3738/3764 3720/3720/3745
f 3738/3738/3764 3739/3739/3765 3740/3740/3766
f 3507/3507/3531 3509/3509/3533 3738/3738/3764
f 3509/3509/3533 3739/3739/3765 3738/3738/3764
f 3512/3512/3536 3513/3513/3537 3741/3741/3767
f 3742/3742/3768 3735/3735/3761 3734/3734/3760
f 3742/3742/3768 3743/3743/3769 3735/3735/3761
f 3515/3515/3539 3505/3505/3529 3735/3735/3761
f 3735/3735/3761 3743/3743/3769 3515/3515/3539
f 3744/3744/3770 3745/3745/3771 3743/3743/3769
f 3744/3744/3770 3743/3743/3769 3746/3746/3772
f 3743/3743/3769 3518/3518/3542 3515/3515/3539
f 3747/3747/3773 3748/3748/3774 3749/3749/3775
f 3750/3750/3776 3747/3747/3773 3749/3749/3775
f 3747/3747/3773 3520/3520/3544 3748/3748/3774
f 3751/3751/3777 3525/3525/3549 3518/3518/3542
f 3518/3518/3542 3525/3525/3549 3523/3523/3547
f 3752/3752/3778 3753/3753/3779 3525/3525/3549
f 3752/3752/3778 3525/3525/3549 3751/3751/3777
f 3749/3749/3775 3748/3748/3774 3754/3754/3780
f 3748/3748/3774 3755/3755/3781 3754/3754/3780
f 3748/3748/3774 3520/3520/3544 3527/3527/3551
f 3527/3527/3551 3755/3755/3781 3748/3748/3774
f 3754/3754/3780 3755/3755/3781 3756/3756/3782
f 3527/3527/3551 3530/3530/3554 3755/3755/3781
f 3752/3752/3778 3533/3533/3557 3753/3753/3779
f 3531/3531/3555 3525/3525/3549 3753/3753/3779
f 3753/3753/3779 3533/3533/3557 3531/3531/3555
f 3757/3757/3783 3758/3758/3784 3533/3533/3557
f 3756/3756/3782 3759/3759/3785 3760/3760/3786
f 3759/3759/3785 3761/3761/3787 3762/3762/3788
f 3760/3760/3786 3759/3759/3785 3762/3762/3788
f 3759/3759/3785 3535/3535/3559 3763/3763/3789
f 3764/3764/3790 3536/3536/3560 3758/3758/3784
f 3539/3539/3563 3533/3533/3557 3758/3758/3784
f 3758/3758/3784 3536/3536/3560 3539/3539/3563
f 3763/3763/3789 3765/3765/3791 3761/3761/3787
f 3763/3763/3789 3535/3535/3559 3540/3540/3564
f 3540/3540/3564 3765/3765/3791 3763/3763/3789
f 3766/3766/3792 3767/3767/3793 3768/3768/3794
f 3769/3769/3795 3770/3770/3796 3547/3547/3571
f 3769/3769/3795 3771/3771/3797 3772/3772/3798
f 3769/3769/3795 3773/3773/3799 3770/3770/3796
f 3774/3774/3800 3775/3775/3801 3776/3776/3802
f 3777/3777/3803 3773/3773/3799 3778/3778/3804
f 3779/3779/3805 3548/3548/3572 3770/3770/3796
f 3780/3780/3806 3781/3781/3807 3782/3782/3808
f 3783/3783/3809 3781/3781/3807 3780/3780/3806
f 3784/3784/3810 3785/3785/3811 3767/3767/3793
f 3786/3786/3812 3768/3768/3794 3787/3787/3813
f 3550/3550/3574 3788/3788/3814 3784/3784/3810
f 3789/3789/3815 3787/3787/3813 3788/3788/3814
f 3789/3789/3815 3788/3788/3814 3564/3564/3588
f 3790/3790/3816 3791/3791/3817 3776/3776/3802
f 3792/3792/3818 3779/3779/3805 3777/3777/3803
f 3779/3779/3805 3554/3554/3578 3548/3548/3572
f 3793/3793/3819 3794/3794/3820 3554/3554/3578
f 3554/3554/3578 3794/3794/3820 3556/3556/3580
f 3795/3795/3821 3796/3796/3822 3797/3797/3823
f 3795/3795/3821 3797/3797/3823 3798/3798/3824
f 3791/3791/3817 3799/3799/3825 3800/3800/3826
f 3791/3791/3817 3781/3781/3807 3801/3801/3827
f 3801/3801/3827 3802/3802/3828 3799/3799/3825
f 3803/3803/3829 3781/3781/3807 3804/3804/3830
f 3801/3801/3827 3803/3803/3831 3802/3802/3828
f 3800/3800/3826 3799/3799/3825 3798/3798/3824
f 3802/3802/3828 3795/3795/3821 3798/3798/3824
f 3802/3802/3828 3805/3805/3832 3806/3806/3833
f 3807/3807/3834 3802/3802/3828 3803/3803/3831
f 3808/3808/3835 3789/3789/3835 3809/3809/3835
f 3809/3809/3836 3564/3564/3588 3810/3810/3837
f 3811/3811/3838 3807/3807/3834 3803/3803/3831
f 3811/3811/3838 3812/3812/3839 3807/3807/3834
f 3569/3569/3840 3813/3813/3841 3567/3567/3841
f 3814/3814/3842 3806/3806/3833 3815/3815/3843
f 3816/3816/3844 3568/3568/3593 3567/3567/3845
f 3817/3817/3846 3575/3575/3600 3818/3818/3847
f 3819/3819/3848 3575/3575/3600 3817/3817/3846
f 3820/3820/3849 3821/3821/3850 3822/3822/3851
f 3823/3823/3852 3596/3596/3620 3824/3824/3853
f 3825/3825/3854 3826/3826/3855 3619/3619/3643
f 3822/3822/3851 3821/3821/3850 3827/3827/3856
f 3828/3828/3857 3829/3829/3857 3830/3830/3857
f 3831/3831/3858 3832/3832/3859 3825/3825/3854
f 3821/3821/3850 3832/3832/3859 3827/3827/3856
f 3833/3833/3860 3834/3834/3861 3835/3835/3862
f 3825/3825/3854 3836/3836/3863 3831/3831/3858
f 3831/3831/3858 3836/3836/3863 3833/3833/3860
f 3833/3833/3860 3837/3837/3864 3834/3834/3861
f 3834/3834/3861 3838/3838/3865 3839/3839/3866
f 3835/3835/3862 3840/3840/3867 3827/3827/3856
f 3829/3829/3868 3624/3624/3868 3841/3841/3868
f 3836/3836/3863 3618/3618/3642 3842/3842/3869
f 3836/3836/3863 3842/3842/3869 3843/3843/3870
f 3618/3618/3871 3844/3844/3871 3842/3842/3871
f 3627/3627/3651 3845/3845/3872 3846/3846/3873
f 3847/3847/3874 3848/3848/3875 3836/3836/3863
f 3849/3849/3876 3850/3850/3877 3851/3851/3878
f 3850/3850/3877 3845/3845/3872 3852/3852/3879
f 3628/3628/3652 3630/3630/3654 3852/3852/3879
f 3615/3615/3639 3853/3853/3880 3633/3633/3657
f 3828/3828/3881 3854/3854/3882 3853/3853/3880
f 3855/3855/3883 3854/3854/3882 3856/3856/3884
f 3857/3857/3885 3855/3855/3883 3858/3858/3886
f 3859/3859/3887 3634/3634/3658 3853/3853/3880
f 3853/3853/3880 3854/3854/3882 3859/3859/3887
f 3839/3839/3866 3838/3838/3865 3860/3860/3888
f 3861/3861/3889 3860/3860/3888 3838/3838/3865
f 3862/3862/3890 3837/3837/3864 3863/3863/3891
f 3861/3861/3889 3864/3864/3892 3865/3865/3893
f 3862/3862/3890 3863/3863/3891 3866/3866/3894
f 3867/3867/3895 3868/3868/3896 3869/3869/3897
f 3868/3868/3896 3870/3870/3898 3869/3869/3897
f 3851/3851/3878 3852/3852/3879 3871/3871/3899
f 3851/3851/3878 3871/3871/3899 3868/3868/3896
f 3637/3637/3661 3872/3872/3900 3871/3871/3899
f 3873/3873/3901 3870/3870/3898 3872/3872/3900
f 3872/3872/3900 3639/3639/3663 3874/3874/3902
f 3637/3637/3661 3639/3639/3663 3872/3872/3900
f 3875/3875/3903 3857/3857/3885 3858/3858/3886
f 3876/3876/3904 3857/3857/3885 3877/3877/3905
f 3877/3877/3905 3878/3878/3906 3876/3876/3904
f 3876/3876/3904 3878/3878/3906 3879/3879/3907
f 3876/3876/3904 3880/3880/3908 3859/3859/3887
f 3881/3881/3909 3882/3882/3910 3883/3883/3911
f 3874/3874/3902 3884/3884/3912 3883/3883/3911
f 3639/3639/3663 3884/3884/3912 3874/3874/3902
f 3884/3884/3912 3885/3885/3913 3886/3886/3914
f 3881/3881/3909 3883/3883/3911 3886/3886/3914
f 3884/3884/3912 3645/3645/3669 3885/3885/3913
f 3639/3639/3663 3645/3645/3669 3884/3884/3912
f 3879/3879/3907 3887/3887/3915 3880/3880/3908
f 3879/3879/3907 3888/3888/3916 3887/3887/3915
f 3888/3888/3916 3889/3889/3917 3890/3890/3918
f 3888/3888/3916 3890/3890/3918 3887/3887/3915
f 3891/3891/3919 3886/3886/3914 3885/3885/3913
f 3885/3885/3913 3892/3892/3920 3891/3891/3919
f 3892/3892/3920 3893/3893/3921 3894/3894/3922
f 3891/3891/3919 3892/3892/3920 3894/3894/3922
f 3892/3892/3920 3651/3651/3675 3893/3893/3921
f 3895/3895/3923 3896/3896/3924 3652/3652/3676
f 3895/3895/3923 3897/3897/3925 3896/3896/3924
f 3898/3898/3926 3894/3894/3922 3893/3893/3921
f 3893/3893/3921 3899/3899/3927 3898/3898/3926
f 3651/3651/3675 3899/3899/3927 3893/3893/3921
f 3899/3899/3927 3900/3900/3928 3901/3901/3929
f 3898/3898/3926 3899/3899/3927 3901/3901/3929
f 3899/3899/3927 3655/3655/3679 3900/3900/3928
f 3651/3651/3675 3655/3655/3679 3899/3899/3927
f 3902/3902/3930 3903/3903/3931 3904/3904/3932
f 3904/3904/3932 3903/3903/3931 3656/3656/3680
f 3905/3905/3933 3901/3901/3929 3900/3900/3928
f 3900/3900/3928 3906/3906/3934 3905/3905/3933
f 3659/3659/3683 3906/3906/3934 3900/3900/3928
f 3907/3907/3935 3908/3908/3936 3909/3909/3937
f 3909/3909/3937 3669/3669/3693 3662/3662/3686
f 3910/3910/3938 3911/3911/3939 3912/3912/3940
f 3913/3913/3941 3670/3670/3694 3669/3669/3693
f 3914/3914/3942 3915/3915/3942 3916/3916/3942
f 3683/3683/3707 3917/3917/3943 3918/3918/3944
f 3919/3919/3945 3920/3920/3946 3921/3921/3947
f 3684/3684/3708 3922/3922/3948 3685/3685/3709
f 3685/3685/3709 3922/3922/3948 3923/3923/3949
f 3924/3924/3950 3925/3925/3951 3926/3926/3952
f 3927/3927/3953 3926/3926/3952 3928/3928/3954
f 3925/3925/3951 3929/3929/3955 3928/3928/3954
f 3924/3924/3950 3689/3689/3713 3925/3925/3951
f 3927/3927/3953 3928/3928/3954 3930/3930/3956
f 3930/3930/3956 3929/3929/3955 3931/3931/3957
f 3931/3931/3957 3929/3929/3955 3690/3690/3714
f 3932/3932/3958 3933/3933/3959 3934/3934/3960
f 3916/3916/3961 3935/3935/3962 3936/3936/3963
f 3935/3935/3962 3937/3937/3964 3936/3936/3963
f 3932/3932/3958 3934/3934/3960 3938/3938/3965
f 3936/3936/3963 3937/3937/3964 3939/3939/3966
f 3940/3940/3967 3936/3936/3963 3941/3941/3968
f 3942/3942/3969 3920/3920/3946 3943/3943/3970
f 3942/3942/3969 3944/3944/3971 3921/3921/3947
f 3920/3920/3946 3941/3941/3968 3943/3943/3970
f 3941/3941/3968 3939/3939/3966 3945/3945/3972
f 3941/3941/3968 3946/3946/3973 3947/3947/3974
f 3947/3947/3974 3943/3943/3970 3941/3941/3968
f 3948/3948/3975 3949/3949/3976 3930/3930/3956
f 3950/3950/3977 3951/3951/3978 3952/3952/3979
f 3949/3949/3976 3953/3953/3980 3952/3952/3979
f 3944/3944/3971 3942/3942/3969 3954/3954/3981
f 3943/3943/3982 3955/3955/3983 3956/3956/3984
f 3950/3950/3977 3952/3952/3979 3957/3957/3985
f 3957/3957/3985 3958/3958/3986 3959/3959/3987
f 3958/3958/3986 3953/3953/3980 3960/3960/3988
f 3961/3961/3989 3947/3947/3990 3962/3962/3991
f 3963/3963/3992 3964/3964/3993 3965/3965/3994
f 3939/3939/3966 3966/3966/3995 3967/3967/3996
f 3963/3963/3992 3938/3938/3965 3968/3968/3997
f 3969/3969/3998 3965/3965/3994 3970/3970/3999
f 3965/3965/3994 3964/3964/3993 3970/3970/3999
f 3971/3971/4000 3972/3972/4001 3968/3968/3997
f 3964/3964/3993 3972/3972/4001 3973/3973/4002
f 3730/3730/3756 3973/3973/4002 3974/3974/4003
f 3730/3730/3756 3975/3975/4004 3973/3973/4002
f 3939/3939/3966 3967/3967/3996 3945/3945/3972
f 3976/3976/4005 3977/3977/4006 3946/3946/3973
f 3978/3978/4007 3976/3976/4005 3945/3945/3972
f 3979/3979/4008 3980/3980/4008 3981/3981/4008
f 3977/3977/4006 3976/3976/4005 3978/3978/4007
f 3947/3947/3974 3946/3946/3973 3705/3705/3728
f 3975/3975/4004 3982/3982/4009 3970/3970/3999
f 3983/3983/4010 3698/3698/4010 3984/3984/4010
f 3985/3985/4011 3986/3986/4012 3958/3958/3986
f 3987/3987/4013 3959/3959/3987 3988/3988/4014
f 3986/3986/4012 3989/3989/4015 3988/3988/4014
f 3985/3985/4011 3990/3990/4016 3986/3986/4012
f 3991/3991/4017 3992/3992/4018 3990/3990/4016
f 3993/3993/4019 3994/3994/4020 3995/3995/4021
f 3987/3987/4013 3993/3993/4019 3995/3995/4021
f 3989/3989/4015 3990/3990/4016 3720/3720/3745
f 3996/3996/4022 3997/3997/4023 3974/3974/4003
f 3730/3730/3756 3974/3974/4003 3731/3731/3757
f 3974/3974/4003 3997/3997/4023 3731/3731/3757
f 3993/3993/4019 3998/3998/4024 3994/3994/4020
f 3999/3999/4025 3995/3995/4021 3994/3994/4020
f 3998/3998/4024 4000/4000/4026 3999/3999/4025
f 3993/3993/4019 3720/3720/3745 3998/3998/4024
f 3740/3740/3766 4000/4000/4026 3998/3998/4024
f 4000/4000/4026 4001/4001/4027 4002/4002/4028
f 3999/3999/4025 4000/4000/4026 4002/4002/4028
f 4000/4000/4026 4003/4003/4029 4001/4001/4027
f 3740/3740/3766 4003/4003/4029 4000/4000/4026
f 4004/4004/4030 3744/3744/3770 4005/4005/4031
f 4005/4005/4031 3744/3744/3770 3742/3742/3768
f 4006/4006/4032 4002/4002/4028 4001/4001/4027
f 4001/4001/4027 3749/3749/3775 4006/4006/4032
f 3749/3749/3775 4007/4007/4033 4008/4008/4034
f 4006/4006/4032 3749/3749/3775 4008/4008/4034
f 3744/3744/3770 4009/4009/4035 4010/4010/4036
f 3744/3744/3770 4010/4010/4036 3751/3751/3777
f 4007/4007/4033 4011/4011/4037 4012/4012/4038
f 4011/4011/4037 3756/3756/3782 4013/4013/4039
f 4014/4014/4040 4015/4015/4041 4016/4016/4042
f 4017/4017/4043 4014/4014/4040 3752/3752/3778
f 4014/4014/4040 4018/4018/4044 4019/4019/4045
f 4020/4020/4046 4021/4021/4047 4022/4022/4048
f 4013/4013/4039 4023/4023/4049 4022/4022/4048
f 4013/4013/4039 3756/3756/3782 3760/3760/3786
f 3760/3760/3786 4023/4023/4049 4013/4013/4039
f 4022/4022/4048 4023/4023/4049 4024/4024/4050
f 4024/4024/4050 4023/4023/4049 4025/4025/4051
f 4026/4026/4052 4027/4027/4053 4028/4028/4054
f 4029/4029/4055 4030/4030/4056 4031/4031/4057
f 4032/4032/4058 3771/3771/3797 3764/3764/3790
f 3764/3764/3790 4026/4026/4052 4032/4032/4058
f 4033/4033/4059 4031/4031/4057 4034/4034/4060
f 4035/4035/4061 4029/4029/4055 4036/4036/4062
f 4033/4033/4059 4036/4036/4062 4029/4029/4055
f 4037/4037/4063 4038/4038/4064 4039/4039/4065
f 4040/4040/4066 4041/4041/4066 4042/4042/4066
f 4041/4041/4067 4043/4043/4068 4042/4042/4069
f 4043/4043/4068 4044/4044/4070 4042/4042/4069
f 3761/3761/3787 4045/4045/4071 4025/4025/4051
f 4046/4046/4072 4037/4037/4063 4047/4047/4073
f 4042/4042/4069 4044/4044/4070 4048/4048/4074
f 4049/4049/4075 4050/4050/4076 4051/4051/4077
f 4050/4050/4076 4044/4044/4070 4045/4045/4071
f 4050/4050/4076 4045/4045/4071 3766/3766/3792
f 4032/4032/4058 3772/3772/3798 3771/3771/3797
f 4052/4052/4078 4053/4053/4079 4054/4054/4080
f 3772/3772/3798 4055/4055/4081 4056/4056/4082
f 4036/4036/4062 4038/4038/4064 4057/4057/4083
f 4035/4035/4061 4057/4057/4083 4052/4052/4078
f 4058/4058/4084 4057/4057/4083 4059/4059/4085
f 4060/4060/4086 3790/3790/3816 4052/4052/4078
f 4060/4060/4086 4061/4061/4087 3790/3790/3816
f 4060/4060/4086 4058/4058/4084 4061/4061/4087
f 4051/4051/4077 3768/3768/3794 4062/4062/4088
f 3864/3864/4089 4063/4063/4090 4064/4064/4091
f 3861/3861/3889 3837/3837/3864 3862/3862/3890
f 4065/4065/4092 4066/4066/4093 4067/4067/4094
f 4063/4063/4090 3864/3864/3892 4068/4068/4095
f 4065/4065/4092 4068/4068/4095 3862/3862/3890
f 3873/3873/3901 3882/3882/3910 4069/4069/4096
f 4070/4070/4097 4071/4071/4098 4072/4072/4099
f 4073/4073/4100 4074/4074/4100 3875/3875/4100
f 3875/3875/3903 4074/4074/4101 3878/3878/3906
f 4075/4075/4102 4066/4066/4093 4076/4076/4103
f 4065/4065/4092 4076/4076/4103 4066/4066/4093
f 4071/4071/4098 4063/4063/4090 4066/4066/4093
f 4075/4075/4102 4077/4077/4104 4072/4072/4099
f 4078/4078/4105 4079/4079/4106 4080/4080/4107
f 4080/4080/4107 4077/4077/4104 4078/4078/4105
f 4076/4076/4103 4079/4079/4106 4078/4078/4105
f 4076/4076/4103 4081/4081/4108 4079/4079/4106
f 4072/4072/4099 4077/4077/4104 4082/4082/4109
f 4065/4065/4092 4083/4083/4110 4076/4076/4103
f 4076/4076/4103 4083/4083/4110 4084/4084/4111
f 3881/3881/3909 4085/4085/4112 4086/4086/4113
f 4087/4087/4114 4081/4081/4108 4076/4076/4103
f 4088/4088/4115 4089/4089/4116 4090/4090/4117
f 4089/4089/4116 4085/4085/4112 4091/4091/4118
f 4092/4092/4119 4093/4093/4120 3889/3889/3917
f 4094/4094/4121 4093/4093/4120 4095/4095/4122
f 4096/4096/4123 4094/4094/4121 4097/4097/4124
f 4098/4098/4125 3890/3890/3918 3889/3889/3917
f 3889/3889/3917 4093/4093/4120 4098/4098/4125
f 4099/4099/4126 4080/4080/4107 4100/4100/4127
f 4101/4101/4128 4100/4100/4127 4080/4080/4107
f 4102/4102/4129 4079/4079/4106 4103/4103/4130
f 4101/4101/4128 4104/4104/4131 4105/4105/4132
f 4106/4106/4133 4107/4107/4134 4108/4108/4135
f 4102/4102/4129 4103/4103/4130 4109/4109/4136
f 4110/4110/4137 4111/4111/4138 4112/4112/4139
f 4111/4111/4138 4113/4113/4140 4112/4112/4139
f 4091/4091/4118 3886/3886/3914 3891/3891/3919
f 4090/4090/4117 4091/4091/4118 4114/4114/4141
f 4090/4090/4117 4114/4114/4141 4111/4111/4138
f 3891/3891/3919 4115/4115/4142 4114/4114/4141
f 4109/4109/4136 4116/4116/4143 4102/4102/4129
f 4112/4112/4139 4113/4113/4140 4108/4108/4135
f 4106/4106/4133 4115/4115/4142 4117/4117/4144
f 3891/3891/3919 3894/3894/3922 4118/4118/4145
f 4119/4119/4146 4096/4096/4123 4120/4120/4147
f 4098/4098/4125 4121/4121/4148 3890/3890/3918
f 4098/4098/4125 4119/4119/4146 4121/4121/4148
f 4122/4122/4149 3897/3897/3925 4121/4121/4148
f 4121/4121/4148 4119/4119/4146 4122/4122/4149
f 4123/4123/4150 4124/4124/4151 4125/4125/4152
f 4126/4126/4153 4127/4127/4154 4128/4128/4155
f 4106/4106/4133 4117/4117/4144 4129/4129/4156
f 4117/4117/4144 4130/4130/4157 4129/4129/4156
f 4118/4118/4145 3894/3894/3922 3898/3898/3926
f 3898/3898/3926 4130/4130/4157 4118/4118/4145
f 4131/4131/4158 4129/4129/4156 4132/4132/4159
f 4130/4130/4157 3901/3901/3929 4133/4133/4160
f 3898/3898/3926 3901/3901/3929 4130/4130/4157
f 4134/4134/4161 4135/4135/4162 4136/4136/4163
f 4122/4122/4149 3902/3902/3930 3897/3897/3925
f 4122/4122/4149 4137/4137/4164 3902/3902/3930
f 4135/4135/4162 4138/4138/4165 4137/4137/4164
f 4139/4139/4166 4140/4140/4167 3902/3902/3930
f 3902/3902/3930 4137/4137/4164 4139/4139/4166
f 4141/4141/4168 4142/4142/4169 4143/4143/4170
f 4133/4133/4160 4144/4144/4171 4143/4143/4170
f 4133/4133/4160 3901/3901/3929 3905/3905/3933
f 3905/3905/3933 4144/4144/4171 4133/4133/4160
f 4141/4141/4168 4143/4143/4170 4145/4145/4172
f 4139/4139/4166 4146/4146/4173 4140/4140/4167
f 4139/4139/4166 4147/4147/4174 4146/4146/4173
f 4148/4148/4175 3933/3933/3959 4146/4146/4173
f 4146/4146/4173 4147/4147/4174 4148/4148/4175
f 4149/4149/4176 4150/4150/4177 4151/4151/4178
f 3927/3927/3953 4152/4152/4179 4149/4149/4176
f 4153/4153/4180 4150/4150/4177 4152/4152/4179
f 4148/4148/4175 4154/4154/4181 3934/3934/3960
f 4155/4155/4182 4156/4156/4183 4157/4157/4184
f 4158/4158/4185 4159/4159/4186 4160/4160/4187
f 3950/3950/3977 4159/4159/4186 4158/4158/4185
f 4154/4154/4181 4161/4161/4188 3968/3968/3997
f 4156/4156/4183 4162/4162/4189 4163/4163/4190
f 4164/4164/4191 4165/4165/4192 4166/4166/4193
f 3987/3987/4013 4165/4165/4192 4164/4164/4191
f 4165/4165/4192 3995/3995/4021 4167/4167/4194
f 3987/3987/4013 3995/3995/4021 4165/4165/4192
f 4161/4161/4188 4168/4168/4195 3971/3971/4000
f 4161/4161/4188 4169/4169/4196 4168/4168/4195
f 4169/4169/4196 4170/4170/4197 4171/4171/4198
f 4171/4171/4198 4172/4172/4199 4168/4168/4195
f 4173/4173/4200 4174/4174/4201 4175/4175/4202
f 4167/4167/4194 4176/4176/4203 4175/4175/4202
f 4167/4167/4194 3995/3995/4021 3999/3999/4025
f 3999/3999/4025 4176/4176/4203 4167/4167/4194
f 4175/4175/4202 4176/4176/4203 4177/4177/4204
f 4177/4177/4204 4176/4176/4203 4178/4178/4205
f 4179/4179/4206 4170/4170/4197 4180/4180/4207
f 4171/4171/4198 4181/4181/4208 4172/4172/4199
f 4171/4171/4198 4179/4179/4206 4181/4181/4208
f 4182/4182/4209 4179/4179/4206 4180/4180/4207
f 4183/4183/4210 4009/4009/4035 4181/4181/4208
f 4181/4181/4208 4179/4179/4206 4183/4183/4210
f 4184/4184/4211 4185/4185/4211 4186/4186/4211
f 4187/4187/4212 4188/4188/4213 4189/4189/4214
f 4177/4177/4204 4190/4190/4215 4191/4191/4216
f 4178/4178/4205 4002/4002/4028 4006/4006/4032
f 4006/4006/4032 4192/4192/4217 4178/4178/4205
f 4191/4191/4216 4190/4190/4215 4193/4193/4218
f 4193/4193/4218 4192/4192/4217 4194/4194/4219
f 4006/4006/4032 4008/4008/4034 4192/4192/4217
f 4195/4195/4220 4196/4196/4221 4182/4182/4209
f 4183/4183/4210 4197/4197/4222 4009/4009/4035
f 4183/4183/4210 4196/4196/4221 4197/4197/4222
f 4198/4198/4223 4199/4199/4224 4200/4200/4225
f 4201/4201/4226 4015/4015/4041 4197/4197/4222
f 4197/4197/4222 4196/4196/4221 4201/4201/4226
f 4202/4202/4227 4200/4200/4225 4203/4203/4228
f 4193/4193/4218 4204/4204/4229 4205/4205/4230
f 4202/4202/4227 4206/4206/4231 4198/4198/4223
f 4207/4207/4232 4208/4208/4233 4209/4209/4234
f 4207/4207/4232 4210/4210/4235 4211/4211/4236
f 4204/4204/4229 4212/4212/4237 4213/4213/4238
f 4212/4212/4237 4214/4214/4239 4213/4213/4238
f 4012/4012/4038 4215/4215/4240 4194/4194/4219
f 4211/4211/4236 4208/4208/4233 4207/4207/4232
f 4213/4213/4238 4214/4214/4239 4216/4216/4241
f 4217/4217/4242 4218/4218/4243 4219/4219/4244
f 4218/4218/4243 4214/4214/4239 4215/4215/4240
f 4218/4218/4243 4215/4215/4240 4220/4220/4245
f 4201/4201/4226 4016/4016/4042 4015/4015/4041
f 4221/4221/4246 4222/4222/4247 4016/4016/4042
f 4016/4016/4042 4222/4222/4247 4018/4018/4044
f 4223/4223/4248 4018/4018/4044 4222/4222/4247
f 4224/4224/4249 4225/4225/4250 4226/4226/4251
f 4227/4227/4252 4228/4228/4253 4206/4206/4231
f 4206/4206/4231 4209/4209/4234 4227/4227/4252
f 4227/4227/4252 4209/4209/4234 4229/4229/4254
f 4209/4209/4234 4230/4230/4255 4231/4231/4256
f 4232/4232/4257 4228/4228/4253 4226/4226/4251
f 4228/4228/4253 4233/4233/4258 4226/4226/4251
f 4234/4234/4259 4233/4233/4258 4235/4235/4260
f 4234/4234/4259 4235/4235/4260 4236/4236/4261
f 4229/4229/4254 4235/4235/4260 4233/4233/4258
f 4235/4235/4260 4237/4237/4262 4236/4236/4261
f 4237/4237/4262 4235/4235/4260 4229/4229/4254
f 4234/4234/4259 4034/4034/4060 4224/4224/4249
f 4231/4231/4256 4230/4230/4255 4238/4238/4263
f 4219/4219/4244 4220/4220/4245 4239/4239/4264
f 4231/4231/4256 4240/4240/4265 4241/4241/4266
f 4020/4020/4046 4242/4242/4267 4239/4239/4264
f 4241/4241/4266 4237/4237/4262 4231/4231/4256
f 4020/4020/4046 4243/4243/4268 4242/4242/4267
f 4242/4242/4269 4243/4243/4269 4244/4244/4269
f 4237/4237/4262 4245/4245/4270 4246/4246/4271
f 4246/4246/4271 4245/4245/4270 4033/4033/4059
f 4247/4247/4272 4245/4245/4273 4237/4237/4274
f 4039/4039/4065 4033/4033/4059 4245/4245/4270
f 4104/4104/4275 4248/4248/4276 4249/4249/4277
f 4101/4101/4128 4250/4250/4278 4104/4104/4131
f 4102/4102/4129 4251/4251/4279 4250/4250/4278
f 4249/4249/4277 4248/4248/4276 4125/4125/4152
f 4252/4252/4280 4253/4253/4281 4136/4136/4163
f 4251/4251/4279 4254/4254/4282 4123/4123/4150
f 4254/4254/4282 4255/4255/4283 4256/4256/4284
f 4257/4257/4285 4255/4255/4283 4254/4254/4282
f 4258/4258/4286 4123/4123/4150 4254/4254/4282
f 4257/4257/4285 4254/4254/4282 4259/4259/4287
f 4259/4259/4287 4126/4126/4153 4260/4260/4288
f 4126/4126/4153 4261/4261/4289 4260/4260/4288
f 4260/4260/4288 4257/4257/4285 4259/4259/4287
f 4262/4262/4290 4263/4263/4291 4257/4257/4285
f 4257/4257/4285 4264/4264/4292 4255/4255/4283
f 4265/4265/4293 4258/4258/4286 4256/4256/4284
f 4256/4256/4284 4266/4266/4294 4267/4267/4295
f 4266/4266/4294 4268/4268/4296 4269/4269/4297
f 4270/4270/4298 4266/4266/4294 4269/4269/4297
f 4264/4264/4292 4268/4268/4296 4266/4266/4294
f 4270/4270/4298 4271/4271/4299 4272/4272/4300
f 4273/4273/4301 4274/4274/4302 4275/4275/4303
f 4276/4276/4304 4264/4264/4292 4277/4277/4305
f 4257/4257/4285 4278/4278/4306 4277/4277/4305
f 4277/4277/4305 4278/4278/4306 4279/4279/4307
f 4276/4276/4304 4280/4280/4308 4281/4281/4309
f 4282/4282/4310 4141/4141/4168 4145/4145/4172
f 4274/4274/4302 4283/4283/4311 4138/4138/4165
f 4283/4283/4311 4274/4274/4302 4284/4284/4312
f 4269/4269/4297 4285/4285/4313 4271/4271/4299
f 4286/4286/4314 4285/4285/4313 4269/4269/4297
f 4269/4269/4297 4268/4268/4296 4286/4286/4314
f 4276/4276/4304 4287/4287/4315 4268/4268/4296
f 4286/4286/4314 4288/4288/4316 4289/4289/4317
f 4289/4289/4317 4285/4285/4313 4286/4286/4314
f 4290/4290/4318 4285/4285/4313 4291/4291/4319
f 4292/4292/4320 4145/4145/4172 4293/4293/4321
f 4292/4292/4320 4293/4293/4321 4294/4294/4322
f 4295/4295/4323 4296/4296/4324 4297/4297/4325
f 4296/4296/4324 4294/4294/4322 4293/4293/4321
f 4296/4296/4324 4293/4293/4321 4153/4153/4180
f 4298/4298/4326 4299/4299/4327 4289/4289/4317
f 4289/4289/4317 4288/4288/4316 4298/4298/4326
f 4300/4300/4328 4299/4299/4327 4301/4301/4329
f 4298/4298/4326 4302/4302/4330 4303/4303/4331
f 4303/4303/4331 4299/4299/4327 4298/4298/4326
f 4304/4304/4332 4302/4302/4330 4305/4305/4333
f 4301/4301/4329 4299/4299/4327 4306/4306/4334
f 4297/4297/4325 4153/4153/4180 4307/4307/4335
f 4297/4297/4325 4307/4307/4335 4308/4308/4336
f 4309/4309/4337 4310/4310/4338 4311/4311/4339
f 4310/4310/4338 4308/4308/4336 4307/4307/4335
f 4310/4310/4338 4307/4307/4335 4312/4312/4340
f 4313/4313/4341 4162/4162/4189 4314/4314/4342
f 4313/4313/4341 4314/4314/4342 4315/4315/4343
f 4316/4316/4344 4317/4317/4345 4303/4303/4331
f 4303/4303/4331 4302/4302/4330 4316/4316/4344
f 4316/4316/4344 4302/4302/4330 4318/4318/4346
f 4319/4319/4347 4317/4317/4345 4320/4320/4348
f 4316/4316/4344 4321/4321/4349 4322/4322/4350
f 4323/4323/4351 4317/4317/4345 4322/4322/4350
f 4322/4322/4350 4317/4317/4345 4316/4316/4344
f 4318/4318/4346 4321/4321/4349 4316/4316/4344
f 4323/4323/4351 4324/4324/4352 4325/4325/4353
f 4326/4326/4354 4318/4318/4346 4327/4327/4355
f 4318/4318/4346 4304/4304/4356 4328/4328/4357
f 4311/4311/4339 4312/4312/4340 4329/4329/4358
f 4326/4326/4354 4330/4330/4359 4331/4331/4360
f 4332/4332/4361 4329/4329/4358 4174/4174/4201
f 4333/4333/4362 4334/4334/4363 4162/4162/4189
f 4334/4334/4363 4333/4333/4362 4335/4335/4364
f 4336/4336/4365 4334/4334/4363 4335/4335/4364
f 4322/4322/4350 4337/4337/4366 4324/4324/4352
f 4322/4322/4350 4321/4321/4349 4338/4338/4367
f 4333/4333/4368 4313/4313/4368 4339/4339/4368
f 4337/4337/4366 4340/4340/4369 4341/4341/4370
f 4342/4342/4371 4338/4338/4367 4326/4326/4354
f 4338/4338/4367 4342/4342/4371 4343/4343/4372
f 4344/4344/4373 4340/4340/4369 4343/4343/4372
f 4345/4345/4374 4344/4344/4373 4343/4343/4372
f 4340/4340/4369 4346/4346/4375 4347/4347/4376
f 4340/4340/4369 4347/4347/4376 4348/4348/4377
f 4349/4349/4378 4174/4174/4201 4173/4173/4200
f 4342/4342/4371 4350/4350/4379 4351/4351/4380
f 4351/4351/4380 4345/4345/4374 4342/4342/4371
f 4173/4173/4200 4177/4177/4204 4352/4352/4381
f 4352/4352/4381 4177/4177/4204 4353/4353/4382
f 4170/4170/4197 4354/4354/4383 4355/4355/4384
f 4185/4185/4385 4203/4203/4228 4356/4356/4386
f 4346/4346/4375 4357/4357/4387 4358/4358/4388
f 4203/4203/4228 4185/4185/4385 4358/4358/4388
f 4345/4345/4374 4359/4359/4389 4360/4360/4390
f 4345/4345/4374 4360/4360/4390 4357/4357/4387
f 4361/4361/4391 4362/4362/4392 4363/4363/4393
f 4364/4364/4394 4189/4189/4394 4360/4360/4394
f 4360/4360/4390 4189/4189/4214 4357/4357/4387
f 4202/4202/4227 4203/4203/4228 4365/4365/4395
f 4188/4188/4213 4207/4207/4232 4365/4365/4395
f 4209/4209/4234 4202/4202/4227 4207/4207/4232
f 6/6/6 1/1/1 7/7/7
f 1/1/1 4/4/4 7/7/7
f 2/2/2 1/1/1 9/9/9
f 10/10/10 8/8/8 29/29/29
f 11/11/11 10/10/10 12/12/12
f 10/10/10 31/31/31 12/12/12
f 4366/4366/4396 17/17/17 6/6/6
f 17/17/17 19/19/19 6/6/6
f 26/26/26 18/18/18 4367/4367/4397
f 4368/4368/4397 20/20/20 25/25/25
f 26/26/26 28/28/28 18/18/18
f 29/29/29 8/8/8 19/19/19
f 30/30/30 4369/4369/4398 31/31/31
f 40/40/40 39/39/39 263/263/259
f 30/30/30 29/29/29 35/35/35
f 19/19/19 35/35/35 29/29/29
f 40/40/40 33/33/33 38/38/38
f 33/33/33 32/32/32 38/38/38
f 37/37/37 30/30/30 35/35/35
f 35/35/35 19/19/19 28/28/28
f 57/57/57 35/35/35 28/28/28
f 57/57/57 36/36/36 35/35/35
f 41/41/41 43/43/43 23/23/23
f 28/28/28 27/27/27 44/44/44
f 49/49/49 42/42/42 41/41/41
f 48/48/48 69/69/69 49/49/49
f 52/52/52 51/51/51 50/50/50
f 46/46/46 51/51/51 45/45/45
f 34/34/34 4370/4370/4399 32/32/32
f 4370/4370/4399 54/54/54 32/32/32
f 56/56/56 28/28/28 45/45/45
f 58/58/58 36/36/36 56/56/56
f 59/59/59 55/55/55 36/36/36
f 4371/4371/4400 83/83/83 66/66/66
f 83/83/83 286/286/282 66/66/66
f 63/63/63 56/56/56 45/45/45
f 63/63/63 84/84/84 58/58/58
f 84/84/84 61/61/61 58/58/58
f 61/61/61 60/60/60 58/58/58
f 60/60/60 59/59/59 58/58/58
f 54/54/54 66/66/66 53/53/53
f 66/66/66 283/283/279 53/53/53
f 286/286/282 283/283/279 66/66/66
f 68/68/68 70/70/70 48/48/48
f 73/73/73 45/45/45 52/52/52
f 73/73/73 72/72/72 80/80/80
f 75/75/75 71/71/71 68/68/68
f 74/74/74 99/99/98 75/75/75
f 79/79/79 78/78/78 4372/4372/4401
f 77/77/77 73/73/73 78/78/78
f 83/83/83 82/82/82 286/286/282
f 82/82/82 91/91/91 286/286/282
f 84/84/84 63/63/63 73/73/73
f 85/85/85 89/89/89 61/61/61
f 89/89/89 4373/4373/4402 61/61/61
f 86/86/86 84/84/84 73/73/73
f 87/87/87 95/95/4403 85/85/85
f 95/95/4403 88/88/88 85/85/85
f 91/91/91 292/292/288 286/286/282
f 4374/4374/4404 292/292/288 91/91/91
f 91/91/91 92/92/92 4374/4374/4404
f 91/91/91 90/90/90 92/92/92
f 90/90/90 4375/4375/4405 92/92/92
f 74/74/74 68/68/68 97/97/96
f 105/105/104 98/98/97 97/97/96
f 101/101/100 110/110/109 79/79/79
f 110/110/109 77/77/77 79/79/79
f 110/110/109 101/101/100 111/111/110
f 4376/4376/4406 98/98/4406 105/105/4406
f 104/104/103 97/97/96 102/102/101
f 103/103/102 126/126/124 104/104/103
f 109/109/108 108/108/107 4377/4377/4407
f 107/107/106 110/110/109 108/108/107
f 112/112/111 86/86/86 110/110/109
f 113/113/112 114/114/113 87/87/87
f 114/114/113 95/95/4403 87/87/87
f 116/116/115 112/112/111 110/110/109
f 112/112/111 122/122/136 113/113/112
f 122/122/136 117/117/4408 113/113/112
f 4378/4378/4409 4374/4374/4404 94/94/94
f 4374/4374/4404 92/92/92 94/94/94
f 4378/4378/4409 297/297/293 4374/4374/4404
f 4379/4379/4410 4380/4380/4411 94/94/94
f 4380/4380/4411 4378/4378/4409 94/94/94
f 142/142/141 297/297/293 4378/4378/4409
f 4378/4378/4409 119/119/118 142/142/141
f 4378/4378/4409 4380/4380/4411 119/119/118
f 4380/4380/4411 4381/4381/4412 119/119/118
f 103/103/102 102/102/101 124/124/122
f 132/132/130 125/125/123 124/124/122
f 128/128/126 107/107/106 109/109/108
f 128/128/126 127/127/125 133/133/131
f 131/131/129 124/124/122 129/129/127
f 130/130/128 4382/4382/4413 131/131/129
f 140/140/139 128/128/126 135/135/133
f 136/136/134 116/116/115 128/128/126
f 137/137/135 122/122/136 112/112/111
f 145/145/144 307/307/303 144/144/143
f 139/139/138 136/136/134 128/128/126
f 141/141/140 4383/4383/4414 137/137/135
f 4383/4383/4414 138/138/137 137/137/135
f 143/143/142 142/142/141 121/121/120
f 142/142/141 119/119/118 121/121/120
f 144/144/143 304/304/300 142/142/141
f 122/122/136 138/138/137 4384/4384/4415
f 146/146/145 143/143/142 121/121/120
f 307/307/303 304/304/300 144/144/143
f 147/147/146 151/151/150 130/130/128
f 149/149/148 140/140/139 135/135/133
f 155/155/154 150/150/149 147/147/146
f 174/174/173 157/157/156 156/156/155
f 152/152/151 157/157/156 140/140/139
f 145/145/144 159/159/166 307/307/303
f 159/159/166 169/169/168 307/307/303
f 139/139/138 140/140/139 166/166/164
f 161/161/159 139/139/138 166/166/164
f 160/160/158 139/139/138 161/161/159
f 160/160/158 162/162/160 141/141/140
f 162/162/160 4385/4385/4416 141/141/140
f 171/171/170 182/182/181 170/170/169
f 167/167/165 166/166/164 157/157/156
f 163/163/161 161/161/159 167/167/165
f 165/165/163 162/162/160 161/161/159
f 169/169/168 312/312/308 307/307/303
f 170/170/169 318/318/314 169/169/168
f 318/318/314 312/312/308 169/169/168
f 173/173/172 179/179/178 154/154/153
f 4386/4386/4417 175/175/174 174/174/173
f 181/181/180 175/175/174 4387/4387/4418
f 175/175/174 4386/4386/4417 4387/4387/4418
f 183/183/182 193/193/191 170/170/169
f 193/193/191 192/192/190 170/170/169
f 164/164/162 163/163/161 186/186/4419
f 186/186/4419 163/163/161 185/185/184
f 185/185/184 163/163/161 175/175/174
f 190/190/188 185/185/184 184/184/183
f 175/175/174 180/180/179 185/185/184
f 187/187/187 186/186/4419 185/185/184
f 193/193/191 4388/4388/4420 194/194/192
f 187/187/187 189/189/186 4389/4389/4420
f 195/195/193 198/198/196 181/181/180
f 198/198/196 197/197/195 181/181/180
f 184/184/183 180/180/179 201/201/199
f 190/190/188 203/203/201 189/189/186
f 203/203/201 4390/4390/4421 189/189/186
f 190/190/188 201/201/199 202/202/200
f 200/200/198 201/201/199 197/197/195
f 207/207/203 203/203/201 202/202/200
f 4391/4391/4422 209/209/205 4392/4392/4423
f 209/209/205 211/211/207 4392/4392/4423
f 4391/4391/4422 216/216/212 209/209/205
f 209/209/205 217/217/213 218/218/214
f 216/216/212 238/238/234 217/217/213
f 219/219/215 217/217/213 220/220/216
f 217/217/213 4393/4393/4424 220/220/216
f 212/212/208 222/222/218 213/213/209
f 222/222/218 224/224/220 213/213/209
f 216/216/212 4391/4391/4422 225/225/221
f 4391/4391/4422 4394/4394/4425 225/225/221
f 230/230/226 223/223/219 222/222/218
f 229/229/225 257/257/253 230/230/226
f 257/257/253 231/231/227 230/230/226
f 227/227/223 233/233/229 226/226/222
f 217/217/213 239/239/235 4393/4393/4424
f 239/239/235 244/244/240 4393/4393/4424
f 238/238/234 216/216/212 226/226/222
f 226/226/222 262/262/258 238/238/234
f 240/240/236 238/238/234 262/262/258
f 241/241/237 239/239/235 238/238/234
f 2/2/2 262/262/258 226/226/222
f 237/237/233 430/430/429 235/235/231
f 248/248/244 430/430/429 237/237/233
f 246/246/242 249/249/245 248/248/244
f 246/246/4426 4395/4395/4426 249/249/4426
f 241/241/237 242/242/238 4396/4396/4427
f 254/254/250 3/3/3 234/234/230
f 3/3/3 232/232/228 234/234/230
f 232/232/228 3/3/3 2/2/2
f 255/255/251 229/229/225 253/253/249
f 16/16/16 260/260/256 259/259/255
f 260/260/256 253/253/249 259/259/255
f 253/253/249 260/260/256 256/256/252
f 4397/4397/4428 7/7/7 4/4/4
f 262/262/258 9/9/9 240/240/236
f 266/266/262 248/248/244 250/250/246
f 266/266/262 268/268/264 248/248/244
f 242/242/4429 11/11/4429 4398/4398/4429
f 4399/4399/4430 265/265/261 250/250/246
f 266/266/262 265/265/261 271/271/267
f 264/264/260 39/39/39 271/271/267
f 39/39/39 270/270/266 271/271/267
f 258/258/254 273/273/269 259/259/255
f 259/259/255 21/21/21 16/16/16
f 21/21/21 14/14/14 16/16/16
f 272/272/268 273/273/269 278/278/274
f 22/22/22 272/272/268 278/278/274
f 272/272/268 25/25/25 21/21/21
f 39/39/39 38/38/38 270/270/266
f 53/53/53 276/276/272 38/38/38
f 22/22/22 278/278/274 41/41/41
f 279/279/275 41/41/41 278/278/274
f 47/47/47 41/41/41 279/279/275
f 282/282/278 446/446/445 275/275/271
f 53/53/53 283/283/279 276/276/272
f 282/282/278 284/284/280 446/446/445
f 286/286/282 285/285/281 282/282/278
f 47/47/47 281/281/277 68/68/68
f 288/288/284 68/68/68 281/281/277
f 291/291/287 4400/4400/4431 284/284/280
f 286/286/282 292/292/288 285/285/281
f 291/291/287 296/296/292 4400/4400/4431
f 4374/4374/4404 291/291/287 292/292/288
f 295/295/291 4401/4401/4432 296/296/292
f 4374/4374/4404 297/297/293 291/291/287
f 295/295/291 298/298/294 4401/4401/4432
f 142/142/141 299/299/295 295/295/291
f 142/142/141 304/304/300 299/299/295
f 302/302/298 304/304/300 306/306/302
f 129/129/127 301/301/297 147/147/146
f 309/309/305 147/147/146 301/301/297
f 153/153/152 147/147/146 309/309/305
f 311/311/307 465/465/464 305/305/301
f 307/307/303 312/312/308 306/306/302
f 311/311/307 313/313/309 465/465/464
f 318/318/314 314/314/310 312/312/308
f 153/153/152 310/310/306 173/173/172
f 325/325/321 316/316/312 317/317/313
f 316/316/312 325/325/321 176/176/175
f 176/176/175 178/178/177 316/316/312
f 321/321/317 323/323/319 313/313/309
f 318/318/314 192/192/190 314/314/310
f 321/321/317 192/192/190 191/191/189
f 321/321/317 324/324/320 323/323/319
f 194/194/192 320/320/316 191/191/189
f 320/320/316 324/324/320 191/191/189
f 317/317/313 474/474/473 325/325/321
f 330/330/326 325/325/321 474/474/473
f 325/325/321 327/327/323 176/176/175
f 327/327/323 4402/4402/4433 176/176/175
f 326/326/322 325/325/321 330/330/326
f 330/330/326 474/474/473 328/328/324
f 329/329/325 342/342/340 330/330/326
f 342/342/340 334/334/330 330/330/326
f 199/199/197 333/333/329 331/331/327
f 335/335/332 202/202/200 200/200/198
f 202/202/200 201/201/199 200/200/198
f 354/354/352 207/207/203 335/335/332
f 336/336/333 323/323/319 324/324/320
f 337/337/334 477/477/476 323/323/319
f 320/320/316 205/205/331 324/324/320
f 205/205/331 338/338/335 324/324/320
f 336/336/333 339/339/337 337/337/334
f 339/339/337 364/364/362 337/337/334
f 207/207/4434 354/354/4434 4403/4403/4434
f 4404/4404/4435 339/339/337 338/338/335
f 341/341/339 343/343/341 329/329/325
f 346/346/344 345/345/343 332/332/328
f 350/350/348 344/344/342 341/341/339
f 4405/4405/4436 351/351/349 347/347/345
f 362/362/360 352/352/350 345/345/343
f 353/353/351 354/354/352 335/335/332
f 372/372/370 363/363/361 351/351/349
f 359/359/357 361/361/359 4406/4406/4437
f 4407/4407/4438 357/357/355 356/356/354
f 372/372/370 361/361/359 363/363/361
f 361/361/359 360/360/358 363/363/361
f 362/362/360 345/345/343 363/363/361
f 345/345/343 351/351/349 363/363/361
f 360/360/358 359/359/357 352/352/350
f 359/359/357 355/355/353 352/352/350
f 365/365/363 364/364/362 339/339/337
f 364/364/362 356/356/354 337/337/334
f 356/356/354 485/485/484 337/337/334
f 354/354/352 355/355/353 4408/4408/4439
f 4409/4409/4440 365/365/4440 339/339/4440
f 358/358/356 485/485/484 356/356/354
f 4410/4410/4441 371/371/369 4405/4405/4436
f 371/371/369 351/351/349 4405/4405/4436
f 4411/4411/4442 369/369/367 4410/4410/4441
f 369/369/367 371/371/369 4410/4410/4441
f 372/372/370 371/371/369 374/374/372
f 373/373/371 379/379/378 376/376/375
f 4412/4412/4443 499/499/498 357/357/355
f 372/372/370 374/374/372 373/373/371
f 375/375/373 374/374/372 371/371/369
f 377/377/376 379/379/378 375/375/373
f 379/379/378 373/373/371 375/375/373
f 382/382/381 393/393/392 4413/4413/4444
f 4413/4413/4444 4414/4414/4445 382/382/381
f 4414/4414/4445 380/380/379 382/382/381
f 385/385/384 4415/4415/4446 386/386/385
f 4415/4415/4446 387/387/386 386/386/385
f 384/384/383 415/415/412 385/385/384
f 415/415/412 4416/4416/4447 385/385/384
f 381/381/380 390/390/389 382/382/381
f 390/390/389 391/391/390 382/382/381
f 398/398/397 393/393/392 394/394/393
f 397/397/396 398/398/397 395/395/394
f 406/406/405 4417/4417/4448 404/404/403
f 4417/4417/4448 409/409/4449 404/404/403
f 409/409/4449 408/408/419 404/404/403
f 401/401/400 394/394/393 391/391/390
f 401/401/4450 400/400/399 394/394/393
f 394/394/393 402/402/401 399/399/398
f 412/412/409 210/210/206 392/392/391
f 210/210/206 391/391/390 392/392/391
f 391/391/390 210/210/206 209/209/205
f 413/413/410 384/384/383 411/411/408
f 212/212/208 411/411/408 417/417/414
f 411/411/408 212/212/208 414/414/411
f 212/212/208 215/215/211 414/414/411
f 419/419/417 404/404/403 408/408/419
f 420/420/418 422/422/421 404/404/416
f 4418/4418/4451 421/421/420 408/408/419
f 420/420/418 419/419/417 421/421/420
f 423/423/422 420/420/418 424/424/423
f 418/418/415 235/235/231 421/421/420
f 235/235/231 420/420/418 421/421/420
f 417/417/414 416/416/413 573/573/576
f 425/425/424 417/417/414 573/573/576
f 417/417/414 222/222/218 212/212/208
f 425/425/424 573/573/576 426/426/425
f 428/428/427 424/424/423 430/430/429
f 431/431/430 428/428/427 432/432/431
f 248/248/244 428/428/427 430/430/429
f 433/433/432 427/427/426 426/426/425
f 258/258/254 252/252/248 433/433/432
f 432/432/431 436/436/435 431/431/430
f 248/248/244 268/268/264 432/432/431
f 435/435/434 432/432/431 268/268/264
f 436/436/435 435/435/434 442/442/441
f 442/442/441 435/435/434 269/269/265
f 442/442/441 580/580/583 436/436/435
f 275/275/271 442/442/441 269/269/265
f 441/441/440 444/444/443 442/442/441
f 444/444/443 441/441/440 275/275/271
f 439/439/438 4419/4419/4452 443/443/442
f 4419/4419/4452 450/450/449 443/443/442
f 280/280/276 443/443/442 450/450/449
f 443/443/442 280/280/276 277/277/273
f 445/445/444 447/447/446 444/444/443
f 447/447/446 592/592/595 444/444/443
f 446/446/445 445/445/444 275/275/271
f 453/453/452 4420/4420/4453 447/447/446
f 453/453/452 447/447/446 284/284/280
f 446/446/445 284/284/280 447/447/446
f 450/450/449 4419/4419/4452 448/448/447
f 287/287/283 280/280/276 450/450/449
f 449/449/448 451/451/450 450/450/449
f 450/450/449 451/451/450 287/287/283
f 452/452/451 4420/4420/4453 453/453/452
f 4400/4400/4431 452/452/451 284/284/280
f 4421/4421/4454 600/600/603 452/452/451
f 4421/4421/4454 452/452/451 455/455/454
f 455/455/454 452/452/451 296/296/292
f 4400/4400/4431 296/296/292 452/452/451
f 451/451/450 449/449/448 607/607/610
f 458/458/457 451/451/450 607/607/610
f 294/294/290 451/451/450 458/458/457
f 455/455/454 604/604/607 4421/4421/4454
f 604/604/607 600/600/603 4421/4421/4454
f 4401/4401/4432 455/455/454 296/296/292
f 455/455/454 454/454/453 604/604/607
f 605/605/608 454/454/453 303/303/299
f 303/303/299 454/454/453 298/298/294
f 4401/4401/4432 298/298/294 455/455/454
f 458/458/457 607/607/610 456/456/455
f 459/459/458 457/457/456 456/456/455
f 303/303/299 461/461/460 605/605/608
f 460/460/459 608/608/611 461/461/460
f 303/303/299 305/305/301 460/460/459
f 459/459/458 456/456/455 462/462/461
f 463/463/462 462/462/461 616/616/619
f 464/464/463 463/463/462 616/616/619
f 460/460/459 466/466/465 608/608/611
f 466/466/465 609/609/612 608/608/611
f 465/465/464 4422/4422/4455 466/466/465
f 4422/4422/4455 465/465/464 468/468/467
f 468/468/467 465/465/464 313/313/309
f 464/464/463 616/616/619 467/467/466
f 317/317/313 467/467/466 473/473/472
f 468/468/467 620/620/623 4422/4422/4455
f 468/468/467 469/469/468 620/620/623
f 323/323/319 470/470/469 322/322/318
f 473/473/472 467/467/466 471/471/470
f 476/476/475 4423/4423/4456 469/469/468
f 323/323/319 476/476/475 470/470/469
f 476/476/475 483/483/482 4423/4423/4456
f 483/483/482 476/476/475 478/478/477
f 337/337/334 476/476/475 477/477/476
f 328/328/324 475/475/474 341/341/339
f 480/480/479 341/341/339 475/475/474
f 488/488/487 480/480/479 481/481/480
f 348/348/346 480/480/479 488/488/487
f 348/348/346 341/341/339 480/480/479
f 337/337/334 482/482/481 478/478/477
f 631/631/634 484/484/483 482/482/481
f 482/482/481 486/486/485 631/631/634
f 358/358/356 486/486/485 485/485/484
f 491/491/490 368/368/366 488/488/487
f 490/490/489 488/488/487 489/489/488
f 493/493/492 4424/4424/4457 489/489/488
f 4424/4424/4457 498/498/497 489/489/488
f 494/494/493 370/370/368 495/495/494
f 370/370/368 497/497/496 495/495/494
f 371/371/369 370/370/368 494/494/493
f 500/500/499 502/502/501 501/501/500
f 505/505/504 631/631/634 486/486/485
f 505/505/504 638/638/641 631/631/634
f 358/358/356 499/499/498 486/486/485
f 499/499/498 504/504/503 486/486/485
f 4425/4425/4458 638/638/641 505/505/504
f 505/505/504 506/506/505 4425/4425/4458
f 506/506/505 4426/4426/4459 4425/4425/4458
f 507/507/506 506/506/505 504/504/503
f 508/508/507 4427/4427/4460 493/493/492
f 511/511/510 510/510/509 509/509/508
f 510/510/509 494/494/493 496/496/495
f 4428/4428/4461 512/512/4462 4429/4429/4463
f 4430/4430/4464 650/650/4465 4431/4431/4464
f 4432/4432/4466 513/513/512 512/512/511
f 520/520/519 519/519/518 4425/4425/4458
f 516/516/515 502/502/501 514/514/513
f 520/520/519 4425/4425/4458 4433/4433/4467
f 4425/4425/4458 4426/4426/4459 4433/4433/4467
f 502/502/501 500/500/499 510/510/509
f 516/516/515 521/521/520 502/502/501
f 521/521/520 503/503/502 502/502/501
f 510/510/509 513/513/512 514/514/513
f 525/525/524 524/524/523 4434/4434/4468
f 524/524/523 714/714/717 4434/4434/4468
f 4435/4435/4469 528/528/527 4436/4436/4470
f 528/528/527 527/527/526 4436/4436/4470
f 530/530/529 527/527/526 529/529/528
f 554/554/555 533/533/532 529/529/528
f 533/533/532 531/531/530 529/529/528
f 4437/4437/4471 536/536/4471 526/526/4471
f 536/536/535 535/535/534 526/526/525
f 526/526/525 538/538/537 524/524/523
f 4438/4438/4472 4439/4439/4472 716/716/719
f 4439/4439/4472 4440/4440/4473 716/716/719
f 542/542/541 537/537/536 540/540/539
f 537/537/536 538/538/537 540/540/539
f 393/393/392 539/539/538 535/535/534
f 397/397/396 544/544/543 539/539/538
f 541/541/545 546/546/547 4441/4441/4474
f 549/549/550 720/720/723 4442/4442/4475
f 551/551/552 720/720/723 549/549/550
f 548/548/549 552/552/553 549/549/550
f 552/552/553 551/551/552 549/549/550
f 548/548/4476 4443/4443/4476 552/552/4476
f 540/540/539 544/544/543 4444/4444/4477
f 556/556/557 555/555/556 554/554/555
f 555/555/556 558/558/559 533/533/532
f 4413/4413/4478 534/534/4478 4445/4445/4478
f 534/534/533 4413/4413/4444 393/393/392
f 557/557/558 556/556/557 559/559/561
f 383/383/382 557/557/558 560/560/562
f 557/557/558 383/383/382 388/388/560
f 383/383/382 386/386/385 388/388/560
f 544/544/543 397/397/396 396/396/395
f 561/561/563 551/551/552 553/553/554
f 565/565/567 564/564/566 553/553/554
f 563/563/565 561/561/563 564/564/566
f 563/563/565 568/568/571 562/562/564
f 568/568/571 563/563/565 566/566/569
f 404/404/416 563/563/565 564/564/566
f 560/560/562 559/559/561 571/571/574
f 560/560/562 571/571/574 416/416/413
f 416/416/413 571/571/574 570/570/573
f 567/567/570 737/737/740 568/568/571
f 567/567/570 4446/4446/4479 737/737/740
f 4446/4446/4479 567/567/570 575/575/578
f 575/575/578 567/567/570 423/423/422
f 422/422/421 423/423/422 567/567/570
f 575/575/578 577/577/580 4446/4446/4479
f 429/429/428 575/575/578 423/423/422
f 576/576/579 4447/4447/4480 577/577/580
f 4447/4447/4480 576/576/579 581/581/584
f 581/581/584 576/576/579 431/431/430
f 429/429/428 431/431/430 576/576/579
f 579/579/582 578/578/581 582/582/585
f 436/436/435 581/581/584 431/431/430
f 580/580/583 585/585/588 581/581/584
f 585/585/588 580/580/583 586/586/589
f 583/583/586 582/582/585 4448/4448/4481
f 587/587/590 583/583/586 4448/4448/4481
f 442/442/441 586/586/589 580/580/583
f 586/586/589 4449/4449/4482 584/584/587
f 4449/4449/4482 586/586/589 589/589/592
f 592/592/595 589/589/592 444/444/443
f 589/589/592 586/586/589 444/444/443
f 442/442/441 444/444/443 586/586/589
f 439/439/438 583/583/586 587/587/590
f 587/587/590 4450/4450/4483 588/588/591
f 4419/4419/4452 588/588/591 4451/4451/4484
f 439/439/438 588/588/591 4419/4419/4452
f 589/589/592 591/591/594 4449/4449/4482
f 589/589/592 592/592/595 590/590/593
f 590/590/593 4452/4452/4485 591/591/594
f 4452/4452/4485 4453/4453/4486 591/591/594
f 4452/4452/4485 590/590/593 593/593/596
f 593/593/596 590/590/593 4420/4420/4453
f 447/447/446 4420/4420/4453 590/590/593
f 4451/4451/4484 588/588/591 4450/4450/4483
f 448/448/447 4419/4419/4452 4451/4451/4484
f 4451/4451/4484 4450/4450/4483 596/596/599
f 449/449/448 4451/4451/4484 596/596/599
f 4451/4451/4484 449/449/448 448/448/447
f 593/593/596 595/595/598 4452/4452/4485
f 595/595/598 4453/4453/4486 4452/4452/4485
f 452/452/451 593/593/596 4420/4420/4453
f 594/594/597 4454/4454/4487 595/595/598
f 4455/4455/4488 4454/4454/4487 594/594/597
f 452/452/451 600/600/603 594/594/597
f 607/607/610 597/597/600 4456/4456/4489
f 449/449/448 597/597/600 607/607/610
f 594/594/597 599/599/602 4455/4455/4488
f 604/604/607 598/598/601 600/600/603
f 598/598/601 602/602/605 599/599/602
f 602/602/605 601/601/604 599/599/602
f 602/602/605 598/598/601 4457/4457/4490
f 605/605/608 4457/4457/4490 604/604/607
f 4457/4457/4490 598/598/601 604/604/607
f 607/607/610 4456/4456/4489 606/606/609
f 4458/4458/4491 456/456/455 606/606/609
f 4457/4457/4490 757/757/760 602/602/605
f 757/757/760 603/603/606 602/602/605
f 461/461/460 4457/4457/4490 605/605/608
f 4457/4457/4490 613/613/616 757/757/760
f 613/613/616 4459/4459/4492 757/757/760
f 613/613/616 4457/4457/4490 610/610/613
f 461/461/460 608/608/611 4457/4457/4490
f 608/608/611 610/610/613 4457/4457/4490
f 462/462/461 456/456/455 4458/4458/4491
f 4458/4458/4491 606/606/609 612/612/615
f 616/616/619 4458/4458/4491 612/612/615
f 462/462/461 4458/4458/4491 616/616/619
f 614/614/617 765/765/768 613/613/616
f 765/765/768 4459/4459/4492 613/613/616
f 466/466/465 614/614/617 609/609/612
f 614/614/617 610/610/613 609/609/612
f 614/614/617 4460/4460/4493 765/765/768
f 4460/4460/4493 614/614/617 617/617/620
f 4422/4422/4455 617/617/620 466/466/465
f 617/617/620 614/614/617 466/466/465
f 467/467/466 616/616/619 615/615/618
f 622/622/625 615/615/618 4461/4461/4494
f 467/467/466 615/615/618 622/622/625
f 617/617/620 619/619/622 4460/4460/4493
f 620/620/623 617/617/620 4422/4422/4455
f 618/618/621 4462/4462/4495 619/619/622
f 4462/4462/4495 618/618/621 623/623/626
f 623/623/626 618/618/621 469/469/468
f 620/620/623 469/469/468 618/618/621
f 471/471/470 467/467/466 622/622/625
f 622/622/625 4461/4461/4494 777/777/780
f 621/621/624 622/622/625 777/777/780
f 623/623/626 625/625/628 4462/4462/4495
f 4423/4423/4456 623/623/626 469/469/468
f 624/624/627 623/623/626 630/630/633
f 630/630/633 623/623/626 483/483/482
f 4423/4423/4456 483/483/482 623/623/626
f 621/621/624 777/777/780 626/626/629
f 777/777/780 775/775/778 626/626/629
f 626/626/629 628/628/631 627/627/630
f 484/484/483 630/630/633 483/483/482
f 629/629/632 636/636/639 630/630/633
f 636/636/639 629/629/632 631/631/634
f 628/628/631 626/626/629 632/632/635
f 626/626/629 783/783/786 632/632/635
f 481/481/480 628/628/631 487/487/486
f 633/633/636 487/487/486 628/628/631
f 492/492/491 633/633/636 634/634/637
f 492/492/491 487/487/486 633/633/636
f 792/792/795 637/637/640 635/635/638
f 635/635/638 639/639/642 792/792/795
f 4425/4425/4458 639/639/642 638/638/641
f 640/640/643 634/634/637 644/644/647
f 643/643/646 644/644/647 641/641/644
f 642/642/645 647/647/650 643/643/646
f 647/647/650 645/645/648 643/643/646
f 4463/4463/4496 4428/4428/4497 4464/4464/4498
f 648/648/651 640/640/643 645/645/648
f 4465/4465/4499 4432/4432/4500 4463/4463/4496
f 4432/4432/4500 4428/4428/4497 4463/4463/4496
f 649/649/652 671/671/674 4466/4466/4501
f 676/676/679 517/517/516 515/515/514
f 652/652/655 792/792/795 639/639/642
f 652/652/655 800/800/803 792/792/795
f 4425/4425/4458 519/519/518 639/639/642
f 519/519/518 518/518/517 639/639/642
f 669/669/672 800/800/803 652/652/655
f 652/652/655 653/653/656 669/669/672
f 523/523/522 680/680/683 518/518/517
f 680/680/683 653/653/656 518/518/517
f 654/654/657 656/656/659 642/642/645
f 656/656/659 655/655/658 642/642/645
f 661/661/664 663/663/666 660/660/663
f 663/663/666 658/658/661 660/660/663
f 810/810/813 4467/4467/4502 654/654/657
f 4467/4467/4502 656/656/659 654/654/657
f 665/665/668 667/667/670 663/663/666
f 649/649/652 651/651/654 670/670/673
f 651/651/654 658/658/661 670/670/673
f 672/672/675 673/673/676 671/671/674
f 675/675/678 515/515/514 4468/4468/4503
f 670/670/673 674/674/677 672/672/675
f 674/674/677 677/677/680 678/678/681
f 668/668/671 816/816/819 669/669/672
f 673/673/676 674/674/677 4469/4469/4504
f 4470/4470/4505 668/668/4505 653/653/4505
f 4471/4471/4506 4472/4472/4507 668/668/671
f 4472/4472/4507 816/816/819 668/668/671
f 686/686/689 688/688/691 706/706/709
f 706/706/709 705/705/708 686/686/689
f 694/694/697 684/684/687 683/683/686
f 696/696/699 693/693/696 683/683/686
f 4473/4473/4508 693/693/696 696/696/699
f 693/693/696 4473/4473/4508 864/864/867
f 700/700/703 4474/4474/4509 701/701/704
f 4474/4474/4509 4475/4475/4510 701/701/704
f 4475/4475/4510 4476/4476/4511 701/701/704
f 683/683/686 690/690/693 696/696/699
f 692/692/695 697/697/700 690/690/693
f 697/697/700 696/696/699 690/690/693
f 695/695/698 702/702/705 696/696/699
f 4473/4473/4508 696/696/699 704/704/707
f 696/696/699 702/702/705 704/704/707
f 708/708/711 707/707/710 706/706/709
f 528/528/527 4435/4435/4469 705/705/708
f 4435/4435/4469 4477/4477/4512 705/705/708
f 4478/4478/4513 4479/4479/4514 714/714/717
f 4479/4479/4514 4434/4434/4468 714/714/717
f 528/528/527 707/707/710 709/709/712
f 554/554/555 709/709/712 711/711/714
f 709/709/712 554/554/555 528/528/527
f 554/554/555 529/529/528 528/528/527
f 697/697/700 4480/4480/4515 695/695/698
f 524/524/523 537/537/536 4481/4481/4516
f 702/702/705 695/695/698 4440/4440/4473
f 695/695/698 716/716/719 4440/4440/4473
f 717/717/720 701/701/704 719/719/722
f 701/701/704 4476/4476/4511 719/719/722
f 718/718/721 721/721/724 701/701/704
f 4442/4442/4475 720/720/723 719/719/722
f 717/717/720 720/720/723 724/724/727
f 717/717/720 722/722/725 718/718/721
f 722/722/725 723/723/726 725/725/728
f 551/551/552 723/723/726 724/724/727
f 711/711/714 710/710/713 726/726/729
f 726/726/729 732/732/735 731/731/734
f 726/726/729 710/710/713 732/732/735
f 559/559/561 726/726/729 731/731/734
f 726/726/729 559/559/561 556/556/557
f 725/725/728 728/728/731 722/722/725
f 727/727/730 729/729/732 728/728/731
f 736/736/739 729/729/732 568/568/571
f 562/562/564 568/568/571 727/727/730
f 883/883/886 733/733/736 730/730/733
f 736/736/739 735/735/738 729/729/732
f 737/737/740 736/736/739 568/568/571
f 735/735/738 737/737/740 4482/4482/4517
f 4482/4482/4517 737/737/740 4446/4446/4479
f 733/733/736 883/883/886 4483/4483/4518
f 4484/4484/4519 738/738/741 4483/4483/4518
f 738/738/741 733/733/736 4483/4483/4518
f 569/569/572 733/733/736 738/738/741
f 4482/4482/4517 888/888/891 735/735/738
f 577/577/580 4482/4482/4517 4446/4446/4479
f 4482/4482/4517 741/741/744 888/888/891
f 741/741/744 4482/4482/4517 742/742/745
f 742/742/745 4482/4482/4517 4447/4447/4480
f 577/577/580 4447/4447/4480 4482/4482/4517
f 738/738/741 4484/4484/4519 739/739/742
f 4485/4485/4520 4486/4486/4521 739/739/742
f 4486/4486/4521 578/578/581 739/739/742
f 582/582/585 578/578/581 4486/4486/4521
f 581/581/584 742/742/745 4447/4447/4480
f 585/585/588 744/744/747 743/743/746
f 4486/4486/4521 4485/4485/4520 4487/4487/4522
f 4448/4448/4481 582/582/585 4486/4486/4521
f 4486/4486/4521 4487/4487/4522 4488/4488/4523
f 4489/4489/4524 4486/4486/4521 4488/4488/4523
f 4448/4448/4481 4486/4486/4521 4489/4489/4524
f 744/744/747 585/585/588 584/584/587
f 747/747/750 897/897/900 746/746/749
f 897/897/900 747/747/750 748/748/751
f 748/748/751 747/747/750 4449/4449/4482
f 584/584/587 4449/4449/4482 747/747/750
f 4489/4489/4524 4488/4488/4523 900/900/903
f 587/587/590 4448/4448/4481 4489/4489/4524
f 4489/4489/4524 900/900/903 4490/4490/4525
f 4491/4491/4526 4489/4489/4524 4490/4490/4525
f 4450/4450/4483 4489/4489/4524 4491/4491/4526
f 587/587/590 4489/4489/4524 4450/4450/4483
f 748/748/751 750/750/753 897/897/900
f 591/591/594 748/748/751 4449/4449/4482
f 749/749/752 4492/4492/4527 750/750/753
f 4492/4492/4527 749/749/752 751/751/754
f 751/751/754 749/749/752 4453/4453/4486
f 591/591/594 4453/4453/4486 749/749/752
f 596/596/599 4450/4450/4483 4491/4491/4526
f 4493/4493/4528 4491/4491/4526 4494/4494/4529
f 596/596/599 4491/4491/4526 4493/4493/4528
f 751/751/754 753/753/756 4492/4492/4527
f 595/595/598 751/751/754 4453/4453/4486
f 752/752/755 913/913/916 753/753/756
f 913/913/916 912/912/915 753/753/756
f 913/913/916 752/752/755 4495/4495/4530
f 4495/4495/4530 752/752/755 4454/4454/4487
f 595/595/598 4454/4454/4487 752/752/755
f 4493/4493/4528 4494/4494/4529 904/904/907
f 597/597/600 596/596/599 4493/4493/4528
f 4493/4493/4528 904/904/907 4496/4496/4531
f 754/754/757 4493/4493/4528 4496/4496/4531
f 4456/4456/4489 4493/4493/4528 754/754/757
f 597/597/600 4493/4493/4528 4456/4456/4489
f 599/599/602 4495/4495/4530 4455/4455/4488
f 4495/4495/4530 4454/4454/4487 4455/4455/4488
f 4495/4495/4530 4497/4497/4532 913/913/916
f 4497/4497/4532 4498/4498/4533 913/913/916
f 4497/4497/4532 4495/4495/4530 759/759/762
f 759/759/762 4495/4495/4530 601/601/604
f 599/599/602 601/601/604 4495/4495/4530
f 754/754/757 4496/4496/4531 755/755/758
f 611/611/614 754/754/757 756/756/759
f 606/606/609 754/754/757 611/611/614
f 4456/4456/4489 754/754/757 606/606/609
f 757/757/760 759/759/762 603/603/606
f 759/759/762 601/601/604 603/603/606
f 758/758/761 760/760/763 759/759/762
f 761/761/764 758/758/761 767/767/770
f 767/767/770 758/758/761 4459/4459/4492
f 757/757/760 4459/4459/4492 758/758/761
f 611/611/614 756/756/759 763/763/766
f 612/612/615 611/611/614 764/764/767
f 765/765/768 767/767/770 4459/4459/4492
f 766/766/769 768/768/771 767/767/770
f 768/768/771 766/766/769 769/769/772
f 4460/4460/4493 769/769/772 766/766/769
f 765/765/768 4460/4460/4493 766/766/769
f 615/615/618 612/612/615 764/764/767
f 764/764/767 771/771/774 776/776/779
f 4461/4461/4494 764/764/767 776/776/779
f 615/615/618 764/764/767 4461/4461/4494
f 773/773/776 770/770/773 769/769/772
f 619/619/622 769/769/772 4460/4460/4493
f 4499/4499/4534 772/772/775 778/778/781
f 778/778/781 772/772/775 4462/4462/4495
f 619/619/622 4462/4462/4495 772/772/775
f 777/777/780 4461/4461/4494 776/776/779
f 775/775/778 774/774/777 784/784/787
f 778/778/781 780/780/783 4499/4499/4534
f 625/625/628 778/778/781 4462/4462/4495
f 781/781/784 779/779/782 785/785/788
f 624/624/627 785/785/788 779/779/782
f 625/625/628 624/624/627 779/779/782
f 626/626/629 775/775/778 784/784/787
f 783/783/786 782/782/785 4500/4500/4535
f 785/785/788 787/787/790 781/781/784
f 630/630/633 785/785/788 624/624/627
f 786/786/789 4501/4501/4536 787/787/790
f 4501/4501/4536 786/786/789 790/790/793
f 790/790/793 786/786/789 636/636/639
f 630/630/633 636/636/639 786/786/789
f 783/783/786 4500/4500/4535 788/788/791
f 789/789/792 632/632/635 788/788/791
f 790/790/793 791/791/794 4501/4501/4536
f 637/637/640 790/790/793 636/636/639
f 637/637/640 798/798/801 791/791/794
f 798/798/801 637/637/640 793/793/796
f 789/789/792 788/788/791 943/943/946
f 796/796/799 789/789/792 943/943/946
f 796/796/799 644/644/647 789/789/792
f 796/796/799 943/943/946 794/794/797
f 641/641/644 644/644/647 796/796/799
f 792/792/795 800/800/803 793/793/796
f 946/946/949 799/799/802 797/797/800
f 797/797/800 801/801/804 946/946/949
f 669/669/672 801/801/804 800/800/803
f 803/803/806 795/795/798 802/802/805
f 806/806/809 802/802/805 794/794/797
f 805/805/808 809/809/812 806/806/809
f 809/809/812 807/807/810 806/806/809
f 811/811/814 666/666/669 4502/4502/4537
f 810/810/813 803/803/806 807/807/810
f 814/814/817 946/946/949 801/801/804
f 814/814/817 957/957/960 946/946/949
f 669/669/672 816/816/819 801/801/804
f 813/813/816 957/957/960 814/814/817
f 4472/4472/4507 4503/4503/4538 816/816/819
f 4503/4503/4538 812/812/815 816/816/819
f 821/821/824 817/817/820 805/805/808
f 820/820/823 819/819/822 824/824/827
f 819/819/822 823/823/826 824/824/827
f 811/811/814 823/823/826 667/667/670
f 4504/4504/4539 819/819/822 4505/4505/4540
f 819/819/822 818/818/821 4505/4505/4540
f 4504/4504/4539 827/827/830 819/819/822
f 831/831/834 813/813/816 4506/4506/4541
f 813/813/816 812/812/815 4506/4506/4541
f 829/829/832 832/832/835 825/825/828
f 832/832/835 815/815/818 825/825/828
f 819/819/822 826/826/829 825/825/828
f 974/974/977 829/829/832 828/828/831
f 837/837/840 839/839/842 835/835/838
f 839/839/4542 4507/4507/4542 835/835/4542
f 855/855/858 4508/4508/4543 856/856/859
f 856/856/859 4508/4508/4543 4509/4509/4544
f 845/845/848 838/838/841 840/840/843
f 838/838/841 845/845/848 841/841/844
f 845/845/848 844/844/847 841/841/844
f 843/843/846 841/841/844 844/844/847
f 844/844/847 848/848/851 842/842/845
f 4510/4510/4545 849/849/852 863/863/866
f 845/845/848 852/852/855 844/844/847
f 852/852/855 848/848/851 844/844/847
f 694/694/697 845/845/848 840/840/843
f 693/693/696 852/852/855 845/845/848
f 992/992/997 858/858/861 856/856/859
f 858/858/861 857/857/860 856/856/859
f 688/688/691 687/687/690 855/855/858
f 685/685/4546 840/840/4546 4511/4511/4546
f 840/840/843 685/685/688 684/684/687
f 688/688/691 857/857/860 859/859/862
f 861/861/864 859/859/862 858/858/861
f 706/706/709 859/859/862 861/861/864
f 854/854/857 852/852/855 4512/4512/4547
f 852/852/855 864/864/867 4512/4512/4547
f 865/865/868 862/862/865 851/851/854
f 862/862/865 849/849/852 851/851/854
f 865/865/868 866/866/869 862/862/865
f 854/854/857 4512/4512/4547 4513/4513/4548
f 699/699/702 698/698/701 851/851/854
f 867/867/870 868/868/871 869/869/872
f 701/701/704 868/868/871 698/698/701
f 861/861/864 708/708/711 706/706/709
f 710/710/713 871/871/874 872/872/875
f 869/869/872 874/874/877 867/867/870
f 701/701/704 721/721/724 869/869/872
f 869/869/872 721/721/724 873/873/876
f 873/873/876 879/879/882 874/874/877
f 879/879/882 873/873/876 877/877/880
f 877/877/880 873/873/876 722/722/725
f 721/721/724 722/722/725 873/873/876
f 875/875/878 4514/4514/4549 876/876/879
f 4514/4514/4549 732/732/735 876/876/879
f 728/728/731 877/877/880 722/722/725
f 878/878/881 4515/4515/4550 879/879/882
f 4515/4515/4550 878/878/881 1025/1025/1030
f 1025/1025/1030 878/878/881 729/729/732
f 728/728/731 729/729/732 878/878/881
f 732/732/735 4514/4514/4549 880/880/883
f 881/881/884 883/883/886 880/880/883
f 880/880/883 883/883/886 730/730/733
f 734/734/737 1025/1025/1030 729/729/732
f 734/734/737 886/886/889 1025/1025/1030
f 886/886/889 885/885/888 1025/1025/1030
f 886/886/889 734/734/737 735/735/738
f 882/882/885 881/881/884 4516/4516/4551
f 4483/4483/4518 883/883/886 882/882/885
f 882/882/885 4516/4516/4551 4517/4517/4552
f 4518/4518/4553 882/882/885 4517/4517/4552
f 4484/4484/4519 882/882/885 4518/4518/4553
f 882/882/885 4484/4484/4519 4483/4483/4518
f 888/888/891 886/886/889 735/735/738
f 889/889/892 887/887/890 890/890/893
f 741/741/744 890/890/893 887/887/890
f 888/888/891 741/741/744 887/887/890
f 4518/4518/4553 4517/4517/4552 4519/4519/4554
f 739/739/742 4484/4484/4519 4518/4518/4553
f 4518/4518/4553 4519/4519/4554 4520/4520/4555
f 1040/1040/1045 4518/4518/4553 4520/4520/4555
f 4485/4485/4520 739/739/742 1040/1040/1045
f 739/739/742 4518/4518/4553 1040/1040/1045
f 890/890/893 892/892/895 889/889/892
f 890/890/893 741/741/744 740/740/743
f 893/893/896 891/891/894 894/894/897
f 745/745/748 894/894/897 891/891/894
f 4487/4487/4522 4485/4485/4520 1040/1040/1045
f 4487/4487/4522 1040/1040/1045 899/899/902
f 1040/1040/1045 1046/1046/1051 899/899/902
f 901/901/904 4487/4487/4522 899/899/902
f 4488/4488/4523 4487/4487/4522 901/901/904
f 894/894/897 896/896/899 893/893/896
f 896/896/899 1036/1036/1041 893/893/896
f 894/894/897 745/745/748 746/746/749
f 895/895/898 903/903/906 896/896/899
f 903/903/906 895/895/898 898/898/901
f 900/900/903 4488/4488/4523 901/901/904
f 900/900/903 899/899/902 1052/1052/1057
f 899/899/902 1045/1045/1050 1052/1052/1057
f 4521/4521/4556 900/900/903 1052/1052/1057
f 4490/4490/4525 900/900/903 4521/4521/4556
f 750/750/753 898/898/901 897/897/900
f 898/898/901 4522/4522/4557 902/902/905
f 4522/4522/4557 898/898/901 4523/4523/4558
f 4523/4523/4558 898/898/901 4492/4492/4527
f 750/750/753 4492/4492/4527 898/898/901
f 4491/4491/4526 4490/4490/4525 4521/4521/4556
f 4521/4521/4556 1052/1052/1057 1059/1059/1064
f 905/905/908 4521/4521/4556 1059/1059/1064
f 4494/4494/4529 4521/4521/4556 905/905/908
f 4491/4491/4526 4521/4521/4556 4494/4494/4529
f 4523/4523/4558 4524/4524/4559 4522/4522/4557
f 4523/4523/4558 4492/4492/4527 753/753/756
f 4523/4523/4558 909/909/912 4524/4524/4559
f 909/909/912 4523/4523/4558 907/907/910
f 907/907/910 4523/4523/4558 912/912/915
f 753/753/756 912/912/915 4523/4523/4558
f 904/904/907 4494/4494/4529 905/905/908
f 915/915/918 904/904/907 906/906/909
f 4496/4496/4531 904/904/907 915/915/918
f 908/908/911 911/911/914 909/909/912
f 908/908/911 912/912/915 913/913/916
f 910/910/913 1073/1073/1078 911/911/914
f 1073/1073/1078 910/910/913 918/918/921
f 4497/4497/4532 918/918/921 4498/4498/4533
f 918/918/921 910/910/913 4498/4498/4533
f 913/913/916 4498/4498/4533 910/910/913
f 915/915/918 906/906/909 916/916/919
f 755/755/758 4496/4496/4531 915/915/918
f 756/756/759 915/915/918 917/917/920
f 755/755/758 915/915/918 756/756/759
f 918/918/921 920/920/923 1073/1073/1078
f 759/759/762 918/918/921 4497/4497/4532
f 919/919/922 4525/4525/4560 920/920/923
f 4525/4525/4560 919/919/922 4526/4526/4561
f 761/761/764 4526/4526/4561 760/760/763
f 4526/4526/4561 919/919/922 760/760/763
f 759/759/762 760/760/763 919/919/922
f 763/763/766 756/756/759 917/917/920
f 4526/4526/4561 1083/1083/1088 4525/4525/4560
f 767/767/770 4526/4526/4561 761/761/764
f 4526/4526/4561 1086/1086/1091 1083/1083/1088
f 928/928/931 1086/1086/1091 927/927/930
f 1086/1086/1091 4526/4526/4561 927/927/930
f 927/927/930 4526/4526/4561 770/770/773
f 767/767/770 768/768/771 4526/4526/4561
f 768/768/771 770/770/773 4526/4526/4561
f 924/924/927 771/771/774 762/762/765
f 776/776/779 924/924/927 926/926/929
f 771/771/774 924/924/927 776/776/779
f 773/773/776 927/927/930 770/770/773
f 773/773/776 4527/4527/4562 928/928/931
f 4527/4527/4562 773/773/776 4528/4528/4563
f 4528/4528/4563 773/773/776 4499/4499/4534
f 772/772/775 4499/4499/4534 773/773/776
f 774/774/777 776/776/779 926/926/929
f 784/784/787 926/926/929 782/782/785
f 774/774/777 926/926/929 784/784/787
f 4528/4528/4563 1090/1090/1095 4527/4527/4562
f 780/780/783 4528/4528/4563 4499/4499/4534
f 4528/4528/4563 4529/4529/4564 1090/1090/1095
f 4529/4529/4564 4528/4528/4563 934/934/937
f 934/934/937 4528/4528/4563 781/781/784
f 780/780/783 781/781/784 4528/4528/4563
f 782/782/785 932/932/935 4500/4500/4535
f 934/934/937 936/936/939 4529/4529/4564
f 787/787/790 934/934/937 781/781/784
f 935/935/938 1101/1101/1106 936/936/939
f 1101/1101/1106 4530/4530/4565 936/936/939
f 1101/1101/1106 935/935/938 939/939/942
f 939/939/942 935/935/938 4501/4501/4536
f 787/787/790 4501/4501/4536 935/935/938
f 788/788/791 4500/4500/4535 932/932/935
f 938/938/941 937/937/940 4531/4531/4566
f 939/939/942 940/940/943 1101/1101/1106
f 791/791/794 939/939/942 4501/4501/4536
f 791/791/794 4532/4532/4567 940/940/943
f 4532/4532/4567 791/791/794 1106/1106/1111
f 1106/1106/1111 791/791/794 798/798/801
f 938/938/941 4531/4531/4566 941/941/944
f 943/943/946 788/788/791 938/938/941
f 941/941/944 944/944/947 942/942/945
f 799/799/802 1106/1106/1111 798/798/801
f 799/799/802 955/955/958 1106/1106/1111
f 955/955/958 799/799/802 947/947/950
f 949/949/952 794/794/797 945/945/948
f 959/959/962 949/949/952 950/950/953
f 804/804/807 949/949/952 959/959/962
f 804/804/807 794/794/797 949/949/952
f 954/954/957 953/953/956 955/955/958
f 946/946/949 957/957/960 947/947/950
f 954/954/957 951/951/954 953/953/956
f 813/813/816 951/951/954 957/957/960
f 822/822/825 805/805/808 959/959/962
f 961/961/964 959/959/962 960/960/963
f 962/962/965 960/960/963 958/958/961
f 978/978/981 4533/4533/4568 962/962/965
f 4533/4533/4568 963/963/966 962/962/965
f 964/964/967 4504/4504/4539 965/965/968
f 4504/4504/4539 4534/4534/4569 965/965/968
f 827/827/830 4504/4504/4539 964/964/967
f 826/826/829 964/964/967 973/973/976
f 975/975/978 828/828/831 986/986/991
f 828/828/831 973/973/976 986/986/991
f 969/969/972 968/968/971 951/951/954
f 969/969/972 1120/1120/1125 968/968/971
f 813/813/816 830/830/833 951/951/954
f 971/971/974 1120/1120/1125 969/969/972
f 976/976/979 972/972/975 969/969/972
f 834/834/837 976/976/979 830/830/833
f 980/980/983 964/964/967 4535/4535/4570
f 964/964/967 966/966/969 4535/4535/4570
f 1131/1131/1136 981/981/984 980/980/983
f 964/964/967 979/979/982 973/973/976
f 979/979/982 981/981/984 982/982/985
f 984/984/989 986/986/991 973/973/976
f 984/984/987 983/983/986 986/986/4571
f 970/970/973 972/972/975 4536/4536/4572
f 994/994/999 996/996/1001 4537/4537/4573
f 4538/4538/4574 989/989/994 4539/4539/4575
f 989/989/994 988/988/993 4539/4539/4575
f 4540/4540/4576 4507/4507/4576 994/994/4576
f 4507/4507/4577 839/839/4577 994/994/4577
f 1163/1163/1168 1006/1006/1011 990/990/995
f 1006/1006/1011 991/991/996 990/990/995
f 992/992/997 991/991/996 1006/1006/1011
f 998/998/1003 4541/4541/4578 997/997/1002
f 995/995/1000 994/994/999 839/839/842
f 843/843/846 995/995/1000 841/841/844
f 843/843/846 999/999/1004 995/995/1000
f 1001/1001/1006 1003/1003/1008 863/863/866
f 4542/4542/4579 4543/4543/4580 4544/4544/4581
f 4543/4543/4580 1167/1167/1172 4544/4544/4581
f 1178/1178/1183 1167/1167/1172 4543/4543/4580
f 4543/4543/4580 1002/1002/1007 1178/1178/1183
f 4543/4543/4580 4545/4545/4582 1002/1002/1007
f 4545/4545/4582 1003/1003/1008 1002/1002/1007
f 1004/1004/1009 1006/1006/1011 1163/1163/1168
f 1006/1006/1011 858/858/861 992/992/997
f 1009/1009/1014 1178/1178/1183 1002/1002/1007
f 1001/1001/1006 862/862/865 1002/1002/1007
f 862/862/865 866/866/869 1002/1002/1007
f 1010/1010/1015 1009/1009/1014 866/866/869
f 1010/1010/1015 1016/1016/1021 1009/1009/1014
f 1007/1007/1012 1014/1014/1019 1008/1008/1013
f 1011/1011/1016 1008/1008/1013 1014/1014/1019
f 872/872/875 870/870/873 1011/1011/1016
f 1015/1015/1020 1010/1010/1015 1017/1017/1022
f 874/874/877 1010/1010/1015 867/867/870
f 1018/1018/1023 1017/1017/1022 4546/4546/4583
f 4546/4546/4583 1017/1017/1022 879/879/882
f 874/874/877 879/879/882 1017/1017/1022
f 875/875/878 1012/1012/1017 1021/1021/1026
f 1012/1012/1017 1019/1019/1024 1021/1021/1026
f 4514/4514/4549 875/875/878 1021/1021/1026
f 4547/4547/4584 4546/4546/4583 1022/1022/1027
f 1022/1022/1027 4546/4546/4583 4515/4515/4550
f 879/879/882 4515/4515/4550 4546/4546/4583
f 880/880/883 4514/4514/4549 1021/1021/1026
f 1020/1020/1025 1019/1019/1024 4548/4548/4585
f 4549/4549/4586 1020/1020/1025 4548/4548/4585
f 1020/1020/1025 881/881/884 880/880/883
f 1022/1022/1027 1024/1024/1029 4547/4547/4584
f 1025/1025/1030 1022/1022/1027 4515/4515/4550
f 1026/1026/1031 1023/1023/1028 885/885/888
f 1025/1025/1030 885/885/888 1023/1023/1028
f 4516/4516/4551 881/881/884 1020/1020/1025
f 4550/4550/4587 1020/1020/1025 4551/4551/4588
f 4517/4517/4552 4516/4516/4551 4550/4550/4587
f 4516/4516/4551 1020/1020/1025 4550/4550/4587
f 1029/1029/1034 1027/1027/1032 1026/1026/1031
f 1026/1026/1031 885/885/888 884/884/887
f 1028/1028/1033 1031/1031/1036 1029/1029/1034
f 4550/4550/4587 4551/4551/4588 1198/1198/1203
f 4551/4551/4588 4552/4552/4589 1198/1198/1203
f 4519/4519/4554 4517/4517/4552 4550/4550/4587
f 1039/1039/1044 4550/4550/4587 1198/1198/1203
f 4520/4520/4555 4550/4550/4587 1039/1039/1044
f 4519/4519/4554 4550/4550/4587 4520/4520/4555
f 1033/1033/1038 1034/1034/1039 1032/1032/1037
f 1036/1036/1041 1035/1035/1040 1033/1033/1038
f 1040/1040/1045 4520/4520/4555 1039/1039/1044
f 1040/1040/1045 1038/1038/1043 1046/1046/1051
f 1043/1043/1048 1200/1200/1205 1035/1035/1040
f 896/896/899 1035/1035/1040 1036/1036/1041
f 1042/1042/1047 1048/1048/1053 1043/1043/1048
f 1048/1048/1053 1042/1042/1047 1049/1049/1054
f 1046/1046/1051 1038/1038/1043 1044/1044/1049
f 1045/1045/1050 1044/1044/1049 4553/4553/4590
f 1049/1049/1054 1054/1054/1059 1047/1047/1052
f 1054/1054/1059 1221/1221/1226 1047/1047/1052
f 1054/1054/1059 1049/1049/1054 4554/4554/4591
f 4554/4554/4591 1049/1049/1054 4522/4522/4557
f 902/902/905 4522/4522/4557 1049/1049/1054
f 1045/1045/1050 4553/4553/4590 1050/1050/1055
f 1051/1051/1056 1050/1050/1055 1057/1057/1062
f 1052/1052/1057 1051/1051/1056 1059/1059/1064
f 4554/4554/4591 1055/1055/1060 1054/1054/1059
f 4524/4524/4559 4554/4554/4591 4522/4522/4557
f 4554/4554/4591 1056/1056/1061 1055/1055/1060
f 1056/1056/1061 4554/4554/4591 1062/1062/1067
f 1062/1062/1067 4554/4554/4591 909/909/912
f 4524/4524/4559 909/909/912 4554/4554/4591
f 1058/1058/1063 1057/1057/1062 1233/1233/1238
f 905/905/908 1059/1059/1064 1058/1058/1063
f 1058/1058/1063 1233/1233/1238 1066/1066/1071
f 1233/1233/1238 1067/1067/1072 1066/1066/1071
f 1069/1069/1074 1058/1058/1063 1066/1066/1071
f 906/906/909 1058/1058/1063 1069/1069/1074
f 905/905/908 1058/1058/1063 906/906/909
f 1062/1062/1067 1061/1061/1066 1056/1056/1061
f 911/911/914 1062/1062/1067 909/909/912
f 1063/1063/1068 1064/1064/1069 1061/1061/1066
f 1064/1064/1069 1063/1063/1068 1072/1072/1077
f 1073/1073/1078 1072/1072/1077 1063/1063/1068
f 911/911/914 1073/1073/1078 1063/1063/1068
f 1069/1069/1074 1066/1066/1071 1240/1240/1245
f 1066/1066/1071 1065/1065/1070 1240/1240/1245
f 916/916/919 906/906/909 1068/1068/1073
f 1069/1069/1074 1240/1240/1245 4555/4555/4592
f 921/921/924 1069/1069/1074 4555/4555/4592
f 1068/1068/1073 1069/1069/1074 914/914/917
f 1072/1072/1077 1071/1071/1076 1064/1064/1069
f 920/920/923 1074/1074/1079 1073/1073/1078
f 1072/1072/1077 1076/1076/1081 1071/1071/1076
f 1076/1076/1081 1075/1075/1080 1071/1071/1076
f 1076/1076/1081 1074/1074/1079 1080/1080/1085
f 1080/1080/1085 1074/1074/1079 4525/4525/4560
f 920/920/923 4525/4525/4560 1074/1074/1079
f 921/921/924 4555/4555/4592 1077/1077/1082
f 1080/1080/1085 1082/1082/1087 1076/1076/1081
f 1082/1082/1087 1075/1075/1080 1076/1076/1081
f 1083/1083/1088 1080/1080/1085 4525/4525/4560
f 1081/1081/1086 1263/1263/1268 1082/1082/1087
f 1083/1083/1088 1086/1086/1091 1081/1081/1086
f 1081/1081/1086 1085/1085/1090 1263/1263/1268
f 1084/1084/1089 1086/1086/1091 928/928/931
f 1084/1084/1089 1274/1274/1279 1085/1085/1090
f 1274/1274/1279 1084/1084/1089 1092/1092/1097
f 1092/1092/1097 1084/1084/1089 4527/4527/4562
f 928/928/931 4527/4527/4562 1084/1084/1089
f 1087/1087/1092 1079/1079/1084 1269/1269/1274
f 1079/1079/1084 929/929/932 925/925/928
f 1089/1089/1094 929/929/932 1087/1087/1092
f 1092/1092/1097 1091/1091/1096 1274/1274/1279
f 1092/1092/1097 4527/4527/4562 1090/1090/1095
f 1278/1278/1283 1091/1091/1096 1095/1095/1100
f 1095/1095/1100 1091/1091/1096 4529/4529/4564
f 1090/1090/1095 4529/4529/4564 1091/1091/1096
f 1093/1093/1098 931/931/934 1089/1089/1094
f 1093/1093/1098 1099/1099/1104 1094/1094/1099
f 931/931/934 1094/1094/1099 933/933/936
f 1095/1095/1100 1097/1097/1102 1278/1278/1283
f 936/936/939 1095/1095/1100 4529/4529/4564
f 1096/1096/1101 4556/4556/4593 1097/1097/1102
f 4556/4556/4593 1096/1096/1101 1100/1100/1105
f 1101/1101/1106 1100/1100/1105 4530/4530/4565
f 1100/1100/1105 1096/1096/1101 4530/4530/4565
f 936/936/939 4530/4530/4565 1096/1096/1101
f 937/937/940 1098/1098/1103 4557/4557/4594
f 941/941/944 937/937/940 4557/4557/4594
f 4531/4531/4566 937/937/940 941/941/944
f 1102/1102/1107 1290/1290/1295 1100/1100/1105
f 1290/1290/1295 4556/4556/4593 1100/1100/1105
f 940/940/943 1102/1102/1107 1101/1101/1106
f 1102/1102/1107 1296/1296/1301 1290/1290/1295
f 1296/1296/1301 1102/1102/1107 1103/1103/1108
f 1103/1103/1108 1102/1102/1107 4532/4532/4567
f 940/940/943 4532/4532/4567 1102/1102/1107
f 941/941/944 4557/4557/4594 4558/4558/4595
f 944/944/947 941/941/944 4558/4558/4595
f 1103/1103/1108 1105/1105/1110 1296/1296/1301
f 1106/1106/1111 1103/1103/1108 4532/4532/4567
f 1104/1104/1109 4559/4559/4596 1105/1105/1110
f 4559/4559/4596 1104/1104/1109 4560/4560/4597
f 4560/4560/4597 1104/1104/1109 955/955/958
f 1106/1106/1111 955/955/958 1104/1104/1109
f 944/944/947 4558/4558/4595 1107/1107/1112
f 1107/1107/1112 1109/1109/1114 1108/1108/1113
f 4560/4560/4597 1112/1112/1117 4559/4559/4596
f 1112/1112/1117 4560/4560/4597 956/956/959
f 956/956/959 4560/4560/4597 955/955/958
f 953/953/956 968/968/971 956/956/959
f 968/968/971 1113/1113/1118 956/956/959
f 1115/1115/1120 1110/1110/1115 1114/1114/1119
f 950/950/953 1110/1110/1115 958/958/961
f 1115/1115/1120 1114/1114/1119 1116/1116/1121
f 962/962/965 1115/1115/1120 1117/1117/1122
f 968/968/971 1120/1120/1125 1113/1113/1118
f 4561/4561/4598 1119/1119/1124 1118/1118/1123
f 1118/1118/1123 1121/1121/1126 4561/4561/4598
f 971/971/974 1121/1121/1126 1120/1120/1125
f 1122/1122/1127 1126/1126/1131 1117/1117/1122
f 1126/1126/1131 1132/1132/1137 1117/1117/1122
f 1128/1128/1133 4562/4562/4599 962/962/965
f 4562/4562/4599 977/977/980 962/962/965
f 1130/1130/1135 1129/1129/1134 1124/1124/1129
f 1129/1129/1134 1125/1125/1130 1124/1124/1129
f 4563/4563/4600 1133/1133/1138 4564/4564/4601
f 1133/1133/1138 1123/1123/1128 4564/4564/4601
f 4563/4563/4600 1137/1137/1141 1133/1133/1138
f 1124/1124/1129 1133/1133/1138 1130/1130/1135
f 971/971/974 970/970/973 1140/1140/1145
f 970/970/973 4565/4565/4602 1140/1140/1145
f 1134/1134/1139 1136/1136/1144 985/985/990
f 4566/4566/4603 1139/1139/1143 1138/1138/1142
f 1134/1134/1139 1130/1130/1135 1133/1133/1138
f 4567/4567/4604 4561/4561/4598 1121/1121/1126
f 4567/4567/4604 1326/1326/1331 4561/4561/4598
f 1140/1140/1145 4568/4568/4605 1121/1121/1126
f 4568/4568/4605 4567/4567/4604 1121/1121/1126
f 4569/4569/4606 4570/4570/4607 4567/4567/4604
f 4570/4570/4607 1326/1326/1331 4567/4567/4604
f 1145/1145/1150 1142/1142/1147 1144/1144/1149
f 1148/1148/1153 1142/1142/1147 1145/1145/1150
f 1149/1149/1154 1152/1152/1157 4571/4571/4608
f 4572/4572/4609 1153/1153/1158 1165/1165/1170
f 1148/1148/1153 1152/1152/1157 1149/1149/1154
f 997/997/1002 1152/1152/1157 1148/1148/1153
f 1157/1157/1162 1156/1156/1161 4573/4573/4610
f 1156/1156/1161 1160/1160/1165 4573/4573/4610
f 989/989/994 4538/4538/4574 1160/1160/1165
f 4537/4537/4573 1145/1145/1150 1146/1146/1151
f 1145/1145/1150 4537/4537/4573 996/996/1001
f 989/989/994 1156/1156/1161 1159/1159/1164
f 1159/1159/1164 990/990/995 989/989/994
f 1150/1150/1155 1152/1152/1157 4541/4541/4578
f 1152/1152/1157 997/997/1002 4541/4541/4578
f 1168/1168/1173 1166/1166/1171 1155/1155/1160
f 1166/1166/1171 1153/1153/1158 1155/1155/1160
f 1166/1166/1171 1168/1168/1173 1164/1164/1169
f 1168/1168/1173 1371/1371/1376 1164/1164/1169
f 1150/1150/4611 4541/4541/4611 4574/4574/4611
f 4544/4544/4581 1167/1167/1172 1155/1155/1160
f 1174/1174/1179 1371/1371/1376 1168/1168/1173
f 1168/1168/1173 1169/1169/1174 1174/1174/1179
f 1178/1178/1183 1169/1169/1174 1167/1167/1172
f 1162/1162/1167 1161/1161/1166 1170/1170/1175
f 1162/1162/1167 1171/1171/1176 1004/1004/1009
f 1007/1007/1012 1004/1004/1009 1171/1171/1176
f 1175/1175/1180 1174/1174/1179 1169/1169/1174
f 1178/1178/1183 1175/1175/1180 1169/1169/1174
f 1177/1177/1182 1385/1385/1390 1176/1176/1181
f 1385/1385/1390 1177/1177/1182 1182/1182/1187
f 1182/1182/1187 1177/1177/1182 1016/1016/1021
f 1009/1009/1014 1016/1016/1021 1177/1177/1182
f 1014/1014/1019 1179/1179/1184 1181/1181/1186
f 1182/1182/1187 1184/1184/1189 1385/1385/1390
f 1015/1015/1020 1182/1182/1187 1016/1016/1021
f 1183/1183/1188 1392/1392/1397 1184/1184/1189
f 1392/1392/1397 1183/1183/1188 4575/4575/4612
f 4575/4575/4612 1183/1183/1188 1018/1018/1023
f 1015/1015/1020 1018/1018/1023 1183/1183/1188
f 1181/1181/1186 1180/1180/1185 1185/1185/1190
f 1012/1012/1017 1185/1185/1190 4576/4576/4613
f 4577/4577/4614 1012/1012/1017 4576/4576/4613
f 1019/1019/1024 1012/1012/1017 4577/4577/4614
f 4575/4575/4612 1394/1394/1399 1392/1392/1397
f 4546/4546/4583 4575/4575/4612 1018/1018/1023
f 4575/4575/4612 1187/1187/1192 1394/1394/1399
f 1187/1187/1192 4575/4575/4612 1188/1188/1193
f 4547/4547/4584 1188/1188/1193 4575/4575/4612
f 4546/4546/4583 4547/4547/4584 4575/4575/4612
f 4578/4578/4615 4577/4577/4614 1399/1399/1404
f 4549/4549/4586 4577/4577/4614 4578/4578/4615
f 1019/1019/1024 4577/4577/4614 4548/4548/4585
f 4577/4577/4614 4549/4549/4586 4548/4548/4585
f 1190/1190/1195 1186/1186/1191 1188/1188/1193
f 1024/1024/1029 1188/1188/1193 4547/4547/4584
f 1191/1191/1196 1189/1189/1194 1027/1027/1032
f 1024/1024/1029 1027/1027/1032 1189/1189/1194
f 4578/4578/4615 1399/1399/1404 4579/4579/4616
f 1020/1020/1025 4549/4549/4586 4578/4578/4615
f 4578/4578/4615 4579/4579/4616 1408/1408/1413
f 1196/1196/1201 4578/4578/4615 1408/1408/1413
f 4552/4552/4589 4578/4578/4615 1196/1196/1201
f 1020/1020/1025 4578/4578/4615 4551/4551/4588
f 4578/4578/4615 4552/4552/4589 4551/4551/4588
f 1029/1029/1034 1191/1191/1196 1027/1027/1032
f 1194/1194/1199 1192/1192/1197 1031/1031/1036
f 1029/1029/1034 1031/1031/1036 1192/1192/1197
f 1198/1198/1203 4552/4552/4589 1196/1196/1201
f 1197/1197/1202 1196/1196/1201 1414/1414/1419
f 1204/1204/1209 1197/1197/1202 1414/1414/1419
f 1039/1039/1044 1197/1197/1202 1204/1204/1209
f 1204/1204/1209 1414/1414/1419 1202/1202/1207
f 1037/1037/1042 1039/1039/1044 1204/1204/1209
f 1203/1203/1208 1202/1202/1207 1206/1206/1211
f 1211/1211/1216 1203/1203/1208 1206/1206/1211
f 1041/1041/1046 1037/1037/1042 1211/1211/1216
f 1037/1037/1042 1203/1203/1208 1211/1211/1216
f 1207/1207/1212 1217/1217/1222 1201/1201/1206
f 1217/1217/1222 1207/1207/1212 1215/1215/1220
f 1215/1215/1220 1207/1207/1212 1048/1048/1053
f 1043/1043/1048 1048/1048/1053 1207/1207/1212
f 1211/1211/1216 1206/1206/1211 1209/1209/1214
f 1206/1206/1211 1208/1208/1213 1209/1209/1214
f 1044/1044/1049 1038/1038/1043 1211/1211/1216
f 1038/1038/1043 1041/1041/1046 1211/1211/1216
f 1210/1210/1215 1209/1209/1214 1212/1212/1217
f 1214/1214/1219 1210/1210/1215 1212/1212/1217
f 4553/4553/4590 1210/1210/1215 1214/1214/1219
f 1044/1044/1049 1210/1210/1215 4553/4553/4590
f 1216/1216/1221 1439/1439/1444 1217/1217/1222
f 1439/1439/1444 1430/1430/1435 1217/1217/1222
f 1216/1216/1221 1215/1215/1220 1218/1218/1223
f 1215/1215/1220 1048/1048/1053 1047/1047/1052
f 1216/1216/1221 1219/1219/1224 1439/1439/1444
f 1047/1047/1052 1221/1221/1226 1218/1218/1223
f 1214/1214/1219 1222/1222/1227 1223/1223/1228
f 1050/1050/1055 4553/4553/4590 1214/1214/1219
f 1224/1224/1229 1223/1223/1228 1442/1442/1447
f 1232/1232/1237 1224/1224/1229 1442/1442/1447
f 1233/1233/1238 1057/1057/1062 1232/1232/1237
f 1057/1057/1062 1224/1224/1229 1232/1232/1237
f 1050/1050/1055 1224/1224/1229 1057/1057/1062
f 1225/1225/1230 4580/4580/4617 1219/1219/1224
f 1225/1225/1230 1226/1226/1231 1227/1227/1232
f 1053/1053/1058 1226/1226/1231 1054/1054/1059
f 1226/1226/1231 1221/1221/1226 1054/1054/1059
f 1225/1225/1230 1228/1228/1233 4580/4580/4617
f 1053/1053/1058 1056/1056/1061 1227/1227/1232
f 1232/1232/1237 1442/1442/1447 1230/1230/1235
f 1231/1231/1236 1230/1230/1235 1452/1452/1457
f 1237/1237/1242 1239/1239/1244 1452/1452/1457
f 1239/1239/1244 1231/1231/1236 1452/1452/1457
f 1065/1065/1070 1067/1067/1072 1239/1239/1244
f 1067/1067/1072 1231/1231/1236 1239/1239/1244
f 1233/1233/1238 1231/1231/1236 1067/1067/1072
f 1229/1229/1234 1235/1235/1240 1228/1228/1233
f 1234/1234/1239 1229/1229/1234 1236/1236/1241
f 1060/1060/1065 1236/1236/1241 1056/1056/1061
f 1234/1234/1239 1245/1245/1250 1235/1235/1240
f 1060/1060/1065 1064/1064/1069 1236/1236/1241
f 1240/1240/1245 1065/1065/1070 1239/1239/1244
f 1238/1238/1243 1237/1237/1242 1241/1241/1246
f 1243/1243/1248 1252/1252/1257 1241/1241/1246
f 1252/1252/1257 1238/1238/1243 1241/1241/1246
f 4555/4555/4592 1238/1238/1243 1252/1252/1257
f 1240/1240/1245 1238/1238/1243 4555/4555/4592
f 1244/1244/1249 1247/1247/1252 1248/1248/1253
f 1070/1070/1075 1247/1247/1252 1064/1064/1069
f 1249/1249/1254 1250/1250/1255 1257/1257/1262
f 1257/1257/1262 1250/1250/1255 1075/1075/1080
f 1070/1070/1075 1075/1075/1080 1248/1248/1253
f 1252/1252/1257 1243/1243/1248 1251/1251/1256
f 1077/1077/1082 4555/4555/4592 1252/1252/1257
f 1077/1077/1082 1251/1251/1256 1254/1254/1259
f 1267/1267/1272 1077/1077/1082 1254/1254/1259
f 1078/1078/1083 1077/1077/1082 1267/1267/1272
f 1257/1257/1262 1256/1256/1261 1249/1249/1254
f 1258/1258/1263 1257/1257/1262 1260/1260/1265
f 1257/1257/1262 1259/1259/1264 1260/1260/1265
f 1082/1082/1087 1259/1259/1264 1075/1075/1080
f 1258/1258/1263 1262/1262/1267 1256/1256/1261
f 1262/1262/1267 1261/1261/1266 1256/1256/1261
f 1262/1262/1267 1260/1260/1265 1264/1264/1269
f 1082/1082/1087 1263/1263/1268 1260/1260/1265
f 1267/1267/1272 1254/1254/1259 1265/1265/1270
f 1079/1079/1084 1078/1078/1083 1267/1267/1272
f 1267/1267/1272 1265/1265/1270 1268/1268/1273
f 1267/1267/1272 1266/1266/1271 1269/1269/1274
f 1264/1264/1269 1271/1271/1276 1262/1262/1267
f 1085/1085/1090 1264/1264/1269 1263/1263/1268
f 1085/1085/1090 1274/1274/1279 1270/1270/1275
f 1087/1087/1092 1266/1266/1271 1275/1275/1280
f 1087/1087/1092 1275/1275/1280 1088/1088/1093
f 1091/1091/1096 1272/1272/1277 1274/1274/1279
f 1091/1091/1096 1278/1278/1283 1277/1277/1282
f 1280/1280/1285 1275/1275/1280 1485/1485/1490
f 1275/1275/1280 1093/1093/1098 1088/1088/1093
f 1280/1280/1285 1492/1492/1497 1281/1281/1286
f 1093/1093/1098 1281/1281/1286 1099/1099/1104
f 1097/1097/1102 1279/1279/1284 1278/1278/1283
f 1284/1284/1289 1283/1283/1288 4556/4556/4593
f 1097/1097/1102 4556/4556/4593 1283/1283/1288
f 1286/1286/1291 1281/1281/1286 1492/1492/1497
f 1281/1281/1286 1098/1098/1103 1099/1099/1104
f 4557/4557/4594 1286/1286/1291 1288/1288/1293
f 1098/1098/1103 1286/1286/1291 4557/4557/4594
f 1290/1290/1295 1284/1284/1289 4556/4556/4593
f 1289/1289/1294 1290/1290/1295 1291/1291/1296
f 1291/1291/1296 1290/1290/1295 1296/1296/1301
f 1288/1288/1293 1293/1293/1298 1507/1507/1512
f 1107/1107/1112 1288/1288/1293 1507/1507/1512
f 4558/4558/4595 1288/1288/1293 1107/1107/1112
f 4557/4557/4594 1288/1288/1293 4558/4558/4595
f 1295/1295/1300 1292/1292/1297 1291/1291/1296
f 1297/1297/1302 1294/1294/1299 1302/1302/1307
f 1302/1302/1307 1294/1294/1299 4559/4559/4596
f 1105/1105/1110 4559/4559/4596 1294/1294/1299
f 1107/1107/1112 1298/1298/1303 1300/1300/1305
f 1107/1107/1112 1300/1300/1305 1109/1109/1114
f 1302/1302/1307 1304/1304/1309 1297/1297/1302
f 1112/1112/1117 1302/1302/1307 4559/4559/4596
f 1303/1303/1308 1310/1310/1315 1304/1304/1309
f 1310/1310/1315 1303/1303/1308 1308/1308/1313
f 1308/1308/1313 1303/1303/1308 1111/1111/1116
f 1112/1112/1117 1111/1111/1116 1303/1303/1308
f 1301/1301/1306 1300/1300/1305 1305/1305/1310
f 1312/1312/1317 1306/1306/1311 1307/1307/1312
f 1116/1116/1121 1306/1306/1311 1312/1312/1317
f 1521/1521/1526 1310/1310/1315 1309/1309/1314
f 1309/1309/1314 1311/1311/1316 1521/1521/1526
f 1311/1311/1316 1519/1519/1524 1521/1521/1526
f 4561/4561/4598 1311/1311/1316 1119/1119/1124
f 1312/1312/1317 1307/1307/1312 1317/1317/1322
f 1318/1318/1323 1312/1312/1317 1317/1317/1322
f 1127/1127/1132 1122/1122/1127 1312/1312/1317
f 1313/1313/1318 1312/1312/1317 1318/1318/1323
f 1316/1316/1321 1317/1317/1322 1314/1314/1319
f 1331/1331/1336 1333/1333/1338 4581/4581/4618
f 1333/1333/1338 4582/4582/4619 4581/4581/4618
f 1333/1333/1338 4563/4563/4600 4582/4582/4619
f 4563/4563/4600 4583/4583/4620 4582/4582/4619
f 1137/1137/1141 4563/4563/4600 1333/1333/1338
f 1138/1138/1142 1325/1325/1330 1338/1338/1343
f 1341/1341/4621 4566/4566/4603 1338/1338/1343
f 4566/4566/4603 1138/1138/1142 1338/1338/1343
f 1327/1327/1332 1519/1519/1524 1311/1311/1316
f 1519/1519/1524 1327/1327/1332 1520/1520/1525
f 1327/1327/1332 1536/1536/1541 1520/1520/1525
f 4561/4561/4598 1326/1326/1331 1311/1311/1316
f 1321/1321/1326 1323/1323/1328 1327/1327/1332
f 1323/1323/1328 1536/1536/1541 1327/1327/1332
f 1327/1327/1332 1328/1328/1333 1321/1321/1326
f 1328/1328/1333 1324/1324/1329 1321/1321/1326
f 4570/4570/4607 1328/1328/1333 1326/1326/1331
f 1331/1331/1336 1330/1330/1335 1334/1334/1339
f 1330/1330/1335 1336/1336/1341 1334/1334/1339
f 1333/1333/1338 1334/1334/1339 1325/1325/1330
f 1337/1337/1342 1338/1338/1343 1325/1325/1330
f 1337/1337/1342 4584/4584/4622 1338/1338/1343
f 4584/4584/4622 1339/1339/1344 1338/1338/1343
f 1344/1344/1361 1355/1355/1360 1563/1563/4623
f 1563/1563/1566 1565/1565/1568 1344/1344/1349
f 1565/1565/1568 1342/1342/1347 1344/1344/1349
f 1343/1343/1348 1342/1342/1347 4585/4585/4624
f 1346/1346/1351 1352/1352/1357 1347/1347/1352
f 1352/1352/1357 1351/1351/1356 1347/1347/1352
f 1343/1343/4625 1354/1354/4625 1344/1344/4625
f 1354/1354/1359 1143/1143/1148 1344/1344/1361
f 1353/1353/1358 1144/1144/1149 1143/1143/1148
f 1359/1359/1365 1356/1356/1362 1357/1357/1363
f 1363/1363/1583 1356/1356/1362 1364/1364/4626
f 1356/1356/1362 1359/1359/1365 1364/1364/4626
f 1360/1360/1366 1357/1357/1363 1344/1344/1361
f 4586/4586/4627 4587/4587/4628 1582/1582/1588
f 4587/4587/4628 1589/1589/1595 1582/1582/1588
f 4587/4587/4628 1367/1367/1371 1589/1589/1595
f 1367/1367/1371 1366/1366/1370 1589/1589/1595
f 1143/1143/1148 1147/1147/1152 1360/1360/1366
f 1147/1147/1152 1357/1357/1363 1360/1360/1366
f 1358/1358/1364 1357/1357/1363 1149/1149/1154
f 1357/1357/1363 1147/1147/1152 1149/1149/1154
f 1359/1359/1365 1358/1358/1364 4588/4588/4629
f 1358/1358/1364 1361/1361/1367 4588/4588/4629
f 1368/1368/1372 1365/1365/1369 1165/1165/4630
f 1361/1361/1367 1149/1149/1154 4571/4571/4608
f 1369/1369/1373 1352/1352/1357 1346/1346/1351
f 1372/1372/1377 1589/1589/1595 1366/1366/1370
f 1372/1372/1377 1373/1373/1378 1589/1589/1595
f 1368/1368/1375 1164/1164/1169 1366/1366/1370
f 1164/1164/1169 1371/1371/1376 1366/1366/1370
f 1174/1174/1179 1375/1375/1380 1371/1371/1376
f 1380/1380/1385 1382/1382/1387 1374/1374/1379
f 1174/1174/1179 1380/1380/1385 1375/1375/1380
f 1381/1381/1386 1383/1383/1388 1382/1382/1387
f 1176/1176/1181 1385/1385/1390 1381/1381/1386
f 1387/1387/1392 1386/1386/1391 1608/1608/1614
f 1607/1607/1613 1185/1185/1190 1608/1608/1614
f 1185/1185/1190 1387/1387/1392 1608/1608/1614
f 1180/1180/1185 1387/1387/1392 1185/1185/1190
f 1387/1387/1392 1180/1180/1185 1179/1179/1184
f 1184/1184/1189 1389/1389/1394 1383/1383/1388
f 1388/1388/1393 1391/1391/1396 1389/1389/1394
f 1391/1391/1396 1388/1388/1393 1392/1392/1397
f 1184/1184/1189 1392/1392/1397 1388/1388/1393
f 1185/1185/1190 1607/1607/1613 4589/4589/4631
f 1397/1397/1402 1185/1185/1190 4589/4589/4631
f 4576/4576/4613 1185/1185/1190 1397/1397/1402
f 1397/1397/1402 4589/4589/4631 1398/1398/1403
f 4577/4577/4614 4576/4576/4613 1397/1397/1402
f 4577/4577/4614 1397/1397/1402 1399/1399/1404
f 1190/1190/1195 1189/1189/1194 1401/1401/1406
f 1403/1403/1408 1398/1398/1403 1618/1618/1624
f 4579/4579/4616 1399/1399/1404 1403/1403/1408
f 1403/1403/1408 1618/1618/1624 1409/1409/1414
f 1408/1408/1413 1403/1403/1408 1409/1409/1414
f 4579/4579/4616 1403/1403/1408 1408/1408/1413
f 1407/1407/1412 1409/1409/1414 1626/1626/1632
f 1409/1409/1414 1617/1617/1623 1626/1626/1632
f 1196/1196/1201 1408/1408/1413 1407/1407/1412
f 1407/1407/1412 1626/1626/1632 1410/1410/1415
f 1412/1412/1417 1413/1413/1418 1410/1410/1415
f 1196/1196/1201 1407/1407/1412 1414/1414/1419
f 1407/1407/1412 1413/1413/1418 1414/1414/1419
f 1416/1416/1421 1643/1643/1649 1415/1415/1420
f 1424/1424/1429 1643/1643/1649 1422/1422/1427
f 1643/1643/1649 1416/1416/1421 1422/1422/1427
f 1201/1201/1206 1422/1422/1427 1416/1416/1421
f 1202/1202/1207 1414/1414/1419 1412/1412/1417
f 1417/1417/1422 1421/1421/1426 1418/1418/1423
f 1208/1208/1213 1418/1418/1423 1420/1420/1425
f 1423/1423/1428 1426/1426/1431 1424/1424/1429
f 1427/1427/1432 1423/1423/1428 1428/1428/1433
f 1423/1423/1428 1422/1422/1427 1428/1428/1433
f 1427/1427/1432 1436/1436/1441 1426/1426/1431
f 1436/1436/1441 1425/1425/1430 1426/1426/1431
f 1436/1436/1441 1427/1427/1432 1434/1434/1439
f 1430/1430/1435 1434/1434/1439 1429/1429/1434
f 1434/1434/1439 1427/1427/1432 1429/1429/1434
f 1201/1201/1206 1217/1217/1222 1428/1428/1433
f 1217/1217/1222 1429/1429/1434 1428/1428/1433
f 1209/1209/1214 1208/1208/1213 1420/1420/1425
f 1432/1432/1437 1431/1431/1436 4590/4590/4632
f 4591/4591/4633 1432/1432/1437 4590/4590/4632
f 1222/1222/1227 1433/1433/1438 4591/4591/4633
f 1433/1433/1438 1432/1432/1437 4591/4591/4633
f 1209/1209/1214 1432/1432/1437 1212/1212/1217
f 1432/1432/1437 1433/1433/1438 1212/1212/1217
f 1435/1435/1440 1438/1438/1443 1436/1436/1441
f 1437/1437/1442 1435/1435/1440 1440/1440/1445
f 1435/1435/1440 1434/1434/1439 1440/1440/1445
f 1439/1439/1444 1434/1434/1439 1430/1430/1435
f 1437/1437/1442 4592/4592/4634 1438/1438/1443
f 4592/4592/4634 1437/1437/1442 1443/1443/1448
f 1443/1443/1448 1437/1437/1442 1219/1219/1224
f 1439/1439/1444 1219/1219/1224 1440/1440/1445
f 4591/4591/4633 4590/4590/4632 4593/4593/4635
f 4590/4590/4632 4594/4594/4636 4593/4593/4635
f 1223/1223/1228 1222/1222/1227 4591/4591/4633
f 4591/4591/4633 4593/4593/4635 4595/4595/4637
f 4593/4593/4635 4596/4596/4638 4595/4595/4637
f 4597/4597/4639 4591/4591/4633 4595/4595/4637
f 1441/1441/1446 4591/4591/4633 4597/4597/4639
f 4591/4591/4633 1441/1441/1446 1223/1223/1228
f 1443/1443/1448 1445/1445/1450 4592/4592/4634
f 4580/4580/4617 1444/1444/1449 1219/1219/1224
f 1444/1444/1449 1447/1447/1452 1445/1445/1450
f 1447/1447/1452 1444/1444/1449 1448/1448/1453
f 1448/1448/1453 1444/1444/1449 1228/1228/1233
f 4580/4580/4617 1228/1228/1233 1444/1444/1449
f 4597/4597/4639 4595/4595/4637 1657/1657/1663
f 4595/4595/4637 4596/4596/4638 1657/1657/1663
f 1230/1230/1235 1441/1441/1446 4597/4597/4639
f 4597/4597/4639 1657/1657/1663 4598/4598/4640
f 1454/1454/1459 4597/4597/4639 4598/4598/4640
f 1453/1453/1458 4597/4597/4639 1454/1454/1459
f 1230/1230/1235 4597/4597/4639 1452/1452/1457
f 4597/4597/4639 1453/1453/1458 1452/1452/1457
f 1449/1449/1454 1446/1446/1451 1448/1448/1453
f 1235/1235/1240 1448/1448/1453 1228/1228/1233
f 1449/1449/1454 1450/1450/1455 1446/1446/1451
f 1235/1235/1240 1245/1245/1250 1449/1449/1454
f 1454/1454/1459 4598/4598/4640 1455/1455/1460
f 1237/1237/1242 1453/1453/1458 1454/1454/1459
f 1463/1463/1468 1455/1455/1460 4599/4599/4641
f 1456/1456/1461 1455/1455/1460 1463/1463/1468
f 1237/1237/1242 1455/1455/1460 1241/1241/1246
f 1455/1455/1460 1456/1456/1461 1241/1241/1246
f 1457/1457/1462 1451/1451/1456 1459/1459/1464
f 1246/1246/1251 1451/1451/1456 1245/1245/1250
f 1460/1460/1465 1459/1459/1464 1464/1464/1469
f 1464/1464/1469 1459/1459/1464 1249/1249/1254
f 1246/1246/1251 1249/1249/1254 1459/1459/1464
f 1463/1463/1468 4599/4599/4641 1461/1461/1466
f 4599/4599/4641 4600/4600/4642 1461/1461/1466
f 1251/1251/1256 1243/1243/1248 1463/1463/1468
f 1243/1243/1248 1456/1456/1461 1463/1463/1468
f 1462/1462/1467 1461/1461/1466 4601/4601/4643
f 1474/1474/1479 1462/1462/1467 4601/4601/4643
f 1253/1253/1258 1462/1462/1467 1474/1474/1479
f 1462/1462/1467 1253/1253/1258 1251/1251/1256
f 1464/1464/1469 1466/1466/1471 1460/1460/1465
f 1465/1465/1470 1464/1464/1469 1467/1467/1472
f 1255/1255/1260 1467/1467/1472 1249/1249/1254
f 1465/1465/1470 1468/1468/1473 1466/1466/1471
f 1468/1468/1473 1469/1469/1474 1475/1475/1480
f 1475/1475/1480 1469/1469/1474 1470/1470/1475
f 1255/1255/1260 1261/1261/1266 1467/1467/1472
f 1261/1261/1266 1470/1470/1475 1467/1467/1472
f 1474/1474/1479 4601/4601/4643 1678/1678/1684
f 1265/1265/1270 1253/1253/1258 1474/1474/1479
f 1474/1474/1479 1678/1678/1684 1471/1471/1476
f 1473/1473/1478 1484/1484/1489 1471/1471/1476
f 1268/1268/1273 1471/1471/1476 1484/1484/1489
f 1265/1265/1270 1474/1474/1479 1268/1268/1273
f 1476/1476/1481 1478/1478/1483 1468/1468/1473
f 1477/1477/1482 1476/1476/1481 1480/1480/1485
f 1476/1476/1481 1479/1479/1484 1480/1480/1485
f 1271/1271/1276 1479/1479/1484 1262/1262/1267
f 1479/1479/1484 1470/1470/1475 1262/1262/1267
f 1477/1477/1482 1481/1481/1486 1478/1478/1483
f 1481/1481/1486 1689/1689/1695 1478/1478/1483
f 1481/1481/1486 1480/1480/1485 1482/1482/1487
f 1275/1275/1280 1268/1268/1273 1484/1484/1489
f 1484/1484/1489 1483/1483/1488 1489/1489/1494
f 1484/1484/1489 1489/1489/1494 1485/1485/1490
f 1489/1489/1494 1491/1491/1496 1492/1492/1497
f 1498/1498/1503 1491/1491/1496 1490/1490/1495
f 1491/1491/1496 1498/1498/1503 1492/1492/1497
f 1292/1292/1297 1503/1503/1508 1289/1289/1294
f 1503/1503/1508 1502/1502/1507 1289/1289/1294
f 1500/1500/1505 1293/1293/1298 1287/1287/1292
f 1295/1295/1300 1503/1503/1508 1292/1292/1297
f 1505/1505/1510 1506/1506/1511 1512/1512/1517
f 1107/1107/1112 1507/1507/1512 1505/1505/1510
f 1298/1298/1303 1512/1512/1517 4602/4602/4644
f 1304/1304/1309 1510/1510/1515 1297/1297/1302
f 1515/1515/1520 1514/1514/1519 1522/1522/1527
f 1310/1310/1315 1522/1522/1527 1514/1514/1519
f 1304/1304/1309 1310/1310/1315 1514/1514/1519
f 1298/1298/1303 4602/4602/4644 1516/1516/1521
f 1522/1522/1527 1524/1524/1529 1515/1515/1520
f 1523/1523/1528 1525/1525/1530 1524/1524/1529
f 1521/1521/1526 1520/1520/1525 1523/1523/1528
f 1520/1520/1525 1526/1526/1531 1523/1523/1528
f 1528/1528/1533 1518/1518/1523 1527/1527/1532
f 1528/1528/1533 1527/1527/1532 1530/1530/1535
f 1531/1531/1536 4603/4603/4645 1528/1528/1533
f 4603/4603/4645 1529/1529/1534 1528/1528/1533
f 1314/1314/1319 1317/1317/1322 1529/1529/1534
f 1532/1532/1537 1529/1529/1534 4603/4603/4645
f 1520/1520/1525 1536/1536/1541 1526/1526/1531
f 1552/1552/1557 1535/1535/1540 1534/1534/1539
f 1534/1534/1539 1533/1533/1538 1552/1552/1557
f 1323/1323/1328 1533/1533/1538 1536/1536/1541
f 1539/1539/1544 1543/1543/1548 1540/1540/1545
f 1538/1538/1543 1544/1544/1549 1539/1539/1544
f 1542/1542/1547 1330/1330/1335 1543/1543/1548
f 1330/1330/1335 4604/4604/4646 1543/1543/1548
f 4605/4605/4647 1547/1547/1552 1539/1539/1544
f 4606/4606/4648 4607/4607/4649 1552/1552/1557
f 4607/4607/4649 1743/1743/1749 1552/1552/1557
f 1550/1550/1555 1547/1547/1552 4605/4605/4647
f 4606/4606/4648 1552/1552/1557 1551/1551/1556
f 1336/1336/1341 1542/1542/1547 1539/1539/1544
f 1547/1547/1552 1335/1335/1340 1336/1336/1341
f 1548/1548/1553 1337/1337/1342 1547/1547/1552
f 1337/1337/1342 1335/1335/1340 1547/1547/1552
f 1550/1550/1555 4608/4608/4650 1548/1548/1553
f 4608/4608/4650 1549/1549/1554 1548/1548/1553
f 1533/1533/1538 1322/1322/1327 1553/1553/1558
f 4584/4584/4622 1337/1337/1342 1549/1549/1554
f 1546/1546/1551 4605/4605/4647 1539/1539/1544
f 1554/1554/4651 1556/1556/4652 4605/4605/4647
f 1556/1556/4652 1550/1550/1555 4605/4605/4647
f 1572/1572/1577 1757/1757/1762 1558/1558/1561
f 1757/1757/1762 1559/1559/1562 1558/1558/1561
f 1557/1557/1560 1564/1564/1569 1558/1558/1561
f 1564/1564/1569 1355/1355/1360 1558/1558/1561
f 1564/1564/1569 1557/1557/1560 4609/4609/4653
f 1561/1561/1564 1560/1560/1563 1568/1568/1573
f 1567/1567/1572 1570/1570/1575 1568/1568/1573
f 1345/1345/1350 1570/1570/1575 1567/1567/1572
f 1571/1571/1576 1345/1345/1350 1349/1349/1354
f 1345/1345/1350 1347/1347/1352 1349/1349/1354
f 1576/1576/1581 1573/1573/1578 1574/1574/1579
f 1575/1575/4654 4610/4610/4654 1577/1577/4654
f 1580/1580/1586 1775/1775/1780 4611/4611/4655
f 4612/4612/4656 1575/1575/1580 1363/1363/1583
f 1579/1579/1585 4613/4613/4657 1582/1582/1588
f 1586/1586/1592 1775/1775/1780 1580/1580/1586
f 1579/1579/1585 1581/1581/1587 1580/1580/1586
f 1581/1581/1587 1586/1586/1592 1580/1580/1586
f 1589/1589/1595 1581/1581/1587 1582/1582/1588
f 1584/1584/1590 1585/1585/1591 1592/1592/1598
f 1370/1370/1374 1584/1584/1590 1592/1592/1598
f 1587/1587/1593 1586/1586/1592 1581/1581/1587
f 1589/1589/1595 1587/1587/1593 1581/1581/1587
f 1587/1587/1593 1590/1590/1596 1588/1588/1594
f 1590/1590/1596 1783/1783/1788 1588/1588/1594
f 1783/1783/1788 1590/1590/1596 1596/1596/1602
f 1596/1596/1602 1590/1590/1596 1374/1374/1379
f 1373/1373/1378 1374/1374/1379 1587/1587/1593
f 1593/1593/1599 1591/1591/1597 1595/1595/1601
f 1386/1386/1391 1593/1593/1599 1595/1595/1601
f 1596/1596/1602 1598/1598/1604 1783/1783/1788
f 1382/1382/1387 1596/1596/1602 1374/1374/1379
f 1599/1599/1605 1597/1597/1603 1600/1600/1606
f 1382/1382/1387 1383/1383/1388 1597/1597/1603
f 1602/1602/1608 1601/1601/1607 4614/4614/4658
f 1609/1609/1615 1602/1602/1608 4614/4614/4658
f 1386/1386/1391 1602/1602/1608 1608/1608/1614
f 1602/1602/1608 1609/1609/1615 1608/1608/1614
f 1600/1600/1606 1604/1604/1610 1599/1599/1605
f 1609/1609/1615 4614/4614/4658 1610/1610/1616
f 1618/1618/1624 1610/1610/1616 1801/1801/1806
f 4589/4589/4631 1610/1610/1616 1618/1618/1624
f 1607/1607/1613 1610/1610/1616 4589/4589/4631
f 1618/1618/1624 1801/1801/1806 4615/4615/4659
f 1398/1398/1403 4589/4589/4631 1618/1618/1624
f 1612/1612/1618 1611/1611/1617 1613/1613/1619
f 1611/1611/1617 1400/1400/1405 1613/1613/1619
f 1402/1402/1407 1613/1613/1619 1400/1400/1405
f 1618/1618/1624 4615/4615/4659 1616/1616/1622
f 1617/1617/1623 1616/1616/1622 4616/4616/4660
f 1625/1625/1631 1617/1617/1623 4616/4616/4660
f 1618/1618/1624 1617/1617/1623 1409/1409/1414
f 1614/1614/1620 1620/1620/1626 1619/1619/1625
f 1402/1402/1407 1404/1404/1409 1614/1614/1620
f 1620/1620/1626 1622/1622/1628 1619/1619/1625
f 1625/1625/1631 4616/4616/4660 1623/1623/1629
f 1626/1626/1632 1617/1617/1623 1625/1625/1631
f 1624/1624/1630 1623/1623/1629 1627/1627/1633
f 1623/1623/1629 1628/1628/1634 1627/1627/1633
f 1417/1417/1422 1624/1624/1630 1627/1627/1633
f 1626/1626/1632 1624/1624/1630 1410/1410/1415
f 1632/1632/1638 1631/1631/1637 1621/1621/1627
f 1633/1633/1639 1621/1621/1627 1634/1634/1640
f 1633/1633/1639 1636/1636/1642 1632/1632/1638
f 1635/1635/1641 1633/1633/1639 1644/1644/1650
f 1633/1633/1639 1637/1637/1643 1644/1644/1650
f 1644/1644/1650 1637/1637/1643 1638/1638/1644
f 1415/1415/1420 1643/1643/1649 1634/1634/1640
f 1643/1643/1649 1638/1638/1644 1634/1634/1640
f 1627/1627/1633 1629/1629/1635 1639/1639/1645
f 1640/1640/1646 1639/1639/1645 4617/4617/4661
f 4618/4618/4662 4619/4619/4663 4617/4617/4661
f 4619/4619/4663 1640/1640/1646 4617/4617/4661
f 1421/1421/1426 1640/1640/1646 4619/4619/4663
f 1417/1417/1422 1640/1640/1646 1421/1421/1426
f 1425/1425/1430 1635/1635/1641 1424/1424/1429
f 1635/1635/1641 1638/1638/1644 1424/1424/1429
f 1645/1645/1651 1642/1642/1648 1646/1646/1652
f 4619/4619/4663 4618/4618/4662 4620/4620/4664
f 1431/1431/1436 1421/1421/1426 4619/4619/4663
f 4619/4619/4663 4620/4620/4664 1837/1837/1842
f 4621/4621/4665 4619/4619/4663 1837/1837/1842
f 4594/4594/4636 4590/4590/4632 4621/4621/4665
f 4590/4590/4632 4619/4619/4663 4621/4621/4665
f 1431/1431/1436 4619/4619/4663 4590/4590/4632
f 1646/1646/1652 1648/1648/1654 1645/1645/1651
f 1438/1438/1443 1646/1646/1652 1436/1436/1441
f 1647/1647/1653 1841/1841/1846 1648/1648/1654
f 1841/1841/1846 1647/1647/1653 1649/1649/1655
f 1649/1649/1655 1647/1647/1653 4592/4592/4634
f 1438/1438/1443 4592/4592/4634 1647/1647/1653
f 4621/4621/4665 1837/1837/1842 1844/1844/1849
f 4593/4593/4635 4594/4594/4636 4621/4621/4665
f 1656/1656/1662 4621/4621/4665 1844/1844/1849
f 4596/4596/4638 4621/4621/4665 1656/1656/1662
f 4593/4593/4635 4621/4621/4665 4596/4596/4638
f 1649/1649/1655 1651/1651/1657 1841/1841/1846
f 1445/1445/1450 1649/1649/1655 4592/4592/4634
f 1652/1652/1658 1650/1650/1656 1447/1447/1452
f 1445/1445/1450 1447/1447/1452 1650/1650/1656
f 1656/1656/1662 1844/1844/1849 1654/1654/1660
f 1657/1657/1663 4596/4596/4638 1656/1656/1662
f 1655/1655/1661 1654/1654/1660 1663/1663/1669
f 1657/1657/1663 1655/1655/1661 4598/4598/4640
f 1655/1655/1661 1665/1665/1671 4598/4598/4640
f 1652/1652/1658 1447/1447/1452 1446/1446/1451
f 1659/1659/1665 1661/1661/1667 1658/1658/1664
f 1660/1660/1666 1659/1659/1665 1450/1450/1455
f 1446/1446/1451 1450/1450/1455 1659/1659/1665
f 1664/1664/1670 1663/1663/1669 1863/1863/1868
f 1455/1455/1460 4598/4598/4640 1664/1664/1670
f 4598/4598/4640 1665/1665/1671 1664/1664/1670
f 1664/1664/1670 1863/1863/1868 1672/1672/1678
f 4600/4600/4642 1664/1664/1670 1672/1672/1678
f 1455/1455/1460 1664/1664/1670 4599/4599/4641
f 1664/1664/1670 4600/4600/4642 4599/4599/4641
f 1458/1458/1463 1660/1660/1666 1450/1450/1455
f 1668/1668/1674 1667/1667/1673 1673/1673/1679
f 1673/1673/1679 1667/1667/1673 1460/1460/1465
f 1458/1458/1463 1460/1460/1465 1667/1667/1673
f 1461/1461/1466 4600/4600/4642 1672/1672/1678
f 1671/1671/1677 1670/1670/1676 4622/4622/4666
f 1677/1677/1683 1671/1671/1677 4622/4622/4666
f 4601/4601/4643 1671/1671/1677 1677/1677/1683
f 1461/1461/1466 1671/1671/1677 4601/4601/4643
f 1466/1466/1471 1673/1673/1679 1460/1460/1465
f 1674/1674/1680 4623/4623/4667 1668/1668/1674
f 4623/4623/4667 1674/1674/1680 1683/1683/1689
f 1683/1683/1689 1674/1674/1680 1468/1468/1473
f 1466/1466/1471 1468/1468/1473 1674/1674/1680
f 1677/1677/1683 4622/4622/4666 1675/1675/1681
f 1678/1678/1684 4601/4601/4643 1677/1677/1683
f 1676/1676/1682 1675/1675/1681 1679/1679/1685
f 1681/1681/1687 1682/1682/1688 1679/1679/1685
f 1682/1682/1688 1676/1676/1682 1679/1679/1685
f 1678/1678/1684 1676/1676/1682 1471/1471/1476
f 1676/1676/1682 1682/1682/1688 1471/1471/1476
f 1683/1683/1689 1685/1685/1691 4623/4623/4667
f 1684/1684/1690 1683/1683/1689 1686/1686/1692
f 1478/1478/1483 1683/1683/1689 1468/1468/1473
f 1684/1684/1690 1693/1693/1699 1685/1685/1691
f 1693/1693/1699 1684/1684/1690 1691/1691/1697
f 1684/1684/1690 1687/1687/1693 1691/1691/1697
f 1691/1691/1697 1687/1687/1693 1688/1688/1694
f 1478/1478/1483 1689/1689/1695 1686/1686/1692
f 1689/1689/1695 1688/1688/1694 1686/1686/1692
f 1690/1690/1696 1681/1681/1687 1887/1887/1893
f 1473/1473/1478 1682/1682/1688 1690/1690/1696
f 1690/1690/1696 1887/1887/1893 1889/1889/1895
f 1483/1483/1488 1690/1690/1696 1889/1889/1895
f 1692/1692/1698 1695/1695/1701 1693/1693/1699
f 1695/1695/1701 1897/1897/1904 1693/1693/1699
f 1692/1692/1698 1688/1688/1694 1486/1486/1491
f 1487/1487/1492 1697/1697/1703 1694/1694/1700
f 1483/1483/1488 1889/1889/1895 1696/1696/1702
f 1696/1696/1702 1901/1901/1908 4624/4624/4668
f 1696/1696/1702 4624/4624/4668 1490/1490/1495
f 1487/1487/1492 1493/1493/1498 1697/1697/1703
f 1702/1702/1708 1700/1700/1706 1699/1699/1705
f 1496/1496/1501 1702/1702/1708 1699/1699/1705
f 1496/1496/1501 1699/1699/1705 1493/1493/1498
f 1701/1701/1707 4624/4624/4668 1901/1901/1908
f 1901/1901/1908 1907/1907/1914 1701/1701/1707
f 4624/4624/4668 1701/1701/1707 1490/1490/1495
f 1701/1701/1707 1907/1907/1914 1912/1912/1919
f 1701/1701/1707 1912/1912/1919 1499/1499/1504
f 1700/1700/1706 1702/1702/1708 1705/1705/1711
f 1703/1703/1709 1705/1705/1711 1702/1702/1708
f 1912/1912/1919 1911/1911/1918 1706/1706/1712
f 1912/1912/1919 1706/1706/1712 1499/1499/1504
f 1706/1706/1712 1911/1911/1918 1919/1919/1926
f 1706/1706/1712 1919/1919/1926 1506/1506/1511
f 1500/1500/1505 1706/1706/1712 1506/1506/1511
f 1711/1711/1717 1506/1506/1511 1919/1919/1926
f 1717/1717/1723 1711/1711/1717 1926/1926/1933
f 4602/4602/4644 1711/1711/1717 1717/1717/1723
f 1512/1512/1517 1711/1711/1717 4602/4602/4644
f 1717/1717/1723 1926/1926/1933 1715/1715/1721
f 1516/1516/1521 4602/4602/4644 1717/1717/1723
f 1516/1516/1521 1716/1716/1722 1718/1718/1724
f 1524/1524/1529 1713/1713/1719 1515/1515/1520
f 1719/1719/1725 1725/1725/1731 1714/1714/1720
f 1725/1725/1731 1719/1719/1725 1535/1535/1540
f 1535/1535/1540 1719/1719/1725 1525/1525/1530
f 1524/1524/1529 1525/1525/1530 1719/1719/1725
f 4625/4625/4669 1726/1726/1732 1724/1724/1730
f 1724/1724/1730 1727/1727/1733 4625/4625/4669
f 1552/1552/1557 1727/1727/1733 1535/1535/1540
f 1732/1732/1738 1728/1728/1734 1722/1722/1728
f 1734/1734/1740 4626/4626/4670 1530/1530/1535
f 4626/4626/4670 1537/1537/1542 1530/1530/1535
f 1545/1545/1550 1735/1735/1741 1730/1730/1736
f 1735/1735/1741 1731/1731/1737 1730/1730/1736
f 1738/1738/1744 1736/1736/1742 1946/1946/1953
f 1736/1736/1742 1729/1729/1735 1946/1946/1953
f 1730/1730/1736 1736/1736/1742 1545/1545/1550
f 1736/1736/1742 1546/1546/1551 1545/1545/1550
f 1736/1736/1742 1737/1737/1743 1739/1739/1745
f 1740/1740/1746 1742/1742/1748 1739/1739/1745
f 1739/1739/1745 1546/1546/1551 1736/1736/1742
f 1546/1546/1551 1739/1739/1745 4605/4605/4647
f 1554/1554/4651 4605/4605/4647 1739/1739/1745
f 1742/1742/1748 1554/1554/4651 1739/1739/1745
f 1744/1744/1750 4625/4625/4669 1727/1727/1733
f 1744/1744/1750 1954/1954/1961 4625/4625/4669
f 1552/1552/1557 1743/1743/1749 1727/1727/1733
f 1745/1745/4671 1744/1744/1750 1748/1748/1753
f 1744/1744/1750 1743/1743/1749 1748/1748/1753
f 1742/1742/4672 1741/1741/4672 4627/4627/4672
f 4628/4628/4673 1954/1954/1961 1744/1744/1750
f 4629/4629/4674 4630/4630/4675 1742/1742/1748
f 4630/4630/4675 1554/1554/4651 1742/1742/1748
f 1750/1750/1755 1752/1752/1757 1764/1764/1769
f 1764/1764/1769 1967/1967/1974 1750/1750/1755
f 1762/1762/1767 1753/1753/1758 4631/4631/4676
f 1749/1749/1754 1756/1756/1761 1752/1752/1757
f 1756/1756/1761 1572/1572/1577 1752/1752/1757
f 1758/1758/1763 1755/1755/1760 1754/1754/1759
f 1754/1754/1759 1753/1753/1758 1761/1761/1766
f 1760/1760/1765 1763/1763/1768 1761/1761/1766
f 1566/1566/1571 1763/1763/1768 1760/1760/1765
f 1754/1754/1759 1566/1566/1571 1569/1569/1574
f 1566/1566/1571 1568/1568/1573 1569/1569/1574
f 1767/1767/1772 1769/1769/1774 1766/1766/1771
f 1769/1769/1774 1765/1765/1770 1766/1766/1771
f 1768/1768/1773 1772/1772/1777 1770/1770/1775
f 1772/1772/1777 1982/1982/1989 1770/1770/1775
f 1766/1766/1771 1573/1573/1578 1767/1767/1772
f 1573/1573/1578 1576/1576/1581 1767/1767/1772
f 4632/4632/4677 1774/1774/4678 4633/4633/4679
f 1774/1774/4678 1986/1986/4680 4633/4633/4679
f 4634/4634/4681 1771/1771/1776 1577/1577/1582
f 1771/1771/1776 1768/1768/1773 1577/1577/1582
f 1773/1773/1778 1780/1780/1785 1774/1774/1779
f 1780/1780/1785 1986/1986/1993 1774/1774/1779
f 1586/1586/1592 1773/1773/1778 1775/1775/1780
f 1779/1779/1784 1773/1773/1778 1776/1776/1781
f 1776/1776/1781 1782/1782/1787 1781/1781/1786
f 1782/1782/1787 1996/1996/2003 1781/1781/1786
f 1996/1996/2003 1782/1782/1787 1787/1787/1792
f 1787/1787/1792 1782/1782/1787 1783/1783/1788
f 1588/1588/1594 1783/1783/1788 1776/1776/1781
f 1594/1594/1600 1784/1784/1789 1786/1786/1791
f 1787/1787/1792 1789/1789/1794 1996/1996/2003
f 1594/1594/1600 1786/1786/1791 1791/1791/1796
f 1792/1792/1797 1791/1791/1796 4635/4635/4682
f 1797/1797/1802 1792/1792/1797 4635/4635/4682
f 4614/4614/4658 1792/1792/1797 1797/1797/1802
f 1601/1601/1607 1792/1792/1797 4614/4614/4658
f 1797/1797/1802 4635/4635/4682 1798/1798/1803
f 1610/1610/1616 4614/4614/4658 1797/1797/1802
f 1610/1610/1616 1798/1798/1803 1801/1801/1806
f 1802/1802/1807 1795/1795/1800 1606/1606/1612
f 1612/1612/1618 1802/1802/1807 1606/1606/1612
f 1799/1799/1804 1800/1800/1805 4636/4636/4683
f 4615/4615/4659 1801/1801/1806 1799/1799/1804
f 1799/1799/1804 4636/4636/4683 4637/4637/4684
f 1616/1616/1622 1799/1799/1804 4637/4637/4684
f 4615/4615/4659 1799/1799/1804 1616/1616/1622
f 1616/1616/1622 4637/4637/4684 1809/1809/1814
f 1810/1810/1815 1809/1809/1814 2017/2017/2024
f 4638/4638/4685 1817/1817/1822 2017/2017/2024
f 1817/1817/1822 1810/1810/1815 2017/2017/2024
f 4616/4616/4660 1810/1810/1815 1817/1817/1822
f 1616/1616/1622 1810/1810/1815 4616/4616/4660
f 1812/1812/1817 1814/1814/1819 1811/1811/1816
f 1622/1622/1628 1812/1812/1817 1619/1619/1625
f 1817/1817/1822 4638/4638/4685 1815/1815/1820
f 1623/1623/1629 4616/4616/4660 1817/1817/1822
f 1815/1815/1820 1820/1820/1825 1816/1816/1821
f 1819/1819/1824 1828/1828/1833 1816/1816/1821
f 1629/1629/1635 1628/1628/1634 1828/1828/1833
f 1628/1628/1634 1816/1816/1821 1828/1828/1833
f 1623/1623/1629 1816/1816/1821 1628/1628/1634
f 1822/1822/1827 1824/1824/1829 1813/1813/1818
f 1824/1824/1829 1821/1821/1826 1813/1813/1818
f 1630/1630/1636 1822/1822/1827 1631/1631/1637
f 1822/1822/1827 1813/1813/1818 1631/1631/1637
f 1823/1823/1828 1825/1825/1830 1824/1824/1829
f 1630/1630/1636 1636/1636/1642 1823/1823/1828
f 1636/1636/1642 1825/1825/1830 1823/1823/1828
f 1828/1828/1833 1819/1819/1824 1829/1829/1834
f 1639/1639/1645 1629/1629/1635 1828/1828/1833
f 1835/1835/1840 1829/1829/1834 2041/2041/2048
f 4618/4618/4662 4617/4617/4661 1835/1835/1840
f 4617/4617/4661 1829/1829/1834 1835/1835/1840
f 1639/1639/1645 1829/1829/1834 4617/4617/4661
f 1835/1835/1840 2041/2041/2048 4639/4639/4686
f 4620/4620/4664 4618/4618/4662 1835/1835/1840
f 1835/1835/1840 4639/4639/4686 1836/1836/1841
f 4620/4620/4664 1835/1835/1840 1837/1837/1842
f 1833/1833/1838 1832/1832/1837 2044/2044/2051
f 1838/1838/1843 2044/2044/2051 1832/1832/1837
f 1838/1838/1843 1840/1840/1845 2044/2044/2051
f 1648/1648/1654 1841/1841/1846 1838/1838/1843
f 1834/1834/1839 1836/1836/1841 1842/1842/1847
f 1844/1844/1849 1837/1837/1842 1834/1834/1839
f 1844/1844/1849 1843/1843/1848 1854/1854/1859
f 1846/1846/1851 1839/1839/1844 1847/1847/1852
f 1846/1846/4687 1848/1848/1853 1845/1845/1850
f 1849/1849/1854 1848/1848/1853 1856/1856/4688
f 1848/1848/1853 1846/1846/4687 1856/1856/4688
f 1851/1851/1856 1856/1856/1861 1847/1847/1852
f 1856/1856/1861 1846/1846/1851 1847/1847/1852
f 1854/1854/1859 1843/1843/1848 1852/1852/1857
f 1654/1654/1660 1844/1844/1849 1854/1854/1859
f 1853/1853/1858 1852/1852/1857 2063/2063/2070
f 1862/1862/1867 1853/1853/1858 2063/2063/2070
f 1663/1663/1669 1853/1853/1858 1862/1862/1867
f 1654/1654/1660 1853/1853/1858 1663/1663/1669
f 1850/1850/1855 1849/1849/1854 2059/2059/2066
f 1857/1857/1862 2059/2059/2066 1849/1849/1854
f 1857/1857/1862 1849/1849/1854 1855/1855/4689
f 1849/1849/1854 1856/1856/4688 1855/1855/4689
f 1662/1662/1668 1856/1856/1861 1658/1658/1664
f 1856/1856/1861 1851/1851/1856 1658/1658/1664
f 1857/1857/1862 1859/1859/1864 2059/2059/2066
f 1858/1858/1863 1857/1857/1862 1865/1865/1870
f 1857/1857/1862 1855/1855/4689 1865/1865/1870
f 1865/1865/4690 1855/1855/1860 1869/1869/1874
f 1662/1662/1668 1661/1661/1667 1855/1855/1860
f 1661/1661/1667 1869/1869/1874 1855/1855/1860
f 1862/1862/1867 2063/2063/2070 1860/1860/1865
f 1863/1863/1868 1663/1663/1669 1862/1862/1867
f 1863/1863/1868 1861/1861/1866 1672/1672/1678
f 1866/1866/1871 1867/1867/1872 1858/1858/1863
f 1868/1868/1873 1866/1866/1871 1870/1870/1876
f 1866/1866/1871 1869/1869/1874 1666/1666/1672
f 1868/1868/1873 1870/1870/1876 1871/1871/1877
f 1874/1874/1880 1861/1861/1866 1864/1864/1869
f 1670/1670/1676 1672/1672/1678 1874/1874/1880
f 1874/1874/1880 1873/1873/1879 1879/1879/1885
f 1881/1881/1887 1874/1874/1880 1879/1879/1885
f 4622/4622/4666 1874/1874/1880 1881/1881/1887
f 1670/1670/1676 1874/1874/1880 4622/4622/4666
f 1877/1877/1883 1876/1876/1882 4623/4623/4667
f 1668/1668/1674 4623/4623/4667 1876/1876/1882
f 1675/1675/1681 1881/1881/1887 1880/1880/1886
f 1675/1675/1681 4622/4622/4666 1881/1881/1887
f 1886/1886/1892 1675/1675/1681 1882/1882/1888
f 1680/1680/1686 1679/1679/1685 1886/1886/1892
f 1679/1679/1685 1675/1675/1681 1886/1886/1892
f 1685/1685/1691 1877/1877/1883 4623/4623/4667
f 1883/1883/1889 1894/1894/1900 1878/1878/1884
f 1892/1892/1898 1894/1894/1900 1890/1890/1896
f 1894/1894/1900 1883/1883/1889 1890/1890/1896
f 1890/1890/1896 1883/1883/1889 1693/1693/1699
f 1685/1685/1691 1693/1693/1699 1883/1883/1889
f 1886/1886/1892 1882/1882/1888 1884/1884/1890
f 1887/1887/1893 1681/1681/1687 1886/1886/1892
f 1681/1681/1687 1680/1680/1686 1886/1886/1892
f 1885/1885/1891 1884/1884/1890 1888/1888/1894
f 1898/1898/1905 1889/1889/1895 1888/1888/1894
f 1887/1887/1893 1885/1885/1891 1889/1889/1895
f 1891/1891/1897 1896/1896/2102 1892/1892/1898
f 1896/1896/2102 1893/1893/1899 1892/1892/1898
f 1891/1891/1901 1890/1890/1896 1895/1895/1902
f 1890/1890/1896 1693/1693/1699 1897/1897/1904
f 1903/1903/1910 1902/1902/1909 1895/1895/1902
f 1895/1895/1902 1902/1902/1909 1896/1896/1903
f 1897/1897/1904 1695/1695/1701 1895/1895/1902
f 1694/1694/1700 1903/1903/1910 1895/1895/1902
f 1900/1900/1907 1696/1696/1702 1899/1899/1906
f 1899/1899/1906 2097/2097/2105 1900/1900/1907
f 1907/1907/1914 1900/1900/1907 2097/2097/2105
f 2097/2097/2105 2303/2303/2311 1907/1907/1914
f 1907/1907/1914 2303/2303/2311 4640/4640/4691
f 1907/1907/1914 4640/4640/4691 1910/1910/1917
f 1907/1907/1914 1910/1910/1917 1912/1912/1919
f 2106/2106/2114 1906/1906/1913 1908/1908/1915
f 1906/1906/1913 1705/1705/1711 1908/1908/1915
f 1908/1908/1915 1909/1909/1916 2106/2106/2114
f 1914/1914/1921 1910/1910/1917 4640/4640/4691
f 1911/1911/1918 1910/1910/1917 1914/1914/1921
f 1911/1911/1918 1913/1913/1920 4641/4641/4692
f 1911/1911/1918 4641/4641/4692 1919/1919/1926
f 1918/1918/1925 4641/4641/4692 1913/1913/1920
f 4641/4641/4692 1918/1918/1925 1919/1919/1926
f 1920/1920/1927 1918/1918/1925 4642/4642/4693
f 1926/1926/1933 1920/1920/1927 4642/4642/4693
f 1711/1711/1717 1920/1920/1927 1926/1926/1933
f 1926/1926/1933 4642/4642/4693 1925/1925/1932
f 4642/4642/4693 2125/2125/2133 1925/1925/1932
f 1931/1931/1938 1715/1715/1721 1925/1925/1932
f 1928/1928/1935 1924/1924/1931 1923/1923/1930
f 1929/1929/1936 1927/1927/1934 1935/1935/1942
f 1935/1935/1942 1927/1927/1934 1725/1725/1731
f 1714/1714/1720 1725/1725/1731 1927/1927/1934
f 1720/1720/1726 1715/1715/1721 1931/1931/1938
f 1722/1722/1728 1932/1932/1939 1934/1934/1941
f 1936/1936/1943 1937/1937/1944 2139/2139/2147
f 4625/4625/4669 1937/1937/1944 1726/1726/1732
f 1939/1939/1946 1938/1938/1945 1933/1933/1940
f 1941/1941/1948 1733/1733/1739 1934/1934/1941
f 1733/1733/1739 1722/1722/1728 1934/1934/1941
f 1947/1947/1954 4643/4643/4694 1945/1945/1952
f 1941/1941/1948 1938/1938/1945 4644/4644/4695
f 1949/1949/1956 1944/1944/1951 2148/2148/2156
f 1944/1944/1951 1943/1943/1950 2148/2148/2156
f 1945/1945/1952 1944/1944/1951 1947/1947/1954
f 1944/1944/1951 1738/1738/1744 1947/1947/1954
f 1950/1950/1957 1948/1948/1955 1952/1952/1959
f 1740/1740/1746 1737/1737/1743 1950/1950/1957
f 1955/1955/1962 2139/2139/2147 1937/1937/1944
f 1955/1955/1962 2156/2156/2164 2139/2139/2147
f 4625/4625/4669 1954/1954/1961 1937/1937/1944
f 1956/1956/1963 1955/1955/1962 1954/1954/1961
f 1951/1951/4696 1953/1953/4696 4645/4645/4696
f 4646/4646/4697 2156/2156/2164 1955/1955/1962
f 4647/4647/4698 4648/4648/4699 1951/1951/1958
f 4648/4648/4699 1741/1741/1747 1951/1951/1958
f 1974/1974/1981 2164/2164/2172 1961/1961/1968
f 1972/1972/1979 1963/1963/1970 4649/4649/4700
f 1960/1960/1967 1966/1966/1973 1961/1961/1968
f 1966/1966/1973 1764/1764/1769 1961/1961/1968
f 1968/1968/1975 1965/1965/1972 1964/1964/1971
f 1971/1971/1978 1964/1964/1971 1969/1969/1976
f 1964/1964/1971 1963/1963/1970 1969/1969/1976
f 1970/1970/1977 1973/1973/1980 1971/1971/1978
f 1989/1989/1996 1759/1759/1764 1970/1970/1977
f 1759/1759/1764 1973/1973/1980 1970/1970/1977
f 1964/1964/1971 1759/1759/1764 1762/1762/1767
f 1759/1759/1764 1761/1761/1766 1762/1762/1767
f 1959/1959/1966 1975/1975/1982 1958/1958/1965
f 1770/1770/1775 1981/1981/1988 1976/1976/1983
f 1981/1981/1988 2179/2179/2187 1976/1976/1983
f 1958/1958/1965 1765/1765/1770 1769/1769/1774
f 1959/1959/1966 1769/1769/1774 1770/1770/1775
f 4650/4650/4701 1985/1985/4702 4651/4651/4703
f 1985/1985/4702 2183/2183/4704 4651/4651/4703
f 1983/1983/1990 1980/1980/1987 1770/1770/1775
f 1979/1979/1986 2183/2183/2191 1985/1985/1992
f 1985/1985/1992 1984/1984/1991 1979/1979/1986
f 1984/1984/1991 1977/1977/1984 1979/1979/1986
f 1780/1780/1785 1984/1984/1991 1986/1986/1993
f 1970/1970/1977 1777/1777/1782 1989/1989/1996
f 1778/1778/1783 1988/1988/1995 1990/1990/1997
f 1991/1991/1998 1977/1977/1984 1984/1984/1991
f 1992/1992/1999 1993/1993/2000 1977/1977/1984
f 1780/1780/1785 1779/1779/1784 1984/1984/1991
f 1779/1779/1784 1991/1991/1998 1984/1984/1991
f 1994/1994/2001 1995/1995/2002 1997/1997/2004
f 1781/1781/1786 1996/1996/2003 1992/1992/1999
f 1996/1996/2003 1995/1995/2002 1992/1992/1999
f 1784/1784/1789 1998/1998/2005 2000/2000/2007
f 1785/1785/1790 1784/1784/1789 2000/2000/2007
f 1785/1785/1790 2000/2000/2007 2004/2004/2011
f 2000/2000/2007 1999/1999/2006 2004/2004/2011
f 1791/1791/1796 1786/1786/1791 1785/1785/1790
f 1791/1791/1796 2004/2004/2011 2009/2009/2016
f 2004/2004/2011 4652/4652/4705 2009/2009/2016
f 4635/4635/4682 1791/1791/1796 2009/2009/2016
f 1798/1798/1803 4635/4635/4682 2009/2009/2016
f 2010/2010/2017 2009/2009/2016 2205/2205/2213
f 4653/4653/4706 2010/2010/2017 2205/2205/2213
f 1800/1800/1805 2010/2010/2017 4653/4653/4706
f 1798/1798/1803 2010/2010/2017 1800/1800/1805
f 2208/2208/2216 2008/2008/2015 2007/2007/2014
f 2011/2011/2018 2208/2208/2216 2007/2007/2014
f 2011/2011/2018 2007/2007/2014 1796/1796/1801
f 4653/4653/4706 2205/2205/2213 4654/4654/4707
f 4636/4636/4683 1800/1800/1805 4653/4653/4706
f 4653/4653/4706 4654/4654/4707 4655/4655/4708
f 2015/2015/2022 4653/4653/4706 4655/4655/4708
f 4637/4637/4684 4653/4653/4706 2015/2015/2022
f 4636/4636/4683 4653/4653/4706 4637/4637/4684
f 2015/2015/2022 4655/4655/4708 2016/2016/2023
f 1809/1809/1814 4637/4637/4684 2015/2015/2022
f 2219/2219/2227 2024/2024/2031 2018/2018/2025
f 2024/2024/2031 2017/2017/2024 2018/2018/2025
f 4638/4638/4685 2017/2017/2024 2024/2024/2031
f 1809/1809/1814 2016/2016/2023 2017/2017/2024
f 2031/2031/2038 2028/2028/2035 2020/2020/2027
f 2028/2028/2035 2021/2021/2028 2020/2020/2027
f 1814/1814/1819 2031/2031/2038 2020/2020/2027
f 2024/2024/2031 2219/2219/2227 2022/2022/2029
f 1815/1815/1820 4638/4638/4685 2024/2024/2031
f 2026/2026/2033 2034/2034/2041 2023/2023/2030
f 1820/1820/1825 2023/2023/2030 2034/2034/2041
f 1815/1815/1820 2024/2024/2031 1820/1820/1825
f 2030/2030/2037 2027/2027/2034 2028/2028/2035
f 1824/1824/1829 2028/2028/2035 1821/1821/1826
f 2028/2028/2035 2031/2031/2038 1821/1821/1826
f 2034/2034/2041 2026/2026/2033 2035/2035/2042
f 1829/1829/1834 1819/1819/1824 2034/2034/2041
f 1819/1819/1824 1820/1820/1825 2034/2034/2041
f 2039/2039/2046 2041/2041/2048 4656/4656/4709
f 2041/2041/2048 2035/2035/2042 4656/4656/4709
f 1829/1829/1834 2035/2035/2042 2041/2041/2048
f 2036/2036/2043 2032/2032/2039 2037/2037/2044
f 2032/2032/2039 1830/1830/1835 2037/2037/2044
f 2038/2038/2045 2036/2036/2043 2037/2037/2044
f 1833/1833/1838 2037/2037/2044 1830/1830/1835
f 4639/4639/4686 2041/2041/2048 2040/2040/2047
f 4639/4639/4686 2040/2040/2047 4657/4657/4710
f 2048/2048/2055 4639/4639/4686 4657/4657/4710
f 1836/1836/1841 4639/4639/4686 2048/2048/2055
f 2049/2049/2056 2045/2045/2052 2043/2043/2050
f 1840/1840/1845 2049/2049/2056 2043/2043/2050
f 2048/2048/2055 4657/4657/4710 2046/2046/2053
f 1842/1842/1847 1836/1836/1841 2048/2048/2055
f 2047/2047/2054 2046/2046/2053 4658/4658/4711
f 2056/2056/2063 2047/2047/2054 4658/4658/4711
f 1843/1843/1848 2047/2047/2054 2056/2056/2063
f 1842/1842/1847 2047/2047/2054 1843/1843/1848
f 2053/2053/2060 2045/2045/2052 2049/2049/2056
f 2050/2050/2057 2053/2053/2060 2049/2049/2056
f 1850/1850/1855 2050/2050/2057 1845/1845/1850
f 2056/2056/2063 4658/4658/4711 2054/2054/2061
f 1852/1852/1857 1843/1843/1848 2056/2056/2063
f 2055/2055/2062 2054/2054/2061 2061/2061/2068
f 2063/2063/2070 2055/2055/2062 2061/2061/2068
f 1852/1852/1857 2055/2055/2062 2063/2063/2070
f 2062/2062/2069 2061/2061/2068 2064/2064/2071
f 1860/1860/1865 2063/2063/2070 2062/2062/2069
f 2068/2068/2075 2060/2060/2067 2069/2069/2076
f 1859/1859/1864 1867/1867/1872 2060/2060/2067
f 2075/2075/2082 2074/2074/2081 2069/2069/2076
f 2069/2069/2076 2074/2074/2081 2068/2068/2075
f 1872/1872/1878 2075/2075/2082 2069/2069/2076
f 2070/2070/2077 2067/2067/2074 2066/2066/2073
f 2066/2066/2073 2072/2072/2079 2070/2070/2077
f 2067/2067/2074 2070/2070/2077 1864/1864/1869
f 2071/2071/2078 2070/2070/2077 2073/2073/2080
f 2080/2080/2087 2071/2071/2078 2073/2073/2080
f 1879/1879/1885 2071/2071/2078 2080/2080/2087
f 1873/1873/1879 2071/2071/2078 1879/1879/1885
f 2076/2076/2083 2075/2075/2082 2077/2077/2084
f 1872/1872/1878 1875/1875/1881 2075/2075/2082
f 2077/2077/2084 2079/2079/2086 2076/2076/2083
f 1880/1880/1886 1879/1879/1885 2080/2080/2087
f 1882/1882/1888 2081/2081/2088 2083/2083/2090
f 1880/1880/1886 2081/2081/2088 1882/1882/1888
f 2085/2085/2092 2086/2086/2093 2084/2084/2091
f 1878/1878/1884 1894/1894/1900 2085/2085/2092
f 1894/1894/1900 2086/2086/2093 2085/2085/2092
f 1884/1884/1890 1882/1882/1888 2083/2083/2090
f 2090/2090/2097 2089/2089/2096 4659/4659/4712
f 2095/2095/2103 2090/2090/2097 4659/4659/4712
f 1884/1884/1890 2090/2090/2097 1888/1888/1894
f 2090/2090/2097 1898/1898/1905 1888/1888/1894
f 2092/2092/2099 2094/2094/2101 2087/2087/2094
f 2094/2094/2101 2091/2091/2098 2087/2087/2094
f 1896/1896/2102 2092/2092/2099 1893/1893/1899
f 2092/2092/2099 2087/2087/2094 1893/1893/1899
f 2098/2098/2106 4660/4660/4713 2099/2099/2107
f 2093/2093/2100 4660/4660/4713 2094/2094/2101
f 4660/4660/4713 2098/2098/2106 2094/2094/2101
f 1896/1896/1903 1902/1902/1909 2093/2093/2100
f 1902/1902/1909 4660/4660/4713 2093/2093/2100
f 1902/1902/1909 2099/2099/2107 4660/4660/4713
f 2096/2096/2104 2095/2095/2103 2298/2298/2306
f 1899/1899/1906 1898/1898/1905 2096/2096/2104
f 2303/2303/2311 2096/2096/2104 2298/2298/2306
f 2096/2096/2104 2303/2303/2311 2097/2097/2105
f 2303/2303/2311 2304/2304/2312 2110/2110/2118
f 2303/2303/2311 2110/2110/2118 4640/4640/4691
f 2109/2109/2117 2110/2110/2118 2304/2304/2312
f 2110/2110/2118 1914/1914/1921 4640/4640/4691
f 2112/2112/2120 1914/1914/1921 2109/2109/2117
f 1909/1909/1916 1916/1916/1923 2107/2107/2115
f 2114/2114/2122 2107/2107/2115 1916/1916/1923
f 1917/1917/1924 2114/2114/2122 1916/1916/1923
f 2118/2118/2126 2117/2117/2125 2317/2317/2325
f 2125/2125/2133 2118/2118/2126 2317/2317/2325
f 4642/4642/4693 2118/2118/2126 2125/2125/2133
f 1918/1918/1925 2118/2118/2126 4642/4642/4693
f 1917/1917/1924 1922/1922/1929 2115/2115/2123
f 2120/2120/2128 2115/2115/2123 1922/1922/1929
f 2120/2120/2128 2122/2122/2130 2119/2119/2127
f 2125/2125/2133 2317/2317/2325 2123/2123/2131
f 1928/1928/1935 2121/2121/2129 1924/1924/1931
f 2129/2129/2137 2128/2128/2136 2136/2136/2144
f 1929/1929/1936 2136/2136/2144 2128/2128/2136
f 2133/2133/2141 2131/2131/2139 2132/2132/2140
f 1933/1933/1940 2131/2131/2139 1939/1939/1946
f 1936/1936/1943 2136/2136/2144 1929/1929/1936
f 2136/2136/2144 2135/2135/2143 2137/2137/2145
f 2140/2140/2148 2134/2134/2142 2133/2133/2141
f 2134/2134/2142 1940/1940/1947 1939/1939/1946
f 2143/2143/2151 2134/2134/2142 2141/2141/2149
f 2151/2151/2159 2145/2145/2153 2344/2344/2352
f 2145/2145/2153 2144/2144/2152 2344/2344/2352
f 2146/2146/2154 2147/2147/2155 2149/2149/2157
f 2152/2152/2160 2150/2150/2158 2154/2154/2162
f 2147/2147/2155 2145/2145/2153 2152/2152/2160
f 1949/1949/1956 2147/2147/2155 2152/2152/2160
f 1952/1952/1959 1948/1948/1955 2152/2152/2160
f 2157/2157/2165 2137/2137/2145 2138/2138/2146
f 2157/2157/2165 2352/2352/2360 2137/2137/2145
f 2139/2139/2147 2156/2156/2164 2138/2138/2146
f 2158/2158/2166 2157/2157/2165 2156/2156/2164
f 2153/2153/4714 2155/2155/4714 4661/4661/4714
f 4662/4662/4715 2352/2352/2360 2157/2157/2165
f 4663/4663/4716 4664/4664/4717 2153/2153/2161
f 4664/4664/4717 1953/1953/1960 2153/2153/2161
f 2169/2169/4718 4665/4665/4718 2161/2161/4718
f 2166/2166/2174 2165/2165/2173 4666/4666/4719
f 2160/2160/2168 2163/2163/2171 2161/2161/2169
f 2163/2163/2171 1974/1974/1981 2161/2161/2169
f 1972/1972/1979 4667/4667/4720 2165/2165/2173
f 4667/4667/4720 4668/4668/4721 2165/2165/2173
f 2186/2186/2194 2168/2168/2176 2167/2167/2175
f 1969/1969/1976 2168/2168/2176 2186/2186/2194
f 2172/2172/2180 2174/2174/2182 2171/2171/2179
f 2174/2174/2182 2170/2170/2178 2171/2171/2179
f 2171/2171/2179 1975/1975/1982 2172/2172/2180
f 1975/1975/1982 1959/1959/1966 2172/2172/2180
f 2173/2173/4722 4669/4669/4722 2175/2175/4722
f 2178/2178/4723 2374/2374/4723 4670/4670/4723
f 2180/2180/2188 4671/4671/4724 1976/1976/1983
f 4671/4671/4724 2173/2173/2181 1976/1976/1983
f 2181/2181/2189 2374/2374/2382 2178/2178/2186
f 2177/2177/2185 2182/2182/2190 2181/2181/2189
f 1979/1979/1986 1978/1978/1985 2183/2183/2191
f 1978/1978/1985 2182/2182/2190 2183/2183/2191
f 2184/2184/2192 2186/2186/2194 2167/2167/2175
f 2186/2186/2194 1987/1987/1994 1969/1969/1976
f 2185/2185/2193 2187/2187/2195 2193/2193/2201
f 1990/1990/1997 2185/2185/2193 2193/2193/2201
f 1993/1993/2000 2188/2188/2196 2182/2182/2190
f 2188/2188/2196 2181/2181/2189 2182/2182/2190
f 2189/2189/2197 2382/2382/2390 2188/2188/2196
f 1978/1978/1985 1977/1977/1984 2182/2182/2190
f 1977/1977/1984 1993/1993/2000 2182/2182/2190
f 2189/2189/2197 2190/2190/2198 2191/2191/2199
f 1993/1993/2000 1994/1994/2001 2190/2190/2198
f 1999/1999/2006 2194/2194/2202 2196/2196/2204
f 2197/2197/2205 2198/2198/2206 4672/4672/4725
f 2003/2003/2010 4672/4672/4725 2198/2198/2206
f 2004/2004/2011 1999/1999/2006 2196/2196/2204
f 2196/2196/2204 2195/2195/2203 2203/2203/2211
f 2009/2009/2016 4652/4652/4705 2203/2203/2211
f 4652/4652/4705 2196/2196/2204 2203/2203/2211
f 2004/2004/2011 2196/2196/2204 4652/4652/4705
f 4672/4672/4725 4673/4673/4726 2197/2197/2205
f 2199/2199/2207 4673/4673/4726 4672/4672/4725
f 2003/2003/2010 2006/2006/2013 4672/4672/4725
f 2199/2199/2207 4672/4672/4725 2006/2006/2013
f 2199/2199/2207 2201/2201/2209 4673/4673/4726
f 2008/2008/2015 2199/2199/2207 2006/2006/2013
f 4674/4674/4727 4654/4654/4707 2204/2204/2212
f 2205/2205/2213 2204/2204/2212 4654/4654/4707
f 2009/2009/2016 2202/2202/2210 2205/2205/2213
f 4654/4654/4707 4674/4674/4727 2407/2407/2415
f 2217/2217/2225 4654/4654/4707 2407/2407/2415
f 4655/4655/4708 4654/4654/4707 2217/2217/2225
f 2214/2214/2222 2211/2211/2219 2212/2212/2220
f 2217/2217/2225 2407/2407/2415 2215/2215/2223
f 2016/2016/2023 4655/4655/4708 2217/2217/2225
f 2216/2216/2224 2215/2215/2223 2225/2225/2233
f 2224/2224/2232 2216/2216/2224 2225/2225/2233
f 2218/2218/2226 2216/2216/2224 2224/2224/2232
f 2016/2016/2023 2216/2216/2224 2018/2018/2025
f 2216/2216/2224 2218/2218/2226 2018/2018/2025
f 2230/2230/2238 2222/2222/2230 2221/2221/2229
f 2021/2021/2028 2230/2230/2238 2221/2221/2229
f 2022/2022/2029 2219/2219/2227 2224/2224/2232
f 2219/2219/2227 2218/2218/2226 2224/2224/2232
f 2227/2227/2235 2228/2228/2236 2226/2226/2234
f 2022/2022/2029 2226/2226/2234 2228/2228/2236
f 2231/2231/2239 2233/2233/4728 2230/2230/2238
f 2233/2233/4728 2229/2229/2237 2230/2230/2238
f 2030/2030/2037 2231/2231/2239 2027/2027/2034
f 2231/2231/2239 2230/2230/2238 2027/2027/2034
f 2232/2232/2240 2236/2236/2244 2233/2233/2241
f 2228/2228/2236 2227/2227/2235 2237/2237/2245
f 2035/2035/2042 2026/2026/2033 2228/2228/2236
f 2238/2238/2246 2237/2237/2245 2239/2239/2247
f 2241/2241/2249 2238/2238/2246 2239/2239/2247
f 2039/2039/2046 4656/4656/4709 2241/2241/2249
f 4656/4656/4709 2238/2238/2246 2241/2241/2249
f 2035/2035/2042 2238/2238/2246 4656/4656/4709
f 2242/2242/2250 2234/2234/2242 2243/2243/2251
f 2234/2234/2242 2036/2036/2043 2243/2243/2251
f 2245/2245/2253 2242/2242/2250 2243/2243/2251
f 2038/2038/2045 2243/2243/2251 2036/2036/2043
f 2241/2241/2249 2246/2246/2254 2247/2247/2255
f 2040/2040/2047 2039/2039/2046 2241/2241/2249
f 2447/2447/2457 2255/2255/2263 2247/2247/2255
f 2255/2255/2263 2248/2248/2256 2247/2247/2255
f 4657/4657/4710 2248/2248/2256 2255/2255/2263
f 2040/2040/2047 2248/2248/2256 4657/4657/4710
f 2255/2255/2263 2447/2447/2457 2253/2253/2261
f 2046/2046/2053 4657/4657/4710 2255/2255/2263
f 2254/2254/2262 2253/2253/2261 2461/2461/2471
f 2253/2253/2261 2462/2462/2472 2461/2461/2471
f 2460/2460/2470 2262/2262/2270 2461/2461/2471
f 2262/2262/2270 2254/2254/2262 2461/2461/2471
f 4658/4658/4711 2254/2254/2262 2262/2262/2270
f 2046/2046/2053 2254/2254/2262 4658/4658/4711
f 2262/2262/2270 2460/2460/2470 2260/2260/2268
f 2054/2054/2061 4658/4658/4711 2262/2262/2270
f 2261/2261/2269 2260/2260/2268 2463/2463/2473
f 2269/2269/2277 2261/2261/2269 2463/2463/2473
f 2061/2061/2068 2261/2261/2269 2269/2269/2277
f 2054/2054/2061 2261/2261/2269 2061/2061/2068
f 2269/2269/2277 2463/2463/2473 2267/2267/2275
f 2463/2463/2473 2270/2270/2278 2267/2267/2275
f 2064/2064/2071 2061/2061/2068 2269/2269/2277
f 2268/2268/2276 2267/2267/2275 2271/2271/2279
f 2272/2272/2280 2268/2268/2276 2271/2271/2279
f 2272/2272/2280 2271/2271/2279 2277/2277/2285
f 2271/2271/2279 4675/4675/4729 2277/2277/2285
f 2072/2072/2079 2277/2277/2285 4676/4676/4730
f 2283/2283/2291 2072/2072/2079 4676/4676/4730
f 2073/2073/2080 2072/2072/2079 2283/2283/2291
f 2079/2079/2086 2280/2280/2288 2279/2279/2287
f 2283/2283/2291 4676/4676/4730 2281/2281/2289
f 4676/4676/4730 4677/4677/4731 2281/2281/2289
f 2080/2080/2087 2073/2073/2080 2283/2283/2291
f 2282/2282/2290 2281/2281/2289 2491/2491/2501
f 2490/2490/2500 2284/2284/2292 2491/2491/2501
f 2284/2284/2292 2282/2282/2290 2491/2491/2501
f 2287/2287/2295 2286/2286/2294 2288/2288/2296
f 2284/2284/2292 2490/2490/2500 2289/2289/2297
f 2290/2290/2298 2289/2289/2297 4678/4678/4732
f 2297/2297/2305 2290/2290/2298 4678/4678/4732
f 2095/2095/2103 4659/4659/4712 2297/2297/2305
f 4659/4659/4712 2290/2290/2298 2297/2297/2305
f 2089/2089/2096 2290/2290/2298 4659/4659/4712
f 2291/2291/2299 2503/2503/2514 2287/2287/2295
f 2503/2503/2514 2291/2291/2299 2292/2292/2300
f 2094/2094/2101 2291/2291/2299 2091/2091/2098
f 2291/2291/2299 2288/2288/2296 2091/2091/2098
f 2291/2291/2299 2094/2094/2101 2292/2292/2300
f 2292/2292/2300 2294/2294/2302 2503/2503/2514
f 2297/2297/2305 4678/4678/4732 2295/2295/2303
f 2298/2298/2306 2095/2095/2103 2297/2297/2305
f 2296/2296/2304 2295/2295/2303 2510/2510/2521
f 2294/2294/2302 2293/2293/2301 2300/2300/2308
f 2515/2515/2526 2300/2300/2308 2299/2299/2307
f 2515/2515/2526 2299/2299/2307 2301/2301/2309
f 2296/2296/2304 2510/2510/2521 2302/2302/2310
f 2296/2296/2304 2302/2302/2310 2298/2298/2306
f 2515/2515/2526 2301/2301/2309 2306/2306/2314
f 2519/2519/2530 2306/2306/2314 2305/2305/2313
f 2519/2519/2530 2305/2305/2313 2310/2310/2318
f 2108/2108/2116 2310/2310/2318 2305/2305/2313
f 2109/2109/2117 2307/2307/2315 2308/2308/2316
f 2302/2302/2310 2109/2109/2117 2304/2304/2312
f 2309/2309/2317 2308/2308/2316 2314/2314/2322
f 2519/2519/2530 2310/2310/2318 2312/2312/2320
f 2310/2310/2318 2108/2108/2116 2113/2113/2121
f 2315/2315/2323 2314/2314/2322 2322/2322/2330
f 2309/2309/2317 2315/2315/2323 2111/2111/2119
f 2315/2315/2323 2322/2322/2330 2316/2316/2324
f 2117/2117/2125 2315/2315/2323 2317/2317/2325
f 2326/2326/2334 2320/2320/2328 2319/2319/2327
f 2122/2122/2130 2326/2326/2334 2319/2319/2327
f 2123/2123/2131 2317/2317/2325 2316/2316/2324
f 2328/2328/2336 2327/2327/2335 2334/2334/2342
f 2129/2129/2137 2334/2334/2342 2327/2327/2335
f 2329/2329/2337 2324/2324/2332 2321/2321/2329
f 2330/2330/2338 2130/2130/2138 2324/2324/2332
f 2132/2132/2140 2130/2130/2138 2330/2330/2338
f 2132/2132/2140 2330/2330/2338 2332/2332/2340
f 2334/2334/2342 2333/2333/2341 2328/2328/2336
f 2136/2136/2144 2334/2334/2342 2129/2129/2137
f 2334/2334/2342 2351/2351/2359 2335/2335/2343
f 2137/2137/2145 2351/2351/2359 2334/2334/2342
f 2336/2336/2344 2337/2337/2345 2332/2332/2340
f 2337/2337/2345 2340/2340/2348 2332/2332/2340
f 2339/2339/2347 2142/2142/2150 2132/2132/2140
f 2142/2142/2150 2133/2133/2141 2132/2132/2140
f 2347/2347/2355 2342/2342/2350 2553/2553/2564
f 2342/2342/2350 2341/2341/2349 2553/2553/2564
f 2343/2343/2351 2342/2342/2350 2345/2345/2353
f 2342/2342/2350 2151/2151/2159 2345/2345/2353
f 2154/2154/2162 2150/2150/2158 2348/2348/2356
f 2353/2353/2361 2335/2335/2343 2351/2351/2359
f 2353/2353/2361 2561/2561/2572 2335/2335/2343
f 2137/2137/2145 2352/2352/2360 2351/2351/2359
f 2354/2354/2362 2353/2353/2361 2352/2352/2360
f 2349/2349/4733 2350/2350/4733 4679/4679/4733
f 4680/4680/4734 2561/2561/2572 2353/2353/2361
f 4681/4681/4735 4682/4682/4736 2349/2349/2357
f 4682/4682/4736 2155/2155/2163 2349/2349/2357
f 2356/2356/2364 2169/2169/2177 2357/2357/2365
f 2166/2166/2174 4683/4683/4737 2361/2361/2369
f 4683/4683/4737 4684/4684/4738 2361/2361/2369
f 2360/2360/4739 2358/2358/2366 2357/2357/2365
f 2377/2377/2385 2363/2363/2371 2362/2362/2370
f 2167/2167/2175 2363/2363/2371 2377/2377/2385
f 4685/4685/4740 2367/2367/2375 2357/2357/2365
f 2174/2174/2182 4685/4685/4740 2357/2357/2365
f 2365/2365/2373 4685/4685/4740 2174/2174/2182
f 4685/4685/4740 2365/2365/2373 2573/2573/2582
f 2365/2365/2373 2364/2364/4741 2573/2573/2582
f 2174/2174/2182 2357/2357/2365 2169/2169/2177
f 2174/2174/2182 2169/2169/2177 2170/2170/2178
f 2174/2174/2182 2175/2175/2183 2365/2365/2373
f 2584/2584/2593 2371/2371/2379 2370/2370/2378
f 4686/4686/4742 2366/2366/2374 2175/2175/2183
f 2366/2366/2374 2365/2365/2373 2175/2175/2183
f 2369/2369/2377 4687/4687/4743 2374/2374/2382
f 2369/2369/2377 2372/2372/2380 2370/2370/2378
f 2181/2181/2189 2188/2188/2196 2374/2374/2382
f 2188/2188/2196 2372/2372/2380 2374/2374/2382
f 2375/2375/2383 2377/2377/2385 2362/2362/2370
f 2377/2377/2385 2184/2184/2192 2167/2167/2175
f 2376/2376/2384 2375/2375/2383 2378/2378/2386
f 2187/2187/2195 2376/2376/2384 2379/2379/2387
f 2376/2376/2384 2187/2187/2195 2184/2184/2192
f 2381/2381/2389 2373/2373/2381 2382/2382/2390
f 2381/2381/2389 2385/2385/2393 2380/2380/2388
f 2383/2383/2391 2381/2381/2389 2382/2382/2390
f 2187/2187/2195 2379/2379/2387 2192/2192/2200
f 2387/2387/2395 2192/2192/2200 2379/2379/2387
f 2386/2386/2394 2388/2388/2396 2387/2387/2395
f 2197/2197/2205 2394/2394/2402 2391/2391/2399
f 2203/2203/2211 2389/2389/2397 2393/2393/2401
f 2195/2195/2203 2389/2389/2397 2203/2203/2211
f 2197/2197/2205 4673/4673/4726 2394/2394/2402
f 2396/2396/2404 2394/2394/2402 4673/4673/4726
f 2201/2201/2209 2396/2396/2404 4673/4673/4726
f 2393/2393/2401 2392/2392/2400 2399/2399/2407
f 2202/2202/2210 2203/2203/2211 2393/2393/2401
f 2204/2204/2212 2400/2400/2408 2406/2406/2414
f 2202/2202/2210 2400/2400/2408 2204/2204/2212
f 2411/2411/2419 2402/2402/2410 2403/2403/2411
f 2406/2406/2414 2400/2400/2408 2404/2404/2412
f 2400/2400/2408 2614/2614/2625 2404/2404/2412
f 2407/2407/2415 4674/4674/4727 2406/2406/2414
f 4674/4674/4727 2204/2204/2212 2406/2406/2414
f 2409/2409/2417 2405/2405/2413 2404/2404/2412
f 2407/2407/2415 2405/2405/2413 2409/2409/2417
f 2413/2413/2421 2411/2411/2419 2410/2410/2418
f 2412/2412/2420 2410/2410/2418 2214/2214/2222
f 2410/2410/2418 2211/2211/2219 2214/2214/2222
f 2215/2215/2223 2407/2407/2415 2414/2414/2422
f 2414/2414/2422 2418/2418/2426 2415/2415/2423
f 2215/2215/2223 2415/2415/2423 2225/2225/2233
f 2415/2415/2423 2417/2417/2425 2225/2225/2233
f 2413/2413/2421 2412/2412/2420 2420/2420/2428
f 2422/2422/2430 2420/2420/2428 2419/2419/2427
f 2417/2417/2425 2423/2423/2431 2424/2424/2432
f 2428/2428/2436 2425/2425/2433 2427/2427/2435
f 2429/2429/2437 2421/2421/2429 2432/2432/2440
f 2222/2222/2230 2229/2229/2237 2421/2421/2429
f 2430/2430/2438 2432/2432/2440 2233/2233/4728
f 2432/2432/2440 2229/2229/2237 2233/2233/4728
f 2432/2432/2440 2433/2433/2441 2429/2429/2437
f 2433/2433/2441 2431/2431/2442 2435/2435/2445
f 2435/2435/2445 2431/2431/2442 2434/2434/2444
f 2233/2233/2241 2236/2236/2244 2430/2430/2443
f 2236/2236/2244 2434/2434/2444 2430/2430/2443
f 2437/2437/2447 2428/2428/2436 2427/2427/2435
f 2237/2237/2245 2227/2227/2235 2428/2428/2436
f 2438/2438/2448 2445/2445/2455 2437/2437/2447
f 2246/2246/2254 2437/2437/2447 2445/2445/2455
f 2237/2237/2245 2437/2437/2447 2239/2239/2247
f 2437/2437/2447 2246/2246/2254 2239/2239/2247
f 2445/2445/2455 2438/2438/2448 2443/2443/2453
f 2247/2247/2255 2246/2246/2254 2445/2445/2455
f 2453/2453/2463 2444/2444/2454 2443/2443/2453
f 2446/2446/2456 2444/2444/2454 2453/2453/2463
f 2444/2444/2454 2446/2446/2456 2247/2247/2255
f 2252/2252/2260 2448/2448/2458 2441/2441/2451
f 2245/2245/2253 2249/2249/2257 2441/2441/2451
f 2252/2252/2260 2441/2441/2451 2249/2249/2257
f 2450/2450/2460 2448/2448/2458 2252/2252/2260
f 2253/2253/2261 2447/2447/2457 2452/2452/2462
f 2447/2447/2457 2446/2446/2456 2452/2452/2462
f 2451/2451/2461 2454/2454/2464 2452/2452/2462
f 2462/2462/2472 2452/2452/2462 4688/4688/4744
f 2253/2253/2261 2452/2452/2462 2462/2462/2472
f 4688/4688/4744 2452/2452/2462 2455/2455/2465
f 2260/2260/2268 2460/2460/2470 4688/4688/4744
f 2460/2460/2470 2462/2462/2472 4688/4688/4744
f 4688/4688/4744 2455/2455/2465 2468/2468/2478
f 2455/2455/2465 2469/2469/2479 2468/2468/2478
f 2270/2270/2278 4688/4688/4744 2468/2468/2478
f 4688/4688/4744 2270/2270/2278 2260/2260/2268
f 2458/2458/2468 2668/2668/2679 2459/2459/2469
f 2464/2464/2474 2668/2668/2679 2458/2458/2468
f 2464/2464/2474 2466/2466/2476 2668/2668/2679
f 2470/2470/2480 2467/2467/2477 2471/2471/2481
f 2473/2473/2483 2470/2470/2480 2471/2471/2481
f 4675/4675/4729 2271/2271/2279 2470/2470/2480
f 2270/2270/2278 2470/2470/2480 2271/2271/2279
f 2465/2465/2475 2678/2678/2689 2466/2466/2476
f 2474/2474/2484 2678/2678/2689 2465/2465/2475
f 2474/2474/2484 2476/2476/2486 2678/2678/2689
f 2470/2470/2480 2473/2473/2483 2477/2477/2487
f 2277/2277/2285 4675/4675/4729 2470/2470/2480
f 2478/2478/2488 2477/2477/2487 2685/2685/2696
f 2486/2486/2496 2478/2478/2488 2685/2685/2696
f 4677/4677/4731 2478/2478/2488 2486/2486/2496
f 2277/2277/2285 2478/2478/2488 4676/4676/4730
f 2478/2478/2488 4677/4677/4731 4676/4676/4730
f 2475/2475/2485 2482/2482/2492 2476/2476/2486
f 2479/2479/2489 2482/2482/2492 2475/2475/2485
f 2483/2483/2493 2480/2480/2490 2479/2479/2489
f 2280/2280/2288 2479/2479/2489 2278/2278/2286
f 2486/2486/2496 2685/2685/2696 2484/2484/2494
f 2281/2281/2289 4677/4677/4731 2486/2486/2496
f 2489/2489/2499 2485/2485/2495 2488/2488/2498
f 2281/2281/2289 2485/2485/2495 2491/2491/2501
f 2485/2485/2495 2489/2489/2499 2491/2491/2501
f 2494/2494/2504 2493/2493/2503 2480/2480/2490
f 2480/2480/2490 2483/2483/2493 2495/2495/2505
f 2495/2495/2505 2496/2496/2506 2494/2494/2504
f 2496/2496/2506 2499/2499/2509 2497/2497/2507
f 2497/2497/2507 2499/2499/4745 2500/2500/2511
f 2285/2285/2293 2500/2500/2511 2495/2495/2505
f 2289/2289/2297 2490/2490/2500 2488/2488/2498
f 2490/2490/2500 2489/2489/2499 2488/2488/2498
f 2502/2502/2513 2501/2501/2512 2710/2710/2725
f 2295/2295/2303 2502/2502/2513 2710/2710/2725
f 4678/4678/4732 2502/2502/2513 2295/2295/2303
f 2289/2289/2297 2502/2502/2513 4678/4678/4732
f 2507/2507/2518 2498/2498/2508 2497/2497/2507
f 2504/2504/2515 2507/2507/2518 2497/2497/2507
f 2294/2294/2302 2504/2504/2515 2503/2503/2514
f 2294/2294/2302 2505/2505/2516 2504/2504/2515
f 2295/2295/2303 2710/2710/2725 2508/2508/2519
f 2509/2509/2520 2508/2508/2519 4689/4689/4746
f 2506/2506/2517 2505/2505/2516 2512/2512/2523
f 2505/2505/2516 2294/2294/2302 2300/2300/2308
f 2514/2514/2525 2512/2512/2523 2511/2511/2522
f 2509/2509/2520 4689/4689/4746 2516/2516/2527
f 2302/2302/2310 2510/2510/2521 2509/2509/2520
f 2308/2308/2316 2516/2516/2527 4690/4690/4747
f 2516/2516/2527 2716/2716/2731 4690/4690/4747
f 2302/2302/2310 2308/2308/2316 2307/2307/2315
f 2719/2719/2734 2517/2517/2528 2518/2518/2529
f 2719/2719/2734 2518/2518/2529 2520/2520/2531
f 2525/2525/2536 2308/2308/2316 4691/4691/4748
f 2314/2314/2322 2308/2308/2316 2525/2525/2536
f 2719/2719/2734 2520/2520/2531 2522/2522/2533
f 2521/2521/2532 2312/2312/2320 2523/2523/2534
f 2322/2322/2330 2314/2314/2322 2525/2525/2536
f 2525/2525/2536 2527/2527/2538 2526/2526/2537
f 2536/2536/2547 2531/2531/2542 2530/2530/2541
f 2320/2320/2328 2536/2536/2547 2530/2530/2541
f 2321/2321/2329 2526/2526/2537 2528/2528/2539
f 2321/2321/2329 2533/2533/2544 2534/2534/2545
f 2537/2537/2548 2739/2739/2754 2535/2535/2546
f 2740/2740/2755 2739/2739/2754 2540/2540/2551
f 2739/2739/2754 2537/2537/2548 2540/2540/2551
f 2333/2333/2341 2540/2540/2551 2537/2537/2548
f 2539/2539/2550 2538/2538/2549 2548/2548/2559
f 2547/2547/2558 2539/2539/2550 2548/2548/2559
f 2336/2336/2344 2331/2331/2339 2547/2547/2558
f 2331/2331/2339 2539/2539/2550 2547/2547/2558
f 2539/2539/2550 2331/2331/2339 2329/2329/2337
f 2540/2540/2551 2542/2542/2553 2740/2740/2755
f 2540/2540/2551 2333/2333/2341 2541/2541/2552
f 2541/2541/2552 2560/2560/2571 2543/2543/2554
f 2335/2335/2343 2560/2560/2571 2541/2541/2552
f 4692/4692/4749 2549/2549/2560 2548/2548/2559
f 2546/2546/2557 2545/2545/2556 4693/4693/4750
f 2545/2545/2556 2551/2551/2562 4693/4693/4750
f 2550/2550/2561 2338/2338/2346 2336/2336/2344
f 2550/2550/2561 2549/2549/2560 4694/4694/4751
f 2552/2552/2563 2545/2545/2556 2554/2554/2565
f 2545/2545/2556 2347/2347/2355 2554/2554/2565
f 2564/2564/4752 2767/2767/4752 4695/4695/4752
f 4696/4696/4753 2543/2543/2554 2558/2558/2569
f 2545/2545/2556 2555/2555/2566 4697/4697/4754
f 2545/2545/2556 4697/4697/4754 2556/2556/2567
f 4697/4697/4754 2563/2563/2574 2556/2556/2567
f 2563/2563/2574 4697/4697/4754 2564/2564/4755
f 4697/4697/4754 2767/2767/2782 2564/2564/4755
f 2347/2347/2355 2556/2556/2567 2346/2346/2354
f 2350/2350/2358 2346/2346/2354 2556/2556/2567
f 2563/2563/2574 2350/2350/2358 2556/2556/2567
f 2559/2559/2570 2558/2558/2569 2560/2560/2571
f 2558/2558/2569 2543/2543/2554 2560/2560/2571
f 2335/2335/2343 2561/2561/2572 2560/2560/2571
f 4698/4698/4756 2559/2559/2570 2561/2561/2572
f 2565/2565/2576 4699/4699/4757 2563/2563/2574
f 4699/4699/4757 2350/2350/2358 2563/2563/2574
f 2570/2570/2579 2575/2575/2584 4700/4700/4758
f 2575/2575/2584 2772/2772/2787 4700/4700/4758
f 2362/2362/4759 4701/4701/4759 2566/2566/4759
f 2367/2367/2375 4685/4685/4740 2571/2571/2580
f 2571/2571/2580 4685/4685/4740 2573/2573/2582
f 2572/2572/2581 2571/2571/2580 2575/2575/2584
f 2571/2571/2580 2776/2776/2791 2575/2575/2584
f 2776/2776/2791 2571/2571/2580 2577/2577/2586
f 2571/2571/2580 2574/2574/2583 2577/2577/2586
f 2577/2577/2586 2576/2576/2585 4702/4702/4760
f 2576/2576/2585 4703/4703/4761 4702/4702/4760
f 2572/2572/2581 2570/2570/2579 2367/2367/2375
f 2570/2570/2579 2359/2359/2367 2367/2367/2375
f 2574/2574/2583 2573/2573/2582 2576/2576/2585
f 2573/2573/2582 2582/2582/2591 2576/2576/2585
f 2586/2586/2595 2587/2587/2598 2568/2568/2596
f 2587/2587/2598 2566/2566/2597 2568/2568/2596
f 2588/2588/2599 2587/2587/2598 2586/2586/2595
f 2375/2375/2383 2587/2587/2598 4704/4704/4762
f 4704/4704/4762 2587/2587/2598 2589/2589/2600
f 2599/2599/2610 4704/4704/4762 2589/2589/2600
f 2378/2378/2386 4704/4704/4762 2599/2599/2610
f 4704/4704/4762 2378/2378/2386 2375/2375/2383
f 2592/2592/2603 2590/2590/2601 2581/2581/2590
f 2590/2590/2601 2579/2579/2588 2581/2581/2590
f 2592/2592/2603 2593/2593/2604 2590/2590/2601
f 2370/2370/2378 2380/2380/2388 2581/2581/2590
f 2592/2592/2603 2380/2380/2388 2595/2595/2606
f 2595/2595/2606 2594/2594/2605 2592/2592/2603
f 2594/2594/2605 2596/2596/2607 2601/2601/2612
f 2384/2384/2392 2601/2601/2612 2596/2596/2607
f 2380/2380/2388 2385/2385/2393 2595/2595/2606
f 2385/2385/2393 2596/2596/2607 2595/2595/2606
f 2597/2597/2608 2599/2599/2610 2589/2589/2600
f 2598/2598/2609 2604/2604/2615 2388/2388/2396
f 2598/2598/2609 2597/2597/2608 2604/2604/2615
f 2601/2601/2612 2384/2384/2392 2390/2390/2398
f 2391/2391/2399 2606/2606/2617 2602/2602/2613
f 2389/2389/2397 2605/2605/2616 2392/2392/2400
f 2398/2398/2406 2609/2609/2620 2608/2608/2619
f 2399/2399/2407 2612/2612/2623 2614/2614/2625
f 2609/2609/2620 2398/2398/2406 2401/2401/2409
f 2409/2409/2417 2620/2620/2631 2622/2622/2633
f 2627/2627/2638 2623/2623/2634 2624/2624/2635
f 2627/2627/2638 2624/2624/2635 2628/2628/2639
f 2628/2628/2639 2624/2624/2635 2413/2413/2421
f 2624/2624/2635 2411/2411/2419 2413/2413/2421
f 2414/2414/2422 2409/2409/2417 2622/2622/2633
f 2628/2628/2639 2413/2413/2421 2420/2420/2428
f 4705/4705/4763 2629/2629/2640 2630/2630/2641
f 4705/4705/4763 2630/2630/2641 2634/2634/2645
f 2634/2634/2645 2630/2630/2641 2422/2422/2430
f 2630/2630/2641 2420/2420/2428 2422/2422/2430
f 4705/4705/4763 2634/2634/2645 2636/2636/2647
f 2638/2638/2649 2840/2840/2855 2635/2635/2646
f 2840/2840/2855 2636/2636/2647 2635/2635/2646
f 2433/2433/2441 2644/2644/2655 2637/2637/2648
f 2644/2644/2655 2638/2638/2649 2637/2637/2648
f 2635/2635/2646 2429/2429/2437 2637/2637/2648
f 2642/2642/2653 2840/2840/2855 2638/2638/2649
f 2646/2646/4764 2643/2643/2654 2644/2644/2655
f 2643/2643/2654 2638/2638/2649 2644/2644/2655
f 2646/2646/4764 2644/2644/2655 2645/2645/2656
f 2643/2643/2654 2646/2646/4764 2642/2642/2653
f 2646/2646/4764 2648/2648/2659 2642/2642/2653
f 2647/2647/2658 2646/2646/2657 2649/2649/2660
f 2439/2439/2449 2649/2649/2660 2645/2645/2656
f 2443/2443/2453 2438/2438/2448 2641/2641/2652
f 2451/2451/2461 2651/2651/2662 2658/2658/2669
f 2654/2654/2665 2652/2652/2663 2647/2647/2658
f 2450/2450/2460 2456/2456/2466 2655/2655/2666
f 2662/2662/2673 2655/2655/2666 2456/2456/2466
f 2459/2459/2469 2662/2662/2673 2456/2456/2466
f 2455/2455/2465 2454/2454/2464 2660/2660/2671
f 2666/2666/2677 2665/2665/2676 2672/2672/2683
f 2455/2455/2465 2666/2666/2677 2469/2469/2479
f 2467/2467/2477 2673/2673/2684 2471/2471/2481
f 2673/2673/2684 2675/2675/2686 2471/2471/2481
f 2477/2477/2487 2473/2473/2483 2675/2675/2686
f 2688/2688/2699 2686/2686/2697 2679/2679/2690
f 2687/2687/2698 2679/2679/2690 2689/2689/2700
f 2687/2687/2698 2692/2692/2703 2688/2688/2699
f 2690/2690/2701 2687/2687/2698 2699/2699/2712
f 2687/2687/2698 2693/2693/4765 2699/2699/2712
f 2698/2698/2709 2699/2699/2710 2481/2481/2491
f 2699/2699/2710 2693/2693/2704 2481/2481/2491
f 2482/2482/2492 2481/2481/2491 2689/2689/2700
f 2704/2704/2717 2691/2691/2702 2690/2690/2701
f 2704/2704/2717 2690/2690/2701 2701/2701/2714
f 2492/2492/2502 2700/2700/2711 2493/2493/2503
f 2700/2700/2711 2698/2698/2709 2493/2493/2503
f 2700/2700/2713 2492/2492/2718 2701/2701/2714
f 2702/2702/2715 2701/2701/2714 2705/2705/2720
f 2498/2498/2508 2701/2701/2714 2494/2494/2504
f 2508/2508/2519 2707/2707/2722 2709/2709/2724
f 2707/2707/2722 2508/2508/2519 2501/2501/2512
f 2703/2703/2716 2702/2702/2715 2712/2712/2727
f 2702/2702/2715 2705/2705/2720 2507/2507/2518
f 4706/4706/4766 2712/2712/2727 2711/2711/2726
f 2714/2714/2729 4706/4706/4766 2512/2512/2523
f 4706/4706/4766 2711/2711/2726 2512/2512/2523
f 2506/2506/2517 2512/2512/2523 2711/2711/2726
f 2912/2912/2927 2516/2516/2527 2713/2713/2728
f 4689/4689/4746 2713/2713/2728 2516/2516/2527
f 2508/2508/2519 2713/2713/2728 4689/4689/4746
f 2916/2916/2931 2714/2714/2729 2514/2514/2525
f 2916/2916/2931 2514/2514/2525 2718/2718/2733
f 2516/2516/2527 2912/2912/2927 2715/2715/2730
f 2723/2723/2738 2716/2716/2731 2715/2715/2730
f 4690/4690/4747 2716/2716/2731 2723/2723/2738
f 2718/2718/2733 2514/2514/2525 2517/2517/2528
f 2923/2923/2938 2718/2718/2733 2717/2717/2732
f 2923/2923/2938 2717/2717/2732 2720/2720/2735
f 2517/2517/2528 2719/2719/2734 2717/2717/2732
f 2308/2308/2316 4690/4690/4747 2723/2723/2738
f 4691/4691/4748 2722/2722/2737 2729/2729/2744
f 2308/2308/2316 2722/2722/2737 4691/4691/4748
f 2923/2923/2938 2720/2720/2735 2725/2725/2740
f 2525/2525/2536 4691/4691/4748 2729/2729/2744
f 2525/2525/2536 2730/2730/2745 2527/2527/2538
f 2726/2726/2741 2731/2731/2746 2727/2727/2742
f 2726/2726/2741 2529/2529/2540 2732/2732/2747
f 2531/2531/2542 2732/2732/2747 2529/2529/2540
f 2734/2734/2749 2730/2730/2745 2728/2728/2743
f 2735/2735/2750 2532/2532/2543 2730/2730/2745
f 2534/2534/2545 2532/2532/2543 2735/2735/2750
f 2738/2738/2753 2752/2752/2767 2733/2733/2748
f 2752/2752/2767 2738/2738/2753 2754/2754/2769
f 2740/2740/2755 2754/2754/2769 2738/2738/2753
f 2736/2736/2751 2741/2741/2756 2737/2737/2752
f 2744/2744/2759 2743/2743/2758 2741/2741/2756
f 2747/2747/2762 2742/2742/2757 2746/2746/2761
f 2742/2742/2757 2743/2743/2758 2746/2746/2761
f 4692/4692/4749 2548/2548/2559 2747/2747/2762
f 2742/2742/2757 2548/2548/2559 2538/2538/2549
f 2754/2754/2769 2753/2753/2768 2752/2752/2767
f 2542/2542/2553 2754/2754/2769 2740/2740/2755
f 2750/2750/2765 2751/2751/2766 2753/2753/2768
f 2753/2753/2768 2769/2769/2784 2750/2750/2765
f 2769/2769/2784 2748/2748/2763 2750/2750/2765
f 2543/2543/2554 2769/2769/2784 2753/2753/2768
f 4707/4707/4767 2757/2757/2772 2760/2760/2775
f 2757/2757/2772 2756/2756/2771 2760/2760/2775
f 2544/2544/2555 2546/2546/2557 2759/2759/2774
f 4708/4708/4768 4692/4692/4749 2747/2747/2762
f 2761/2761/2776 2756/2756/2771 2763/2763/2778
f 2756/2756/2771 2755/2755/2770 2763/2763/2778
f 2765/2765/2780 2764/2764/2779 2762/2762/2777
f 2764/2764/2779 2763/2763/2778 2762/2762/2777
f 2765/2765/2780 4709/4709/4769 2766/2766/2781
f 4709/4709/4769 4710/4710/4770 2766/2766/2781
f 2555/2555/2566 2544/2544/2555 2761/2761/2776
f 2544/2544/2555 2760/2760/2775 2761/2761/2776
f 2763/2763/2778 4697/4697/4754 2555/2555/2566
f 2767/2767/2782 4697/4697/4754 2763/2763/2778
f 2764/2764/2779 2766/2766/2781 2767/2767/2782
f 2766/2766/2781 4711/4711/4771 2767/2767/2782
f 2543/2543/2554 4696/4696/4753 2770/2770/2785
f 2774/2774/2789 2773/2773/2788 2782/2782/2797
f 2577/2577/2586 2782/2782/2797 2773/2773/2788
f 2780/2780/2795 2782/2782/2797 4702/4702/4760
f 2782/2782/2797 2577/2577/2586 4702/4702/4760
f 2786/2786/2801 2775/2775/2790 2971/2971/2986
f 4712/4712/4772 2788/2788/2803 2784/2784/2799
f 2788/2788/2803 2785/2785/2800 2784/2784/2799
f 2785/2785/2800 2588/2588/2599 2783/2783/2798
f 2783/2783/2798 2586/2586/2595 2585/2585/2594
f 2785/2785/2800 2589/2589/2600 2588/2588/2599
f 2787/2787/2802 2771/2771/2786 2775/2775/2790
f 4713/4713/4773 2973/2973/2988 2774/2774/2789
f 2774/2774/2789 2782/2782/2797 4713/4713/4773
f 2782/2782/2797 2781/2781/2796 4713/4713/4773
f 2791/2791/2806 4714/4714/4774 2779/2779/2794
f 4713/4713/4775 2781/2781/4775 4715/4715/4775
f 4714/4714/4774 2791/2791/2806 4716/4716/4776
f 2791/2791/2806 2792/2792/2807 4716/4716/4776
f 2778/2778/2793 2590/2590/2601 2779/2779/2794
f 2590/2590/2601 2593/2593/2604 2779/2779/2794
f 2794/2794/2809 2791/2791/2806 2593/2593/2604
f 2794/2794/2809 2793/2793/2808 2791/2791/2806
f 2793/2793/2808 2794/2794/2809 2799/2799/2814
f 2799/2799/2814 2794/2794/2809 2594/2594/2605
f 2795/2795/2810 2790/2790/2805 2789/2789/2804
f 2790/2790/2805 2597/2597/2608 2589/2589/2600
f 2796/2796/2811 2795/2795/2810 2797/2797/2812
f 2796/2796/2811 2604/2604/2615 2597/2597/2608
f 2799/2799/2814 2801/2801/2816 2793/2793/2808
f 2799/2799/2814 2594/2594/2605 2600/2600/2611
f 2804/2804/2819 2805/2805/2820 2798/2798/2813
f 2604/2604/2615 2798/2798/2813 2603/2603/2614
f 2603/2603/2614 2798/2798/2813 2805/2805/2820
f 2804/2804/2819 2806/2806/2821 2805/2805/2820
f 2810/2810/2825 2803/2803/2818 2802/2802/2817
f 2808/2808/2823 2810/2810/2825 2802/2802/2817
f 2602/2602/2613 2607/2607/2618 2802/2802/2817
f 2808/2808/2823 2802/2802/2817 2607/2607/2618
f 4717/4717/4777 2826/2826/2841 2829/2829/2844
f 4717/4717/4777 2829/2829/2844 4718/4718/4778
f 4718/4718/4778 2829/2829/2844 4705/4705/4763
f 2829/2829/2844 2629/2629/2640 4705/4705/4763
f 4717/4717/4777 4718/4718/4778 3023/3023/3038
f 4718/4718/4778 4705/4705/4763 2636/2636/2647
f 4719/4719/4779 3023/3023/3038 4718/4718/4778
f 4719/4719/4779 4718/4718/4778 2837/2837/2852
f 2837/2837/2852 4718/4718/4778 2840/2840/2855
f 4718/4718/4778 2636/2636/2647 2840/2840/2855
f 4719/4719/4779 2837/2837/2852 2839/2839/2854
f 2843/2843/2858 2841/2841/2856 2838/2838/2853
f 2648/2648/2659 2843/2843/2858 2842/2842/2857
f 2838/2838/2853 2642/2642/2653 2842/2842/2857
f 2847/2847/2862 2836/2836/2851 2844/2844/2859
f 2847/2847/2862 2650/2650/2661 2836/2836/2851
f 2847/2847/2862 2844/2844/2859 2845/2845/2860
f 2651/2651/2662 2650/2650/2661 2847/2847/2862
f 2848/2848/2863 2841/2841/2856 2843/2843/2858
f 2849/2849/2864 2843/2843/2858 2850/2850/2865
f 2849/2849/2864 2852/2852/2867 2848/2848/2863
f 2851/2851/2866 2849/2849/2864 2860/2860/4780
f 2849/2849/2864 2850/2850/2865 2860/2860/4780
f 2854/2854/2869 2860/2860/2875 2853/2853/2868
f 2860/2860/2875 2850/2850/4781 2853/2853/2868
f 2652/2652/2663 2654/2654/2665 2850/2850/4781
f 2654/2654/2665 2853/2853/2868 2850/2850/4781
f 2651/2651/2662 2846/2846/2861 2657/2657/2668
f 2659/2659/2670 2657/2657/2668 2856/2856/2871
f 2860/2860/4780 2862/2862/2877 2851/2851/2866
f 2862/2862/2877 2859/2859/2874 2851/2851/2866
f 2860/2860/2875 2854/2854/2869 2861/2861/2876
f 2861/2861/2876 2865/2865/2880 2862/2862/2877
f 2866/2866/2881 2867/2867/2882 2858/2858/2873
f 2659/2659/2670 2858/2858/2873 2665/2665/2676
f 2665/2665/2676 2858/2858/2873 2867/2867/2882
f 2866/2866/2881 2868/2868/2883 2867/2867/2882
f 2871/2871/2886 2877/2877/2892 2870/2870/2885
f 2877/2877/2892 2871/2871/2886 2872/2872/2887
f 2879/2879/2894 2876/2876/2891 2872/2872/2887
f 2878/2878/2893 2872/2872/2887 2880/2880/2895
f 2878/2878/4782 2881/2881/2896 2879/2879/2894
f 2881/2881/2896 2883/2883/2898 2879/2879/2894
f 2882/2882/2897 2881/2881/2896 2891/2891/2906
f 2881/2881/2896 2878/2878/4782 2891/2891/2906
f 2884/2884/2899 2891/2891/4783 2880/2880/2895
f 2891/2891/4783 2878/2878/2893 2880/2880/2895
f 2883/2883/2898 2882/2882/2897 2889/2889/2904
f 2688/2688/2699 2891/2891/4783 2686/2686/2697
f 2891/2891/4783 2884/2884/2899 2686/2686/2697
f 2891/2891/2906 2688/2688/2699 2890/2890/2905
f 2691/2691/2702 2890/2890/2905 2692/2692/2703
f 2900/2900/2915 2897/2897/2912 2898/2898/2913
f 2703/2703/2716 2899/2899/2914 2898/2898/2913
f 2902/2902/2917 2904/2904/2919 2706/2706/2721
f 2905/2905/2920 2899/2899/2914 2907/2907/2922
f 2899/2899/2914 2703/2703/2716 2712/2712/2727
f 2908/2908/2923 2906/2906/2921 2913/2913/2928
f 2913/2913/2928 2906/2906/2921 4706/4706/4766
f 2906/2906/2921 2712/2712/2727 4706/4706/4766
f 2713/2713/2728 2709/2709/2724 2904/2904/2919
f 2913/2913/2928 4706/4706/4766 2714/2714/2729
f 2911/2911/2926 2917/2917/2932 2918/2918/2933
f 2715/2715/2730 2912/2912/2927 2911/2911/2926
f 2718/2718/2733 2923/2923/2938 2922/2922/2937
f 2721/2721/2736 2925/2925/2940 2722/2722/2737
f 2727/2727/2742 2930/2930/2945 2929/2929/2944
f 2728/2728/2743 2925/2925/2940 2927/2927/2942
f 2939/2939/2954 2932/2932/2947 2933/2933/2948
f 2728/2728/2743 2932/2932/2947 2939/2939/2954
f 2936/2936/2951 2934/2934/2949 2937/2937/2952
f 2940/2940/2955 2945/2945/2960 2938/2938/2953
f 2736/2736/2751 2938/2938/2953 2945/2945/2960
f 2937/2937/2952 2942/2942/2957 2936/2936/2951
f 2941/2941/2956 2956/2956/2971 2942/2942/2957
f 2956/2956/2971 2941/2941/2956 2954/2954/2969
f 2954/2954/2969 2941/2941/2956 2752/2752/2767
f 2733/2733/2748 2752/2752/2767 2941/2941/2956
f 2943/2943/2958 2945/2945/2960 2940/2940/2955
f 2945/2945/2960 2741/2741/2756 2736/2736/2751
f 2946/2946/2961 2945/2945/2960 2943/2943/2958
f 3121/3121/3136 4720/4720/4784 2944/2944/2959
f 4720/4720/4784 2943/2943/2958 2944/2944/2959
f 3123/3123/3138 3122/3122/3137 4721/4721/4785
f 3122/3122/3137 2951/2951/2966 4721/4721/4785
f 4721/4721/4785 2951/2951/2966 2949/2949/2964
f 2943/2943/2958 4720/4720/4784 2947/2947/2962
f 2744/2744/2759 2946/2946/2961 2947/2947/2962
f 2951/2951/2966 2950/2950/2965 2949/2949/2964
f 3130/3130/3145 4722/4722/4786 2952/2952/2967
f 2952/2952/2967 4722/4722/4786 2961/2961/2976
f 4722/4722/4786 2962/2962/2977 2961/2961/2976
f 2952/2952/2967 2961/2961/2976 2950/2950/2965
f 4723/4723/4787 4724/4724/4788 2955/2955/2970
f 4724/4724/4788 2957/2957/2972 2955/2955/2970
f 2955/2955/2970 2958/2958/2973 4723/4723/4787
f 4725/4725/4789 2962/2962/4789 4722/4722/4789
f 2750/2750/2765 2953/2953/2968 2751/2751/2766
f 2953/2953/2968 2958/2958/2973 2751/2751/2766
f 2757/2757/2772 2949/2949/2964 2755/2755/2770
f 2950/2950/2965 2762/2762/2777 2755/2755/2770
f 2950/2950/2965 2755/2755/2770 2949/2949/2964
f 2765/2765/2780 2950/2950/2965 2961/2961/2976
f 2960/2960/2975 4709/4709/4769 2961/2961/2976
f 4709/4709/4769 2765/2765/2780 2961/2961/2976
f 2967/2967/2982 4726/4726/4790 2968/2968/2983
f 4726/4726/4790 2985/2985/3000 2968/2968/2983
f 2966/2966/2981 2788/2788/2803 2967/2967/2982
f 2788/2788/2803 4727/4727/4791 2967/2967/2982
f 2963/2963/4792 2969/2969/2984 2976/2976/2991
f 2974/2974/2989 2976/2976/2991 2969/2969/2984
f 2963/2963/4792 2972/2972/2987 2969/2969/2984
f 2969/2969/2984 2971/2971/2986 2775/2775/2790
f 2969/2969/2984 2973/2973/2988 2974/2974/2989
f 2963/2963/4792 2976/2976/2991 2964/2964/2979
f 4728/4728/4793 2979/2979/2994 2973/2973/2988
f 2979/2979/2994 2974/2974/2989 2973/2973/2988
f 2974/2974/2989 2980/2980/2995 2977/2977/2992
f 2982/2982/2997 2981/2981/2996 4729/4729/4794
f 2992/2992/3007 2981/2981/2996 2983/2983/2998
f 2987/2987/3002 2966/2966/2981 2968/2968/2983
f 2984/2984/2999 2988/2988/3003 2968/2968/2983
f 2988/2988/3003 2987/2987/3002 2968/2968/2983
f 2986/2986/3001 2795/2795/2810 2789/2789/2804
f 2986/2986/3001 2987/2987/3002 2989/2989/3004
f 2990/2990/3005 2986/2986/3001 2989/2989/3004
f 2986/2986/3001 2797/2797/2812 2795/2795/2810
f 2991/2991/3006 3156/3156/3173 2992/2992/3007
f 2801/2801/2816 2983/2983/2998 2793/2793/2808
f 2991/2991/3006 2997/2997/3012 3156/3156/3173
f 2997/2997/3012 2991/2991/3006 2803/2803/2818
f 2993/2993/3008 2990/2990/3005 2989/2989/3004
f 2994/2994/3009 2995/2995/3010 2806/2806/2821
f 2996/2996/3011 2803/2803/2818 2998/2998/3013
f 3000/3000/3015 2996/2996/3011 2998/2998/3013
f 3001/3001/3016 2806/2806/2821 2995/2995/3010
f 2813/2813/2828 2806/2806/2821 3001/3001/3016
f 2827/2827/2842 3013/3013/3028 3014/3014/3029
f 3017/3017/3032 3016/3016/3031 3020/3020/3035
f 4717/4717/4777 3020/3020/3035 3016/3016/3031
f 2826/2826/2841 4717/4717/4777 3016/3016/3031
f 2827/2827/2842 3014/3014/3029 2830/2830/2845
f 3017/3017/3032 3020/3020/3035 3022/3022/3037
f 3020/3020/3035 4717/4717/4777 3023/3023/3038
f 3027/3027/3042 3021/3021/3036 4719/4719/4779
f 3021/3021/3036 3023/3023/3038 4719/4719/4779
f 2831/2831/2846 3019/3019/3034 2833/2833/2848
f 3025/3025/3040 2833/2833/2848 3019/3019/3034
f 2835/2835/2850 2833/2833/2848 3025/3025/3040
f 4730/4730/4795 3021/3021/3036 3029/3029/3044
f 3021/3021/3036 3027/3027/3042 3029/3029/3044
f 3027/3027/3042 4719/4719/4779 2839/2839/2854
f 3028/3028/3043 3027/3027/3042 2839/2839/2854
f 3030/3030/3045 3032/3032/3047 3026/3026/3041
f 2835/2835/2850 3026/3026/3041 2844/2844/2859
f 3032/3032/3047 2844/2844/2859 3026/3026/3041
f 3030/3030/3045 3031/3031/3046 3032/3032/3047
f 3039/3039/3054 3035/3035/3050 3034/3034/3049
f 2852/2852/2867 3039/3039/3054 3034/3034/3049
f 3038/3038/3053 3031/3031/3046 3036/3036/3051
f 2845/2845/2860 3031/3031/3046 2855/2855/2870
f 3038/3038/3053 2855/2855/2870 3031/3031/3046
f 2857/2857/2872 3038/3038/3053 3037/3037/3052
f 3038/3038/3053 2857/2857/2872 2855/2855/2870
f 3040/3040/3055 3039/3039/3054 3041/3041/3056
f 2862/2862/2877 3039/3039/3054 2859/2859/2874
f 3042/3042/3057 3040/3040/3055 3052/3052/3067
f 3040/3040/3055 3041/3041/3056 3052/3052/3067
f 3044/3044/3059 3052/3052/3067 3041/3041/3056
f 2862/2862/2877 2865/2865/2880 3041/3041/3056
f 3050/3050/3065 3042/3042/3057 3051/3051/3066
f 3042/3042/3057 3052/3052/3067 3051/3051/3066
f 3052/3052/3067 3044/3044/3059 2870/2870/2885
f 3053/3053/3068 3050/3050/3065 3060/3060/3075
f 3050/3050/3065 3051/3051/3066 3060/3060/3075
f 3060/3060/3075 3051/3051/3066 3055/3055/3070
f 2870/2870/2885 3055/3055/3070 3051/3051/3066
f 2868/2868/2883 3048/3048/3063 2873/2873/2888
f 3053/3053/3068 3060/3060/3075 3059/3059/3074
f 2879/2879/2894 3060/3060/3075 2876/2876/2891
f 3060/3060/3075 3055/3055/3070 2876/2876/2891
f 3064/3064/3079 3061/3061/3076 3059/3059/3074
f 2879/2879/2894 2883/2883/2898 3059/3059/3074
f 2883/2883/2898 3064/3064/3079 3059/3059/3074
f 2905/2905/2920 3072/3072/3087 2900/2900/2915
f 3072/3072/3087 2897/2897/2912 2900/2900/2915
f 3073/3073/3088 2905/2905/2920 3078/3078/3093
f 3079/3079/3094 3077/3077/3092 2907/2907/2922
f 3077/3077/3092 3079/3079/3094 3083/3083/3098
f 2915/2915/2930 3083/3083/3098 3084/3084/3099
f 3090/3090/3105 3098/3098/3113 3091/3091/3106
f 3098/3098/3113 3090/3090/3105 3095/3095/3110
f 3090/3090/3105 2928/2928/2943 3095/3095/3110
f 2930/2930/2945 3095/3095/3110 2928/2928/2943
f 3101/3101/3116 3094/3094/3109 3093/3093/3108
f 3101/3101/3116 2931/2931/2946 3094/3094/3109
f 2933/2933/2948 2931/2931/2946 3101/3101/3116
f 3106/3106/3121 3107/3107/3122 3100/3100/3115
f 3108/3108/3123 2940/2940/2955 2933/2933/2948
f 3111/3111/3126 3105/3105/3120 3104/3104/3119
f 3113/3113/3128 3110/3110/3125 3111/3111/3126
f 3114/3114/3129 3112/3112/3127 2956/2956/2971
f 2942/2942/2957 2956/2956/2971 3112/3112/3127
f 2944/2944/2959 3108/3108/3123 3119/3119/3134
f 3108/3108/3123 3118/3118/3133 3119/3119/3134
f 3116/3116/3131 3115/3115/3130 3126/3126/3141
f 3129/3129/3144 3116/3116/3131 3126/3126/3141
f 3128/3128/3143 3127/3127/3142 3131/3131/3146
f 3127/3127/3142 4731/4731/4796 3131/3131/3146
f 3125/3125/3140 3116/3116/3131 3129/3129/3144
f 3128/3128/3143 3129/3129/3144 3126/3126/3141
f 3122/3122/3137 3129/3129/3144 2951/2951/2966
f 3128/3128/3143 3130/3130/3145 3129/3129/3144
f 3134/3134/3149 3133/3133/3148 3114/3114/3129
f 3133/3133/3148 3113/3113/3128 3114/3114/3129
f 3136/3136/3151 4732/4732/4797 3128/3128/3143
f 4732/4732/4797 3130/3130/3145 3128/3128/3143
f 3139/3139/3154 3138/3138/3153 3142/3142/3157
f 3138/3138/3153 3141/3141/3156 3137/3137/3152
f 2964/2964/2979 2976/2976/2991 3138/3138/3153
f 3138/3138/3153 2976/2976/2991 2975/2975/2990
f 3155/3155/3172 4733/4733/4798 2992/2992/3007
f 2977/2977/2992 4734/4734/4799 2975/2975/2990
f 4734/4734/4799 3143/3143/3161 2975/2975/2990
f 3147/3147/3164 2984/2984/2999 3145/3145/3162
f 2984/2984/2999 3153/3153/3170 3145/3145/3162
f 4735/4735/4800 3153/3153/3170 2985/2985/3000
f 3153/3153/3170 2984/2984/2999 2985/2985/3000
f 2988/2988/3003 2984/2984/2999 3147/3147/3164
f 3148/3148/3165 3332/3332/4801 3149/3149/3166
f 3150/3150/3167 3147/3147/3164 3149/3149/3166
f 2989/2989/3004 3150/3150/3167 3151/3151/3168
f 4736/4736/4802 3141/3141/3156 4737/4737/4803
f 3141/3141/3156 3140/3140/3155 4737/4737/4803
f 4737/4737/4803 3140/3140/3155 4738/4738/4804
f 3140/3140/3155 3327/3327/3345 4738/4738/4804
f 4739/4739/4805 3329/3329/3347 3139/3139/3154
f 3139/3139/3154 3142/3142/3157 4739/4739/4805
f 3157/3157/3174 4740/4740/4806 3155/3155/3172
f 4739/4739/4807 3142/3142/3158 3144/3144/3160
f 4740/4740/4806 3157/3157/3174 4741/4741/4808
f 3157/3157/3174 3158/3158/3175 4741/4741/4808
f 3160/3160/3177 3157/3157/3174 3156/3156/3173
f 3160/3160/3177 4742/4742/4809 3157/3157/3174
f 4742/4742/4809 3159/3159/3176 3157/3157/3174
f 4742/4742/4809 3160/3160/3177 3164/3164/3181
f 3164/3164/3181 3160/3160/3177 2997/2997/3012
f 3162/3162/3179 3161/3161/3178 3149/3149/3166
f 3151/3151/3168 2993/2993/3008 2989/2989/3004
f 3169/3169/3186 3161/3161/3178 3163/3163/3180
f 2995/2995/3010 2993/2993/3008 3169/3169/3186
f 2993/2993/3008 3161/3161/3178 3169/3169/3186
f 3164/3164/3181 3166/3166/3183 4742/4742/4809
f 3166/3166/3183 3159/3159/3176 4742/4742/4809
f 3167/3167/3184 3169/3169/3186 3163/3163/3180
f 3169/3169/3186 3001/3001/3016 2995/2995/3010
f 3001/3001/3016 3168/3168/3185 3174/3174/3191
f 3171/3171/3188 3170/3170/3187 3000/3000/3015
f 3171/3171/3188 3000/3000/3015 3003/3003/3018
f 3173/3173/3190 3170/3170/3187 3171/3171/3188
f 3175/3175/3192 3174/3174/3191 3168/3168/3185
f 3184/3184/3201 3177/3177/3194 3175/3175/3192
f 3181/3181/3198 3177/3177/3194 3184/3184/3201
f 3014/3014/3029 3012/3012/3027 3181/3181/3198
f 3186/3186/3203 3017/3017/3032 3022/3022/3037
f 3395/3395/3412 3191/3191/3208 3192/3192/3209
f 3395/3395/3412 3192/3192/3209 3197/3197/3214
f 3197/3197/3214 3192/3192/3209 4730/4730/4795
f 3192/3192/3209 3022/3022/3037 4730/4730/4795
f 3022/3022/3037 3021/3021/3036 4730/4730/4795
f 3395/3395/3412 3197/3197/3214 3199/3199/3216
f 3197/3197/3214 4730/4730/4795 3029/3029/3044
f 3205/3205/3222 3198/3198/3215 3029/3029/3044
f 3200/3200/3217 3201/3201/3218 3196/3196/3213
f 3205/3205/3222 3209/3209/3226 3198/3198/3215
f 3209/3209/3226 3205/3205/3222 3206/3206/3223
f 3205/3205/3222 3033/3033/3048 3206/3206/3223
f 3035/3035/3050 3206/3206/3223 3033/3033/3048
f 3210/3210/3227 3211/3211/3228 3204/3204/3221
f 3409/3409/3426 3213/3213/3230 3211/3211/3228
f 3217/3217/3234 3215/3215/3232 3207/3207/3224
f 3216/3216/3233 3218/3218/3235 3217/3217/3234
f 3218/3218/3235 3216/3216/3233 3219/3219/3236
f 3447/3447/3468 3448/3448/3469 4743/4743/4810
f 4743/4743/4810 3448/3448/3469 4744/4744/4811
f 3448/3448/3469 3450/3450/3471 4744/4744/4811
f 3221/3221/3238 3223/3223/3240 3224/3224/3241
f 3229/3229/3246 3228/3228/3245 3455/3455/3478
f 3228/3228/3245 4745/4745/4812 3455/3455/3478
f 3457/3457/3480 4746/4746/4813 3458/3458/3481
f 4747/4747/4814 3228/3228/3245 3227/3227/3244
f 3219/3219/3236 3234/3234/3251 3218/3218/3235
f 3233/3233/3250 3230/3230/3247 3232/3232/3249
f 3237/3237/3254 3465/3465/3488 3224/3224/3241
f 3465/3465/3488 3238/3238/3255 3224/3224/3241
f 3239/3239/3256 3047/3047/3062 3226/3226/3243
f 3056/3056/3071 3047/3047/3062 3239/3239/3256
f 3230/3230/3247 3243/3243/3261 3242/3242/3259
f 3243/3243/3261 3247/3247/3265 3242/3242/3259
f 3244/3244/3262 3248/3248/3266 3243/3243/3261
f 3056/3056/3071 3241/3241/3258 3062/3062/3077
f 3250/3250/3268 3062/3062/3077 3241/3241/3258
f 3062/3062/3077 3250/3250/3268 3251/3251/3269
f 3511/3511/3535 3246/3246/3264 3245/3245/3263
f 3511/3511/3535 3245/3245/3263 3252/3252/3270
f 3254/3254/3272 3511/3511/3535 3252/3252/3270
f 3255/3255/3273 3251/3251/3269 3517/3517/3541
f 3259/3259/3277 3073/3073/3088 3078/3078/3093
f 3264/3264/3282 3265/3265/3283 3266/3266/3284
f 3091/3091/3106 3543/3543/3567 3272/3272/3290
f 3280/3280/3298 3279/3279/3297 3091/3091/3106
f 3279/3279/3297 3543/3543/3567 3091/3091/3106
f 3276/3276/3294 3275/3275/3293 3277/3277/3295
f 3284/3284/3302 3277/3277/3295 3285/3285/3303
f 3275/3275/3293 3285/3285/3303 3277/3277/3295
f 3093/3093/3108 3277/3277/3295 3284/3284/3302
f 3282/3282/3300 3281/3281/3299 3287/3287/3305
f 3102/3102/3117 3287/3287/3305 3281/3281/3299
f 3286/3286/3304 3283/3283/3301 3293/3293/3311
f 3293/3293/3311 3295/3295/3313 3286/3286/3304
f 3106/3106/3121 3099/3099/3114 3295/3295/3313
f 3099/3099/3114 3286/3286/3304 3295/3295/3313
f 3286/3286/3304 3099/3099/3114 3093/3093/3108
f 3287/3287/3305 3289/3289/3307 3282/3282/3300
f 3288/3288/3306 3291/3291/3309 3289/3289/3307
f 3291/3291/3309 3288/3288/3306 3304/3304/3322
f 3304/3304/3322 3288/3288/3306 3105/3105/3120
f 3102/3102/3117 3105/3105/3120 3288/3288/3306
f 3292/3292/3310 3295/3295/3313 3293/3293/3311
f 3296/3296/3314 3107/3107/3122 3106/3106/3121
f 3296/3296/3314 3295/3295/3313 3292/3292/3310
f 4748/4748/4815 4749/4749/4816 3294/3294/3312
f 4749/4749/4816 3292/3292/3310 3294/3294/3312
f 3302/3302/3320 3301/3301/3319 4750/4750/4817
f 4750/4750/4817 3301/3301/3319 3312/3312/3330
f 3301/3301/3319 3303/3303/3321 3312/3312/3330
f 3297/3297/3315 3292/3292/3310 4751/4751/4818
f 3292/3292/3310 4749/4749/4816 4751/4751/4818
f 3109/3109/3124 3296/3296/3314 3297/3297/3315
f 3303/3303/3321 3299/3299/3317 3298/3298/3316
f 3585/3585/3610 4752/4752/4819 3300/3300/3318
f 3300/3300/3318 4752/4752/4819 3313/3313/3331
f 3300/3300/3318 3313/3313/3331 3298/3298/3316
f 3305/3305/3323 3307/3307/3325 3291/3291/3309
f 3307/3307/3325 3305/3305/3323 3110/3110/3125
f 3305/3305/3323 3304/3304/3322 3110/3110/3125
f 3110/3110/3125 3304/3304/3322 3105/3105/3120
f 4753/4753/4820 4754/4754/4821 3307/3307/3325
f 4754/4754/4821 3306/3306/3324 3307/3307/3325
f 3307/3307/3325 3308/3308/3326 4753/4753/4820
f 3113/3113/3128 3309/3309/3327 3110/3110/3125
f 3309/3309/3327 3308/3308/3326 3110/3110/3125
f 3117/3117/3132 3303/3303/3321 3115/3115/3130
f 3115/3115/3130 3303/3303/3321 3298/3298/3316
f 3115/3115/3130 3298/3298/3316 3126/3126/3141
f 3298/3298/3316 3127/3127/3142 3126/3126/3141
f 3315/3315/3333 4731/4731/4796 3127/3127/3142
f 3331/3331/3349 3316/3316/3334 4755/4755/4822
f 3316/3316/3334 3318/3318/3336 4755/4755/4822
f 3319/3319/3337 3149/3149/3166 3322/3322/3340
f 3149/3149/3166 3332/3332/4801 3322/3322/3340
f 3326/3326/4823 3327/3327/4823 3324/3324/4823
f 3327/3327/3345 3323/3323/3341 3324/3324/3342
f 3328/3328/3346 3323/3323/3341 3139/3139/3154
f 3324/3324/3342 3328/3328/3346 3341/3341/3358
f 3325/3325/3343 3324/3324/3342 3316/3316/3334
f 3324/3324/3342 3341/3341/3358 3330/3330/3348
f 3330/3330/4824 3341/3341/4824 3351/3351/4824
f 3341/3341/3358 3340/3340/3357 3351/3351/3368
f 3325/3325/3343 3331/3331/3349 3326/3326/3344
f 3331/3331/3349 4756/4756/4825 3326/3326/3344
f 3335/3335/3352 3339/3339/3356 3328/3328/3346
f 3339/3339/3356 3341/3341/3358 3328/3328/3346
f 3353/3353/3370 3342/3342/3359 3159/3159/3176
f 3158/3158/3175 3159/3159/3176 3337/3337/3354
f 3344/3344/3361 3346/3346/3363 3321/3321/3339
f 3346/3346/3363 3319/3319/3337 3321/3321/3339
f 3343/3343/3360 3587/3587/4826 3344/3344/3361
f 3587/3587/4826 3346/3346/3363 3344/3344/3361
f 3162/3162/3179 3149/3149/3166 3319/3319/3337
f 3162/3162/3179 3346/3346/3363 3348/3348/3365
f 3347/3347/3364 3346/3346/3363 3587/3587/4826
f 3163/3163/3180 3348/3348/3365 3349/3349/3366
f 3355/3355/3372 4757/4757/4827 3353/3353/3370
f 4757/4757/4827 3355/3355/3372 3357/3357/3374
f 3355/3355/3372 3354/3354/3371 3356/3356/3373
f 3166/3166/3183 3354/3354/3371 3159/3159/3176
f 3356/3356/3373 3364/3364/3381 3355/3355/3372
f 3364/3364/3381 3358/3358/3375 3355/3355/3372
f 3364/3364/3381 3356/3356/3373 3359/3359/3376
f 3349/3349/3366 3167/3167/3184 3163/3163/3180
f 3361/3361/3378 3360/3360/3377 3632/3632/3656
f 3362/3362/3379 3361/3361/3378 3632/3632/3656
f 3361/3361/3378 3362/3362/3379 3167/3167/3184
f 3368/3368/3385 3362/3362/3379 3632/3632/3656
f 3372/3372/3389 3366/3366/3383 3373/3373/3390
f 3173/3173/3190 3178/3178/3195 3366/3366/3383
f 3373/3373/3390 3366/3366/3383 3178/3178/3195
f 3375/3375/3392 3372/3372/3389 3373/3373/3390
f 3182/3182/3199 3376/3376/3393 3378/3378/3395
f 3378/3378/3395 3188/3188/3205 3182/3182/3199
f 3386/3386/3403 3384/3384/3401 3383/3383/3400
f 3387/3387/3404 3388/3388/3405 3392/3392/3409
f 3392/3392/3409 3388/3388/3405 3395/3395/3412
f 3388/3388/3405 3191/3191/3208 3395/3395/3412
f 3195/3195/3212 3389/3389/3406 3391/3391/3408
f 3200/3200/3217 3195/3195/3212 3391/3391/3408
f 3400/3400/3417 3396/3396/3413 3394/3394/3411
f 3198/3198/3215 3400/3400/3417 3394/3394/3411
f 3397/3397/3414 3398/3398/3415 3200/3200/3217
f 3203/3203/3220 3398/3398/3415 3403/3403/3420
f 3406/3406/3423 3203/3203/3220 3403/3403/3420
f 3210/3210/3227 3203/3203/3220 3406/3406/3423
f 3401/3401/3418 4758/4758/4828 3399/3399/3416
f 3439/3439/3458 4758/4758/4828 3402/3402/3419
f 4758/4758/4828 3401/3401/3418 3402/3402/3419
f 3667/3667/3691 3415/3415/3433 4759/4759/4829
f 3405/3405/3422 3408/3408/3425 3403/3403/3420
f 3408/3408/3425 3406/3406/3423 3403/3403/3420
f 3406/3406/3423 3211/3211/3228 3210/3210/3227
f 3428/3428/3447 3447/3447/3468 3429/3429/3448
f 3447/3447/3468 4760/4760/4830 3429/3429/3448
f 4759/4759/4829 3415/3415/3433 3417/3417/3435
f 3419/3419/3437 3417/3417/3435 3420/3420/3438
f 3417/3417/3435 3416/3416/3434 3420/3420/3438
f 3425/3425/3444 3695/3695/3718 3424/3424/3464
f 3420/3420/3443 3424/3424/3442 3426/3426/3445
f 3424/3424/3442 3436/3436/3455 3426/3426/3445
f 3419/3419/3437 3418/3418/3436 4761/4761/4831
f 3421/3421/3439 3429/3429/3448 4762/4762/4832
f 3431/3431/3450 3428/3428/3447 3423/3423/3441
f 3428/3428/3447 3421/3421/3439 3423/3423/3441
f 3430/3430/3449 3423/3423/3441 3433/3433/3452
f 3423/3423/3441 3434/3434/3453 3433/3433/3452
f 3438/3438/3457 3441/3441/3460 3439/3439/3458
f 3442/3442/3461 3438/3438/3457 3444/3444/3463
f 3438/3438/3457 3443/3443/3462 3444/3444/3463
f 3443/3443/3462 3402/3402/3419 3215/3215/3232
f 3424/3424/3464 3695/3695/3718 3446/3446/3467
f 4763/4763/4833 3440/3440/3459 3441/3441/3460
f 3442/3442/3461 3444/3444/3463 4764/4764/4834
f 4765/4765/4834 3435/3435/4834 3436/3436/4834
f 3215/3215/3232 3218/3218/3235 3444/3444/3463
f 3437/3437/3456 3432/3432/3451 4766/4766/4835
f 3432/3432/3451 4767/4767/4835 4766/4766/4835
f 3431/3431/3450 3430/3430/3449 3229/3229/3474
f 3437/3437/3456 3227/3227/3244 3433/3433/3452
f 3227/3227/3244 3229/3229/3246 3433/3433/3452
f 3448/3448/3472 3451/3451/3473 3452/3452/3475
f 3452/3452/3475 3451/3451/3473 3229/3229/3474
f 3449/3449/3470 3459/3459/3482 3450/3450/3471
f 3459/3459/3482 3461/3461/3484 3450/3450/3471
f 3483/3483/3506 3466/3466/3489 4768/4768/4836
f 3466/3466/3489 3468/3468/3491 4768/4768/4836
f 3473/3473/3496 3469/3469/3492 3471/3471/3494
f 3464/3464/3487 3473/3473/3496 3465/3465/3488
f 3473/3473/3496 3238/3238/3255 3465/3465/3488
f 3469/3469/3492 3464/3464/3487 3472/3472/3495
f 3464/3464/3487 3463/3463/3486 3472/3472/3495
f 3453/3453/3476 3459/3459/3482 3449/3449/3470
f 3475/3475/3498 3486/3486/3510 3476/3476/3499
f 3462/3462/3485 3453/3453/3476 3479/3479/3502
f 3478/3478/3501 3453/3453/3476 3480/3480/3503
f 3453/3453/3476 3454/3454/3477 3480/3480/3503
f 3455/3455/3478 4769/4769/4837 3454/3454/3477
f 4769/4769/4837 3480/3480/3503 3454/3454/3477
f 3476/3476/3499 4770/4770/4838 3477/3477/3500
f 4770/4770/4838 3488/3488/3512 3477/3477/3500
f 3475/3475/3498 3474/3474/3497 3466/3466/3489
f 3474/3474/3497 3482/3482/3505 3466/3466/3489
f 3482/3482/3505 3474/3474/3497 3477/3477/3500
f 3477/3477/3500 3487/3487/3511 3485/3485/3508
f 3487/3487/3511 4771/4771/4839 3485/3485/3508
f 3495/3495/3519 3496/3496/3520 3493/3493/3517
f 4772/4772/4840 3487/3487/3511 3488/3488/3512
f 3246/3246/3264 3499/3499/3523 3248/3248/3266
f 3499/3499/3523 3496/3496/3520 3248/3248/3266
f 3247/3247/3265 3248/3248/3266 3495/3495/3519
f 3501/3501/3525 3500/3500/3524 3470/3470/3493
f 3500/3500/3524 3471/3471/3494 3470/3470/3493
f 3500/3500/3524 3249/3249/3267 3471/3471/3494
f 3508/3508/3532 3507/3507/3531 3499/3499/3523
f 3507/3507/3531 3497/3497/3521 3499/3499/3523
f 3511/3511/3535 3508/3508/3532 3246/3246/3264
f 3513/3513/3537 3510/3510/3534 3514/3514/3538
f 3510/3510/3534 3512/3512/3536 3509/3509/3533
f 3511/3511/3535 3514/3514/3538 3510/3510/3534
f 3255/3255/3273 3519/3519/3543 3261/3261/3279
f 3262/3262/3280 3261/3261/3279 3524/3524/3548
f 3262/3262/3280 3526/3526/3550 3267/3267/3285
f 3532/3532/3556 3267/3267/3285 3526/3526/3550
f 3531/3531/3555 3533/3533/3557 3532/3532/3556
f 3541/3541/3565 3535/3535/3559 3534/3534/3558
f 3272/3272/3290 3541/3541/3565 3534/3534/3558
f 3539/3539/3563 3269/3269/3287 3533/3533/3557
f 3538/3538/3562 3269/3269/3287 3539/3539/3563
f 3538/3538/3562 3273/3273/3291 3269/3269/3287
f 3275/3275/3293 3273/3273/3291 3538/3538/3562
f 3546/3546/3570 3545/3545/3569 3548/3548/3572
f 3548/3548/3572 3285/3285/3303 3546/3546/3570
f 3550/3550/3574 3544/3544/3568 3279/3279/3297
f 3549/3549/3573 4773/4773/4841 3550/3550/3574
f 3564/3564/3588 4773/4773/4841 3551/3551/3575
f 4773/4773/4841 3549/3549/3573 3551/3551/3575
f 3552/3552/3576 3285/3285/3303 3548/3548/3572
f 3556/3556/3580 3555/3555/3579 3554/3554/3578
f 3555/3555/3579 3552/3552/3576 3554/3554/3578
f 3559/3559/3583 3553/3553/3577 3558/3558/3582
f 3553/3553/3577 3555/3555/3579 3558/3558/3582
f 3553/3553/3577 3293/3293/3311 3283/3283/3301
f 3290/3290/3308 3565/3565/3589 3564/3564/3588
f 3565/3565/3589 3290/3290/3308 3566/3566/3591
f 3290/3290/3308 3551/3551/3575 3289/3289/3307
f 3560/3560/3584 3562/3562/3586 3565/3565/3589
f 3565/3565/3589 3563/3563/3590 3560/3560/3584
f 3581/3581/3606 3563/3563/3590 3291/3291/3309
f 3290/3290/3308 3291/3291/3309 3566/3566/3591
f 4774/4774/4842 3569/3569/3594 3574/3574/3599
f 3569/3569/3594 3568/3568/3593 3574/3574/3599
f 3294/3294/4843 3559/3559/4843 4775/4775/4843
f 4776/4776/4844 3574/3574/3599 3572/3572/3597
f 3576/3576/3601 3573/3573/3598 3575/3575/3600
f 3575/3575/3600 3819/3819/3848 3577/3577/3602
f 3819/3819/3848 4777/4777/4845 3577/3577/3602
f 3573/3573/3598 3578/3578/3603 3572/3572/3597
f 3578/3578/3603 3576/3576/3601 3579/3579/3604
f 3302/3302/3320 3572/3572/3597 3299/3299/3317
f 3572/3572/3597 3578/3578/3603 3299/3299/3317
f 3579/3579/3604 3585/3585/3610 3578/3578/3603
f 3585/3585/3610 3300/3300/3318 3578/3578/3603
f 3582/3582/3607 4778/4778/4846 3581/3581/3606
f 3579/3579/3604 3577/3577/3602 4779/4779/4847
f 3306/3306/3324 3582/3582/3607 3291/3291/3309
f 3351/3351/3368 3317/3317/3335 3330/3330/3348
f 3317/3317/3335 3316/3316/3334 3330/3330/3348
f 3317/3317/3335 3593/3593/3617 3318/3318/3336
f 3593/3593/3617 4780/4780/4848 3318/3318/3336
f 3598/3598/3622 3596/3596/3620 4781/4781/4849
f 3596/3596/3620 4782/4782/4850 4781/4781/4849
f 3347/3347/3364 3587/3587/4826 3589/3589/3613
f 3589/3589/3613 3587/3587/4826 3590/3590/3614
f 4783/4783/4851 3600/3600/3624 3598/3598/3622
f 3599/3599/3623 3600/3600/3624 3592/3592/3616
f 3600/3600/3624 3593/3593/3617 3592/3592/3616
f 3592/3592/3616 3351/3351/3368 3594/3594/3618
f 3350/3350/3367 3594/3594/3618 3351/3351/3368
f 3599/3599/3623 3592/3592/3616 3596/3596/3620
f 3592/3592/3616 3595/3595/3619 3597/3597/3621
f 3597/3597/3621 3595/3595/3619 3622/3622/3646
f 3595/3595/3619 3606/3606/3630 3622/3622/3646
f 3603/3603/3627 3608/3608/3632 4784/4784/4852
f 3610/3610/3634 3609/3609/3633 3358/3358/3375
f 3609/3609/3633 3608/3608/3632 3358/3358/3375
f 3357/3357/3374 3358/3358/3375 3603/3603/3627
f 3612/3612/3636 3611/3611/3635 3614/3614/3638
f 3822/3822/3851 3827/3827/3856 4785/4785/4853
f 3612/3612/3636 3613/3613/3637 3591/3591/3615
f 3613/3613/3637 3589/3589/3613 3591/3591/3615
f 3360/3360/3377 3347/3347/3364 3589/3589/3613
f 3616/3616/3640 3360/3360/3377 3613/3613/3637
f 3614/3614/3638 3624/3624/3648 3615/3615/3639
f 3616/3616/3640 3613/3613/3637 3615/3615/3639
f 3632/3632/3656 3616/3616/3640 3617/3617/3641
f 3616/3616/3640 3632/3632/3656 3360/3360/3377
f 3625/3625/3649 4786/4786/4854 3609/3609/3633
f 4786/4786/4854 3607/3607/3631 3609/3609/3633
f 4786/4786/4854 3625/3625/3649 4787/4787/4855
f 3625/3625/3649 3627/3627/3651 4787/4787/4855
f 3625/3625/3649 3610/3610/3634 3626/3626/3650
f 3626/3626/3650 3629/3629/3653 3625/3625/3649
f 3629/3629/3653 3628/3628/3652 3625/3625/3649
f 3629/3629/3653 3626/3626/3650 3635/3635/3659
f 3367/3367/3384 3635/3635/3659 3626/3626/3650
f 3633/3633/3657 3617/3617/3641 3615/3615/3639
f 3631/3631/3655 3368/3368/3385 3632/3632/3656
f 3631/3631/3655 3617/3617/3641 3634/3634/3658
f 3642/3642/3666 3631/3631/3655 3634/3634/3658
f 3370/3370/3387 3368/3368/3385 3642/3642/3666
f 3368/3368/3385 3631/3631/3655 3642/3642/3666
f 3635/3635/3659 3637/3637/3661 3629/3629/3653
f 3637/3637/3661 3630/3630/3654 3629/3629/3653
f 3635/3635/3659 3367/3367/3384 3372/3372/3389
f 3640/3640/3664 3642/3642/3666 3634/3634/3658
f 3641/3641/3665 3640/3640/3664 3880/3880/3908
f 3643/3643/3667 3641/3641/3665 3880/3880/3908
f 3639/3639/3663 3638/3638/3662 3644/3644/3668
f 3375/3375/3392 3379/3379/3396 3638/3638/3662
f 3644/3644/3668 3638/3638/3662 3379/3379/3396
f 3645/3645/3669 3639/3639/3663 3644/3644/3668
f 3880/3880/3908 3646/3646/3670 3643/3643/3667
f 4788/4788/4856 3647/3647/3671 3646/3646/3670
f 3385/3385/3402 3647/3647/3671 4788/4788/4856
f 3647/3647/3671 3385/3385/3402 3383/3383/3400
f 3652/3652/3676 3385/3385/3402 4788/4788/4856
f 3390/3390/3407 3652/3652/3676 4789/4789/4857
f 3397/3397/3414 3390/3390/3407 4789/4789/4857
f 3390/3390/3407 3391/3391/3408 3389/3389/3406
f 3650/3650/3674 3393/3393/3410 3653/3653/3677
f 3396/3396/3413 3654/3654/3678 3653/3653/3677
f 3396/3396/3413 3653/3653/3677 3393/3393/3410
f 3656/3656/3680 3397/3397/3414 4789/4789/4857
f 3657/3657/3681 3656/3656/3680 3662/3662/3686
f 3666/3666/3690 3657/3657/3681 3662/3662/3686
f 3403/3403/3420 3657/3657/3681 3666/3666/3690
f 3657/3657/3681 3403/3403/3420 3398/3398/3415
f 3654/3654/3678 3396/3396/3413 3399/3399/3416
f 3658/3658/3682 3660/3660/3684 3655/3655/3679
f 3689/3689/3713 3660/3660/3684 3687/3687/3711
f 3660/3660/3684 3658/3658/3682 3687/3687/3711
f 3687/3687/3711 3658/3658/3682 3439/3439/3458
f 3399/3399/3416 4758/4758/4828 3658/3658/3682
f 4758/4758/4828 3439/3439/3458 3658/3658/3682
f 3664/3664/3688 3666/3666/3690 3662/3662/3686
f 3669/3669/3693 3663/3663/3687 3662/3662/3686
f 3665/3665/3689 3404/3404/3421 3666/3666/3690
f 3404/3404/3421 3403/3403/3420 3666/3666/3690
f 3675/3675/3699 3677/3677/4858 3672/3672/3696
f 3678/3678/3702 3668/3668/3692 3679/3679/3703
f 3668/3668/3692 4790/4790/4859 3679/3679/3703
f 3680/3680/3704 3681/3681/3705 3678/3678/3702
f 3681/3681/3705 3415/3415/3433 3678/3678/3702
f 3917/3917/3943 3683/3683/3707 3674/3674/3698
f 3683/3683/3707 3672/3672/3696 3674/3674/3698
f 3684/3684/3708 3686/3686/3710 3675/3675/3699
f 3686/3686/3710 3676/3676/3700 3675/3675/3699
f 3425/3425/3444 3416/3416/3434 3681/3681/3705
f 3682/3682/3706 4791/4791/4860 3425/3425/3444
f 4792/4792/4861 3688/3688/3712 3691/3691/3715
f 3440/3440/3459 3691/3691/3715 3439/3439/3458
f 3686/3686/4862 3685/3685/4862 3692/3692/4862
f 4793/4793/4863 3696/3696/3719 4791/4791/4860
f 3696/3696/3719 3425/3425/3444 4791/4791/4860
f 3701/3701/3724 3697/3697/3720 3702/3702/3725
f 4794/4794/4864 3730/3730/3756 4795/4795/4865
f 3703/3703/3726 4796/4796/4866 3701/3701/3724
f 3468/3468/3491 3467/3467/3490 3713/3713/3738
f 3708/3708/3731 3707/3707/3730 3697/3697/3720
f 3707/3707/3730 3708/3708/3731 3711/3711/3737
f 3711/3711/3737 3710/3710/4867 3707/3707/3730
f 3710/3710/4867 4797/4797/4868 3707/3707/3730
f 3708/3708/3731 3701/3701/3724 4798/4798/4869
f 3467/3467/3490 3482/3482/3505 3714/3714/3739
f 3482/3482/3505 4799/4799/4870 3714/3714/3739
f 3716/3716/3741 4799/4799/4870 3484/3484/3507
f 4799/4799/4870 3482/3482/3505 3484/3484/3507
f 3708/3708/3731 4800/4800/4871 3712/3712/3736
f 4800/4800/4871 3722/3722/4872 3712/3712/3736
f 3727/3727/3752 3715/3715/3754 3485/3485/3508
f 3715/3715/3754 3484/3484/3509 3485/3485/3508
f 3709/3709/3732 4801/4801/4873 3710/3710/3733
f 4801/4801/4873 4802/4802/4873 3710/3710/3733
f 3723/3723/3748 4803/4803/4874 3712/3712/3735
f 4803/4803/4874 3709/3709/3732 3712/3712/3735
f 3720/3720/3745 3719/3719/3744 3726/3726/3751
f 3719/3719/3744 3724/3724/3749 3726/3726/3751
f 3730/3730/3756 3729/3729/3755 4795/4795/4865
f 3729/3729/3755 4804/4804/4875 4795/4795/4865
f 3729/3729/3755 3501/3501/3525 4804/4804/4875
f 3501/3501/3525 3733/3733/3759 4804/4804/4875
f 3736/3736/3762 3732/3732/3758 3734/3734/3760
f 3732/3732/3758 3731/3731/3757 3734/3734/3760
f 3735/3735/3761 3732/3732/3758 3736/3736/3762
f 3737/3737/3763 3732/3732/3758 3735/3735/3761
f 3732/3732/3758 3737/3737/3763 3502/3502/3526
f 3738/3738/3764 3740/3740/3766 3720/3720/3745
f 3725/3725/3750 3507/3507/3531 3726/3726/3751
f 3507/3507/3531 3738/3738/3764 3726/3726/3751
f 3739/3739/3765 4003/4003/4029 3740/3740/3766
f 4003/4003/4029 3739/3739/3765 3741/3741/3767
f 3741/3741/3767 3739/3739/3765 3512/3512/3536
f 3509/3509/3533 3512/3512/3536 3739/3739/3765
f 3743/3743/3769 3742/3742/3768 3746/3746/3772
f 3745/3745/3771 3518/3518/3542 3743/3743/3769
f 4003/4003/4029 3741/3741/3767 3750/3750/3776
f 3747/3747/3773 3750/3750/3776 3741/3741/3767
f 3513/3513/3537 3520/3520/3544 3741/3741/3767
f 3747/3747/3773 3741/3741/3767 3520/3520/3544
f 3751/3751/3777 3518/3518/3542 3745/3745/3771
f 3530/3530/3554 3756/3756/3782 3755/3755/3781
f 3533/3533/3557 3752/3752/3778 3757/3757/3783
f 3759/3759/3785 3756/3756/3782 3530/3530/3554
f 3761/3761/3787 3759/3759/3785 3763/3763/3789
f 3535/3535/3559 3759/3759/3785 3530/3530/3554
f 3757/3757/3783 3764/3764/3790 3758/3758/3784
f 3536/3536/3560 3764/3764/3790 3771/3771/3797
f 3547/3547/3571 3536/3536/3560 3771/3771/3797
f 3545/3545/3569 3536/3536/3560 3547/3547/3571
f 3765/3765/3791 3767/3767/3793 3761/3761/3787
f 3767/3767/3793 3766/3766/3792 3761/3761/3787
f 3767/3767/3793 3765/3765/3791 3784/3784/3810
f 3784/3784/3810 3765/3765/3791 3544/3544/3568
f 3540/3540/3564 3544/3544/3568 3765/3765/3791
f 3769/3769/3795 3547/3547/3571 3771/3771/3797
f 4056/4056/4082 3773/3773/3799 3772/3772/3798
f 3773/3773/3799 3769/3769/3795 3772/3772/3798
f 3779/3779/3805 3770/3770/3796 3777/3777/3803
f 3770/3770/3796 3773/3773/3799 3777/3777/3803
f 3770/3770/3796 3548/3548/3572 3547/3547/3571
f 3785/3785/3811 3787/3787/3813 3767/3767/3793
f 3787/3787/3813 3768/3768/3794 3767/3767/3793
f 3787/3787/3813 3785/3785/3811 3788/3788/3814
f 3785/3785/3811 3784/3784/3810 3788/3788/3814
f 3550/3550/3574 3784/3784/3810 3544/3544/3568
f 4805/4805/4876 4806/4806/4877 3787/3787/3813
f 4806/4806/4877 3786/3786/3812 3787/3787/3813
f 3787/3787/3813 3789/3789/3815 4805/4805/4876
f 3809/3809/3836 3789/3789/3815 3564/3564/3588
f 3550/3550/3574 4773/4773/4841 3788/3788/3814
f 4773/4773/4841 3564/3564/3588 3788/3788/3814
f 4807/4807/4878 3776/3776/3802 3800/3800/3826
f 3776/3776/3802 3791/3791/3817 3800/3800/3826
f 3554/3554/3578 3779/3779/4879 3793/3793/3819
f 4808/4808/4880 3800/3800/3826 3798/3798/3824
f 3814/3814/3842 4809/4809/4881 3795/3795/3821
f 3569/3569/4882 4810/4810/4883 4811/4811/4883
f 3799/3799/3825 3791/3791/3817 3801/3801/3827
f 3803/3803/3831 3801/3801/3827 3781/3781/3807
f 3781/3781/3807 3783/3783/3809 3804/3804/3830
f 3798/3798/3824 3799/3799/3825 3802/3802/3828
f 3814/3814/3842 3795/3795/3821 3806/3806/3833
f 3795/3795/3821 3802/3802/3828 3806/3806/3833
f 3805/3805/3832 3802/3802/3828 4812/4812/4884
f 3802/3802/3828 3807/3807/3834 4812/4812/4884
f 4812/4812/4884 3807/3807/3834 4813/4813/4885
f 3807/3807/3834 3812/3812/3839 4813/4813/4885
f 3810/3810/4886 4814/4814/4886 3809/3809/4886
f 3803/3803/3829 3804/3804/3830 4815/4815/4887
f 3562/3562/3586 3810/3810/3837 3564/3564/3588
f 3816/3816/3844 3818/3818/3847 3568/3568/3593
f 3818/3818/3847 3575/3575/3600 3568/3568/3593
f 4816/4816/4888 3824/3824/3853 3597/3597/3621
f 3824/3824/3853 3596/3596/3620 3597/3597/3621
f 3828/3828/3881 3615/3615/3639 3829/3829/4889
f 3615/3615/3639 3624/3624/3648 3829/3829/4889
f 3827/3827/3856 3832/3832/3859 3831/3831/3858
f 3835/3835/3862 3827/3827/3856 3833/3833/3860
f 3827/3827/3856 3831/3831/3858 3833/3833/3860
f 3619/3619/3643 3618/3618/3642 3825/3825/3854
f 3618/3618/3642 3836/3836/3863 3825/3825/3854
f 3838/3838/3865 3834/3834/3861 3837/3837/3864
f 3834/3834/3861 3839/3839/3866 4817/4817/4890
f 3837/3837/3864 3833/3833/3860 3836/3836/3863
f 3834/3834/3861 4817/4817/4890 3835/3835/3862
f 4817/4817/4890 4818/4818/4891 3835/3835/3862
f 3843/3843/3870 3847/3847/3874 3836/3836/3863
f 3851/3851/3878 3850/3850/3877 3852/3852/3879
f 3627/3627/3651 3628/3628/3652 3845/3845/3872
f 3628/3628/3652 3852/3852/3879 3845/3845/3872
f 3853/3853/3880 3615/3615/3639 3828/3828/3881
f 3865/3865/3893 3864/3864/3892 4819/4819/4892
f 4820/4820/4892 3858/3858/3886 3855/3855/3883
f 3859/3859/3887 3854/3854/3882 3857/3857/3885
f 3854/3854/3882 3855/3855/3883 3857/3857/3885
f 3853/3853/3880 3634/3634/3658 3633/3633/3657
f 3860/3860/3888 3861/3861/3889 3865/3865/3893
f 3837/3837/3864 3861/3861/3889 3838/3838/3865
f 3837/3837/3864 3836/3836/3863 3863/3863/3891
f 3836/3836/3863 3848/3848/3875 3863/3863/3891
f 3868/3868/3896 3867/3867/3895 3851/3851/3878
f 3863/3863/4893 3848/3848/4893 4821/4821/4893
f 3870/3870/3898 3868/3868/3896 3872/3872/3900
f 3868/3868/3896 3871/3871/3899 3872/3872/3900
f 3637/3637/3661 3871/3871/3899 3630/3630/3654
f 3871/3871/3899 3852/3852/3879 3630/3630/3654
f 3862/3862/3890 3866/3866/3894 4822/4822/4894
f 3870/3870/3898 3873/3873/3901 3869/3869/3897
f 3882/3882/3910 3873/3873/3901 3874/3874/3902
f 3873/3873/3901 3872/3872/3900 3874/3874/3902
f 3876/3876/3904 3859/3859/3887 3857/3857/3885
f 3875/3875/3903 3877/3877/3905 3857/3857/3885
f 3859/3859/3887 3640/3640/3664 3634/3634/3658
f 3878/3878/3906 3877/3877/3905 3875/3875/3903
f 3880/3880/3908 3876/3876/3904 3879/3879/3907
f 3859/3859/3887 3880/3880/3908 3640/3640/3664
f 3874/3874/3902 3883/3883/3911 3882/3882/3910
f 3884/3884/3912 3886/3886/3914 3883/3883/3911
f 3888/3888/3916 3879/3879/3907 3878/3878/3906
f 3889/3889/3917 3888/3888/3916 3878/3878/3906
f 3887/3887/3915 3646/3646/3670 3880/3880/3908
f 3895/3895/3923 3887/3887/3915 3890/3890/3918
f 4788/4788/4856 3887/3887/3915 3895/3895/3923
f 3887/3887/3915 4788/4788/4856 3646/3646/3670
f 3645/3645/3669 3648/3648/3672 3885/3885/3913
f 3885/3885/3913 3648/3648/3672 3892/3892/3920
f 3651/3651/3675 3892/3892/3920 3648/3648/3672
f 3895/3895/3923 3652/3652/3676 4788/4788/4856
f 3895/3895/3923 3890/3890/3918 3897/3897/3925
f 3904/3904/3932 3896/3896/3924 3897/3897/3925
f 4789/4789/4857 3896/3896/3924 3904/3904/3932
f 3896/3896/3924 4789/4789/4857 3652/3652/3676
f 3902/3902/3930 3904/3904/3932 3897/3897/3925
f 3904/3904/3932 3656/3656/3680 4789/4789/4857
f 3903/3903/3931 3902/3902/3930 4140/4140/4167
f 3909/3909/3937 3903/3903/3931 4140/4140/4167
f 3662/3662/3686 3903/3903/3931 3909/3909/3937
f 3903/3903/3931 3662/3662/3686 3656/3656/3680
f 3659/3659/3683 3900/3900/3928 3655/3655/3679
f 3906/3906/3934 3926/3926/3952 3905/3905/3933
f 3926/3926/3952 3906/3906/3934 3924/3924/3950
f 3924/3924/3950 3906/3906/3934 3689/3689/3713
f 3659/3659/3683 3660/3660/3684 3906/3906/3934
f 3660/3660/3684 3689/3689/3713 3906/3906/3934
f 3907/3907/3935 3909/3909/3937 4140/4140/4167
f 3669/3669/3693 3909/3909/3937 3908/3908/3936
f 4823/4823/4895 3908/3908/3936 3933/3933/3959
f 3908/3908/3936 3907/3907/3935 3933/3933/3959
f 4823/4823/4895 3912/3912/3940 3908/3908/3936
f 3912/3912/3940 3911/3911/3939 3908/3908/3936
f 3908/3908/3936 3911/3911/3939 3669/3669/3693
f 3911/3911/3939 3913/3913/3941 3669/3669/3693
f 3940/3940/3967 4824/4824/4896 3916/3916/3961
f 3917/3917/3943 4825/4825/4897 3918/3918/3944
f 3914/3914/4898 3916/3916/3961 4824/4824/4896
f 4824/4824/4896 3940/3940/3967 3919/3919/3945
f 3940/3940/3967 3920/3920/3946 3919/3919/3945
f 3922/3922/3948 3684/3684/3708 3918/3918/3944
f 3684/3684/3708 3683/3683/3707 3918/3918/3944
f 4826/4826/4899 3685/3685/3709 3923/3923/3949
f 3925/3925/3951 3928/3928/3954 3926/3926/3952
f 3929/3929/3955 3925/3925/3951 3690/3690/3714
f 3690/3690/3714 3925/3925/3951 3689/3689/3713
f 3929/3929/3955 3930/3930/3956 3928/3928/3954
f 3930/3930/3956 3931/3931/3957 3948/3948/3975
f 3933/3933/3959 3932/3932/3958 4823/4823/4895
f 3916/3916/3961 4827/4827/4900 3935/3935/3962
f 3912/3912/3940 4823/4823/4895 3932/3932/3958
f 4828/4828/4901 4829/4829/4902 3938/3938/3965
f 4829/4829/4902 3932/3932/3958 3938/3938/3965
f 4830/4830/4903 3966/3966/3995 3937/3937/3964
f 3966/3966/3995 3939/3939/3966 3937/3937/3964
f 3940/3940/3967 3916/3916/3961 3936/3936/3963
f 3942/3942/3969 3921/3921/3947 3920/3920/3946
f 3920/3920/3946 3940/3940/3967 3941/3941/3968
f 3936/3936/3963 3939/3939/3966 3941/3941/3968
f 3976/3976/4005 3941/3941/3968 3945/3945/3972
f 3976/3976/4005 3946/3946/3973 3941/3941/3968
f 3949/3949/3976 3952/3952/3979 3930/3930/3956
f 3952/3952/3979 3951/3951/3978 3930/3930/3956
f 3942/3942/3969 3943/3943/3982 3954/3954/3981
f 3943/3943/3982 3956/3956/3984 3954/3954/3981
f 3953/3953/3980 3958/3958/3986 3952/3952/3979
f 3958/3958/3986 3957/3957/3985 3952/3952/3979
f 3958/3958/3986 3960/3960/3988 3985/3985/4011
f 3955/3955/3983 3943/3943/3982 3961/3961/3989
f 3943/3943/3982 3947/3947/3990 3961/3961/3989
f 3938/3938/3965 3963/3963/3992 4828/4828/4901
f 3963/3963/3992 3965/3965/3994 4828/4828/4901
f 3969/3969/3998 4831/4831/4904 3965/3965/3994
f 4831/4831/4904 4828/4828/4905 3965/3965/3994
f 3972/3972/4001 3964/3964/3993 3968/3968/3997
f 3964/3964/3993 3963/3963/3992 3968/3968/3997
f 3974/3974/4003 3973/3973/4002 3972/3972/4001
f 3964/3964/3993 3973/3973/4002 3970/3970/3999
f 3973/3973/4002 3975/3975/4004 3970/3970/3999
f 3730/3730/3756 4832/4832/4906 3975/3975/4004
f 3978/3978/4007 3945/3945/3972 4833/4833/4907
f 3945/3945/3972 3967/3967/3996 4833/4833/4907
f 4834/4834/4908 3977/3977/4006 3978/3978/4007
f 3977/3977/4006 3706/3706/3729 3946/3946/3973
f 3706/3706/3729 3705/3705/3728 3946/3946/3973
f 3698/3698/3721 3707/3707/3730 3984/3984/4909
f 3986/3986/4012 3988/3988/4014 3958/3958/3986
f 3988/3988/4014 3959/3959/3987 3958/3958/3986
f 3947/3947/3990 3705/3705/4910 3962/3962/3991
f 3705/3705/4910 4835/4835/4911 3962/3962/3991
f 3989/3989/4015 3986/3986/4012 3990/3990/4016
f 3989/3989/4015 3993/3993/4019 3988/3988/4014
f 3993/3993/4019 3987/3987/4013 3988/3988/4014
f 3993/3993/4019 3989/3989/4015 3720/3720/3745
f 3992/3992/4018 3718/3718/3743 3990/3990/4016
f 3718/3718/3743 3720/3720/3745 3990/3990/4016
f 3971/3971/4000 3996/3996/4022 3972/3972/4001
f 3996/3996/4022 3974/3974/4003 3972/3972/4001
f 4172/4172/4199 3997/3997/4023 3996/3996/4022
f 4005/4005/4031 3997/3997/4023 4172/4172/4199
f 3742/3742/3768 3734/3734/3760 4005/4005/4031
f 3734/3734/3760 3997/3997/4023 4005/4005/4031
f 3997/3997/4023 3734/3734/3760 3731/3731/3757
f 3998/3998/4024 3999/3999/4025 3994/3994/4020
f 3740/3740/3766 3998/3998/4024 3720/3720/3745
f 4004/4004/4030 4005/4005/4031 4172/4172/4199
f 3744/3744/3770 4004/4004/4030 4009/4009/4035
f 3744/3744/3770 3746/3746/3772 3742/3742/3768
f 4003/4003/4029 3750/3750/3776 4001/4001/4027
f 3749/3749/3775 4001/4001/4027 3750/3750/3776
f 4015/4015/4041 4010/4010/4036 4009/4009/4035
f 3751/3751/3777 3745/3745/3771 3744/3744/3770
f 4017/4017/4043 4010/4010/4036 4015/4015/4041
f 3752/3752/3778 4010/4010/4036 4017/4017/4043
f 4010/4010/4036 3752/3752/3778 3751/3751/3777
f 4012/4012/4038 4008/4008/4034 4007/4007/4033
f 3749/3749/3775 3754/3754/3780 4007/4007/4033
f 4011/4011/4037 4007/4007/4033 3754/3754/3780
f 4011/4011/4037 4013/4013/4039 4012/4012/4038
f 4013/4013/4039 4021/4021/4047 4012/4012/4038
f 3756/3756/3782 4011/4011/4037 3754/3754/3780
f 4014/4014/4040 4017/4017/4043 4015/4015/4041
f 4018/4018/4044 4014/4014/4040 4016/4016/4042
f 3757/3757/3783 4014/4014/4040 4019/4019/4045
f 4014/4014/4040 3757/3757/3783 3752/3752/3778
f 4022/4022/4048 4021/4021/4047 4013/4013/4039
f 4024/4024/4050 4243/4243/4268 4022/4022/4048
f 4243/4243/4268 4020/4020/4046 4022/4022/4048
f 4025/4025/4051 4023/4023/4049 3762/3762/3788
f 3760/3760/3786 3762/3762/3788 4023/4023/4049
f 4836/4836/4912 4034/4034/4060 4031/4031/4057
f 4027/4027/4053 4026/4026/4052 4018/4018/4044
f 4026/4026/4052 4019/4019/4045 4018/4018/4044
f 4019/4019/4045 3764/3764/3790 3757/3757/3783
f 3764/3764/3790 4019/4019/4045 4026/4026/4052
f 4032/4032/4058 4026/4026/4052 4837/4837/4913
f 4026/4026/4052 4838/4838/4914 4837/4837/4913
f 4047/4047/4915 4245/4245/4273 4839/4839/4916
f 4245/4245/4273 4247/4247/4272 4839/4839/4916
f 4029/4029/4055 4031/4031/4057 4033/4033/4059
f 4038/4038/4064 4036/4036/4062 4039/4039/4065
f 4036/4036/4062 4033/4033/4059 4039/4039/4065
f 4037/4037/4063 4039/4039/4065 4047/4047/4073
f 4039/4039/4065 4245/4245/4270 4047/4047/4073
f 4037/4037/4063 4059/4059/4085 4038/4038/4064
f 4043/4043/4068 4041/4041/4067 4025/4025/4051
f 4041/4041/4067 4024/4024/4050 4025/4025/4051
f 4044/4044/4070 4043/4043/4068 4045/4045/4071
f 4043/4043/4068 4025/4025/4051 4045/4045/4071
f 4025/4025/4051 3762/3762/3788 3761/3761/3787
f 4044/4044/4070 4050/4050/4076 4048/4048/4074
f 4840/4840/4917 4059/4059/4917 4037/4037/4917
f 3768/3768/3794 4051/4051/4077 3766/3766/3792
f 4051/4051/4077 4050/4050/4076 3766/3766/3792
f 3761/3761/3787 3766/3766/3792 4045/4045/4071
f 3772/3772/3798 4032/4032/4058 4841/4841/4918
f 4842/4842/4919 4035/4035/4061 4052/4052/4078
f 3790/3790/3816 3776/3776/3802 4053/4053/4079
f 3776/3776/3802 3775/3775/3801 4053/4053/4079
f 4057/4057/4083 4035/4035/4061 4036/4036/4062
f 4059/4059/4085 4057/4057/4083 4038/4038/4064
f 4057/4057/4083 4060/4060/4086 4052/4052/4078
f 4060/4060/4086 4057/4057/4083 4058/4058/4084
f 4053/4053/4079 4052/4052/4078 3790/3790/3816
f 4061/4061/4087 4058/4058/4084 3781/3781/3807
f 4058/4058/4084 3782/3782/3808 3781/3781/3807
f 4843/4843/4920 4058/4058/4084 4844/4844/4921
f 4058/4058/4084 4059/4059/4085 4844/4844/4921
f 3786/3786/3812 4062/4062/4088 3768/3768/3794
f 3790/3790/3816 4061/4061/4087 3791/3791/3817
f 4061/4061/4087 3781/3781/3807 3791/3791/3817
f 4068/4068/4095 4067/4067/4094 4063/4063/4090
f 4067/4067/4094 4066/4066/4093 4063/4063/4090
f 3864/3864/3892 3861/3861/3889 4068/4068/4095
f 4065/4065/4092 4067/4067/4094 4068/4068/4095
f 4068/4068/4095 3861/3861/3889 3862/3862/3890
f 4845/4845/4922 4065/4065/4092 4822/4822/4894
f 4065/4065/4092 3862/3862/3890 4822/4822/4894
f 4063/4063/4090 4071/4071/4098 4064/4064/4091
f 4846/4846/4923 3875/3875/3903 3858/3858/3886
f 3878/3878/3906 4074/4074/4101 4092/4092/4119
f 4092/4092/4924 4074/4074/4924 4847/4847/4924
f 4848/4848/4925 4072/4072/4099 4082/4082/4109
f 4077/4077/4104 4075/4075/4102 4078/4078/4105
f 4078/4078/4105 4075/4075/4102 4076/4076/4103
f 4071/4071/4098 4066/4066/4093 4072/4072/4099
f 4066/4066/4093 4075/4075/4102 4072/4072/4099
f 4077/4077/4104 4080/4080/4107 4082/4082/4109
f 4080/4080/4107 4099/4099/4126 4082/4082/4109
f 4849/4849/4926 4083/4083/4110 4845/4845/4922
f 4083/4083/4110 4065/4065/4092 4845/4845/4922
f 3881/3881/3909 4086/4086/4113 3882/3882/3910
f 4084/4084/4111 4087/4087/4114 4076/4076/4103
f 4090/4090/4117 4089/4089/4116 4091/4091/4118
f 3881/3881/3909 3886/3886/3914 4085/4085/4112
f 3886/3886/3914 4091/4091/4118 4085/4085/4112
f 3889/3889/3917 3878/3878/3906 4092/4092/4119
f 4105/4105/4132 4104/4104/4131 4850/4850/4927
f 4851/4851/4928 4097/4097/4124 4094/4094/4121
f 4098/4098/4125 4093/4093/4120 4096/4096/4123
f 4093/4093/4120 4094/4094/4121 4096/4096/4123
f 4100/4100/4929 4101/4101/4929 4105/4105/4929
f 4079/4079/4106 4852/4852/4930 4080/4080/4107
f 4852/4852/4930 4101/4101/4128 4080/4080/4107
f 4079/4079/4106 4081/4081/4108 4103/4103/4130
f 4079/4079/4106 4102/4102/4129 4852/4852/4930
f 4102/4102/4129 4116/4116/4143 4127/4127/4154
f 4111/4111/4138 4110/4110/4137 4090/4090/4117
f 4103/4103/4931 4081/4081/4931 4853/4853/4931
f 4113/4113/4140 4111/4111/4138 4115/4115/4142
f 4111/4111/4138 4114/4114/4141 4115/4115/4142
f 4114/4114/4141 4091/4091/4118 3891/3891/3919
f 4113/4113/4140 4115/4115/4142 4108/4108/4135
f 4115/4115/4142 4106/4106/4133 4108/4108/4135
f 4117/4117/4144 4115/4115/4142 4118/4118/4145
f 3891/3891/3919 4118/4118/4145 4115/4115/4142
f 4096/4096/4123 4097/4097/4124 4120/4120/4147
f 4097/4097/4124 4854/4854/4932 4120/4120/4147
f 4119/4119/4146 4098/4098/4125 4096/4096/4123
f 4120/4120/4147 4252/4252/4280 4119/4119/4146
f 4252/4252/4280 4136/4136/4163 4119/4119/4146
f 4122/4122/4149 4119/4119/4146 4136/4136/4163
f 4121/4121/4148 3897/3897/3925 3890/3890/3918
f 4106/4106/4133 4129/4129/4156 4855/4855/4933
f 4129/4129/4156 4131/4131/4158 4855/4855/4933
f 4117/4117/4144 4118/4118/4145 4130/4130/4157
f 4130/4130/4157 4132/4132/4159 4129/4129/4156
f 4142/4142/4169 4132/4132/4159 4133/4133/4160
f 4132/4132/4159 4130/4130/4157 4133/4133/4160
f 4135/4135/4162 4137/4137/4164 4136/4136/4163
f 4137/4137/4164 4122/4122/4149 4136/4136/4163
f 4138/4138/4165 4135/4135/4162 4134/4134/4161
f 4139/4139/4166 4137/4137/4164 4138/4138/4165
f 4133/4133/4160 4143/4143/4170 4142/4142/4169
f 4144/4144/4171 4151/4151/4178 4143/4143/4170
f 4151/4151/4178 4145/4145/4172 4143/4143/4170
f 4151/4151/4178 4144/4144/4171 4149/4149/4176
f 4149/4149/4176 4144/4144/4171 3926/3926/3952
f 3905/3905/3933 3926/3926/3952 4144/4144/4171
f 4147/4147/4174 4139/4139/4166 4138/4138/4165
f 4283/4283/4311 4147/4147/4174 4138/4138/4165
f 4146/4146/4173 3907/3907/3935 4140/4140/4167
f 4155/4155/4182 4147/4147/4174 4283/4283/4311
f 4148/4148/4175 4147/4147/4174 4155/4155/4182
f 4146/4146/4173 3933/3933/3959 3907/3907/3935
f 4150/4150/4177 4856/4856/4934 4151/4151/4178
f 4150/4150/4177 4149/4149/4176 4152/4152/4179
f 3927/3927/3953 4149/4149/4176 3926/3926/3952
f 4150/4150/4177 4153/4153/4180 4856/4856/4934
f 4153/4153/4180 4152/4152/4179 4158/4158/4185
f 4158/4158/4185 4152/4152/4179 3951/3951/3978
f 3927/3927/3953 3930/3930/3956 4152/4152/4179
f 3930/3930/3956 3951/3951/3978 4152/4152/4179
f 4157/4157/4184 4148/4148/4175 4155/4155/4182
f 4148/4148/4175 3934/3934/3960 3933/3933/3959
f 4154/4154/4181 4148/4148/4175 4157/4157/4184
f 4156/4156/4183 4155/4155/4182 4857/4857/4935
f 4154/4154/4181 4157/4157/4184 4156/4156/4183
f 4154/4154/4181 3938/3938/3965 3934/3934/3960
f 4158/4158/4185 4160/4160/4187 4153/4153/4180
f 3950/3950/3977 4158/4158/4185 3951/3951/3978
f 4159/4159/4186 4312/4312/4340 4160/4160/4187
f 4312/4312/4340 4159/4159/4186 4164/4164/4191
f 3959/3959/3987 4164/4164/4191 3957/3957/3985
f 4164/4164/4191 4159/4159/4186 3957/3957/3985
f 3950/3950/3977 3957/3957/3985 4159/4159/4186
f 4163/4163/4190 4154/4154/4181 4156/4156/4183
f 4154/4154/4181 3968/3968/3997 3938/3938/3965
f 4161/4161/4188 4154/4154/4181 4163/4163/4190
f 4162/4162/4189 4156/4156/4183 4314/4314/4342
f 4161/4161/4188 4163/4163/4190 4162/4162/4189
f 4161/4161/4188 3971/3971/4000 3968/3968/3997
f 4164/4164/4191 4166/4166/4193 4312/4312/4340
f 3987/3987/4013 4164/4164/4191 3959/3959/3987
f 4165/4165/4192 4174/4174/4201 4166/4166/4193
f 4174/4174/4201 4165/4165/4192 4167/4167/4194
f 4169/4169/4196 4161/4161/4188 4162/4162/4189
f 4334/4334/4363 4169/4169/4196 4162/4162/4189
f 4168/4168/4195 3996/3996/4022 3971/3971/4000
f 4168/4168/4195 4169/4169/4196 4171/4171/4198
f 4170/4170/4197 4169/4169/4196 4334/4334/4363
f 4168/4168/4195 4172/4172/4199 3996/3996/4022
f 4167/4167/4194 4175/4175/4202 4174/4174/4201
f 4177/4177/4204 4173/4173/4200 4175/4175/4202
f 4178/4178/4205 4176/4176/4203 4002/4002/4028
f 3999/3999/4025 4002/4002/4028 4176/4176/4203
f 4170/4170/4197 4355/4355/4384 4180/4180/4207
f 4179/4179/4206 4171/4171/4198 4170/4170/4197
f 4181/4181/4208 4004/4004/4030 4172/4172/4199
f 4180/4180/4207 4858/4858/4936 4182/4182/4209
f 4858/4858/4936 4195/4195/4220 4182/4182/4209
f 4183/4183/4210 4179/4179/4206 4182/4182/4209
f 4181/4181/4208 4009/4009/4035 4004/4004/4030
f 4190/4190/4215 4177/4177/4204 4178/4178/4205
f 4177/4177/4937 4191/4191/4216 4361/4361/4391
f 4191/4191/4216 4362/4362/4392 4361/4361/4391
f 4190/4190/4215 4178/4178/4205 4192/4192/4217
f 4193/4193/4218 4859/4859/4938 4191/4191/4216
f 4859/4859/4938 4362/4362/4392 4191/4191/4216
f 4190/4190/4215 4192/4192/4217 4193/4193/4218
f 4008/4008/4034 4194/4194/4219 4192/4192/4217
f 4196/4196/4221 4195/4195/4220 4860/4860/4939
f 4356/4356/4386 4203/4203/4228 4200/4200/4225
f 4196/4196/4221 4183/4183/4210 4182/4182/4209
f 4197/4197/4222 4015/4015/4041 4009/4009/4035
f 4198/4198/4223 4206/4206/4231 4232/4232/4257
f 4201/4201/4226 4196/4196/4221 4861/4861/4940
f 4196/4196/4221 4862/4862/4941 4861/4861/4940
f 4207/4207/4232 4188/4188/4213 4210/4210/4235
f 4198/4198/4223 4200/4200/4225 4202/4202/4227
f 4206/4206/4231 4202/4202/4227 4209/4209/4234
f 4208/4208/4233 4230/4230/4255 4209/4209/4234
f 4212/4212/4237 4204/4204/4229 4194/4194/4219
f 4204/4204/4229 4193/4193/4218 4194/4194/4219
f 4214/4214/4239 4212/4212/4237 4215/4215/4240
f 4212/4212/4237 4194/4194/4219 4215/4215/4240
f 4012/4012/4038 4194/4194/4219 4008/4008/4034
f 4214/4214/4239 4218/4218/4243 4216/4216/4241
f 4863/4863/4942 4230/4230/4942 4208/4208/4942
f 4219/4219/4244 4218/4218/4243 4220/4220/4245
f 4012/4012/4038 4021/4021/4047 4215/4215/4240
f 4021/4021/4047 4220/4220/4245 4215/4215/4240
f 4016/4016/4042 4201/4201/4943 4221/4221/4246
f 4864/4864/4944 4232/4232/4257 4226/4226/4251
f 4034/4034/4060 4836/4836/4912 4224/4224/4249
f 4027/4027/4053 4018/4018/4044 4223/4223/4248
f 4228/4228/4253 4232/4232/4257 4206/4206/4231
f 4228/4228/4253 4227/4227/4252 4233/4233/4258
f 4231/4231/4256 4229/4229/4254 4209/4209/4234
f 4233/4233/4258 4227/4227/4252 4229/4229/4254
f 4233/4233/4258 4234/4234/4259 4226/4226/4251
f 4234/4234/4259 4224/4224/4249 4226/4226/4251
f 4034/4034/4060 4234/4234/4259 4236/4236/4261
f 4246/4246/4271 4236/4236/4261 4237/4237/4262
f 4229/4229/4254 4231/4231/4256 4237/4237/4262
f 4237/4237/4274 4865/4865/4945 4247/4247/4272
f 4239/4239/4264 4866/4866/4946 4219/4219/4244
f 4020/4020/4046 4239/4239/4264 4021/4021/4047
f 4239/4239/4264 4220/4220/4245 4021/4021/4047
f 4033/4033/4059 4034/4034/4060 4246/4246/4271
f 4034/4034/4060 4236/4236/4261 4246/4246/4271
f 4104/4104/4131 4250/4250/4278 4248/4248/4276
f 4250/4250/4278 4251/4251/4279 4248/4248/4276
f 4250/4250/4278 4101/4101/4128 4102/4102/4129
f 4101/4101/4128 4852/4852/4930 4102/4102/4129
f 4123/4123/4150 4125/4125/4152 4251/4251/4279
f 4125/4125/4152 4248/4248/4276 4251/4251/4279
f 4251/4251/4279 4102/4102/4129 4259/4259/4287
f 4254/4254/4282 4251/4251/4279 4259/4259/4287
f 4127/4127/4154 4126/4126/4153 4102/4102/4129
f 4126/4126/4153 4259/4259/4287 4102/4102/4129
f 4254/4254/4282 4256/4256/4284 4258/4258/4286
f 4131/4131/4158 4132/4132/4159 4867/4867/4947
f 4257/4257/4285 4260/4260/4288 4262/4262/4290
f 4253/4253/4281 4868/4868/4948 4136/4136/4163
f 4868/4868/4948 4134/4134/4161 4136/4136/4163
f 4274/4274/4302 4138/4138/4165 4275/4275/4303
f 4138/4138/4165 4134/4134/4161 4275/4275/4303
f 4256/4256/4284 4255/4255/4283 4266/4266/4294
f 4266/4266/4294 4255/4255/4283 4264/4264/4292
f 4265/4265/4293 4256/4256/4284 4267/4267/4295
f 4264/4264/4292 4257/4257/4285 4277/4277/4305
f 4271/4271/4299 4270/4270/4298 4269/4269/4297
f 4268/4268/4296 4264/4264/4292 4276/4276/4304
f 4266/4266/4294 4270/4270/4298 4267/4267/4295
f 4270/4270/4298 4869/4869/4949 4267/4267/4295
f 4263/4263/4291 4278/4278/4306 4257/4257/4285
f 4141/4141/4168 4870/4870/4950 4142/4142/4169
f 4279/4279/4307 4280/4280/4308 4277/4277/4305
f 4280/4280/4308 4276/4276/4304 4277/4277/4305
f 4292/4292/4320 4282/4282/4310 4145/4145/4172
f 4155/4155/4182 4283/4283/4311 4871/4871/4951
f 4871/4871/4951 4283/4283/4311 4872/4872/4952
f 4283/4283/4311 4284/4284/4312 4872/4872/4952
f 4287/4287/4315 4286/4286/4314 4268/4268/4296
f 4274/4274/4302 4873/4873/4953 4284/4284/4312
f 4271/4271/4299 4285/4285/4313 4290/4290/4318
f 4285/4285/4313 4289/4289/4317 4291/4291/4319
f 4289/4289/4317 4874/4874/4954 4291/4291/4319
f 4288/4288/4316 4286/4286/4314 4287/4287/4315
f 4287/4287/4315 4875/4875/4955 4288/4288/4316
f 4287/4287/4956 4276/4276/4304 4281/4281/4309
f 4856/4856/4934 4293/4293/4321 4151/4151/4178
f 4293/4293/4321 4145/4145/4172 4151/4151/4178
f 4876/4876/4957 4875/4875/4957 4287/4287/4957
f 4297/4297/4325 4296/4296/4324 4153/4153/4180
f 4856/4856/4934 4153/4153/4180 4293/4293/4321
f 4857/4857/4935 4155/4155/4182 4871/4871/4951
f 4857/4857/4935 4871/4871/4951 4877/4877/4958
f 4871/4871/4951 4878/4878/4959 4877/4877/4958
f 4156/4156/4183 4857/4857/4935 4879/4879/4960
f 4879/4879/4960 4857/4857/4935 4880/4880/4961
f 4857/4857/4935 4877/4877/4958 4880/4880/4961
f 4299/4299/4327 4300/4300/4328 4289/4289/4317
f 4300/4300/4328 4874/4874/4954 4289/4289/4317
f 4305/4305/4333 4298/4298/4326 4288/4288/4316
f 4288/4288/4316 4875/4875/4955 4305/4305/4333
f 4299/4299/4327 4303/4303/4331 4306/4306/4334
f 4303/4303/4331 4881/4881/4962 4306/4306/4334
f 4302/4302/4330 4298/4298/4326 4305/4305/4333
f 4305/4305/4963 4875/4875/4963 4882/4882/4963
f 4160/4160/4187 4307/4307/4335 4153/4153/4180
f 4883/4883/4964 4304/4304/4964 4305/4305/4965
f 4311/4311/4339 4310/4310/4338 4312/4312/4340
f 4160/4160/4187 4312/4312/4340 4307/4307/4335
f 4314/4314/4342 4156/4156/4183 4879/4879/4960
f 4314/4314/4342 4879/4879/4960 4315/4315/4343
f 4879/4879/4960 4884/4884/4966 4315/4315/4343
f 4317/4317/4345 4319/4319/4347 4303/4303/4331
f 4319/4319/4347 4881/4881/4962 4303/4303/4331
f 4318/4318/4346 4302/4302/4330 4304/4304/4332
f 4324/4324/4352 4323/4323/4351 4322/4322/4350
f 4321/4321/4349 4318/4318/4346 4326/4326/4354
f 4317/4317/4345 4323/4323/4351 4320/4320/4348
f 4885/4885/4967 4313/4313/4341 4315/4315/4343
f 4329/4329/4358 4886/4886/4968 4311/4311/4339
f 4327/4327/4355 4318/4318/4346 4328/4328/4357
f 4166/4166/4193 4329/4329/4358 4312/4312/4340
f 4329/4329/4358 4332/4332/4361 4886/4886/4968
f 4330/4330/4359 4326/4326/4354 4327/4327/4355
f 4349/4349/4378 4332/4332/4361 4174/4174/4201
f 4166/4166/4193 4174/4174/4201 4329/4329/4358
f 4313/4313/4341 4333/4333/4362 4162/4162/4189
f 4354/4354/4383 4170/4170/4197 4336/4336/4365
f 4170/4170/4197 4334/4334/4363 4336/4336/4365
f 4340/4340/4369 4337/4337/4366 4343/4343/4372
f 4337/4337/4366 4322/4322/4350 4343/4343/4372
f 4338/4338/4367 4321/4321/4349 4326/4326/4354
f 4343/4343/4372 4322/4322/4350 4338/4338/4367
f 4887/4887/4969 4324/4324/4352 4341/4341/4370
f 4324/4324/4352 4337/4337/4366 4341/4341/4370
f 4346/4346/4375 4340/4340/4369 4344/4344/4373
f 4344/4344/4373 4345/4345/4374 4346/4346/4375
f 4340/4340/4369 4348/4348/4377 4341/4341/4370
f 4343/4343/4372 4342/4342/4371 4345/4345/4374
f 4350/4350/4379 4342/4342/4371 4331/4331/4360
f 4342/4342/4371 4326/4326/4354 4331/4331/4360
f 4347/4347/4376 4346/4346/4375 4184/4184/4970
f 4358/4358/4388 4184/4184/4970 4346/4346/4375
f 4346/4346/4375 4345/4345/4374 4357/4357/4387
f 4888/4888/4971 4359/4359/4389 4345/4345/4374
f 4185/4185/4385 4184/4184/4970 4358/4358/4388
f 4358/4358/4388 4365/4365/4395 4203/4203/4228
f 4358/4358/4388 4357/4357/4387 4365/4365/4395
f 4365/4365/4395 4357/4357/4387 4188/4188/4213
f 4357/4357/4387 4189/4189/4214 4188/4188/4213
f 4202/4202/4227 4365/4365/4395 4207/4207/4232
# Vertices: 4888, normals: 4971, texture coordinates: 4888, faces: 8156

