# File generated by ImageToStl.com - Free Image and 3D model conversion tools

mtllib campus.mtl

o obj1
v -3367.70605469 -2391.59912109 0
v -3265.45483398 -2318.5625 0
v -3367.70629883 -2318.5625 0
v -3163.20336914 -2391.59912109 0
v -3265.45532227 -2391.59960938 0
v -3060.95166016 -2391.59936523 0
v -3163.20288086 -2318.5625 0
v -2958.69995117 -2318.56274414 0
v -3060.95117188 -2318.56225586 0
v -2958.69946289 -2391.59912109 0
v -2856.44824219 -2318.5625 0
v -2856.44824219 -2391.59960938 0
v -2754.19677734 -2318.56274414 0
v -2754.19628906 -2391.59936523 0
v -2651.94482422 -2318.5625 0
v -2549.69287109 -2391.59912109 0
v -2651.94482422 -2391.59960938 0
v -2447.44140625 -2318.5625 0
v -2549.69311523 -2318.5625 0
v -2345.18945312 -2391.59936523 0
v -2447.44116211 -2391.59960938 0
v -2242.93823242 -2318.56225586 0
v -2345.18945312 -2318.56225586 0
v -2242.93774414 -2391.59912109 0
v -2140.68652344 -2318.5625 0
v -2140.68603516 -2391.59936523 0
v -2038.43444824 -2318.56225586 0
v -2038.43444824 -2391.59936523 0
v -1936.1829834 -2318.5625 0
v -1936.18273926 -2391.59912109 0
v -1833.93139648 -2318.56225586 0
v -1731.67944336 -2391.59912109 0
v -1833.93139648 -2391.59936523 0
v -1629.42810059 -2391.59960938 0
v -1731.67944336 -2318.5625 0
v -1527.17626953 -2391.59912109 0
v -1629.42785645 -2318.56225586 0
v -1424.92492676 -2318.5625 0
v -1527.1763916 -2318.56274414 0
v -1424.92468262 -2391.59936523 0
v -1322.67297363 -2318.56225586 0
v -1322.67285156 -2391.59912109 0
v -1220.42114258 -2318.56225586 0
v -1220.42138672 -2391.59960938 0
v -1118.16992188 -2318.56274414 0
v -1118.16967773 -2391.59912109 0
v -1015.91809082 -2318.56225586 0
v -1015.91784668 -2391.59912109 0
v -913.66619873 -2318.56274414 0
v -811.41442871 -2391.59936523 0
v -913.66619873 -2391.59912109 0
v -709.16278076 -2391.59912109 0
v -811.41430664 -2318.5625 0
v -606.91137695 -2318.56225586 0
v -709.1630249 -2318.5625 0
v -504.65951538 -2391.59960938 0
v -606.91131592 -2391.59960938 0
v -402.40795898 -2391.59960938 0
v -504.65930176 -2318.5625 0
v -300.15621948 -2318.56274414 0
v -402.40795898 -2318.5625 0
v -197.9045105 -2391.59912109 0
v -300.15603638 -2391.59912109 0
v -95.65289307 -2318.56274414 0
v -197.90440369 -2318.5625 0
v -95.65290833 -2391.59912109 0
v 6.59885502 -2318.5625 0
v 108.85038757 -2391.59912109 0
v 6.5989337 -2391.59960938 0
v 211.10235596 -2318.56225586 0
v 108.85029602 -2318.5625 0
v 211.10229492 -2391.59936523 0
v 313.35391235 -2318.5625 0
v 415.60559082 -2391.59960938 0
v 313.35385132 -2391.59960938 0
v 517.85693359 -2391.59912109 0
v 415.60552979 -2318.5625 0
v 620.10882568 -2391.59912109 0
v 517.8571167 -2318.56274414 0
v 722.36053467 -2318.56274414 0
v 620.10888672 -2318.56225586 0
v 722.36047363 -2391.59912109 0
v 824.61206055 -2318.56225586 0
v 926.86376953 -2391.59912109 0
v 824.61230469 -2391.59960938 0
v 1029.11547852 -2318.56225586 0
v 926.86376953 -2318.56225586 0
v 1131.36694336 -2391.59912109 0
v 1029.11560059 -2391.59960938 0
v 1233.61865234 -2391.59936523 0
v 1131.36743164 -2318.56274414 0
v 1335.87023926 -2391.59887695 0
v 1233.61877441 -2318.56225586 0
v 1438.12207031 -2318.5625 0
v 1335.87036133 -2318.5625 0
v 1438.12207031 -2391.59936523 0
v 1540.37402344 -2318.5625 0
v 1540.37426758 -2391.59960938 0
v 1642.62561035 -2318.56225586 0
v 1744.87695312 -2391.59936523 0
v 1642.62585449 -2391.59960938 0
v 1847.12878418 -2391.59912109 0
v 1744.87756348 -2318.56274414 0
v 1949.38049316 -2391.59936523 0
v 1847.12890625 -2318.5625 0
v 2051.63208008 -2391.59960938 0
v 1949.38061523 -2318.5625 0
v 2153.88378906 -2391.59912109 0
v 2051.63232422 -2318.56274414 0
v 2256.13549805 -2318.5625 0
v 2153.8840332 -2318.5625 0
v 2358.38696289 -2391.59936523 0
v 2256.13574219 -2391.59936523 0
v 2460.63891602 -2391.59960938 0
v 2358.38769531 -2318.56274414 0
v 2562.890625 -2391.59912109 0
v 2460.63916016 -2318.5625 0
v 2665.14233398 -2318.5625 0
v 2562.890625 -2318.5625 0
v 2767.39379883 -2391.59912109 0
v 2665.14257812 -2391.59936523 0
v 2869.64575195 -2391.59960938 0
v 2767.39428711 -2318.56274414 0
v 2971.8972168 -2391.59912109 0
v 2869.64550781 -2318.5625 0
v -3265.45458984 -2245.52563477 0
v -3367.70678711 -2245.52563477 0
v -3163.20336914 -2245.52563477 0
v -3060.95117188 -2245.52539062 0
v -2958.69970703 -2245.52563477 0
v -2856.44799805 -2245.52539062 0
v -2754.1965332 -2245.52563477 0
v -2651.94482422 -2245.52563477 0
v -2549.69262695 -2245.52539062 0
v -2345.18969727 -2245.52563477 0
v -2447.44140625 -2245.52563477 0
v -2242.93798828 -2245.52563477 0
v -2140.6862793 -2245.52539062 0
v -1936.18334961 -2245.52563477 0
v -2038.43469238 -2245.52563477 0
v -1833.93139648 -2245.52563477 0
v -1731.67980957 -2245.52563477 0
v -1629.42822266 -2245.52563477 0
v -1527.1763916 -2245.52563477 0
v -1424.92480469 -2245.52563477 0
v -1322.67297363 -2245.52563477 0
v -1118.16967773 -2245.52563477 0
v -1220.42114258 -2245.52563477 0
v -913.66625977 -2245.52563477 0
v -1015.91741943 -2245.52514648 0
v -811.41473389 -2245.52563477 0
v -709.16271973 -2245.52539062 0
v -504.65957642 -2245.52539062 0
v -606.91125488 -2245.52563477 0
v -402.40783691 -2245.52563477 0
v -300.15603638 -2245.52563477 0
v -95.6530304 -2245.52563477 0
v -197.90473938 -2245.52563477 0
v 6.59875011 -2245.52563477 0
v 108.85047913 -2245.52563477 0
v 313.35375977 -2245.52539062 0
v 211.10202026 -2245.52539062 0
v 415.60568237 -2245.52563477 0
v 517.85723877 -2245.52563477 0
v 722.36047363 -2245.52539062 0
v 620.10864258 -2245.52539062 0
v 824.61193848 -2245.52563477 0
v 926.86425781 -2245.52563477 0
v 1131.36706543 -2245.52563477 0
v 1029.11572266 -2245.52563477 0
v 1233.61877441 -2245.52563477 0
v 1335.87072754 -2245.52563477 0
v 1438.12207031 -2245.52563477 0
v 1540.37402344 -2245.52563477 0
v 1744.87719727 -2245.52539062 0
v 1642.62561035 -2245.52563477 0
v 1847.12915039 -2245.52563477 0
v 2051.63232422 -2245.52563477 0
v 1949.38049316 -2245.52539062 0
v 2256.13574219 -2245.52563477 0
v 2153.88378906 -2245.52539062 0
v 2358.38745117 -2245.52563477 0
v 2460.63891602 -2245.52563477 0
v 2562.890625 -2245.52539062 0
v 2767.39404297 -2245.52563477 0
v 2665.14257812 -2245.52563477 0
v 2971.89746094 -2318.56274414 0
v 2869.64599609 -2245.52563477 0
v -3265.45483398 -2172.48852539 0
v -3367.70678711 -2172.48852539 0
v -3163.20288086 -2172.48828125 0
v -2958.69970703 -2172.48852539 0
v -3060.95141602 -2172.48828125 0
v -2856.44824219 -2172.48852539 0
v -2754.19677734 -2172.48852539 0
v -2651.94482422 -2172.48852539 0
v -2549.69311523 -2172.48852539 0
v -2447.44140625 -2172.48852539 0
v -2345.18969727 -2172.48828125 0
v -2242.9375 -2172.48828125 0
v -2038.43469238 -2172.48876953 0
v -2140.6862793 -2172.48852539 0
v -1936.18310547 -2172.48876953 0
v -1833.93103027 -2172.48828125 0
v -1731.67980957 -2172.48876953 0
v -1629.42785645 -2172.48876953 0
v -1424.92504883 -2172.48876953 0
v -1527.17614746 -2172.48828125 0
v -1322.67272949 -2172.48852539 0
v -1118.16955566 -2172.48852539 0
v -1220.42126465 -2172.48828125 0
v -1015.91821289 -2172.48852539 0
v -913.66619873 -2172.48852539 0
v -811.41461182 -2172.48876953 0
v -606.91131592 -2172.48852539 0
v -709.1630249 -2172.48876953 0
v -402.40802002 -2172.48876953 0
v -504.65966797 -2172.48852539 0
v -300.15618896 -2172.48876953 0
v -197.90455627 -2172.48852539 0
v -95.6529541 -2172.48876953 0
v 6.59897184 -2172.48901367 0
v 211.1020813 -2172.48876953 0
v 108.85028076 -2172.48852539 0
v 415.60552979 -2172.48876953 0
v 313.35397339 -2172.48876953 0
v 517.85717773 -2172.48876953 0
v 620.10894775 -2172.48852539 0
v 824.61206055 -2172.48852539 0
v 722.36053467 -2172.48828125 0
v 926.8637085 -2172.48852539 0
v 1029.11560059 -2172.48876953 0
v 1131.36706543 -2172.48828125 0
v 1335.87060547 -2172.48876953 0
v 1233.61901855 -2172.48852539 0
v 1540.37402344 -2172.48876953 0
v 1438.12207031 -2172.48828125 0
v 1642.62561035 -2172.48852539 0
v 1847.12890625 -2172.48876953 0
v 1744.87719727 -2172.48852539 0
v 2051.63232422 -2172.48852539 0
v 1949.38049316 -2172.48828125 0
v 2153.8840332 -2172.48852539 0
v 2358.38720703 -2172.48852539 0
v 2256.13549805 -2172.48828125 0
v 2460.63916016 -2172.48852539 0
v 2665.14208984 -2172.48828125 0
v 2562.890625 -2172.48852539 0
v 2767.39428711 -2172.48852539 0
v 2869.64550781 -2172.48852539 0
v 2971.8972168 -2172.48852539 0
v -3367.70605469 -2099.45166016 0
v -3265.45483398 -2099.45166016 0
v -3060.95166016 -2099.45166016 0
v -3163.20288086 -2099.45166016 0
v -2958.69995117 -2099.45166016 0
v -2856.44824219 -2099.4519043 0
v -2754.19628906 -2099.45166016 0
v -2549.69311523 -2099.45166016 0
v -2651.94506836 -2099.45166016 0
v -2447.44140625 -2099.4519043 0
v -2242.93798828 -2099.45166016 0
v -2345.18969727 -2099.45166016 0
v -2140.68579102 -2099.45166016 0
v -2038.43444824 -2099.4519043 0
v -1936.18310547 -2099.45166016 0
v -1731.68005371 -2099.45214844 0
v -1833.93115234 -2099.45166016 0
v -1629.42810059 -2099.4519043 0
v -1424.92492676 -2099.45166016 0
v -1527.17602539 -2099.45166016 0
v -1322.6730957 -2099.4519043 0
v -1118.1697998 -2099.45166016 0
v -1220.42126465 -2099.45166016 0
v -1015.91821289 -2099.4519043 0
v -811.41479492 -2099.45166016 0
v -913.66625977 -2099.45166016 0
v -709.1630249 -2099.45166016 0
v -606.91125488 -2099.4519043 0
v -504.65942383 -2099.45166016 0
v -300.15643311 -2099.45166016 0
v -402.40811157 -2099.45166016 0
v -197.90454102 -2099.4519043 0
v 6.59884357 -2099.45166016 0
v -95.65275574 -2099.45166016 0
v 108.85062408 -2099.4519043 0
v 313.3536377 -2099.45166016 0
v 211.10211182 -2099.4519043 0
v 415.60531616 -2099.45166016 0
v 517.8571167 -2099.45166016 0
v 620.10882568 -2099.4519043 0
v 824.61230469 -2099.45166016 0
v 722.3604126 -2099.45166016 0
v 1029.11547852 -2099.45166016 0
v 926.86376953 -2099.45166016 0
v 1233.61877441 -2099.4519043 0
v 1131.36694336 -2099.45166016 0
v 1335.87072754 -2099.45214844 0
v 1540.37365723 -2099.45166016 0
v 1438.12243652 -2099.4519043 0
v 1642.62536621 -2099.4519043 0
v 1744.87719727 -2099.4519043 0
v 1847.12890625 -2099.45166016 0
v 1949.38085938 -2099.45166016 0
v 2051.63232422 -2099.4519043 0
v 2153.8840332 -2099.45166016 0
v 2358.38696289 -2099.45166016 0
v 2256.13549805 -2099.45166016 0
v 2460.63891602 -2099.4519043 0
v 2562.89086914 -2099.45166016 0
v 2767.39379883 -2099.45166016 0
v 2665.14233398 -2099.45166016 0
v 2869.64575195 -2099.4519043 0
v -3265.45532227 -2026.41479492 0
v -3367.70678711 -2026.41491699 0
v -3163.20336914 -2026.41516113 0
v -3060.95141602 -2026.41479492 0
v -2958.69946289 -2026.41479492 0
v -2754.1965332 -2026.41491699 0
v -2856.44824219 -2026.41479492 0
v -2651.94482422 -2026.41491699 0
v -2549.69287109 -2026.41479492 0
v -2447.44116211 -2026.41455078 0
v -2345.18969727 -2026.41491699 0
v -2140.6862793 -2026.41491699 0
v -2242.93774414 -2026.41455078 0
v -2038.43481445 -2026.41455078 0
v -1936.18273926 -2026.41479492 0
v -1833.93115234 -2026.41479492 0
v -1731.67944336 -2026.41479492 0
v -1629.42773438 -2026.41455078 0
v -1424.92504883 -2026.41491699 0
v -1527.17626953 -2026.41479492 0
v -1220.42138672 -2026.41491699 0
v -1322.67297363 -2026.41455078 0
v -1118.16967773 -2026.41491699 0
v -1015.91809082 -2026.41491699 0
v -811.41479492 -2026.41491699 0
v -913.66638184 -2026.41491699 0
v -709.16290283 -2026.41479492 0
v -606.91119385 -2026.41479492 0
v -402.40795898 -2026.41491699 0
v -504.65957642 -2026.41479492 0
v -197.90463257 -2026.41491699 0
v -300.15618896 -2026.41479492 0
v 6.59891367 -2026.41491699 0
v -95.65287781 -2026.41479492 0
v 108.85031891 -2026.41479492 0
v 211.10220337 -2026.41491699 0
v 313.35388184 -2026.41479492 0
v 415.60559082 -2026.41491699 0
v 620.10888672 -2026.41491699 0
v 517.85705566 -2026.41455078 0
v 722.36083984 -2026.41491699 0
v 926.86376953 -2026.41479492 0
v 824.61193848 -2026.41479492 0
v 1029.11547852 -2026.41491699 0
v 1233.61877441 -2026.41479492 0
v 1131.36694336 -2026.41479492 0
v 1335.8704834 -2026.41491699 0
v 1438.12219238 -2026.41479492 0
v 1540.37365723 -2026.41479492 0
v 1642.62585449 -2026.41455078 0
v 1744.87719727 -2026.41491699 0
v 1949.38049316 -2026.41491699 0
v 1847.12890625 -2026.41479492 0
v 2051.63232422 -2026.41455078 0
v 2153.8840332 -2026.41479492 0
v 2256.13598633 -2026.41491699 0
v 2460.63916016 -2026.41491699 0
v 2358.38696289 -2026.41455078 0
v 2665.14257812 -2026.41479492 0
v 2562.89038086 -2026.41479492 0
v 2869.64575195 -2026.41479492 0
v 2767.39379883 -2026.41491699 0
v 2971.8972168 -2099.45166016 0
v -3367.70605469 -1953.37792969 0
v -3265.45483398 -1953.37780762 0
v -3163.20288086 -1953.37756348 0
v -2958.69995117 -1953.37792969 0
v -3060.95166016 -1953.37792969 0
v -2856.44799805 -1953.37780762 0
v -2651.94482422 -1953.37792969 0
v -2754.1965332 -1953.37780762 0
v -2549.69311523 -1953.37780762 0
v -2447.44165039 -1953.37817383 0
v -2345.18969727 -1953.37780762 0
v -2140.6862793 -1953.37792969 0
v -2242.93774414 -1953.37792969 0
v -1936.1829834 -1953.37792969 0
v -2038.43469238 -1953.37817383 0
v -1731.67944336 -1953.37792969 0
v -1833.93115234 -1953.37756348 0
v -1527.17614746 -1953.37780762 0
v -1629.42785645 -1953.37780762 0
v -1424.92443848 -1953.37780762 0
v -1220.42126465 -1953.37792969 0
v -1322.6730957 -1953.37792969 0
v -1118.16967773 -1953.37792969 0
v -1015.91802979 -1953.37792969 0
v -913.66619873 -1953.37792969 0
v -811.41455078 -1953.37780762 0
v -709.16290283 -1953.37780762 0
v -606.91101074 -1953.37792969 0
v -504.65957642 -1953.37792969 0
v -300.15634155 -1953.37780762 0
v -402.40783691 -1953.37744141 0
v -197.90440369 -1953.37792969 0
v -95.65294647 -1953.37792969 0
v 6.59893703 -1953.37756348 0
v 108.85049438 -1953.37792969 0
v 211.10229492 -1953.37792969 0
v 415.60543823 -1953.37780762 0
v 313.35375977 -1953.37780762 0
v 620.10888672 -1953.37792969 0
v 517.8571167 -1953.37792969 0
v 722.36029053 -1953.37780762 0
v 824.61224365 -1953.37792969 0
v 1029.11535645 -1953.37792969 0
v 926.8638916 -1953.37780762 0
v 1131.3671875 -1953.37780762 0
v 1335.87036133 -1953.37792969 0
v 1233.61877441 -1953.37792969 0
v 1438.12194824 -1953.37780762 0
v 1540.37365723 -1953.37792969 0
v 1642.62561035 -1953.37792969 0
v 1744.87719727 -1953.37780762 0
v 1949.38024902 -1953.37780762 0
v 1847.12890625 -1953.37792969 0
v 2051.63232422 -1953.37792969 0
v 2153.8840332 -1953.37780762 0
v 2256.13549805 -1953.37780762 0
v 2358.38769531 -1953.37780762 0
v 2562.890625 -1953.37817383 0
v 2460.63891602 -1953.37792969 0
v 2767.39379883 -1953.37756348 0
v 2665.14233398 -1953.37792969 0
v 2869.64575195 -1953.37792969 0
v 2971.89697266 -1953.37780762 0
v -3265.45483398 -1880.34094238 0
v -3367.70629883 -1880.34094238 0
v -3163.20288086 -1880.34094238 0
v -2958.70019531 -1880.34118652 0
v -3060.95141602 -1880.34082031 0
v -2856.44799805 -1880.34094238 0
v -2651.94506836 -1880.34094238 0
v -2754.19628906 -1880.34082031 0
v -2549.69287109 -1880.34082031 0
v -2447.44116211 -1880.34094238 0
v -2242.93798828 -1880.34094238 0
v -2345.18969727 -1880.34094238 0
v -2140.68603516 -1880.34082031 0
v -2038.43432617 -1880.34094238 0
v -1936.1829834 -1880.34118652 0
v -1731.67944336 -1880.34118652 0
v -1833.93115234 -1880.34094238 0
v -1629.42822266 -1880.34130859 0
v -1527.17626953 -1880.34118652 0
v -1424.92492676 -1880.34130859 0
v -1322.67321777 -1880.34118652 0
v -1220.42126465 -1880.34094238 0
v -1118.16955566 -1880.34094238 0
v -913.66644287 -1880.34094238 0
v -1015.91790771 -1880.34094238 0
v -811.41461182 -1880.34094238 0
v -709.16308594 -1880.34094238 0
v -606.91125488 -1880.34094238 0
v -504.65948486 -1880.34094238 0
v -300.15618896 -1880.34094238 0
v -402.40792847 -1880.34082031 0
v -197.90449524 -1880.34118652 0
v -95.65283966 -1880.34094238 0
v 108.85050201 -1880.34094238 0
v 6.59890175 -1880.34082031 0
v 211.10217285 -1880.34094238 0
v 415.60540771 -1880.34094238 0
v 313.35369873 -1880.34082031 0
v 517.8572998 -1880.34094238 0
v 620.10882568 -1880.34094238 0
v 722.36029053 -1880.34094238 0
v 824.61242676 -1880.34094238 0
v 926.86407471 -1880.34118652 0
v 1029.11547852 -1880.34118652 0
v 1131.36730957 -1880.34094238 0
v 1233.61889648 -1880.34118652 0
v 1335.87060547 -1880.34118652 0
v 1438.12231445 -1880.34118652 0
v 1540.37402344 -1880.34118652 0
v 1744.87695312 -1880.34094238 0
v 1642.62561035 -1880.34094238 0
v 1847.12890625 -1880.34094238 0
v 2051.63232422 -1880.34118652 0
v 1949.38049316 -1880.34082031 0
v 2153.88378906 -1880.34094238 0
v 2256.13574219 -1880.34094238 0
v 2460.63891602 -1880.34094238 0
v 2358.38745117 -1880.34094238 0
v 2562.890625 -1880.34094238 0
v 2665.14257812 -1880.34094238 0
v 2767.39404297 -1880.34094238 0
v 2869.64575195 -1880.34094238 0
v -3265.45532227 -1807.30432129 0
v -3367.70629883 -1807.30395508 0
v -3163.20336914 -1807.30419922 0
v -3060.95141602 -1807.30395508 0
v -2958.69970703 -1807.30395508 0
v -2754.1965332 -1807.30419922 0
v -2856.44824219 -1807.30419922 0
v -2651.94433594 -1807.30395508 0
v -2447.44116211 -1807.30395508 0
v -2549.69311523 -1807.30419922 0
v -2345.19018555 -1807.30419922 0
v -2242.93823242 -1807.30395508 0
v -2140.6862793 -1807.30395508 0
v -2038.43469238 -1807.30395508 0
v -1936.18334961 -1807.30432129 0
v -1731.67980957 -1807.30419922 0
v -1833.93103027 -1807.30395508 0
v -1629.42773438 -1807.30395508 0
v -1527.17626953 -1807.30395508 0
v -1424.92456055 -1807.30395508 0
v -1322.67272949 -1807.30395508 0
v -1118.16967773 -1807.30419922 0
v -1220.42126465 -1807.30383301 0
v -1015.91802979 -1807.30419922 0
v -913.66625977 -1807.30395508 0
v -709.16296387 -1807.30419922 0
v -811.41461182 -1807.30395508 0
v -504.65966797 -1807.30395508 0
v -606.91113281 -1807.30395508 0
v -402.40802002 -1807.30419922 0
v -197.90467834 -1807.30395508 0
v -300.15612793 -1807.30395508 0
v -95.65286255 -1807.30395508 0
v 6.59880877 -1807.30419922 0
v 108.85054779 -1807.30395508 0
v 313.3538208 -1807.30419922 0
v 211.10212708 -1807.30395508 0
v 415.60565186 -1807.30419922 0
v 620.10882568 -1807.30419922 0
v 517.85717773 -1807.30395508 0
v 722.3604126 -1807.30419922 0
v 926.86395264 -1807.30395508 0
v 824.61212158 -1807.30395508 0
v 1029.11547852 -1807.30395508 0
v 1233.61877441 -1807.30419922 0
v 1131.36730957 -1807.30395508 0
v 1335.87036133 -1807.30419922 0
v 1438.12219238 -1807.30419922 0
v 1540.37414551 -1807.30419922 0
v 1744.87731934 -1807.30419922 0
v 1642.62536621 -1807.30395508 0
v 1847.12927246 -1807.30395508 0
v 2051.63232422 -1807.30395508 0
v 1949.38049316 -1807.30395508 0
v 2153.8840332 -1807.30419922 0
v 2358.38745117 -1807.30395508 0
v 2256.13549805 -1807.30395508 0
v 2460.63916016 -1807.30419922 0
v 2562.890625 -1807.30395508 0
v 2665.14257812 -1807.30395508 0
v 2767.39404297 -1807.30395508 0
v 2971.89746094 -1880.34094238 0
v 2869.64599609 -1807.30432129 0
v -3367.70629883 -1734.26721191 0
v -3265.45483398 -1734.2668457 0
v -3163.20336914 -1734.26721191 0
v -2958.69970703 -1734.26721191 0
v -3060.95166016 -1734.26696777 0
v -2754.19677734 -1734.26721191 0
v -2856.44799805 -1734.26696777 0
v -2651.94506836 -1734.26721191 0
v -2549.69311523 -1734.26721191 0
v -2447.44116211 -1734.2668457 0
v -2345.18969727 -1734.26696777 0
v -2242.93798828 -1734.26696777 0
v -2140.6862793 -1734.26721191 0
v -1936.18310547 -1734.26696777 0
v -2038.43469238 -1734.26696777 0
v -1833.93139648 -1734.26721191 0
v -1731.68005371 -1734.26696777 0
v -1629.42785645 -1734.26721191 0
v -1424.92468262 -1734.26721191 0
v -1527.17626953 -1734.26696777 0
v -1322.67285156 -1734.26696777 0
v -1220.42126465 -1734.26721191 0
v -1118.1697998 -1734.26721191 0
v -1015.91809082 -1734.26721191 0
v -811.41473389 -1734.26721191 0
v -913.66607666 -1734.26696777 0
v -709.16278076 -1734.26696777 0
v -504.65957642 -1734.26721191 0
v -606.91131592 -1734.26696777 0
v -402.40783691 -1734.26696777 0
v -300.15621948 -1734.26721191 0
v -95.65297699 -1734.26721191 0
v -197.90449524 -1734.26696777 0
v 6.59871531 -1734.26696777 0
v 108.85057068 -1734.26721191 0
v 313.35369873 -1734.26696777 0
v 211.10220337 -1734.26696777 0
v 415.60534668 -1734.26721191 0
v 517.8572998 -1734.26721191 0
v 620.10888672 -1734.26696777 0
v 722.36065674 -1734.26696777 0
v 824.61212158 -1734.26721191 0
v 1029.11547852 -1734.26696777 0
v 926.86376953 -1734.26696777 0
v 1131.36706543 -1734.26696777 0
v 1233.61877441 -1734.26721191 0
v 1438.12207031 -1734.26721191 0
v 1335.87060547 -1734.26696777 0
v 1540.37390137 -1734.26696777 0
v 1744.87695312 -1734.26721191 0
v 1642.62536621 -1734.2668457 0
v 1847.12890625 -1734.26721191 0
v 1949.38061523 -1734.26696777 0
v 2051.63208008 -1734.26696777 0
v 2153.8840332 -1734.26696777 0
v 2256.13574219 -1734.26696777 0
v 2460.63891602 -1734.2668457 0
v 2358.38745117 -1734.26721191 0
v 2562.890625 -1734.26733398 0
v 2665.14257812 -1734.26721191 0
v 2767.39428711 -1734.26721191 0
v 2971.8972168 -1807.30383301 0
v 2869.64599609 -1734.26696777 0
v -3367.70629883 -1661.23034668 0
v -3163.20336914 -1661.23022461 0
v -3265.45483398 -1661.22998047 0
v -2958.69995117 -1661.23022461 0
v -3060.95166016 -1661.22998047 0
v -2856.44824219 -1661.23022461 0
v -2754.19677734 -1661.22998047 0
v -2651.94506836 -1661.23022461 0
v -2447.44165039 -1661.23022461 0
v -2549.69311523 -1661.23022461 0
v -2345.18945312 -1661.23022461 0
v -2242.93774414 -1661.22998047 0
v -2038.43481445 -1661.23034668 0
v -2140.6862793 -1661.22998047 0
v -1936.18310547 -1661.23034668 0
v -1833.93115234 -1661.23022461 0
v -1629.42810059 -1661.23034668 0
v -1731.67980957 -1661.22998047 0
v -1527.17626953 -1661.23022461 0
v -1424.92443848 -1661.23022461 0
v -1220.42126465 -1661.23034668 0
v -1322.67321777 -1661.23022461 0
v -1118.16943359 -1661.23022461 0
v -1015.91821289 -1661.23034668 0
v -811.41461182 -1661.23022461 0
v -913.66619873 -1661.23022461 0
v -606.91125488 -1661.22998047 0
v -709.16296387 -1661.22998047 0
v -504.65975952 -1661.23022461 0
v -402.40786743 -1661.23022461 0
v -300.15621948 -1661.23022461 0
v -95.65281677 -1661.23022461 0
v -197.90455627 -1661.23022461 0
v 108.8505249 -1661.23022461 0
v 6.59855175 -1661.23022461 0
v 211.10217285 -1661.23022461 0
v 313.35379028 -1661.22998047 0
v 415.60574341 -1661.23034668 0
v 620.10888672 -1661.23034668 0
v 517.8572998 -1661.22998047 0
v 824.61224365 -1661.23034668 0
v 722.36065674 -1661.23034668 0
v 1029.11523438 -1661.23022461 0
v 926.8638916 -1661.22998047 0
v 1131.36730957 -1661.23034668 0
v 1233.61877441 -1661.22998047 0
v 1438.12194824 -1661.23022461 0
v 1335.87072754 -1661.22998047 0
v 1540.37414551 -1661.23034668 0
v 1642.62561035 -1661.23022461 0
v 1744.87731934 -1661.23022461 0
v 1949.38061523 -1661.23022461 0
v 1847.12890625 -1661.2298584 0
v 2051.63232422 -1661.23022461 0
v 2256.13574219 -1661.22998047 0
v 2153.88378906 -1661.22998047 0
v 2358.38720703 -1661.22998047 0
v 2562.890625 -1661.23022461 0
v 2460.63916016 -1661.23022461 0
v 2767.39428711 -1661.23022461 0
v 2665.14233398 -1661.22998047 0
v 2869.64550781 -1661.22998047 0
v 2971.8972168 -1661.23022461 0
v -3367.70629883 -1588.19299316 0
v -3163.20361328 -1588.19335938 0
v -3265.45483398 -1588.1932373 0
v -3060.95166016 -1588.19335938 0
v -2958.69970703 -1588.1932373 0
v -2856.44799805 -1588.1932373 0
v -2754.19628906 -1588.1932373 0
v -2651.94506836 -1588.1932373 0
v -2549.69311523 -1588.1932373 0
v -2447.44140625 -1588.19335938 0
v -2242.93847656 -1588.19360352 0
v -2345.18969727 -1588.19335938 0
v -2140.68652344 -1588.19335938 0
v -2038.43505859 -1588.19360352 0
v -1936.18310547 -1588.1932373 0
v -1833.93115234 -1588.1932373 0
v -1731.6796875 -1588.19335938 0
v -1629.42785645 -1588.1932373 0
v -1424.92492676 -1588.1932373 0
v -1527.17626953 -1588.1932373 0
v -1322.67297363 -1588.19335938 0
v -1220.42089844 -1588.1932373 0
v -1118.16943359 -1588.1932373 0
v -1015.91802979 -1588.1932373 0
v -811.41473389 -1588.1932373 0
v -913.66625977 -1588.1932373 0
v -709.16290283 -1588.19335938 0
v -606.91101074 -1588.1932373 0
v -504.65963745 -1588.1932373 0
v -402.40786743 -1588.1932373 0
v -300.15621948 -1588.1932373 0
v -95.65279388 -1588.19360352 0
v -197.9045105 -1588.19335938 0
v 6.5987854 -1588.1932373 0
v 211.10203552 -1588.1932373 0
v 108.85047913 -1588.1932373 0
v 415.60565186 -1588.1932373 0
v 313.35394287 -1588.1932373 0
v 620.10894775 -1588.1932373 0
v 517.8571167 -1588.1932373 0
v 722.3604126 -1588.1932373 0
v 824.61206055 -1588.1932373 0
v 926.8637085 -1588.1932373 0
v 1029.11547852 -1588.19335938 0
v 1131.36743164 -1588.1932373 0
v 1233.61914062 -1588.1932373 0
v 1438.12207031 -1588.1932373 0
v 1335.87072754 -1588.1932373 0
v 1540.37402344 -1588.1932373 0
v 1642.62585449 -1588.19335938 0
v 1744.87719727 -1588.19335938 0
v 1847.12915039 -1588.19335938 0
v 1949.38085938 -1588.19335938 0
v 2051.63232422 -1588.1932373 0
v 2153.8840332 -1588.1932373 0
v 2256.13598633 -1588.1932373 0
v 2460.63891602 -1588.19335938 0
v 2358.38745117 -1588.1932373 0
v 2562.89086914 -1588.19335938 0
v 2767.39428711 -1588.19335938 0
v 2665.14208984 -1588.19299316 0
v 2869.64575195 -1588.1932373 0
v -3265.45532227 -1515.15637207 0
v -3367.70678711 -1515.15649414 0
v -3163.20336914 -1515.15637207 0
v -3060.95141602 -1515.15625 0
v -2958.69970703 -1515.15637207 0
v -2856.44799805 -1515.15612793 0
v -2754.19604492 -1515.15625 0
v -2651.94458008 -1515.15612793 0
v -2447.44140625 -1515.15625 0
v -2549.69311523 -1515.15612793 0
v -2345.18969727 -1515.15673828 0
v -2242.93798828 -1515.15637207 0
v -2140.68603516 -1515.15637207 0
v -2038.43469238 -1515.15637207 0
v -1936.18310547 -1515.15637207 0
v -1731.6796875 -1515.15637207 0
v -1833.93115234 -1515.15625 0
v -1629.42810059 -1515.15649414 0
v -1527.17626953 -1515.15637207 0
v -1424.92456055 -1515.15637207 0
v -1220.42126465 -1515.15637207 0
v -1322.67285156 -1515.15625 0
v -1118.16943359 -1515.15625 0
v -1015.91802979 -1515.15637207 0
v -913.66619873 -1515.15637207 0
v -811.41473389 -1515.15637207 0
v -606.91131592 -1515.15637207 0
v -709.16278076 -1515.15625 0
v -504.65951538 -1515.15673828 0
v -402.40774536 -1515.15625 0
v -197.90454102 -1515.15637207 0
v -300.15621948 -1515.15625 0
v -95.65281677 -1515.15625 0
v 108.85057068 -1515.15661621 0
v 6.59871531 -1515.15637207 0
v 313.35369873 -1515.15625 0
v 211.10215759 -1515.15625 0
v 415.60559082 -1515.15649414 0
v 517.85717773 -1515.15637207 0
v 722.36053467 -1515.15637207 0
v 620.10882568 -1515.15625 0
v 824.61206055 -1515.15625 0
v 1029.11535645 -1515.15637207 0
v 926.8637085 -1515.15625 0
v 1131.36706543 -1515.15637207 0
v 1233.61877441 -1515.15637207 0
v 1335.87060547 -1515.15625 0
v 1438.12219238 -1515.15649414 0
v 1540.37365723 -1515.15625 0
v 1642.62585449 -1515.15637207 0
v 1744.87695312 -1515.15637207 0
v 1847.12915039 -1515.15661621 0
v 1949.38085938 -1515.15637207 0
v 2153.8840332 -1515.15637207 0
v 2051.63232422 -1515.15625 0
v 2256.13574219 -1515.15625 0
v 2358.38696289 -1515.15600586 0
v 2460.63891602 -1515.15625 0
v 2562.890625 -1515.15625 0
v 2767.39379883 -1515.15600586 0
v 2665.14257812 -1515.15625 0
v 2869.64575195 -1515.15637207 0
v 2971.8972168 -1515.15625 0
v -3367.70629883 -1442.11938477 0
v -3265.45483398 -1442.11938477 0
v -3163.20288086 -1442.11914062 0
v -2958.69995117 -1442.11938477 0
v -3060.95141602 -1442.1192627 0
v -2856.44824219 -1442.11938477 0
v -2754.19628906 -1442.11938477 0
v -2651.94458008 -1442.11938477 0
v -2549.69287109 -1442.11938477 0
v -2345.18969727 -1442.11975098 0
v -2447.44116211 -1442.11938477 0
v -2140.6862793 -1442.11950684 0
v -2242.93823242 -1442.11950684 0
v -2038.43481445 -1442.11950684 0
v -1936.1829834 -1442.11938477 0
v -1731.67980957 -1442.11938477 0
v -1833.93115234 -1442.11938477 0
v -1629.42822266 -1442.11938477 0
v -1527.17626953 -1442.11938477 0
v -1424.92456055 -1442.1192627 0
v -1220.42126465 -1442.11938477 0
v -1322.67285156 -1442.11938477 0
v -1118.16967773 -1442.11962891 0
v -1015.91784668 -1442.11938477 0
v -811.41461182 -1442.11950684 0
v -913.66625977 -1442.11938477 0
v -606.91119385 -1442.11938477 0
v -709.16296387 -1442.11938477 0
v -504.65966797 -1442.11938477 0
v -402.40808105 -1442.11938477 0
v -300.15631104 -1442.11938477 0
v -197.90458679 -1442.11962891 0
v -95.65279388 -1442.11938477 0
v 108.8505249 -1442.11938477 0
v 6.59885502 -1442.11938477 0
v 211.10211182 -1442.11938477 0
v 415.60552979 -1442.11962891 0
v 313.35391235 -1442.11950684 0
v 517.85717773 -1442.11938477 0
v 722.36047363 -1442.11962891 0
v 620.10900879 -1442.1192627 0
v 824.61224365 -1442.11938477 0
v 1029.11535645 -1442.11938477 0
v 926.86358643 -1442.11938477 0
v 1131.36706543 -1442.11938477 0
v 1233.61877441 -1442.11938477 0
v 1438.12231445 -1442.11950684 0
v 1335.87060547 -1442.1192627 0
v 1642.62536621 -1442.11938477 0
v 1540.37402344 -1442.1192627 0
v 1744.87719727 -1442.11950684 0
v 1847.12890625 -1442.11962891 0
v 1949.38061523 -1442.11938477 0
v 2051.63208008 -1442.11938477 0
v 2153.88378906 -1442.11938477 0
v 2256.13574219 -1442.11938477 0
v 2358.38769531 -1442.11962891 0
v 2460.6394043 -1442.1192627 0
v 2562.890625 -1442.11938477 0
v 2665.14257812 -1442.11938477 0
v 2767.39404297 -1442.11938477 0
v 2869.64575195 -1442.11938477 0
v -3367.70629883 -1369.0826416 0
v -3163.20336914 -1369.0826416 0
v -3265.45458984 -1369.08239746 0
v -3060.95166016 -1369.0826416 0
v -2856.44824219 -1369.08288574 0
v -2958.69970703 -1369.08239746 0
v -2651.94506836 -1369.08251953 0
v -2754.19628906 -1369.08239746 0
v -2549.69311523 -1369.0826416 0
v -2447.44116211 -1369.0826416 0
v -2345.18994141 -1369.0826416 0
v -2242.93798828 -1369.0826416 0
v -2038.43469238 -1369.08276367 0
v -2140.6862793 -1369.08239746 0
v -1833.93139648 -1369.0826416 0
v -1936.18310547 -1369.0826416 0
v -1731.6796875 -1369.08239746 0
v -1629.42773438 -1369.08239746 0
v -1527.17626953 -1369.08288574 0
v -1322.6730957 -1369.08239746 0
v -1424.92480469 -1369.0826416 0
v -1220.42102051 -1369.08239746 0
v -1118.16955566 -1369.08239746 0
v -1015.91790771 -1369.0826416 0
v -811.41479492 -1369.08288574 0
v -913.66625977 -1369.08239746 0
v -606.91125488 -1369.08251953 0
v -709.16290283 -1369.08239746 0
v -504.65948486 -1369.08239746 0
v -402.40774536 -1369.0826416 0
v -197.9045105 -1369.0826416 0
v -300.15625 -1369.08239746 0
v 6.59876204 -1369.08239746 0
v -95.65286255 -1369.08239746 0
v 108.85047913 -1369.08251953 0
v 211.10221863 -1369.0826416 0
v 415.60565186 -1369.08239746 0
v 313.35379028 -1369.08239746 0
v 620.10882568 -1369.08276367 0
v 517.8572998 -1369.08251953 0
v 722.36047363 -1369.08239746 0
v 824.61206055 -1369.08239746 0
v 926.86395264 -1369.08288574 0
v 1029.11572266 -1369.0826416 0
v 1131.36730957 -1369.08251953 0
v 1233.61877441 -1369.08276367 0
v 1438.12231445 -1369.0826416 0
v 1335.87060547 -1369.0826416 0
v 1642.62561035 -1369.0826416 0
v 1540.3737793 -1369.08239746 0
v 1847.12890625 -1369.08251953 0
v 1744.87719727 -1369.08239746 0
v 1949.38061523 -1369.08288574 0
v 2051.63232422 -1369.0826416 0
v 2153.88378906 -1369.08239746 0
v 2256.13598633 -1369.0826416 0
v 2358.38769531 -1369.0826416 0
v 2562.890625 -1369.0826416 0
v 2460.63916016 -1369.0826416 0
v 2767.39379883 -1369.08239746 0
v 2665.14257812 -1369.08239746 0
v 2869.64599609 -1369.0826416 0
v 2971.8972168 -1442.11938477 0
v -3265.45483398 -1296.0456543 0
v -3367.70629883 -1296.04541016 0
v -3163.20336914 -1296.0456543 0
v -3060.95117188 -1296.04553223 0
v -2856.44848633 -1296.04577637 0
v -2958.70019531 -1296.04577637 0
v -2754.19604492 -1296.04553223 0
v -2651.94433594 -1296.04553223 0
v -2447.44140625 -1296.04541016 0
v -2549.69335938 -1296.0456543 0
v -2345.18945312 -1296.04541016 0
v -2242.93823242 -1296.0456543 0
v -2038.43444824 -1296.04541016 0
v -2140.6862793 -1296.04541016 0
v -1936.18334961 -1296.04541016 0
v -1833.93115234 -1296.04541016 0
v -1629.42810059 -1296.0456543 0
v -1731.67944336 -1296.04541016 0
v -1527.17626953 -1296.04541016 0
v -1424.92456055 -1296.04553223 0
v -1322.6730957 -1296.04589844 0
v -1118.16955566 -1296.04577637 0
v -1220.42126465 -1296.04541016 0
v -1015.91809082 -1296.04541016 0
v -811.41455078 -1296.0456543 0
v -913.66625977 -1296.04541016 0
v -709.16296387 -1296.0456543 0
v -606.91125488 -1296.04541016 0
v -402.40808105 -1296.04541016 0
v -504.65951538 -1296.04541016 0
v -300.15640259 -1296.04541016 0
v -197.90437317 -1296.04541016 0
v -95.65293121 -1296.0456543 0
v 6.59890175 -1296.04541016 0
v 211.10202026 -1296.04553223 0
v 108.85045624 -1296.04541016 0
v 313.35366821 -1296.04553223 0
v 415.60559082 -1296.04553223 0
v 517.8571167 -1296.04553223 0
v 620.10888672 -1296.04553223 0
v 722.36053467 -1296.0456543 0
v 926.8638916 -1296.04589844 0
v 824.61206055 -1296.04541016 0
v 1131.36694336 -1296.0456543 0
v 1029.11535645 -1296.04541016 0
v 1233.61877441 -1296.04541016 0
v 1335.87036133 -1296.04541016 0
v 1438.12207031 -1296.04541016 0
v 1642.62536621 -1296.04541016 0
v 1540.37402344 -1296.04541016 0
v 1744.87719727 -1296.04577637 0
v 1949.38049316 -1296.04577637 0
v 1847.12890625 -1296.04553223 0
v 2051.63232422 -1296.04553223 0
v 2256.13549805 -1296.0456543 0
v 2153.8840332 -1296.04589844 0
v 2358.38696289 -1296.04541016 0
v 2460.63891602 -1296.0456543 0
v 2562.890625 -1296.0456543 0
v 2665.14208984 -1296.04541016 0
v 2767.39428711 -1296.0456543 0
v 2869.64550781 -1296.0456543 0
v 2971.8972168 -1296.0456543 0
v -3367.70629883 -1223.00891113 0
v -3163.20336914 -1223.00891113 0
v -3265.45483398 -1223.00854492 0
v -3060.95166016 -1223.00866699 0
v -2958.70019531 -1223.00878906 0
v -2856.44799805 -1223.00866699 0
v -2651.94482422 -1223.00854492 0
v -2754.19628906 -1223.00854492 0
v -2549.69311523 -1223.00878906 0
v -2345.18945312 -1223.00854492 0
v -2447.44165039 -1223.00866699 0
v -2242.93823242 -1223.00878906 0
v -2140.68579102 -1223.00854492 0
v -1936.18334961 -1223.00878906 0
v -2038.43469238 -1223.00854492 0
v -1731.67980957 -1223.00878906 0
v -1833.93115234 -1223.00854492 0
v -1629.42773438 -1223.00866699 0
v -1424.92456055 -1223.00854492 0
v -1527.17651367 -1223.00878906 0
v -1322.67285156 -1223.00891113 0
v -1118.1697998 -1223.00854492 0
v -1220.42126465 -1223.00878906 0
v -1015.91827393 -1223.00866699 0
v -913.66644287 -1223.00878906 0
v -811.41455078 -1223.00891113 0
v -709.1628418 -1223.00854492 0
v -504.65939331 -1223.00891113 0
v -606.91125488 -1223.00854492 0
v -402.40802002 -1223.00878906 0
v -197.90458679 -1223.00891113 0
v -300.15628052 -1223.00878906 0
v -95.65265656 -1223.00878906 0
v 108.85041046 -1223.0090332 0
v 6.59876204 -1223.00878906 0
v 211.10220337 -1223.00854492 0
v 415.60549927 -1223.00891113 0
v 313.35379028 -1223.00878906 0
v 517.85736084 -1223.00878906 0
v 722.36047363 -1223.00866699 0
v 620.10894775 -1223.00854492 0
v 926.8637085 -1223.00866699 0
v 824.61206055 -1223.00854492 0
v 1131.36730957 -1223.00891113 0
v 1029.11547852 -1223.00842285 0
v 1233.61877441 -1223.00866699 0
v 1335.87036133 -1223.00866699 0
v 1438.12231445 -1223.00891113 0
v 1540.37402344 -1223.00891113 0
v 1642.62585449 -1223.00842285 0
v 1744.87719727 -1223.00842285 0
v 1847.12927246 -1223.00878906 0
v 1949.38049316 -1223.00842285 0
v 2153.8840332 -1223.00878906 0
v 2051.63256836 -1223.00866699 0
v 2256.13549805 -1223.00891113 0
v 2358.38720703 -1223.00842285 0
v 2562.89086914 -1223.0090332 0
v 2460.63891602 -1223.00854492 0
v 2767.39379883 -1223.00891113 0
v 2665.14233398 -1223.00878906 0
v 2869.64550781 -1223.00866699 0
v -3265.45532227 -1149.97180176 0
v -3367.70629883 -1149.97167969 0
v -3163.20288086 -1149.97180176 0
v -3060.95141602 -1149.97192383 0
v -2958.69995117 -1149.97192383 0
v -2754.1965332 -1149.97192383 0
v -2856.44824219 -1149.97155762 0
v -2651.94506836 -1149.97180176 0
v -2549.69335938 -1149.97180176 0
v -2345.18994141 -1149.9720459 0
v -2447.44116211 -1149.97180176 0
v -2242.93823242 -1149.97192383 0
v -2140.68652344 -1149.97192383 0
v -2038.43432617 -1149.97167969 0
v -1936.18273926 -1149.97167969 0
v -1731.6796875 -1149.97180176 0
v -1833.93115234 -1149.97155762 0
v -1629.42810059 -1149.97192383 0
v -1527.1763916 -1149.97192383 0
v -1322.6730957 -1149.97167969 0
v -1424.92456055 -1149.97192383 0
v -1220.42114258 -1149.97180176 0
v -1118.1697998 -1149.97180176 0
v -1015.91784668 -1149.97192383 0
v -913.66625977 -1149.97192383 0
v -811.41455078 -1149.97192383 0
v -606.91125488 -1149.97180176 0
v -709.16290283 -1149.97180176 0
v -504.65942383 -1149.97155762 0
v -402.40774536 -1149.9720459 0
v -197.90454102 -1149.97192383 0
v -300.15621948 -1149.97155762 0
v 6.59876204 -1149.97180176 0
v -95.65274811 -1149.97167969 0
v 108.85041046 -1149.97155762 0
v 313.35375977 -1149.97192383 0
v 211.10224915 -1149.97192383 0
v 415.60540771 -1149.97192383 0
v 517.8571167 -1149.97180176 0
v 620.10876465 -1149.97192383 0
v 722.36053467 -1149.97180176 0
v 824.61212158 -1149.97167969 0
v 926.86376953 -1149.97167969 0
v 1131.36706543 -1149.97192383 0
v 1029.11547852 -1149.97167969 0
v 1233.61877441 -1149.97155762 0
v 1335.87072754 -1149.97192383 0
v 1540.37390137 -1149.97192383 0
v 1438.12207031 -1149.97155762 0
v 1642.62536621 -1149.97167969 0
v 1744.87719727 -1149.97143555 0
v 1847.12915039 -1149.97192383 0
v 2051.63208008 -1149.97167969 0
v 1949.38061523 -1149.97180176 0
v 2153.8840332 -1149.97180176 0
v 2256.13598633 -1149.97192383 0
v 2460.63891602 -1149.97167969 0
v 2358.38696289 -1149.97167969 0
v 2562.89086914 -1149.97192383 0
v 2767.39404297 -1149.97192383 0
v 2665.14208984 -1149.97167969 0
v 2971.8972168 -1223.00854492 0
v 2869.64599609 -1149.97180176 0
v -3367.70629883 -1076.93493652 0
v -3265.45458984 -1076.93481445 0
v -3060.95141602 -1076.93481445 0
v -3163.20288086 -1076.93469238 0
v -2958.69970703 -1076.93493652 0
v -2856.44799805 -1076.93493652 0
v -2754.19628906 -1076.93481445 0
v -2651.94482422 -1076.93481445 0
v -2549.69311523 -1076.93493652 0
v -2345.18994141 -1076.93493652 0
v -2447.44116211 -1076.93493652 0
v -2242.93798828 -1076.93493652 0
v -2038.43469238 -1076.93481445 0
v -2140.68652344 -1076.93493652 0
v -1936.18310547 -1076.93505859 0
v -1833.93115234 -1076.93493652 0
v -1731.68005371 -1076.93493652 0
v -1629.42785645 -1076.93493652 0
v -1527.1763916 -1076.93493652 0
v -1424.92443848 -1076.93493652 0
v -1322.67285156 -1076.93481445 0
v -1118.16967773 -1076.93493652 0
v -1220.42114258 -1076.93469238 0
v -1015.91802979 -1076.93493652 0
v -913.66625977 -1076.93481445 0
v -811.41455078 -1076.93493652 0
v -709.1628418 -1076.93493652 0
v -504.65966797 -1076.93505859 0
v -606.91131592 -1076.93493652 0
v -402.40783691 -1076.93518066 0
v -197.90449524 -1076.93493652 0
v -300.15631104 -1076.93493652 0
v 6.59871531 -1076.93505859 0
v -95.65283966 -1076.93505859 0
v 211.10220337 -1076.93505859 0
v 108.85045624 -1076.93469238 0
v 313.35375977 -1076.93493652 0
v 415.60552979 -1076.93493652 0
v 517.85705566 -1076.93493652 0
v 620.10894775 -1076.93493652 0
v 722.3605957 -1076.93493652 0
v 824.61212158 -1076.93469238 0
v 926.86407471 -1076.93493652 0
v 1029.11547852 -1076.93493652 0
v 1233.61865234 -1076.93493652 0
v 1131.36706543 -1076.93469238 0
v 1335.87097168 -1076.93505859 0
v 1540.3737793 -1076.93493652 0
v 1438.12207031 -1076.93493652 0
v 1642.62536621 -1076.93493652 0
v 1847.12915039 -1076.93493652 0
v 1744.87731934 -1076.93493652 0
v 1949.38049316 -1076.93469238 0
v 2051.63232422 -1076.93493652 0
v 2256.13598633 -1076.93493652 0
v 2153.8840332 -1076.93457031 0
v 2358.38720703 -1076.93469238 0
v 2562.890625 -1076.93493652 0
v 2460.63891602 -1076.93493652 0
v 2767.39428711 -1076.93518066 0
v 2665.14208984 -1076.93469238 0
v 2971.8972168 -1076.93493652 0
v 2869.64550781 -1076.93493652 0
v -3367.70629883 -1003.89807129 0
v -3163.20336914 -1003.89788818 0
v -3265.45458984 -1003.89788818 0
v -3060.95141602 -1003.89782715 0
v -2958.69970703 -1003.89801025 0
v -2856.44848633 -1003.89801025 0
v -2754.19604492 -1003.89782715 0
v -2549.69311523 -1003.89807129 0
v -2651.94482422 -1003.89788818 0
v -2447.44165039 -1003.89819336 0
v -2345.18945312 -1003.89788818 0
v -2242.93774414 -1003.89788818 0
v -2140.68652344 -1003.89807129 0
v -2038.43432617 -1003.89788818 0
v -1936.1829834 -1003.89788818 0
v -1833.93115234 -1003.89801025 0
v -1629.42785645 -1003.89819336 0
v -1731.68005371 -1003.89801025 0
v -1424.92480469 -1003.89807129 0
v -1527.1763916 -1003.89801025 0
v -1322.67272949 -1003.89788818 0
v -1118.16967773 -1003.89801025 0
v -1220.42126465 -1003.89770508 0
v -1015.91802979 -1003.89788818 0
v -811.41473389 -1003.89807129 0
v -913.66619873 -1003.89801025 0
v -709.16296387 -1003.89807129 0
v -504.659729 -1003.89801025 0
v -606.91113281 -1003.89788818 0
v -402.40795898 -1003.89770508 0
v -300.15643311 -1003.89770508 0
v -197.90458679 -1003.89807129 0
v 6.59880877 -1003.89807129 0
v -95.65279388 -1003.89770508 0
v 108.85050201 -1003.89801025 0
v 211.10220337 -1003.89770508 0
v 313.35400391 -1003.89801025 0
v 415.60543823 -1003.89807129 0
v 517.85723877 -1003.89788818 0
v 722.3605957 -1003.89819336 0
v 620.10882568 -1003.89788818 0
v 926.8637085 -1003.89788818 0
v 824.61224365 -1003.89770508 0
v 1029.11560059 -1003.89807129 0
v 1131.36730957 -1003.89788818 0
v 1335.87036133 -1003.89801025 0
v 1233.61877441 -1003.89788818 0
v 1438.12231445 -1003.89788818 0
v 1540.37402344 -1003.89788818 0
v 1744.87731934 -1003.89807129 0
v 1642.62536621 -1003.89788818 0
v 1847.12915039 -1003.89807129 0
v 2051.63232422 -1003.89825439 0
v 1949.38049316 -1003.89788818 0
v 2256.13574219 -1003.89801025 0
v 2153.8840332 -1003.89819336 0
v 2460.63891602 -1003.89807129 0
v 2358.38720703 -1003.89788818 0
v 2562.89086914 -1003.89788818 0
v 2767.39404297 -1003.89807129 0
v 2665.14257812 -1003.89807129 0
v 2869.64550781 -1003.89788818 0
v -3265.45483398 -930.86102295 0
v -3367.70629883 -930.86102295 0
v -3163.20288086 -930.86102295 0
v -3060.95141602 -930.86102295 0
v -2958.69946289 -930.86102295 0
v -2856.44799805 -930.86102295 0
v -2651.94506836 -930.86126709 0
v -2754.19628906 -930.86102295 0
v -2549.69311523 -930.86102295 0
v -2447.44140625 -930.86108398 0
v -2242.93823242 -930.86126709 0
v -2345.18969727 -930.86108398 0
v -2140.6862793 -930.86090088 0
v -2038.43469238 -930.86120605 0
v -1936.18310547 -930.86120605 0
v -1833.93115234 -930.86102295 0
v -1731.67944336 -930.86108398 0
v -1629.42810059 -930.86102295 0
v -1527.17614746 -930.86102295 0
v -1322.67297363 -930.86120605 0
v -1424.92456055 -930.86083984 0
v -1220.42126465 -930.86126709 0
v -1118.16943359 -930.86102295 0
v -1015.91802979 -930.86108398 0
v -913.66607666 -930.86102295 0
v -811.41461182 -930.86126709 0
v -709.16296387 -930.86108398 0
v -606.91101074 -930.86102295 0
v -504.65963745 -930.86108398 0
v -402.40792847 -930.86120605 0
v -300.15618896 -930.86120605 0
v -197.90458679 -930.86090088 0
v 6.59876204 -930.86120605 0
v -95.65283966 -930.86120605 0
v 108.85036469 -930.86108398 0
v 211.10206604 -930.86120605 0
v 313.35375977 -930.86108398 0
v 415.60552979 -930.86108398 0
v 517.85699463 -930.86108398 0
v 722.36047363 -930.86108398 0
v 620.10906982 -930.86090088 0
v 926.86395264 -930.86120605 0
v 824.61212158 -930.86108398 0
v 1131.36730957 -930.86108398 0
v 1029.11547852 -930.86090088 0
v 1233.61877441 -930.86102295 0
v 1335.87060547 -930.86108398 0
v 1540.37414551 -930.86120605 0
v 1438.12207031 -930.86108398 0
v 1744.87731934 -930.86102295 0
v 1642.62536621 -930.86108398 0
v 1847.12890625 -930.86108398 0
v 1949.38049316 -930.86108398 0
v 2051.63208008 -930.86090088 0
v 2153.88427734 -930.86126709 0
v 2256.13598633 -930.86126709 0
v 2460.63891602 -930.86108398 0
v 2358.38745117 -930.86090088 0
v 2562.89038086 -930.86108398 0
v 2665.14233398 -930.86090088 0
v 2767.39428711 -930.86120605 0
v 2971.8972168 -930.86090088 0
v 2869.64550781 -930.86126709 0
v -3265.45483398 -857.82409668 0
v -3367.70678711 -857.82403564 0
v -3163.20336914 -857.82403564 0
v -3060.95166016 -857.82427979 0
v -2958.69995117 -857.82409668 0
v -2856.44824219 -857.82421875 0
v -2754.19604492 -857.82409668 0
v -2651.94458008 -857.82421875 0
v -2447.44140625 -857.82409668 0
v -2549.69311523 -857.82409668 0
v -2345.18969727 -857.82421875 0
v -2242.93823242 -857.82427979 0
v -2038.43469238 -857.82427979 0
v -2140.68652344 -857.82421875 0
v -1936.18273926 -857.82409668 0
v -1731.6796875 -857.82391357 0
v -1833.93139648 -857.82403564 0
v -1629.42810059 -857.82409668 0
v -1527.1763916 -857.82403564 0
v -1424.92456055 -857.82427979 0
v -1322.67285156 -857.82427979 0
v -1220.42126465 -857.82427979 0
v -1015.91802979 -857.82427979 0
v -1118.16955566 -857.82403564 0
v -811.41455078 -857.82409668 0
v -913.66625977 -857.82409668 0
v -606.91131592 -857.82409668 0
v -709.16296387 -857.82427979 0
v -504.65982056 -857.82421875 0
v -402.40792847 -857.82421875 0
v -300.15612793 -857.82409668 0
v -95.65288544 -857.82409668 0
v -197.90458679 -857.82427979 0
v 6.59871531 -857.82421875 0
v 108.85054779 -857.82403564 0
v 211.10215759 -857.82409668 0
v 415.60540771 -857.82409668 0
v 313.35366821 -857.82427979 0
v 517.85705566 -857.82409668 0
v 620.10876465 -857.82409668 0
v 722.36047363 -857.82409668 0
v 824.61206055 -857.82427979 0
v 926.86395264 -857.82409668 0
v 1131.36706543 -857.82409668 0
v 1029.11547852 -857.82409668 0
v 1233.61877441 -857.82409668 0
v 1335.87060547 -857.82427979 0
v 1540.37402344 -857.82421875 0
v 1438.12207031 -857.82409668 0
v 1642.62536621 -857.82427979 0
v 1744.87731934 -857.82403564 0
v 1847.12915039 -857.82427979 0
v 1949.38085938 -857.82427979 0
v 2153.88427734 -857.82427979 0
v 2051.63232422 -857.82385254 0
v 2256.13574219 -857.82427979 0
v 2358.38745117 -857.82409668 0
v 2460.63916016 -857.82427979 0
v 2562.890625 -857.82409668 0
v 2767.39355469 -857.82421875 0
v 2665.14257812 -857.82421875 0
v 2869.64550781 -857.82409668 0
v -3367.70629883 -784.78710938 0
v -3163.20361328 -784.78723145 0
v -3265.45483398 -784.78710938 0
v -3060.95141602 -784.78723145 0
v -2958.69995117 -784.78729248 0
v -2754.19677734 -784.78729248 0
v -2856.44799805 -784.78710938 0
v -2651.94482422 -784.78729248 0
v -2549.69311523 -784.78729248 0
v -2447.44116211 -784.78723145 0
v -2345.18969727 -784.78729248 0
v -2242.93798828 -784.78704834 0
v -2038.43481445 -784.78729248 0
v -2140.68652344 -784.78729248 0
v -1936.18310547 -784.78723145 0
v -1833.93151855 -784.78729248 0
v -1731.6796875 -784.78741455 0
v -1629.42785645 -784.78729248 0
v -1424.92480469 -784.78729248 0
v -1527.17626953 -784.78729248 0
v -1322.6730957 -784.78729248 0
v -1220.42114258 -784.78729248 0
v -1015.91784668 -784.78729248 0
v -1118.1697998 -784.78729248 0
v -811.41455078 -784.78729248 0
v -913.66625977 -784.78710938 0
v -709.16290283 -784.78710938 0
v -504.65982056 -784.78729248 0
v -606.91131592 -784.78723145 0
v -402.40774536 -784.78710938 0
v -197.90458679 -784.78729248 0
v -300.15618896 -784.78729248 0
v -95.65274811 -784.78710938 0
v 6.59880877 -784.78710938 0
v 108.85069275 -784.78729248 0
v 313.35388184 -784.78729248 0
v 211.10211182 -784.78704834 0
v 517.85687256 -784.78710938 0
v 415.60543823 -784.78729248 0
v 620.10900879 -784.78710938 0
v 722.3605957 -784.78729248 0
v 824.61224365 -784.78710938 0
v 1029.11547852 -784.78729248 0
v 926.86395264 -784.78710938 0
v 1131.36706543 -784.78729248 0
v 1335.87060547 -784.78741455 0
v 1233.61877441 -784.78729248 0
v 1438.12231445 -784.78729248 0
v 1540.37390137 -784.78729248 0
v 1642.62585449 -784.78729248 0
v 1847.12890625 -784.78704834 0
v 1744.87695312 -784.78741455 0
v 1949.38085938 -784.78729248 0
v 2153.8840332 -784.78710938 0
v 2051.63232422 -784.78741455 0
v 2256.13549805 -784.78710938 0
v 2358.38696289 -784.78723145 0
v 2460.6394043 -784.78729248 0
v 2562.89086914 -784.78729248 0
v 2665.14257812 -784.78741455 0
v 2767.39428711 -784.78747559 0
v 2971.89746094 -857.82409668 0
v 2869.64599609 -784.78729248 0
v -3367.70629883 -711.75036621 0
v -3265.45458984 -711.75030518 0
v -3163.20288086 -711.75018311 0
v -2958.69995117 -711.75048828 0
v -3060.95166016 -711.75024414 0
v -2856.44824219 -711.75042725 0
v -2754.19604492 -711.75030518 0
v -2651.94458008 -711.75018311 0
v -2549.69311523 -711.75030518 0
v -2345.18969727 -711.75042725 0
v -2447.44116211 -711.75030518 0
v -2140.6862793 -711.75036621 0
v -2242.93798828 -711.75012207 0
v -2038.43469238 -711.75036621 0
v -1936.1829834 -711.75042725 0
v -1833.93115234 -711.75024414 0
v -1731.6796875 -711.75012207 0
v -1527.17626953 -711.75042725 0
v -1629.42785645 -711.75018311 0
v -1424.92468262 -711.75012207 0
v -1220.42126465 -711.75024414 0
v -1322.6730957 -711.75030518 0
v -1118.16943359 -711.75012207 0
v -913.66625977 -711.75042725 0
v -1015.91802979 -711.75042725 0
v -811.41455078 -711.75024414 0
v -709.1628418 -711.75042725 0
v -606.91119385 -711.75030518 0
v -402.40808105 -711.75030518 0
v -504.65957642 -711.75012207 0
v -300.15612793 -711.75012207 0
v -95.65297699 -711.75018311 0
v -197.90454102 -711.75012207 0
v 6.59908867 -711.75036621 0
v 211.10211182 -711.75030518 0
v 108.85054779 -711.75018311 0
v 313.35375977 -711.75030518 0
v 415.60525513 -711.75018311 0
v 517.8571167 -711.75030518 0
v 722.3605957 -711.75036621 0
v 620.10894775 -711.75036621 0
v 824.61224365 -711.75036621 0
v 1029.11547852 -711.75036621 0
v 926.86395264 -711.75036621 0
v 1131.36730957 -711.75048828 0
v 1335.87023926 -711.75024414 0
v 1233.61877441 -711.75024414 0
v 1438.12219238 -711.75030518 0
v 1540.37402344 -711.75036621 0
v 1642.62561035 -711.75030518 0
v 1744.87731934 -711.75042725 0
v 1949.38061523 -711.75036621 0
v 1847.12890625 -711.75018311 0
v 2051.63232422 -711.75030518 0
v 2153.8840332 -711.75042725 0
v 2256.13574219 -711.75042725 0
v 2358.38745117 -711.75048828 0
v 2562.890625 -711.75036621 0
v 2460.63891602 -711.75036621 0
v 2665.14208984 -711.75024414 0
v 2767.39355469 -711.75024414 0
v 2869.64550781 -711.75024414 0
v 2971.89746094 -711.75030518 0
v -3265.45483398 -638.71350098 0
v -3367.70678711 -638.71350098 0
v -3163.20361328 -638.71331787 0
v -3060.95166016 -638.71343994 0
v -2958.70019531 -638.71337891 0
v -2856.44799805 -638.71331787 0
v -2651.94458008 -638.71343994 0
v -2754.19628906 -638.71331787 0
v -2549.69311523 -638.71343994 0
v -2345.18969727 -638.71350098 0
v -2447.44116211 -638.71331787 0
v -2242.93847656 -638.71331787 0
v -2140.68652344 -638.71337891 0
v -2038.43469238 -638.71331787 0
v -1936.18310547 -638.71337891 0
v -1833.93139648 -638.71331787 0
v -1731.6796875 -638.71350098 0
v -1527.1763916 -638.71343994 0
v -1629.42785645 -638.71337891 0
v -1424.92456055 -638.71350098 0
v -1322.67285156 -638.71331787 0
v -1118.1697998 -638.71331787 0
v -1220.42114258 -638.71331787 0
v -1015.91784668 -638.71325684 0
v -913.66638184 -638.71350098 0
v -709.16290283 -638.71343994 0
v -811.41461182 -638.71331787 0
v -606.91113281 -638.71350098 0
v -402.40802002 -638.71343994 0
v -504.65963745 -638.7131958 0
v -300.15603638 -638.71331787 0
v -197.90454102 -638.71337891 0
v 6.59894848 -638.71343994 0
v -95.65293121 -638.71337891 0
v 108.8506012 -638.71331787 0
v 211.1023407 -638.71350098 0
v 313.35400391 -638.71331787 0
v 415.60540771 -638.71337891 0
v 517.85717773 -638.71350098 0
v 722.36047363 -638.71343994 0
v 620.10882568 -638.71331787 0
v 824.61206055 -638.71331787 0
v 926.86376953 -638.71325684 0
v 1029.11560059 -638.71350098 0
v 1131.3671875 -638.71337891 0
v 1233.61877441 -638.71337891 0
v 1335.87060547 -638.71343994 0
v 1540.37390137 -638.71337891 0
v 1438.12219238 -638.71331787 0
v 1642.62536621 -638.71343994 0
v 1744.87731934 -638.71343994 0
v 1949.38049316 -638.71331787 0
v 1847.12890625 -638.7131958 0
v 2051.63232422 -638.71343994 0
v 2153.8840332 -638.71343994 0
v 2256.13549805 -638.71337891 0
v 2358.38720703 -638.71331787 0
v 2460.63891602 -638.71337891 0
v 2562.890625 -638.71343994 0
v 2665.14257812 -638.71343994 0
v 2767.39404297 -638.71331787 0
v 2869.64575195 -638.71343994 0
v -3367.70605469 -565.67645264 0
v -3265.45483398 -565.67657471 0
v -3163.20288086 -565.67651367 0
v -3060.95141602 -565.67645264 0
v -2958.69970703 -565.67645264 0
v -2754.19677734 -565.67651367 0
v -2856.44824219 -565.67657471 0
v -2651.94506836 -565.67657471 0
v -2549.69311523 -565.67663574 0
v -2447.44165039 -565.67657471 0
v -2345.18945312 -565.67651367 0
v -2242.93774414 -565.67651367 0
v -2140.68652344 -565.67651367 0
v -2038.43469238 -565.67645264 0
v -1936.1829834 -565.67633057 0
v -1731.6796875 -565.67633057 0
v -1833.93139648 -565.67645264 0
v -1629.42773438 -565.67651367 0
v -1424.92492676 -565.67657471 0
v -1527.17614746 -565.67626953 0
v -1322.67285156 -565.67626953 0
v -1220.42126465 -565.67645264 0
v -1118.16955566 -565.67657471 0
v -1015.91784668 -565.67645264 0
v -913.66619873 -565.67645264 0
v -709.16296387 -565.67645264 0
v -811.41455078 -565.67651367 0
v -606.91113281 -565.67657471 0
v -504.659729 -565.67669678 0
v -300.15637207 -565.67651367 0
v -402.40792847 -565.67633057 0
v -197.90449524 -565.67681885 0
v 6.59876204 -565.67651367 0
v -95.65274811 -565.67657471 0
v 108.85041046 -565.67675781 0
v 211.10224915 -565.67651367 0
v 313.35385132 -565.67651367 0
v 415.60565186 -565.67657471 0
v 620.10876465 -565.67657471 0
v 517.8571167 -565.67645264 0
v 722.36053467 -565.67651367 0
v 824.61224365 -565.67645264 0
v 926.86395264 -565.67657471 0
v 1131.36694336 -565.67651367 0
v 1029.11560059 -565.67657471 0
v 1233.61877441 -565.67657471 0
v 1335.87060547 -565.67633057 0
v 1438.12231445 -565.67651367 0
v 1540.37390137 -565.67657471 0
v 1642.62561035 -565.67645264 0
v 1744.87731934 -565.67633057 0
v 1847.12890625 -565.67657471 0
v 1949.38085938 -565.67657471 0
v 2153.8840332 -565.67663574 0
v 2051.63232422 -565.67657471 0
v 2256.13598633 -565.67633057 0
v 2358.38745117 -565.67645264 0
v 2460.63891602 -565.67657471 0
v 2665.14257812 -565.67657471 0
v 2562.890625 -565.67633057 0
v 2869.64550781 -565.67633057 0
v 2767.39404297 -565.67633057 0
v 2971.89746094 -565.67663574 0
v -3265.45458984 -492.63970947 0
v -3367.70678711 -492.63943481 0
v -3163.20336914 -492.63964844 0
v -3060.95166016 -492.63964844 0
v -2958.69995117 -492.63952637 0
v -2856.44799805 -492.63952637 0
v -2754.1965332 -492.63937378 0
v -2549.69311523 -492.63973999 0
v -2651.94506836 -492.63961792 0
v -2345.18969727 -492.63964844 0
v -2447.44140625 -492.63955688 0
v -2242.93823242 -492.63955688 0
v -2140.6862793 -492.63955688 0
v -2038.43481445 -492.63973999 0
v -1936.1829834 -492.63955688 0
v -1731.6796875 -492.63973999 0
v -1833.93139648 -492.63946533 0
v -1629.42810059 -492.63955688 0
v -1527.1763916 -492.63955688 0
v -1424.92468262 -492.63961792 0
v -1220.42126465 -492.63964844 0
v -1322.6730957 -492.63961792 0
v -1015.91802979 -492.63955688 0
v -1118.16955566 -492.63952637 0
v -913.66625977 -492.63964844 0
v -811.41473389 -492.63946533 0
v -709.16296387 -492.63961792 0
v -606.91101074 -492.63961792 0
v -504.65939331 -492.63937378 0
v -402.40792847 -492.63970947 0
v -300.15612793 -492.63961792 0
v -95.65283966 -492.63964844 0
v -197.90454102 -492.63946533 0
v 6.59885502 -492.63961792 0
v 108.85050201 -492.63943481 0
v 313.35369873 -492.63955688 0
v 211.10215759 -492.63955688 0
v 415.60559082 -492.63961792 0
v 517.85736084 -492.63955688 0
v 620.10888672 -492.63955688 0
v 824.61206055 -492.63964844 0
v 722.36047363 -492.63964844 0
v 926.86376953 -492.63955688 0
v 1029.11547852 -492.63961792 0
v 1131.36706543 -492.63964844 0
v 1233.61877441 -492.63955688 0
v 1438.12219238 -492.63961792 0
v 1335.87060547 -492.63961792 0
v 1540.37390137 -492.63961792 0
v 1642.62536621 -492.63946533 0
v 1744.87695312 -492.63955688 0
v 1847.12890625 -492.63961792 0
v 1949.38061523 -492.63961792 0
v 2051.63232422 -492.63955688 0
v 2153.8840332 -492.63973999 0
v 2358.38745117 -492.63955688 0
v 2256.13598633 -492.63964844 0
v 2460.63891602 -492.63937378 0
v 2562.89086914 -492.63955688 0
v 2665.14257812 -492.63955688 0
v 2767.39404297 -492.63955688 0
v 2869.64599609 -492.63955688 0
v -3367.70629883 -419.60284424 0
v -3163.20336914 -419.60256958 0
v -3265.45483398 -419.60263062 0
v -3060.95117188 -419.60266113 0
v -2856.44824219 -419.60272217 0
v -2958.69995117 -419.60266113 0
v -2754.19628906 -419.60253906 0
v -2549.69311523 -419.60266113 0
v -2651.94506836 -419.60256958 0
v -2447.44116211 -419.60266113 0
v -2345.18969727 -419.60281372 0
v -2140.6862793 -419.60266113 0
v -2242.93823242 -419.60263062 0
v -2038.43481445 -419.60256958 0
v -1936.18310547 -419.60256958 0
v -1833.93115234 -419.60253906 0
v -1731.6796875 -419.60263062 0
v -1527.1763916 -419.60275269 0
v -1629.42822266 -419.60256958 0
v -1424.92443848 -419.60275269 0
v -1220.42150879 -419.60266113 0
v -1322.6730957 -419.60266113 0
v -1118.16943359 -419.60275269 0
v -1015.91790771 -419.60263062 0
v -913.66625977 -419.60275269 0
v -709.1630249 -419.60263062 0
v -811.41473389 -419.60253906 0
v -606.91125488 -419.60263062 0
v -504.65942383 -419.60256958 0
v -402.40786743 -419.60263062 0
v -300.15618896 -419.60272217 0
v -95.65288544 -419.60275269 0
v -197.90449524 -419.60272217 0
v 108.85050201 -419.60281372 0
v 6.59885502 -419.60253906 0
v 211.10206604 -419.60263062 0
v 313.35385132 -419.60263062 0
v 517.8572998 -419.60266113 0
v 415.60559082 -419.60263062 0
v 620.10882568 -419.60256958 0
v 722.36047363 -419.60275269 0
v 824.61242676 -419.60272217 0
v 1029.11535645 -419.60266113 0
v 926.86395264 -419.60256958 0
v 1131.36743164 -419.60263062 0
v 1233.61901855 -419.60256958 0
v 1438.12207031 -419.60266113 0
v 1335.8704834 -419.60272217 0
v 1540.3737793 -419.60263062 0
v 1642.62561035 -419.60263062 0
v 1744.87731934 -419.60266113 0
v 1949.38049316 -419.60266113 0
v 1847.12890625 -419.60266113 0
v 2051.63232422 -419.60266113 0
v 2153.8840332 -419.60266113 0
v 2256.13574219 -419.60266113 0
v 2358.38745117 -419.60266113 0
v 2460.6394043 -419.60275269 0
v 2665.14233398 -419.60266113 0
v 2562.890625 -419.60275269 0
v 2767.39404297 -419.60256958 0
v 2869.64575195 -419.60256958 0
v 2971.89746094 -419.60275269 0
v -3367.70629883 -346.56582642 0
v -3265.45483398 -346.56555176 0
v -3163.20288086 -346.56573486 0
v -3060.95117188 -346.56576538 0
v -2958.69970703 -346.56567383 0
v -2856.44824219 -346.56573486 0
v -2754.19628906 -346.5657959 0
v -2651.94482422 -346.56576538 0
v -2549.69287109 -346.56573486 0
v -2345.18969727 -346.56567383 0
v -2447.44140625 -346.56570435 0
v -2140.68652344 -346.56594849 0
v -2242.93798828 -346.56567383 0
v -2038.43469238 -346.56576538 0
v -1936.18310547 -346.56567383 0
v -1833.93115234 -346.56567383 0
v -1731.67944336 -346.56573486 0
v -1629.42785645 -346.56567383 0
v -1424.92492676 -346.56573486 0
v -1527.1763916 -346.56573486 0
v -1322.67272949 -346.56570435 0
v -1220.42126465 -346.56576538 0
v -1118.16955566 -346.56576538 0
v -913.66607666 -346.56594849 0
v -1015.91790771 -346.56570435 0
v -811.41473389 -346.56582642 0
v -709.16290283 -346.56567383 0
v -504.65966797 -346.56573486 0
v -606.91125488 -346.56567383 0
v -402.40792847 -346.56567383 0
v -300.15637207 -346.56585693 0
v -197.90449524 -346.56585693 0
v -95.65270233 -346.56573486 0
v 108.85045624 -346.56576538 0
v 6.59894848 -346.56567383 0
v 313.35379028 -346.56567383 0
v 211.10202026 -346.56567383 0
v 415.60559082 -346.56576538 0
v 517.85705566 -346.56573486 0
v 620.10864258 -346.56576538 0
v 722.36047363 -346.56576538 0
v 824.61206055 -346.56573486 0
v 926.86395264 -346.56576538 0
v 1131.36706543 -346.56576538 0
v 1029.11560059 -346.56573486 0
v 1233.61877441 -346.56567383 0
v 1335.8704834 -346.56576538 0
v 1438.12219238 -346.56567383 0
v 1540.37402344 -346.56573486 0
v 1642.62585449 -346.56585693 0
v 1744.87731934 -346.56585693 0
v 1847.12890625 -346.56576538 0
v 1949.38049316 -346.56567383 0
v 2153.8840332 -346.56576538 0
v 2051.63232422 -346.56558228 0
v 2256.13598633 -346.56576538 0
v 2460.63891602 -346.56576538 0
v 2358.38720703 -346.56567383 0
v 2562.89086914 -346.56585693 0
v 2767.39428711 -346.56594849 0
v 2665.14208984 -346.56585693 0
v 2971.8972168 -346.56567383 0
v 2869.64550781 -346.56567383 0
v -3367.70629883 -273.52871704 0
v -3163.20336914 -273.52868652 0
v -3265.45483398 -273.52874756 0
v -3060.95166016 -273.52886963 0
v -2958.70019531 -273.52880859 0
v -2856.44799805 -273.52883911 0
v -2754.19604492 -273.52877808 0
v -2549.69311523 -273.52880859 0
v -2651.94482422 -273.52886963 0
v -2447.44116211 -273.52883911 0
v -2345.18969727 -273.52874756 0
v -2242.93798828 -273.52877808 0
v -2140.68603516 -273.52883911 0
v -2038.43481445 -273.52896118 0
v -1833.93139648 -273.52886963 0
v -1936.18310547 -273.52877808 0
v -1731.6796875 -273.52877808 0
v -1629.42773438 -273.52893066 0
v -1424.92492676 -273.52886963 0
v -1527.1763916 -273.52877808 0
v -1322.67321777 -273.52877808 0
v -1220.42126465 -273.52877808 0
v -1015.91802979 -273.52893066 0
v -1118.16955566 -273.52868652 0
v -913.66638184 -273.52902222 0
v -811.41455078 -273.52877808 0
v -709.16290283 -273.52883911 0
v -606.91107178 -273.52886963 0
v -504.65963745 -273.52886963 0
v -300.15631104 -273.52883911 0
v -402.40808105 -273.52874756 0
v -95.65283966 -273.5289917 0
v -197.90458679 -273.52874756 0
v 6.59885502 -273.52874756 0
v 108.85045624 -273.52874756 0
v 313.35369873 -273.52886963 0
v 211.10211182 -273.52874756 0
v 415.60540771 -273.52874756 0
v 517.85717773 -273.52893066 0
v 620.10888672 -273.52893066 0
v 722.36047363 -273.52877808 0
v 824.61230469 -273.52902222 0
v 1029.11547852 -273.52877808 0
v 926.8638916 -273.52893066 0
v 1131.36730957 -273.52877808 0
v 1233.61877441 -273.5289917 0
v 1335.87060547 -273.52883911 0
v 1540.37402344 -273.52868652 0
v 1438.12207031 -273.52883911 0
v 1642.62561035 -273.52886963 0
v 1744.87731934 -273.52886963 0
v 1847.12890625 -273.52868652 0
v 1949.38061523 -273.52868652 0
v 2153.8840332 -273.52886963 0
v 2051.63232422 -273.52877808 0
v 2256.13549805 -273.52877808 0
v 2358.38720703 -273.52877808 0
v 2460.63891602 -273.52877808 0
v 2562.89086914 -273.52877808 0
v 2665.14257812 -273.52886963 0
v 2767.39404297 -273.52868652 0
v 2869.64599609 -273.5289917 0
v -3265.45483398 -200.49185181 0
v -3367.70678711 -200.49186707 0
v -3060.95166016 -200.49189758 0
v -3163.20336914 -200.49185181 0
v -2958.70019531 -200.49197388 0
v -2856.44824219 -200.49194336 0
v -2754.19628906 -200.49185181 0
v -2651.94458008 -200.49189758 0
v -2549.69287109 -200.49189758 0
v -2345.18945312 -200.49203491 0
v -2447.44140625 -200.49176025 0
v -2140.6862793 -200.49206543 0
v -2242.93798828 -200.49189758 0
v -2038.43469238 -200.49211121 0
v -1936.1829834 -200.49211121 0
v -1731.6796875 -200.49201965 0
v -1833.93139648 -200.49189758 0
v -1629.42785645 -200.49194336 0
v -1527.1763916 -200.4919281 0
v -1424.92468262 -200.49185181 0
v -1322.67297363 -200.4919281 0
v -1220.42126465 -200.49185181 0
v -1118.16943359 -200.49185181 0
v -1015.91784668 -200.49185181 0
v -913.66625977 -200.49180603 0
v -709.1630249 -200.49185181 0
v -811.41455078 -200.49203491 0
v -606.91131592 -200.49185181 0
v -504.65957642 -200.49194336 0
v -402.40786743 -200.49203491 0
v -300.15612793 -200.49185181 0
v -95.65297699 -200.49180603 0
v -197.90463257 -200.49198914 0
v 6.59885502 -200.49194336 0
v 108.85054779 -200.49194336 0
v 211.10220337 -200.49189758 0
v 313.35379028 -200.49189758 0
v 415.60543823 -200.49194336 0
v 620.10888672 -200.49198914 0
v 517.85723877 -200.49185181 0
v 824.61224365 -200.49185181 0
v 722.3604126 -200.49194336 0
v 926.86395264 -200.49194336 0
v 1029.11547852 -200.49194336 0
v 1233.61901855 -200.49208069 0
v 1131.36730957 -200.49189758 0
v 1335.87060547 -200.49198914 0
v 1540.37365723 -200.49208069 0
v 1438.12207031 -200.49198914 0
v 1642.62585449 -200.49208069 0
v 1847.12878418 -200.49180603 0
v 1744.87719727 -200.49189758 0
v 1949.38049316 -200.49198914 0
v 2153.8840332 -200.49189758 0
v 2051.63232422 -200.49171448 0
v 2256.13549805 -200.49189758 0
v 2358.38745117 -200.49180603 0
v 2460.63891602 -200.49208069 0
v 2665.14233398 -200.49189758 0
v 2562.89086914 -200.49198914 0
v 2869.64599609 -200.49198914 0
v 2767.39428711 -200.49189758 0
v 2971.8972168 -273.52877808 0
v -3265.45532227 -127.45514679 0
v -3367.70678711 -127.45503235 0
v -3163.20361328 -127.45508575 0
v -3060.95141602 -127.45492554 0
v -2958.69995117 -127.45503998 0
v -2754.1965332 -127.45500946 0
v -2856.44824219 -127.45505524 0
v -2651.94482422 -127.45508575 0
v -2549.69335938 -127.45503998 0
v -2447.44116211 -127.45495605 0
v -2345.18994141 -127.45507812 0
v -2242.93823242 -127.45503235 0
v -2140.68652344 -127.45503235 0
v -2038.43469238 -127.45505524 0
v -1936.18310547 -127.45491028 0
v -1833.93139648 -127.4551239 0
v -1731.67980957 -127.45514679 0
v -1629.42810059 -127.45503235 0
v -1527.17614746 -127.45500946 0
v -1424.92480469 -127.45507812 0
v -1322.67285156 -127.45497894 0
v -1118.1697998 -127.45510101 0
v -1220.42126465 -127.45507812 0
v -1015.91802979 -127.45505524 0
v -913.66625977 -127.45510101 0
v -811.41473389 -127.45510101 0
v -709.16296387 -127.45505524 0
v -504.65963745 -127.45510101 0
v -606.91125488 -127.45510101 0
v -402.40759277 -127.45500946 0
v -197.90449524 -127.45514679 0
v -300.15643311 -127.45500946 0
v 6.59857512 -127.45505524 0
v -95.65297699 -127.45510101 0
v 108.8506012 -127.45510101 0
v 211.10224915 -127.45510101 0
v 313.35385132 -127.45505524 0
v 415.60577393 -127.45519257 0
v 620.10888672 -127.45505524 0
v 517.85717773 -127.45510101 0
v 722.36071777 -127.45500946 0
v 926.86376953 -127.45495605 0
v 824.61212158 -127.45510101 0
v 1029.11572266 -127.45510101 0
v 1233.61877441 -127.45510101 0
v 1131.36730957 -127.45500946 0
v 1335.87084961 -127.45510101 0
v 1438.12231445 -127.45510101 0
v 1540.37402344 -127.45500946 0
v 1642.62585449 -127.45510101 0
v 1744.87719727 -127.45500946 0
v 1847.12890625 -127.45500946 0
v 1949.38061523 -127.45510101 0
v 2153.8840332 -127.45500946 0
v 2051.63232422 -127.45500946 0
v 2256.13598633 -127.45510101 0
v 2460.63916016 -127.45510101 0
v 2358.38745117 -127.45500946 0
v 2562.89086914 -127.45491028 0
v 2767.39428711 -127.45510101 0
v 2665.14233398 -127.45500946 0
v 2869.64599609 -127.45510101 0
v 2971.89746094 -200.49171448 0
v -3367.70678711 -54.41809464 0
v -3265.45483398 -54.41817093 0
v -3163.20336914 -54.41822433 0
v -3060.95141602 -54.41803741 0
v -2958.69970703 -54.41792297 0
v -2856.44824219 -54.41809082 0
v -2651.94482422 -54.41824341 0
v -2754.1965332 -54.41797256 0
v -2549.69287109 -54.41809082 0
v -2447.44116211 -54.41806793 0
v -2345.18969727 -54.41785812 0
v -2242.93823242 -54.4181366 0
v -2140.68603516 -54.41815948 0
v -2038.43505859 -54.41820526 0
v -1936.1829834 -54.41797256 0
v -1833.93115234 -54.41792679 0
v -1731.67944336 -54.41799545 0
v -1629.42749023 -54.41806793 0
v -1424.92480469 -54.41811371 0
v -1527.1763916 -54.41799545 0
v -1322.6730957 -54.41815948 0
v -1220.42114258 -54.41811371 0
v -1118.16943359 -54.41815948 0
v -1015.91784668 -54.41820526 0
v -913.66607666 -54.41820526 0
v -811.41455078 -54.41815948 0
v -709.16278076 -54.41815948 0
v -606.91131592 -54.41815948 0
v -402.40786743 -54.41820526 0
v -504.65948486 -54.41811371 0
v -300.15612793 -54.41815948 0
v -95.65288544 -54.41815948 0
v -197.90463257 -54.41811371 0
v 6.59866858 -54.41815948 0
v 211.10229492 -54.41815948 0
v 108.85050201 -54.41797256 0
v 415.60549927 -54.41806793 0
v 313.35385132 -54.41811371 0
v 517.8571167 -54.41820526 0
v 620.10870361 -54.41811371 0
v 722.36029053 -54.41806793 0
v 824.61224365 -54.41802216 0
v 1029.11547852 -54.41811371 0
v 926.8638916 -54.41797256 0
v 1131.36730957 -54.41820526 0
v 1335.87060547 -54.41802216 0
v 1233.61877441 -54.41811371 0
v 1438.12207031 -54.41811371 0
v 1540.37390137 -54.41802216 0
v 1642.62561035 -54.41820526 0
v 1744.87719727 -54.41811371 0
v 1949.38049316 -54.41792679 0
v 1847.12890625 -54.41811371 0
v 2051.63232422 -54.41820526 0
v 2256.13549805 -54.41820526 0
v 2153.8840332 -54.41811371 0
v 2358.38745117 -54.41802216 0
v 2460.63891602 -54.41802216 0
v 2562.890625 -54.41802216 0
v 2665.14233398 -54.41811371 0
v 2767.39379883 -54.41820526 0
v 2869.64599609 -54.41820526 0
v 2971.8972168 -127.45500946 0
v -3367.70629883 18.61901474 0
v -3163.20336914 18.61869621 0
v -3265.45483398 18.61879921 0
v -2958.69970703 18.61899376 0
v -3060.95166016 18.61885452 0
v -2856.44799805 18.61880112 0
v -2754.19604492 18.61888313 0
v -2549.69335938 18.61870766 0
v -2651.94458008 18.6188488 0
v -2447.44116211 18.61899948 0
v -2242.93823242 18.61875534 0
v -2345.18945312 18.61887169 0
v -2140.68652344 18.61875534 0
v -2038.43469238 18.61896515 0
v -1936.18310547 18.61863899 0
v -1731.6796875 18.6188488 0
v -1833.93115234 18.61896515 0
v -1629.42785645 18.61896515 0
v -1527.1763916 18.61889458 0
v -1424.92492676 18.6188488 0
v -1322.6730957 18.61875534 0
v -1220.42126465 18.61873245 0
v -1118.1697998 18.61877823 0
v -1015.91809082 18.61877823 0
v -913.66619873 18.61887169 0
v -811.41455078 18.61882591 0
v -709.16296387 18.61877823 0
v -606.91125488 18.61868477 0
v -504.65948486 18.61868477 0
v -300.15609741 18.61873245 0
v -402.40786743 18.61891747 0
v -197.90444946 18.61868477 0
v -95.65288544 18.61882591 0
v 6.59885502 18.61877823 0
v 211.10215759 18.61887169 0
v 108.85050201 18.61873245 0
v 313.35379028 18.61877823 0
v 415.60534668 18.61873245 0
v 517.85699463 18.61873245 0
v 620.10864258 18.61882591 0
v 722.3605957 18.61877823 0
v 824.61242676 18.61887169 0
v 926.86395264 18.61877823 0
v 1131.36730957 18.61877823 0
v 1029.11547852 18.61887169 0
v 1233.61889648 18.61877823 0
v 1438.12207031 18.61896515 0
v 1335.8704834 18.61887169 0
v 1540.37402344 18.61877823 0
v 1744.87719727 18.61877823 0
v 1642.62561035 18.61896515 0
v 1949.38049316 18.61859131 0
v 1847.12890625 18.61887169 0
v 2051.63232422 18.61887169 0
v 2153.88427734 18.61877823 0
v 2358.38696289 18.61896515 0
v 2256.13549805 18.61887169 0
v 2460.63891602 18.61868477 0
v 2562.890625 18.61877823 0
v 2665.14257812 18.61887169 0
v 2767.39404297 18.61887169 0
v 2971.8972168 -54.41830063 0
v 2869.64599609 18.61887169 0
v -3367.70605469 91.65560913 0
v -3163.20336914 91.65564728 0
v -3265.45483398 91.65560913 0
v -3060.95117188 91.65576172 0
v -2958.69970703 91.65557098 0
v -2754.19628906 91.65562439 0
v -2856.44799805 91.65589142 0
v -2651.94482422 91.65571594 0
v -2549.69311523 91.65584564 0
v -2345.18969727 91.65567017 0
v -2447.44116211 91.65563202 0
v -2242.93823242 91.65573883 0
v -2140.6862793 91.65578461 0
v -2038.43469238 91.65576172 0
v -1936.18273926 91.65567017 0
v -1833.93103027 91.65562439 0
v -1629.42810059 91.65562439 0
v -1731.6796875 91.65562439 0
v -1527.1763916 91.65567017 0
v -1424.92492676 91.65564728 0
v -1322.67272949 91.65567017 0
v -1118.16967773 91.6558075 0
v -1220.42150879 91.6558609 0
v -1015.91784668 91.65576172 0
v -811.41473389 91.65576172 0
v -913.66607666 91.65576172 0
v -709.1628418 91.65567017 0
v -504.65963745 91.65571594 0
v -606.91125488 91.6558075 0
v -402.40792847 91.65562439 0
v -300.15618896 91.65571594 0
v -197.90463257 91.65576172 0
v -95.65279388 91.6558075 0
v 6.59894848 91.65567017 0
v 108.85050201 91.65576172 0
v 211.10215759 91.65567017 0
v 313.35379028 91.65576172 0
v 415.60559082 91.65576172 0
v 517.8571167 91.65567017 0
v 620.10864258 91.65576172 0
v 824.61206055 91.6558609 0
v 722.36065674 91.6558075 0
v 926.86395264 91.65562439 0
v 1029.11547852 91.65567017 0
v 1131.36730957 91.6558609 0
v 1233.61901855 91.65571594 0
v 1335.87060547 91.65557861 0
v 1540.37390137 91.65567017 0
v 1438.12207031 91.65567017 0
v 1744.87719727 91.6558609 0
v 1642.62561035 91.65576172 0
v 1949.38061523 91.65557861 0
v 1847.12890625 91.65576172 0
v 2153.8840332 91.65576172 0
v 2051.63208008 91.65576172 0
v 2256.13574219 91.65567017 0
v 2358.38745117 91.65567017 0
v 2460.63891602 91.65576172 0
v 2665.14208984 91.65576172 0
v 2562.89086914 91.65576172 0
v 2767.39404297 91.65557861 0
v 2869.64575195 91.65557861 0
v 2971.8972168 91.6558609 0
v -3265.45458984 164.69256592 0
v -3367.70678711 164.6925354 0
v -3060.95166016 164.69265747 0
v -3163.20336914 164.69248962 0
v -2958.69970703 164.69248962 0
v -2754.19677734 164.69252014 0
v -2856.44799805 164.69267273 0
v -2651.94482422 164.69270325 0
v -2447.44116211 164.69270325 0
v -2549.69311523 164.69258118 0
v -2345.18945312 164.69277954 0
v -2242.93798828 164.69270325 0
v -2038.43505859 164.69252014 0
v -2140.6862793 164.69267273 0
v -1936.18273926 164.69252014 0
v -1833.93115234 164.6925354 0
v -1731.67944336 164.69265747 0
v -1629.42785645 164.69256592 0
v -1527.1763916 164.69256592 0
v -1322.67321777 164.69252014 0
v -1424.92456055 164.69242859 0
v -1220.42126465 164.69270325 0
v -1118.16943359 164.69270325 0
v -913.66607666 164.69256592 0
v -1015.91802979 164.69265747 0
v -811.41461182 164.69265747 0
v -709.1628418 164.69261169 0
v -504.65957642 164.69265747 0
v -606.91131592 164.69270325 0
v -402.40802002 164.69261169 0
v -300.15609741 164.69261169 0
v -197.90454102 164.69256592 0
v 6.59885502 164.69261169 0
v -95.65288544 164.69261169 0
v 108.85050201 164.69265747 0
v 313.35369873 164.69261169 0
v 211.10215759 164.69270325 0
v 415.60552979 164.69265747 0
v 517.8571167 164.69261169 0
v 620.10888672 164.69265747 0
v 722.36047363 164.69270325 0
v 824.61230469 164.69261169 0
v 1029.11535645 164.69261169 0
v 926.86395264 164.69252014 0
v 1131.36730957 164.69256592 0
v 1233.61877441 164.69256592 0
v 1335.87060547 164.69265747 0
v 1438.12207031 164.69256592 0
v 1540.37402344 164.69238281 0
v 1642.62561035 164.69265747 0
v 1744.87731934 164.69256592 0
v 1949.38049316 164.69256592 0
v 1847.12890625 164.69274902 0
v 2051.63232422 164.69265747 0
v 2153.8840332 164.69256592 0
v 2256.13574219 164.69265747 0
v 2358.38769531 164.69256592 0
v 2460.63916016 164.69265747 0
v 2665.14233398 164.69256592 0
v 2562.890625 164.69265747 0
v 2767.39428711 164.69256592 0
v 2869.64599609 164.69274902 0
v -3265.45532227 237.72947693 0
v -3367.70678711 237.72956848 0
v -3163.20336914 237.72969055 0
v -2958.69970703 237.72964478 0
v -3060.95166016 237.72964478 0
v -2856.44824219 237.72969055 0
v -2754.19628906 237.72956848 0
v -2549.69311523 237.72950745 0
v -2651.94506836 237.729599 0
v -2447.44140625 237.72952271 0
v -2345.18969727 237.72950745 0
v -2242.93823242 237.729599 0
v -2140.68652344 237.72961426 0
v -2038.43481445 237.729599 0
v -1936.1829834 237.72950745 0
v -1833.93115234 237.72950745 0
v -1731.6796875 237.72952271 0
v -1629.42810059 237.729599 0
v -1527.1763916 237.72946167 0
v -1424.92492676 237.729599 0
v -1322.6730957 237.72964478 0
v -1118.16967773 237.72935486 0
v -1220.42138672 237.72955322 0
v -1015.91802979 237.72964478 0
v -913.66619873 237.72950745 0
v -811.41479492 237.729599 0
v -709.16308594 237.72955322 0
v -606.91119385 237.729599 0
v -504.65930176 237.729599 0
v -300.15618896 237.72955322 0
v -402.40802002 237.729599 0
v -197.90454102 237.72964478 0
v -95.65288544 237.72955322 0
v 6.59876204 237.72950745 0
v 108.85050201 237.72955322 0
v 211.10215759 237.729599 0
v 313.35385132 237.72955322 0
v 415.60559082 237.729599 0
v 517.8572998 237.729599 0
v 722.36047363 237.72940063 0
v 620.10870361 237.72964478 0
v 926.86376953 237.729599 0
v 824.61224365 237.72964478 0
v 1029.11547852 237.72955322 0
v 1131.36706543 237.72955322 0
v 1233.61877441 237.72946167 0
v 1335.8704834 237.72946167 0
v 1438.12207031 237.72946167 0
v 1540.37390137 237.72955322 0
v 1744.87731934 237.729599 0
v 1642.62561035 237.72964478 0
v 1949.38049316 237.72955322 0
v 1847.12890625 237.72955322 0
v 2051.63232422 237.72946167 0
v 2153.8840332 237.72955322 0
v 2256.13598633 237.72946167 0
v 2460.63891602 237.72964478 0
v 2358.38745117 237.72955322 0
v 2562.890625 237.72955322 0
v 2665.14257812 237.72946167 0
v 2869.64575195 237.72955322 0
v 2767.39404297 237.72955322 0
v 2971.89746094 237.72955322 0
v -3367.70629883 310.76641846 0
v -3265.45483398 310.76644897 0
v -3163.20288086 310.76654053 0
v -3060.95166016 310.76641846 0
v -2958.69970703 310.76638794 0
v -2856.44824219 310.76654053 0
v -2754.19604492 310.76644897 0
v -2651.94506836 310.76647949 0
v -2447.44165039 310.76644897 0
v -2549.69311523 310.76657104 0
v -2345.18969727 310.76654053 0
v -2242.93774414 310.76651001 0
v -2038.43481445 310.76641846 0
v -2140.68652344 310.76644897 0
v -1833.93139648 310.76644897 0
v -1936.1829834 310.76651001 0
v -1731.67980957 310.76644897 0
v -1629.42822266 310.76654053 0
v -1527.17614746 310.76626587 0
v -1322.6730957 310.76629639 0
v -1424.92492676 310.76657104 0
v -1220.42114258 310.76647949 0
v -1118.16955566 310.76638794 0
v -1015.91784668 310.76647949 0
v -913.66625977 310.76657104 0
v -811.41473389 310.76654053 0
v -709.16278076 310.76644897 0
v -504.65957642 310.76654053 0
v -606.91101074 310.76647949 0
v -402.40774536 310.76638794 0
v -300.15628052 310.76644897 0
v -95.65279388 310.76635742 0
v -197.90454102 310.76654053 0
v 108.85041046 310.76654053 0
v 6.59866858 310.76654053 0
v 211.10195923 310.76647949 0
v 313.35360718 310.76644897 0
v 415.60568237 310.76654053 0
v 517.85699463 310.76657104 0
v 620.10894775 310.76647949 0
v 722.36053467 310.76638794 0
v 926.86376953 310.76638794 0
v 824.61193848 310.76647949 0
v 1131.36694336 310.76654053 0
v 1029.11560059 310.76663208 0
v 1233.61877441 310.76635742 0
v 1335.87060547 310.76654053 0
v 1438.12231445 310.76644897 0
v 1642.62536621 310.76644897 0
v 1540.37390137 310.76644897 0
v 1744.87731934 310.76644897 0
v 1847.12890625 310.76657104 0
v 2051.63232422 310.76644897 0
v 1949.38061523 310.76654053 0
v 2153.88427734 310.76635742 0
v 2358.38720703 310.76644897 0
v 2256.13598633 310.76663208 0
v 2460.63867188 310.76644897 0
v 2562.890625 310.76635742 0
v 2665.14257812 310.76654053 0
v 2869.64575195 310.76644897 0
v 2767.39404297 310.76654053 0
v 2971.8972168 310.76654053 0
v -3265.45532227 383.80325317 0
v -3367.70629883 383.80334473 0
v -3163.20336914 383.80337524 0
v -3060.95141602 383.80328369 0
v -2958.70019531 383.80337524 0
v -2856.44799805 383.80349731 0
v -2754.19604492 383.80328369 0
v -2651.94482422 383.8034668 0
v -2549.69311523 383.80334473 0
v -2447.44116211 383.80328369 0
v -2242.93823242 383.80355835 0
v -2345.18969727 383.80352783 0
v -2140.6862793 383.80340576 0
v -2038.43481445 383.80319214 0
v -1833.93139648 383.80334473 0
v -1936.18310547 383.80340576 0
v -1731.6796875 383.80355835 0
v -1527.17651367 383.80337524 0
v -1629.42785645 383.80325317 0
v -1424.92456055 383.80352783 0
v -1322.6730957 383.80328369 0
v -1118.16955566 383.80325317 0
v -1220.42114258 383.80343628 0
v -1015.91809082 383.80334473 0
v -913.66619873 383.80337524 0
v -709.16308594 383.80343628 0
v -811.41455078 383.80325317 0
v -606.91125488 383.8034668 0
v -504.65948486 383.80343628 0
v -402.40802002 383.8034668 0
v -300.15618896 383.80328369 0
v -197.90454102 383.80334473 0
v -95.65279388 383.8034668 0
v 6.59913492 383.80337524 0
v 108.85041046 383.80343628 0
v 211.10215759 383.8034668 0
v 313.35388184 383.80352783 0
v 517.8571167 383.80337524 0
v 415.60552979 383.80337524 0
v 620.10876465 383.8034668 0
v 722.36029053 383.8031311 0
v 926.86376953 383.80319214 0
v 824.61206055 383.80334473 0
v 1029.11547852 383.8034668 0
v 1131.3671875 383.80337524 0
v 1233.61877441 383.80325317 0
v 1438.12207031 383.80334473 0
v 1335.87060547 383.80343628 0
v 1540.37402344 383.80343628 0
v 1642.62561035 383.80337524 0
v 1744.87719727 383.80328369 0
v 1847.12915039 383.80343628 0
v 2051.63232422 383.80352783 0
v 1949.38049316 383.80334473 0
v 2153.8840332 383.80328369 0
v 2358.38696289 383.80325317 0
v 2256.13598633 383.80334473 0
v 2460.63916016 383.80352783 0
v 2665.14233398 383.80334473 0
v 2562.89038086 383.80334473 0
v 2869.64550781 383.80325317 0
v 2767.39428711 383.80352783 0
v -3367.70605469 456.84033203 0
v -3265.45458984 456.84020996 0
v -3163.20288086 456.84011841 0
v -3060.95141602 456.84033203 0
v -2958.69995117 456.84042358 0
v -2754.19604492 456.84033203 0
v -2856.44799805 456.84033203 0
v -2651.94458008 456.840271 0
v -2447.44140625 456.84020996 0
v -2549.69287109 456.84042358 0
v -2345.18969727 456.84020996 0
v -2242.93798828 456.84020996 0
v -2140.6862793 456.84020996 0
v -2038.43444824 456.84011841 0
v -1936.18310547 456.84020996 0
v -1833.93115234 456.84042358 0
v -1629.42810059 456.84033203 0
v -1731.6796875 456.84011841 0
v -1527.17651367 456.84036255 0
v -1424.92480469 456.84033203 0
v -1322.6730957 456.840271 0
v -1118.16955566 456.84020996 0
v -1220.42126465 456.84042358 0
v -1015.91809082 456.84033203 0
v -811.41461182 456.84020996 0
v -913.66607666 456.84033203 0
v -709.16296387 456.84033203 0
v -504.65957642 456.840271 0
v -606.91125488 456.84033203 0
v -300.15637207 456.84020996 0
v -402.40792847 456.84033203 0
v -197.90454102 456.84020996 0
v 6.59885502 456.840271 0
v -95.65261078 456.84042358 0
v 108.85050201 456.84017944 0
v 313.35379028 456.84033203 0
v 211.10206604 456.84033203 0
v 415.60543823 456.84020996 0
v 517.8571167 456.84036255 0
v 620.10882568 456.84036255 0
v 722.36053467 456.84036255 0
v 824.61224365 456.840271 0
v 926.86395264 456.840271 0
v 1029.11547852 456.840271 0
v 1233.61877441 456.840271 0
v 1131.36730957 456.84036255 0
v 1335.87023926 456.84033203 0
v 1438.12207031 456.84042358 0
v 1540.37402344 456.840271 0
v 1642.62536621 456.84017944 0
v 1744.87731934 456.84033203 0
v 1847.12915039 456.84033203 0
v 1949.38061523 456.84042358 0
v 2153.8840332 456.84033203 0
v 2051.63232422 456.84020996 0
v 2256.13574219 456.84020996 0
v 2358.38696289 456.84020996 0
v 2562.890625 456.84033203 0
v 2460.63891602 456.84033203 0
v 2767.39404297 456.84033203 0
v 2665.14233398 456.84042358 0
v 2869.64550781 456.84042358 0
v 2971.8972168 456.84033203 0
v -3265.45483398 529.8772583 0
v -3367.70629883 529.8772583 0
v -3163.20336914 529.8770752 0
v -3060.95166016 529.87713623 0
v -2958.69995117 529.87713623 0
v -2754.19677734 529.87719727 0
v -2856.44799805 529.87738037 0
v -2651.94458008 529.87719727 0
v -2549.69311523 529.87719727 0
v -2447.44116211 529.87713623 0
v -2345.18945312 529.87719727 0
v -2140.6862793 529.87713623 0
v -2242.93823242 529.87719727 0
v -2038.43481445 529.87701416 0
v -1936.18310547 529.87731934 0
v -1833.93139648 529.87713623 0
v -1731.67980957 529.87713623 0
v -1629.42785645 529.87738037 0
v -1527.1763916 529.87719727 0
v -1424.92456055 529.87719727 0
v -1322.6730957 529.87719727 0
v -1118.1697998 529.87713623 0
v -1220.42126465 529.87731934 0
v -1015.91766357 529.87713623 0
v -811.41473389 529.8772583 0
v -913.66625977 529.87713623 0
v -709.16265869 529.8770752 0
v -504.65966797 529.87713623 0
v -606.91125488 529.8772583 0
v -402.40774536 529.87695312 0
v -300.15628052 529.8772583 0
v -95.65288544 529.87701416 0
v -197.90472412 529.87738037 0
v 6.59866858 529.87738037 0
v 108.8506012 529.87738037 0
v 313.35360718 529.8770752 0
v 211.10224915 529.87719727 0
v 415.60552979 529.8772583 0
v 517.85699463 529.87713623 0
v 620.10882568 529.87719727 0
v 722.36053467 529.87713623 0
v 824.61212158 529.87731934 0
v 926.86376953 529.87738037 0
v 1029.11572266 529.87731934 0
v 1233.61877441 529.87731934 0
v 1131.3671875 529.87719727 0
v 1335.87060547 529.87719727 0
v 1438.12231445 529.8770752 0
v 1540.37390137 529.87731934 0
v 1642.62585449 529.87713623 0
v 1847.12927246 529.87719727 0
v 1744.87695312 529.87719727 0
v 1949.38085938 529.87731934 0
v 2153.8840332 529.87713623 0
v 2051.63232422 529.87731934 0
v 2256.13549805 529.87713623 0
v 2358.38745117 529.87731934 0
v 2460.63916016 529.87738037 0
v 2562.89086914 529.87713623 0
v 2767.39404297 529.87701416 0
v 2665.14257812 529.87738037 0
v 2869.64550781 529.87701416 0
v -3265.45483398 602.91400146 0
v -3367.70678711 602.91394043 0
v -3163.20336914 602.91394043 0
v -3060.95117188 602.91412354 0
v -2856.44848633 602.9140625 0
v -2958.69970703 602.91418457 0
v -2754.19628906 602.91424561 0
v -2651.94458008 602.91412354 0
v -2447.44116211 602.91412354 0
v -2549.69311523 602.91412354 0
v -2345.18969727 602.91418457 0
v -2242.93823242 602.9140625 0
v -2140.6862793 602.91394043 0
v -2038.43469238 602.91424561 0
v -1936.18273926 602.91400146 0
v -1833.93115234 602.91400146 0
v -1731.67980957 602.91400146 0
v -1629.42785645 602.91394043 0
v -1527.17602539 602.9140625 0
v -1424.92443848 602.9140625 0
v -1322.67285156 602.91394043 0
v -1220.42126465 602.91412354 0
v -1015.91790771 602.91400146 0
v -1118.16955566 602.91418457 0
v -913.66619873 602.9140625 0
v -709.16296387 602.91424561 0
v -811.41455078 602.91400146 0
v -606.91131592 602.91412354 0
v -504.65957642 602.91412354 0
v -402.40811157 602.91424561 0
v -300.15618896 602.91418457 0
v -95.65279388 602.91418457 0
v -197.90463257 602.91412354 0
v 6.59885502 602.91424561 0
v 108.8506012 602.9140625 0
v 211.1023407 602.91412354 0
v 313.35369873 602.9140625 0
v 517.8571167 602.91412354 0
v 415.60531616 602.91400146 0
v 620.10882568 602.9140625 0
v 722.3605957 602.91412354 0
v 824.61224365 602.91412354 0
v 1029.11535645 602.91412354 0
v 926.86376953 602.91394043 0
v 1131.36694336 602.9140625 0
v 1233.61877441 602.9140625 0
v 1438.12207031 602.91400146 0
v 1335.87084961 602.91418457 0
v 1642.62561035 602.91418457 0
v 1540.37402344 602.91412354 0
v 1744.87719727 602.91394043 0
v 1847.12890625 602.91400146 0
v 1949.38049316 602.91430664 0
v 2051.63232422 602.91394043 0
v 2153.88427734 602.9140625 0
v 2256.13549805 602.9140625 0
v 2460.63916016 602.91412354 0
v 2358.38745117 602.91424561 0
v 2562.890625 602.91418457 0
v 2665.14257812 602.9140625 0
v 2767.39404297 602.91394043 0
v 2971.8972168 529.87719727 0
v 2869.64550781 602.91400146 0
v -3367.70678711 675.95111084 0
v -3265.45483398 675.95111084 0
v -3163.20288086 675.95092773 0
v -2958.69970703 675.9510498 0
v -3060.95166016 675.95111084 0
v -2856.44799805 675.95092773 0
v -2651.94506836 675.9510498 0
v -2754.19628906 675.95098877 0
v -2549.69311523 675.95092773 0
v -2345.18994141 675.9510498 0
v -2447.44116211 675.95092773 0
v -2242.93823242 675.95111084 0
v -2140.6862793 675.95092773 0
v -1936.1829834 675.95092773 0
v -2038.43444824 675.95092773 0
v -1833.93115234 675.95098877 0
v -1731.68005371 675.95098877 0
v -1629.42810059 675.9510498 0
v -1527.1763916 675.95092773 0
v -1424.92456055 675.95092773 0
v -1322.6730957 675.95111084 0
v -1220.42114258 675.9510498 0
v -1118.1697998 675.95111084 0
v -1015.91802979 675.9510498 0
v -913.66625977 675.95098877 0
v -811.41473389 675.95111084 0
v -606.91131592 675.95098877 0
v -709.16290283 675.95111084 0
v -504.65975952 675.95111084 0
v -300.15628052 675.95092773 0
v -402.40783691 675.95117188 0
v -197.90454102 675.95098877 0
v -95.65279388 675.95098877 0
v 108.8506012 675.95092773 0
v 6.59876204 675.9510498 0
v 211.10215759 675.95098877 0
v 313.35379028 675.95111084 0
v 415.60534668 675.95098877 0
v 620.10894775 675.9510498 0
v 517.85693359 675.95111084 0
v 824.61206055 675.95098877 0
v 722.36047363 675.95111084 0
v 926.86395264 675.95111084 0
v 1029.11547852 675.95098877 0
v 1131.36730957 675.95123291 0
v 1335.87060547 675.95092773 0
v 1233.61877441 675.9510498 0
v 1438.12207031 675.95092773 0
v 1540.37390137 675.95092773 0
v 1642.62536621 675.95117188 0
v 1744.87731934 675.95117188 0
v 1847.12915039 675.95111084 0
v 2051.63232422 675.9508667 0
v 1949.38085938 675.9510498 0
v 2153.88427734 675.95129395 0
v 2256.13598633 675.95098877 0
v 2460.63891602 675.95092773 0
v 2358.38745117 675.95098877 0
v 2562.890625 675.95111084 0
v 2665.14233398 675.9508667 0
v 2767.39404297 675.95092773 0
v 2971.89746094 602.91412354 0
v 2869.64599609 675.95111084 0
v -3265.45532227 748.98791504 0
v -3367.70629883 748.98803711 0
v -3163.20288086 748.98791504 0
v -3060.95166016 748.98791504 0
v -2856.44824219 748.98809814 0
v -2958.69970703 748.98809814 0
v -2754.19628906 748.98779297 0
v -2651.94482422 748.98809814 0
v -2447.44165039 748.98809814 0
v -2549.69311523 748.98809814 0
v -2345.18969727 748.98791504 0
v -2140.68652344 748.98809814 0
v -2242.93798828 748.98797607 0
v -2038.43444824 748.98791504 0
v -1936.18310547 748.98791504 0
v -1833.93139648 748.98779297 0
v -1731.6796875 748.98791504 0
v -1629.42785645 748.987854 0
v -1527.17614746 748.98803711 0
v -1322.6730957 748.98797607 0
v -1424.92468262 748.98803711 0
v -1220.42126465 748.98791504 0
v -1015.91821289 748.98803711 0
v -1118.16967773 748.98791504 0
v -913.66638184 748.98809814 0
v -811.41491699 748.98803711 0
v -709.16296387 748.98791504 0
v -606.91101074 748.98791504 0
v -504.65966797 748.98809814 0
v -300.15609741 748.98791504 0
v -402.40783691 748.98797607 0
v -95.65288544 748.987854 0
v -197.90463257 748.98809814 0
v 6.59866858 748.98809814 0
v 108.85050201 748.98809814 0
v 211.10215759 748.98791504 0
v 313.35379028 748.98791504 0
v 415.60552979 748.98809814 0
v 517.85736084 748.98797607 0
v 620.10894775 748.98797607 0
v 722.3605957 748.98791504 0
v 824.61206055 748.98791504 0
v 926.86407471 748.98803711 0
v 1029.11560059 748.98803711 0
v 1233.61889648 748.98809814 0
v 1131.36706543 748.98797607 0
v 1335.8704834 748.98791504 0
v 1438.12231445 748.98797607 0
v 1540.37402344 748.98791504 0
v 1642.62536621 748.98791504 0
v 1847.12915039 748.98797607 0
v 1744.87731934 748.98797607 0
v 1949.38049316 748.98791504 0
v 2051.63232422 748.98809814 0
v 2153.8840332 748.98797607 0
v 2256.13549805 748.98779297 0
v 2358.38745117 748.98791504 0
v 2460.63891602 748.98791504 0
v 2562.890625 748.98797607 0
v 2767.39379883 748.987854 0
v 2665.14257812 748.98797607 0
v 2869.64550781 748.98791504 0
v 2971.89746094 748.98797607 0
v -3367.70629883 822.02478027 0
v -3265.45483398 822.02490234 0
v -3060.95141602 822.0246582 0
v -3163.20336914 822.02490234 0
v -2958.69970703 822.02478027 0
v -2856.44824219 822.02490234 0
v -2754.19604492 822.02490234 0
v -2549.69311523 822.02478027 0
v -2651.94482422 822.02496338 0
v -2447.44140625 822.02478027 0
v -2345.18945312 822.02478027 0
v -2242.93798828 822.0246582 0
v -2140.6862793 822.0246582 0
v -1936.18310547 822.02496338 0
v -2038.43469238 822.02496338 0
v -1833.93115234 822.02490234 0
v -1629.42773438 822.02490234 0
v -1731.67980957 822.02490234 0
v -1424.92480469 822.02478027 0
v -1527.1763916 822.02490234 0
v -1322.67285156 822.0246582 0
v -1220.42114258 822.0246582 0
v -1118.1697998 822.02490234 0
v -1015.91809082 822.02490234 0
v -913.66607666 822.02490234 0
v -811.41461182 822.02490234 0
v -606.91125488 822.02490234 0
v -709.16290283 822.02478027 0
v -504.65975952 822.02490234 0
v -402.40811157 822.0246582 0
v -300.15628052 822.02490234 0
v -197.90454102 822.02478027 0
v -95.65270233 822.02478027 0
v 6.59894848 822.0246582 0
v 108.85069275 822.02490234 0
v 313.35360718 822.02490234 0
v 211.10215759 822.02496338 0
v 415.60552979 822.02478027 0
v 517.85699463 822.02490234 0
v 620.10894775 822.02490234 0
v 722.36047363 822.02490234 0
v 824.61206055 822.0246582 0
v 926.86395264 822.02478027 0
v 1029.11572266 822.02490234 0
v 1131.36706543 822.02478027 0
v 1233.61901855 822.02490234 0
v 1335.87060547 822.0246582 0
v 1540.37390137 822.02478027 0
v 1438.12207031 822.02490234 0
v 1642.62536621 822.02478027 0
v 1847.12915039 822.02490234 0
v 1744.87719727 822.02490234 0
v 1949.38049316 822.02490234 0
v 2153.8840332 822.02478027 0
v 2051.63232422 822.02478027 0
v 2256.13598633 822.02496338 0
v 2460.63891602 822.02490234 0
v 2358.38720703 822.0246582 0
v 2665.14233398 822.0246582 0
v 2562.890625 822.02490234 0
v 2767.39404297 822.0246582 0
v 2869.64550781 822.0246582 0
v -3265.45532227 895.06176758 0
v -3367.70629883 895.06176758 0
v -3163.20336914 895.06182861 0
v -3060.95166016 895.06195068 0
v -2958.69995117 895.06182861 0
v -2856.44824219 895.06164551 0
v -2754.19628906 895.06164551 0
v -2651.94482422 895.06158447 0
v -2549.69311523 895.06176758 0
v -2447.44116211 895.06164551 0
v -2242.93823242 895.06176758 0
v -2345.18969727 895.06176758 0
v -2140.68652344 895.06176758 0
v -2038.43469238 895.06182861 0
v -1936.18273926 895.06164551 0
v -1833.93103027 895.06176758 0
v -1629.42810059 895.06207275 0
v -1731.67980957 895.06164551 0
v -1527.17614746 895.06182861 0
v -1322.6730957 895.06182861 0
v -1424.92468262 895.06176758 0
v -1220.42126465 895.06182861 0
v -1118.1697998 895.06164551 0
v -913.66625977 895.06164551 0
v -1015.91802979 895.06176758 0
v -709.16296387 895.06182861 0
v -811.41455078 895.06182861 0
v -606.91125488 895.06182861 0
v -504.65939331 895.06182861 0
v -402.40783691 895.06182861 0
v -300.15637207 895.06164551 0
v -95.65279388 895.06164551 0
v -197.90444946 895.06176758 0
v 6.59885502 895.06176758 0
v 108.85041046 895.06182861 0
v 211.10215759 895.06182861 0
v 313.35388184 895.06182861 0
v 415.60565186 895.06164551 0
v 620.10876465 895.06176758 0
v 517.8571167 895.06176758 0
v 722.3605957 895.06164551 0
v 824.61212158 895.06182861 0
v 1029.11547852 895.06176758 0
v 926.86395264 895.06182861 0
v 1131.3671875 895.06164551 0
v 1335.87060547 895.06176758 0
v 1233.61901855 895.06182861 0
v 1540.37390137 895.06164551 0
v 1438.12207031 895.06176758 0
v 1744.87695312 895.06164551 0
v 1642.62536621 895.06176758 0
v 1847.12890625 895.06182861 0
v 1949.38061523 895.06182861 0
v 2051.63232422 895.06164551 0
v 2153.8840332 895.06176758 0
v 2256.13598633 895.06176758 0
v 2358.38745117 895.06176758 0
v 2460.63916016 895.06164551 0
v 2562.89086914 895.06182861 0
v 2665.14257812 895.06182861 0
v 2767.39404297 895.06176758 0
v 2971.89746094 822.0246582 0
v 2869.64599609 895.06176758 0
v -3367.70629883 968.09863281 0
v -3265.45483398 968.09863281 0
v -3163.20336914 968.09875488 0
v -2958.70019531 968.09863281 0
v -3060.95141602 968.09875488 0
v -2856.44799805 968.09844971 0
v -2651.94506836 968.09881592 0
v -2754.19628906 968.09857178 0
v -2549.69311523 968.09857178 0
v -2447.44140625 968.09875488 0
v -2345.18969727 968.09863281 0
v -2242.93823242 968.09875488 0
v -2140.6862793 968.09857178 0
v -1936.18310547 968.09844971 0
v -2038.43469238 968.09844971 0
v -1833.93115234 968.09857178 0
v -1731.6796875 968.09875488 0
v -1527.17614746 968.09863281 0
v -1629.42810059 968.09875488 0
v -1424.92456055 968.09863281 0
v -1322.67285156 968.09863281 0
v -1118.1697998 968.09857178 0
v -1220.42126465 968.09863281 0
v -913.66625977 968.09857178 0
v -1015.91821289 968.09875488 0
v -811.41455078 968.09857178 0
v -709.16290283 968.09863281 0
v -504.65957642 968.09863281 0
v -606.91113281 968.09863281 0
v -402.40774536 968.09863281 0
v -197.90472412 968.09863281 0
v -300.15628052 968.09875488 0
v -95.65279388 968.09863281 0
v 6.59866858 968.09863281 0
v 108.8506012 968.09863281 0
v 211.10224915 968.09857178 0
v 415.60543823 968.09863281 0
v 313.35369873 968.09875488 0
v 517.8571167 968.09857178 0
v 620.10882568 968.09863281 0
v 824.61206055 968.09863281 0
v 722.3605957 968.09875488 0
v 926.86376953 968.09863281 0
v 1029.11547852 968.09863281 0
v 1233.61877441 968.09863281 0
v 1131.36730957 968.09881592 0
v 1335.87060547 968.09863281 0
v 1540.3737793 968.09863281 0
v 1438.12231445 968.09875488 0
v 1642.62561035 968.09844971 0
v 1744.87719727 968.09857178 0
v 1847.12915039 968.09863281 0
v 2051.63232422 968.09875488 0
v 1949.38061523 968.09875488 0
v 2153.8840332 968.09857178 0
v 2256.13574219 968.09863281 0
v 2358.38720703 968.09863281 0
v 2460.63891602 968.09863281 0
v 2562.89086914 968.09863281 0
v 2767.39404297 968.09844971 0
v 2665.14257812 968.09863281 0
v 2869.64550781 968.09863281 0
v 2971.8972168 968.09863281 0
v -3367.70629883 1041.13549805 0
v -3265.45483398 1041.13562012 0
v -3163.20336914 1041.13562012 0
v -3060.95117188 1041.13549805 0
v -2856.44824219 1041.13562012 0
v -2958.70019531 1041.13562012 0
v -2754.19628906 1041.13549805 0
v -2651.94458008 1041.13549805 0
v -2549.69335938 1041.13562012 0
v -2447.44116211 1041.13549805 0
v -2345.18945312 1041.13549805 0
v -2140.6862793 1041.13549805 0
v -2242.93823242 1041.13549805 0
v -2038.43444824 1041.13549805 0
v -1833.93115234 1041.13549805 0
v -1936.18334961 1041.13562012 0
v -1731.67944336 1041.13549805 0
v -1527.17614746 1041.13549805 0
v -1629.42810059 1041.13562012 0
v -1322.67297363 1041.13549805 0
v -1424.92456055 1041.13549805 0
v -1220.42114258 1041.13549805 0
v -1118.1697998 1041.13549805 0
v -1015.91802979 1041.13549805 0
v -913.66625977 1041.13549805 0
v -811.41455078 1041.13549805 0
v -606.91125488 1041.13549805 0
v -709.16290283 1041.13549805 0
v -504.65948486 1041.13549805 0
v -402.40811157 1041.13549805 0
v -300.15637207 1041.13549805 0
v -197.90454102 1041.13549805 0
v -95.65279388 1041.13549805 0
v 6.59894848 1041.13549805 0
v 211.10195923 1041.13549805 0
v 108.85050201 1041.13549805 0
v 313.35369873 1041.13562012 0
v 517.8571167 1041.13549805 0
v 415.60552979 1041.13562012 0
v 620.10894775 1041.13562012 0
v 824.61206055 1041.13549805 0
v 722.3605957 1041.13549805 0
v 926.8637085 1041.13549805 0
v 1029.11535645 1041.13549805 0
v 1131.36706543 1041.13549805 0
v 1233.61877441 1041.13549805 0
v 1335.87036133 1041.13549805 0
v 1438.12207031 1041.13549805 0
v 1540.37402344 1041.13549805 0
v 1642.62536621 1041.13549805 0
v 1744.87719727 1041.13549805 0
v 1949.38049316 1041.13549805 0
v 1847.12915039 1041.13549805 0
v 2051.63208008 1041.13549805 0
v 2153.8840332 1041.13549805 0
v 2256.13549805 1041.13549805 0
v 2358.38720703 1041.13549805 0
v 2562.890625 1041.13549805 0
v 2460.63916016 1041.13562012 0
v 2665.14208984 1041.13549805 0
v 2767.39404297 1041.13537598 0
v 2869.64575195 1041.13562012 0
v -3367.70629883 1114.17248535 0
v -3163.20336914 1114.17248535 0
v -3265.45483398 1114.17260742 0
v -3060.95166016 1114.17248535 0
v -2958.69970703 1114.17248535 0
v -2856.44799805 1114.17248535 0
v -2651.94506836 1114.17248535 0
v -2754.1965332 1114.17260742 0
v -2447.44116211 1114.17248535 0
v -2549.69311523 1114.17285156 0
v -2345.18969727 1114.17260742 0
v -2242.93798828 1114.17248535 0
v -2140.6862793 1114.17248535 0
v -2038.43444824 1114.17248535 0
v -1936.18310547 1114.17260742 0
v -1731.67944336 1114.17248535 0
v -1833.93115234 1114.17272949 0
v -1629.42773438 1114.17248535 0
v -1424.92468262 1114.17248535 0
v -1527.17651367 1114.17260742 0
v -1322.67272949 1114.17260742 0
v -1220.42114258 1114.17248535 0
v -1118.1697998 1114.17260742 0
v -1015.91790771 1114.17248535 0
v -811.41479492 1114.17248535 0
v -913.66638184 1114.17260742 0
v -709.16296387 1114.17248535 0
v -606.91125488 1114.17248535 0
v -504.65939331 1114.17248535 0
v -402.40765381 1114.17260742 0
v -300.15628052 1114.17248535 0
v -197.90454102 1114.17260742 0
v 6.59866858 1114.17248535 0
v -95.65279388 1114.17260742 0
v 108.85031891 1114.17248535 0
v 211.10215759 1114.17248535 0
v 313.35379028 1114.17248535 0
v 415.60565186 1114.17248535 0
v 620.10882568 1114.17248535 0
v 517.85717773 1114.17260742 0
v 722.3605957 1114.17260742 0
v 824.61224365 1114.17248535 0
v 926.86376953 1114.17248535 0
v 1029.11584473 1114.17272949 0
v 1131.36730957 1114.17260742 0
v 1335.87023926 1114.17248535 0
v 1233.61865234 1114.17248535 0
v 1438.12207031 1114.17248535 0
v 1540.37426758 1114.17260742 0
v 1642.62561035 1114.17260742 0
v 1847.12890625 1114.17260742 0
v 1744.87731934 1114.17248535 0
v 1949.38061523 1114.17260742 0
v 2051.63208008 1114.17260742 0
v 2153.8840332 1114.17272949 0
v 2256.13598633 1114.17260742 0
v 2358.38745117 1114.17248535 0
v 2562.890625 1114.17260742 0
v 2460.63891602 1114.17248535 0
v 2665.14233398 1114.17248535 0
v 2767.39428711 1114.17260742 0
v 2971.8972168 1114.17248535 0
v 2869.64575195 1114.17260742 0
v -3367.70605469 1187.20947266 0
v -3265.45483398 1187.20947266 0
v -3060.95166016 1187.20947266 0
v -3163.20336914 1187.20959473 0
v -2958.70019531 1187.20947266 0
v -2856.44824219 1187.20947266 0
v -2754.19628906 1187.20922852 0
v -2651.94458008 1187.20922852 0
v -2447.44140625 1187.20947266 0
v -2549.69311523 1187.20935059 0
v -2345.18969727 1187.20947266 0
v -2242.93823242 1187.20947266 0
v -2140.6862793 1187.20947266 0
v -2038.43469238 1187.20922852 0
v -1936.18310547 1187.20922852 0
v -1833.93115234 1187.20922852 0
v -1629.42822266 1187.20947266 0
v -1731.67932129 1187.20947266 0
v -1527.17614746 1187.20947266 0
v -1424.92443848 1187.20922852 0
v -1220.42138672 1187.20947266 0
v -1322.6730957 1187.20959473 0
v -1118.16955566 1187.20935059 0
v -1015.91802979 1187.20947266 0
v -913.66619873 1187.20947266 0
v -811.41461182 1187.20947266 0
v -709.16290283 1187.20947266 0
v -606.91101074 1187.20947266 0
v -402.40802002 1187.20947266 0
v -504.65948486 1187.20935059 0
v -300.15628052 1187.20922852 0
v -95.65288544 1187.20922852 0
v -197.90454102 1187.20947266 0
v 6.59894848 1187.20947266 0
v 108.85041046 1187.20947266 0
v 211.10215759 1187.20947266 0
v 415.60534668 1187.20947266 0
v 313.35388184 1187.20959473 0
v 517.85699463 1187.20935059 0
v 620.10894775 1187.20947266 0
v 824.61230469 1187.20947266 0
v 722.36047363 1187.20947266 0
v 1029.11535645 1187.20947266 0
v 926.8638916 1187.20947266 0
v 1131.36730957 1187.20959473 0
v 1233.61877441 1187.20947266 0
v 1335.8704834 1187.20935059 0
v 1540.37390137 1187.20935059 0
v 1438.12231445 1187.20947266 0
v 1642.62536621 1187.20935059 0
v 1744.87731934 1187.20947266 0
v 1949.38049316 1187.20947266 0
v 1847.12890625 1187.20935059 0
v 2051.63232422 1187.20947266 0
v 2153.8840332 1187.20935059 0
v 2358.38720703 1187.20922852 0
v 2256.13598633 1187.20947266 0
v 2460.63916016 1187.20947266 0
v 2562.89086914 1187.20947266 0
v 2665.14257812 1187.20947266 0
v 2869.64550781 1187.20922852 0
v 2767.39404297 1187.20947266 0
v -3265.45532227 1260.24645996 0
v -3367.70678711 1260.24658203 0
v -3163.20288086 1260.24621582 0
v -3060.95141602 1260.24633789 0
v -2958.69970703 1260.24621582 0
v -2754.1965332 1260.24633789 0
v -2856.44799805 1260.24621582 0
v -2651.94458008 1260.24621582 0
v -2549.69311523 1260.24609375 0
v -2447.44116211 1260.24621582 0
v -2345.18945312 1260.24633789 0
v -2242.93798828 1260.24621582 0
v -2038.43469238 1260.24645996 0
v -2140.68652344 1260.24645996 0
v -1936.18310547 1260.24645996 0
v -1731.67980957 1260.24645996 0
v -1833.93103027 1260.24621582 0
v -1629.42810059 1260.24645996 0
v -1527.17614746 1260.24621582 0
v -1424.92468262 1260.24645996 0
v -1322.67297363 1260.24621582 0
v -1118.16967773 1260.24645996 0
v -1220.42138672 1260.24621582 0
v -1015.91784668 1260.24621582 0
v -811.41430664 1260.24633789 0
v -913.66644287 1260.24645996 0
v -606.91113281 1260.24633789 0
v -709.16296387 1260.24645996 0
v -504.65966797 1260.24645996 0
v -402.40792847 1260.24633789 0
v -300.15637207 1260.24633789 0
v -197.90463257 1260.24621582 0
v -95.65279388 1260.24621582 0
v 6.59894848 1260.24645996 0
v 108.85050201 1260.24633789 0
v 211.10224915 1260.24621582 0
v 415.60552979 1260.24645996 0
v 313.35369873 1260.24645996 0
v 517.8572998 1260.24633789 0
v 722.36047363 1260.24621582 0
v 620.10876465 1260.24633789 0
v 824.61206055 1260.24633789 0
v 926.8638916 1260.24621582 0
v 1131.3671875 1260.24621582 0
v 1029.11547852 1260.24645996 0
v 1233.61901855 1260.24645996 0
v 1438.12207031 1260.24621582 0
v 1335.87060547 1260.24621582 0
v 1540.37365723 1260.24633789 0
v 1642.62536621 1260.24621582 0
v 1744.87695312 1260.24633789 0
v 1847.12890625 1260.24621582 0
v 2051.63208008 1260.24621582 0
v 1949.38049316 1260.24621582 0
v 2153.8840332 1260.24621582 0
v 2256.13574219 1260.24609375 0
v 2358.38745117 1260.24609375 0
v 2562.890625 1260.24645996 0
v 2460.63891602 1260.24633789 0
v 2665.14233398 1260.24645996 0
v 2767.39404297 1260.24621582 0
v 2971.89746094 1187.20947266 0
v 2869.64624023 1260.24645996 0
v -3367.70629883 1333.28320312 0
v -3163.20336914 1333.2833252 0
v -3265.45483398 1333.2833252 0
v -3060.95141602 1333.28320312 0
v -2856.44799805 1333.28308105 0
v -2958.69970703 1333.2833252 0
v -2651.94482422 1333.28320312 0
v -2754.1965332 1333.28344727 0
v -2549.69311523 1333.28344727 0
v -2447.44140625 1333.28344727 0
v -2345.18969727 1333.28344727 0
v -2242.93798828 1333.28308105 0
v -2038.43481445 1333.28344727 0
v -2140.68652344 1333.2833252 0
v -1936.18334961 1333.28344727 0
v -1833.93139648 1333.28344727 0
v -1731.67980957 1333.2833252 0
v -1527.1763916 1333.28344727 0
v -1629.42810059 1333.2833252 0
v -1424.92456055 1333.28320312 0
v -1322.6730957 1333.2833252 0
v -1220.42163086 1333.28320312 0
v -1015.91802979 1333.28320312 0
v -1118.16955566 1333.28344727 0
v -811.41461182 1333.28320312 0
v -913.66625977 1333.28320312 0
v -709.16296387 1333.28344727 0
v -606.91131592 1333.28320312 0
v -402.40802002 1333.28320312 0
v -504.65957642 1333.28320312 0
v -300.15628052 1333.2833252 0
v -197.90454102 1333.2833252 0
v 6.59894848 1333.28308105 0
v -95.65288544 1333.2833252 0
v 108.85041046 1333.28320312 0
v 211.10215759 1333.28320312 0
v 313.35388184 1333.2833252 0
v 415.60552979 1333.28320312 0
v 620.10876465 1333.28320312 0
v 517.8572998 1333.28344727 0
v 722.3605957 1333.28344727 0
v 824.61206055 1333.28320312 0
v 926.86407471 1333.28320312 0
v 1131.36706543 1333.28320312 0
v 1029.11560059 1333.28320312 0
v 1335.87060547 1333.28344727 0
v 1233.61901855 1333.2833252 0
v 1438.12207031 1333.28320312 0
v 1540.37402344 1333.28320312 0
v 1642.62585449 1333.2833252 0
v 1744.87731934 1333.28320312 0
v 1847.12890625 1333.28308105 0
v 1949.38085938 1333.2833252 0
v 2051.63232422 1333.28308105 0
v 2153.8840332 1333.2833252 0
v 2256.13598633 1333.28320312 0
v 2460.63891602 1333.28320312 0
v 2358.38720703 1333.28344727 0
v 2665.14233398 1333.28308105 0
v 2562.890625 1333.28320312 0
v 2869.64575195 1333.2833252 0
v 2767.39404297 1333.2833252 0
v 2971.8972168 1333.28320312 0
v -3265.45483398 1406.32019043 0
v -3367.70678711 1406.32006836 0
v -3163.20336914 1406.32006836 0
v -3060.95166016 1406.3203125 0
v -2958.69970703 1406.32006836 0
v -2856.44824219 1406.32019043 0
v -2754.1965332 1406.32019043 0
v -2651.94458008 1406.32006836 0
v -2549.69287109 1406.32006836 0
v -2447.44116211 1406.32006836 0
v -2345.18945312 1406.32006836 0
v -2242.93798828 1406.32019043 0
v -2140.68652344 1406.32019043 0
v -2038.43469238 1406.32006836 0
v -1936.18310547 1406.32019043 0
v -1833.93139648 1406.32006836 0
v -1731.6796875 1406.32019043 0
v -1629.42785645 1406.32043457 0
v -1527.17614746 1406.32019043 0
v -1424.92456055 1406.32019043 0
v -1322.6730957 1406.32019043 0
v -1220.42138672 1406.3203125 0
v -1015.91821289 1406.32019043 0
v -1118.16943359 1406.32006836 0
v -913.66625977 1406.3203125 0
v -811.41442871 1406.32019043 0
v -606.91125488 1406.32019043 0
v -709.16308594 1406.32019043 0
v -504.65948486 1406.32019043 0
v -402.40783691 1406.32006836 0
v -197.90454102 1406.32019043 0
v -300.15628052 1406.3203125 0
v -95.65288544 1406.32006836 0
v 6.59857512 1406.32006836 0
v 108.85041046 1406.32019043 0
v 211.10224915 1406.32006836 0
v 415.60543823 1406.32019043 0
v 313.35388184 1406.32006836 0
v 620.10894775 1406.32019043 0
v 517.8572998 1406.3203125 0
v 722.36065674 1406.32019043 0
v 926.86376953 1406.32006836 0
v 824.61224365 1406.32019043 0
v 1029.11560059 1406.32019043 0
v 1233.61865234 1406.32019043 0
v 1131.36706543 1406.32019043 0
v 1335.87060547 1406.32019043 0
v 1438.12231445 1406.32019043 0
v 1642.62561035 1406.32019043 0
v 1540.37390137 1406.32006836 0
v 1744.87731934 1406.32019043 0
v 1847.12915039 1406.32019043 0
v 2051.63232422 1406.32019043 0
v 1949.38061523 1406.32019043 0
v 2153.88378906 1406.32006836 0
v 2256.13574219 1406.3203125 0
v 2358.38720703 1406.32006836 0
v 2460.63916016 1406.32019043 0
v 2562.890625 1406.32019043 0
v 2665.14257812 1406.3203125 0
v 2767.39404297 1406.32006836 0
v 2971.8972168 1406.32006836 0
v 2869.64575195 1406.32019043 0
v -3367.70629883 1479.35705566 0
v -3265.45483398 1479.35693359 0
v -3163.20336914 1479.35717773 0
v -2958.69970703 1479.35681152 0
v -3060.95141602 1479.35693359 0
v -2856.44799805 1479.35693359 0
v -2651.94482422 1479.35693359 0
v -2754.19628906 1479.35693359 0
v -2549.69311523 1479.35681152 0
v -2447.44116211 1479.35693359 0
v -2345.18945312 1479.35693359 0
v -2242.93798828 1479.35693359 0
v -2038.43469238 1479.35693359 0
v -2140.68652344 1479.35693359 0
v -1936.18310547 1479.35693359 0
v -1833.93115234 1479.35693359 0
v -1731.6796875 1479.35717773 0
v -1527.17614746 1479.35693359 0
v -1629.42785645 1479.35693359 0
v -1424.92480469 1479.35705566 0
v -1322.6730957 1479.35693359 0
v -1118.1697998 1479.35717773 0
v -1220.42126465 1479.35693359 0
v -1015.91790771 1479.35693359 0
v -811.41473389 1479.35717773 0
v -913.66607666 1479.35693359 0
v -709.16265869 1479.35717773 0
v -504.65966797 1479.35693359 0
v -606.91149902 1479.35705566 0
v -402.40783691 1479.35705566 0
v -300.15637207 1479.35693359 0
v -95.65288544 1479.35693359 0
v -197.90454102 1479.35717773 0
v 6.59885502 1479.35705566 0
v 108.8506012 1479.35693359 0
v 313.35369873 1479.35705566 0
v 211.10215759 1479.35705566 0
v 415.60534668 1479.35693359 0
v 620.10864258 1479.35693359 0
v 517.85736084 1479.35705566 0
v 722.3605957 1479.35717773 0
v 824.61212158 1479.35693359 0
v 926.86376953 1479.35705566 0
v 1029.11572266 1479.35717773 0
v 1131.36730957 1479.35717773 0
v 1233.61901855 1479.35717773 0
v 1438.12207031 1479.35693359 0
v 1335.87060547 1479.35705566 0
v 1540.37390137 1479.35693359 0
v 1642.62536621 1479.35693359 0
v 1744.87695312 1479.35693359 0
v 1847.12915039 1479.35717773 0
v 1949.38061523 1479.35705566 0
v 2051.63232422 1479.35693359 0
v 2153.8840332 1479.35681152 0
v 2256.13549805 1479.35693359 0
v 2460.63891602 1479.35693359 0
v 2358.38745117 1479.35717773 0
v 2562.890625 1479.35681152 0
v 2665.14257812 1479.35693359 0
v 2767.39428711 1479.35705566 0
v 2869.64599609 1479.35693359 0
v -3265.45483398 1552.3939209 0
v -3367.70629883 1552.3939209 0
v -3163.20288086 1552.3939209 0
v -2958.69995117 1552.3939209 0
v -3060.95166016 1552.3939209 0
v -2856.44799805 1552.39379883 0
v -2754.1965332 1552.3939209 0
v -2651.94482422 1552.3939209 0
v -2549.69311523 1552.3939209 0
v -2447.44116211 1552.39379883 0
v -2345.18945312 1552.39379883 0
v -2242.93774414 1552.3939209 0
v -2140.6862793 1552.39404297 0
v -2038.43469238 1552.39404297 0
v -1833.93139648 1552.39404297 0
v -1936.1829834 1552.3939209 0
v -1731.6796875 1552.3939209 0
v -1629.42785645 1552.3939209 0
v -1527.1763916 1552.39404297 0
v -1424.92456055 1552.3939209 0
v -1220.42126465 1552.3939209 0
v -1322.6730957 1552.39440918 0
v -1118.16967773 1552.39404297 0
v -913.66625977 1552.39404297 0
v -1015.91784668 1552.39416504 0
v -811.41473389 1552.39404297 0
v -709.16290283 1552.39404297 0
v -606.91143799 1552.39404297 0
v -504.65966797 1552.39404297 0
v -300.15609741 1552.3939209 0
v -402.40792847 1552.39404297 0
v -95.65288544 1552.3939209 0
v -197.90463257 1552.39404297 0
v 108.8506012 1552.39379883 0
v 6.59876204 1552.3939209 0
v 211.10215759 1552.3939209 0
v 313.35388184 1552.3939209 0
v 415.60574341 1552.3939209 0
v 620.10882568 1552.39404297 0
v 517.85717773 1552.39404297 0
v 722.36065674 1552.3939209 0
v 824.61242676 1552.39404297 0
v 926.86407471 1552.39428711 0
v 1131.36730957 1552.3939209 0
v 1029.11560059 1552.39404297 0
v 1233.61877441 1552.39404297 0
v 1335.87036133 1552.3939209 0
v 1438.12207031 1552.3939209 0
v 1540.37365723 1552.3939209 0
v 1642.62561035 1552.39404297 0
v 1744.87731934 1552.39404297 0
v 1949.38049316 1552.39379883 0
v 1847.12915039 1552.3939209 0
v 2051.63232422 1552.39379883 0
v 2153.8840332 1552.39404297 0
v 2256.13574219 1552.3939209 0
v 2460.63916016 1552.39404297 0
v 2358.38720703 1552.3939209 0
v 2562.890625 1552.3939209 0
v 2767.39404297 1552.3939209 0
v 2665.14257812 1552.3939209 0
v 2869.64599609 1552.39416504 0
v 2971.8972168 1552.3939209 0
v -3265.45532227 1625.4309082 0
v -3367.70629883 1625.43078613 0
v -3163.20336914 1625.4309082 0
v -3060.95117188 1625.43078613 0
v -2856.44799805 1625.4309082 0
v -2958.69995117 1625.4309082 0
v -2651.94506836 1625.43115234 0
v -2754.1965332 1625.4309082 0
v -2549.69311523 1625.4309082 0
v -2447.44116211 1625.4309082 0
v -2345.18945312 1625.4309082 0
v -2242.93774414 1625.4309082 0
v -2140.68603516 1625.4309082 0
v -1936.1829834 1625.4309082 0
v -2038.43505859 1625.43115234 0
v -1833.93115234 1625.43078613 0
v -1629.42785645 1625.4309082 0
v -1731.68005371 1625.43115234 0
v -1424.92492676 1625.4309082 0
v -1527.17626953 1625.4309082 0
v -1322.6730957 1625.4309082 0
v -1220.42126465 1625.43078613 0
v -1118.16943359 1625.43078613 0
v -913.66619873 1625.43078613 0
v -1015.91802979 1625.4309082 0
v -709.16296387 1625.4309082 0
v -811.41473389 1625.4309082 0
v -606.91125488 1625.4309082 0
v -402.40820312 1625.4309082 0
v -504.65948486 1625.4309082 0
v -300.15609741 1625.4309082 0
v -95.65307617 1625.4309082 0
v -197.90454102 1625.4309082 0
v 6.59894848 1625.4309082 0
v 108.85050201 1625.4309082 0
v 313.35379028 1625.4309082 0
v 211.10215759 1625.4309082 0
v 415.60574341 1625.4309082 0
v 517.8572998 1625.4309082 0
v 722.36029053 1625.4309082 0
v 620.10882568 1625.4309082 0
v 824.61242676 1625.4309082 0
v 1029.11547852 1625.4309082 0
v 926.86395264 1625.4309082 0
v 1131.36730957 1625.4309082 0
v 1233.61865234 1625.4309082 0
v 1335.87060547 1625.4309082 0
v 1438.12231445 1625.4309082 0
v 1540.37402344 1625.4309082 0
v 1642.62585449 1625.4309082 0
v 1847.12890625 1625.4309082 0
v 1744.87719727 1625.4309082 0
v 1949.38061523 1625.43115234 0
v 2051.63232422 1625.4309082 0
v 2153.88378906 1625.43078613 0
v 2256.13574219 1625.43078613 0
v 2358.38745117 1625.4309082 0
v 2562.890625 1625.43078613 0
v 2460.63916016 1625.4309082 0
v 2665.14257812 1625.4309082 0
v 2869.64575195 1625.4309082 0
v 2767.39404297 1625.4309082 0
v 2971.89746094 1625.4309082 0
v -3367.70629883 1698.46789551 0
v -3265.45483398 1698.46789551 0
v -3163.20288086 1698.4675293 0
v -3060.95117188 1698.46777344 0
v -2958.69995117 1698.46777344 0
v -2856.44799805 1698.46777344 0
v -2754.1965332 1698.46789551 0
v -2549.69311523 1698.4675293 0
v -2651.94482422 1698.46789551 0
v -2345.18969727 1698.46789551 0
v -2447.44140625 1698.46789551 0
v -2242.93823242 1698.46789551 0
v -2140.6862793 1698.46789551 0
v -2038.43469238 1698.46789551 0
v -1833.93115234 1698.46777344 0
v -1936.18310547 1698.46789551 0
v -1731.6796875 1698.46777344 0
v -1629.42785645 1698.46777344 0
v -1527.17626953 1698.46777344 0
v -1424.92431641 1698.46777344 0
v -1322.67272949 1698.46777344 0
v -1118.1697998 1698.46777344 0
v -1220.42126465 1698.46777344 0
v -1015.91784668 1698.46777344 0
v -913.66625977 1698.46777344 0
v -811.41455078 1698.46789551 0
v -709.16290283 1698.46777344 0
v -504.65957642 1698.46789551 0
v -606.91131592 1698.46789551 0
v -402.40783691 1698.46777344 0
v -197.90444946 1698.46789551 0
v -300.15637207 1698.46789551 0
v -95.65297699 1698.46789551 0
v 6.59904194 1698.46777344 0
v 211.10206604 1698.46777344 0
v 108.85050201 1698.46789551 0
v 415.60543823 1698.46789551 0
v 313.35388184 1698.46777344 0
v 517.8571167 1698.46777344 0
v 620.10894775 1698.46789551 0
v 824.61224365 1698.46789551 0
v 722.36029053 1698.46777344 0
v 926.8638916 1698.46777344 0
v 1131.36706543 1698.46777344 0
v 1029.11560059 1698.46789551 0
v 1233.61865234 1698.46777344 0
v 1335.87036133 1698.46777344 0
v 1438.12207031 1698.46777344 0
v 1642.62536621 1698.46777344 0
v 1540.37402344 1698.46813965 0
v 1744.87719727 1698.4675293 0
v 1949.38024902 1698.4675293 0
v 1847.12878418 1698.46777344 0
v 2051.63208008 1698.46777344 0
v 2153.8840332 1698.4675293 0
v 2256.13574219 1698.46789551 0
v 2460.63891602 1698.46777344 0
v 2358.38769531 1698.46789551 0
v 2665.14208984 1698.46777344 0
v 2562.89086914 1698.46789551 0
v 2767.39379883 1698.4675293 0
v 2971.8972168 1698.4675293 0
v 2869.64599609 1698.46789551 0
v -3265.45532227 1771.5045166 0
v -3367.70605469 1771.5045166 0
v -3163.20336914 1771.50488281 0
v -3060.95141602 1771.50476074 0
v -2958.69970703 1771.50476074 0
v -2754.19628906 1771.5045166 0
v -2856.44824219 1771.50476074 0
v -2549.69311523 1771.50488281 0
v -2651.94482422 1771.50476074 0
v -2447.44116211 1771.50476074 0
v -2345.18969727 1771.50488281 0
v -2242.93774414 1771.50476074 0
v -2038.43469238 1771.50476074 0
v -2140.6862793 1771.50488281 0
v -1936.18273926 1771.50476074 0
v -1833.93115234 1771.50476074 0
v -1731.6796875 1771.50488281 0
v -1629.42773438 1771.50476074 0
v -1424.92480469 1771.50476074 0
v -1527.1763916 1771.50476074 0
v -1322.67285156 1771.5045166 0
v -1220.42126465 1771.50488281 0
v -1015.91784668 1771.50476074 0
v -1118.1697998 1771.50488281 0
v -811.41479492 1771.50488281 0
v -913.66619873 1771.50488281 0
v -709.16265869 1771.50476074 0
v -606.91101074 1771.50476074 0
v -402.40783691 1771.5045166 0
v -504.65948486 1771.50476074 0
v -300.15628052 1771.5045166 0
v -197.90454102 1771.50476074 0
v 6.59876204 1771.50476074 0
v -95.65288544 1771.50488281 0
v 108.85041046 1771.50476074 0
v 211.10215759 1771.50488281 0
v 313.35388184 1771.50488281 0
v 415.60552979 1771.50488281 0
v 620.10876465 1771.50476074 0
v 517.85717773 1771.50488281 0
v 722.36077881 1771.50488281 0
v 824.61224365 1771.50488281 0
v 926.86407471 1771.50476074 0
v 1131.36694336 1771.50476074 0
v 1029.11547852 1771.50488281 0
v 1233.61901855 1771.50488281 0
v 1335.87060547 1771.50476074 0
v 1438.12219238 1771.5045166 0
v 1540.37390137 1771.50476074 0
v 1744.87719727 1771.50476074 0
v 1642.62561035 1771.50488281 0
v 1847.12878418 1771.50476074 0
v 1949.38061523 1771.50488281 0
v 2051.63232422 1771.50476074 0
v 2153.8840332 1771.50476074 0
v 2358.38720703 1771.5045166 0
v 2256.13574219 1771.50476074 0
v 2460.63891602 1771.50476074 0
v 2562.890625 1771.5045166 0
v 2665.14257812 1771.50476074 0
v 2767.39404297 1771.50476074 0
v 2971.8972168 1771.50476074 0
v 2869.64575195 1771.50476074 0
v -3265.45532227 1844.54187012 0
v -3367.70629883 1844.54174805 0
v -3163.20288086 1844.54174805 0
v -2958.69995117 1844.54174805 0
v -3060.95141602 1844.54174805 0
v -2856.44824219 1844.54150391 0
v -2754.19628906 1844.54174805 0
v -2549.69311523 1844.54150391 0
v -2651.94506836 1844.54187012 0
v -2447.44116211 1844.54150391 0
v -2242.93823242 1844.54174805 0
v -2345.18945312 1844.54174805 0
v -2140.6862793 1844.54174805 0
v -2038.43505859 1844.54187012 0
v -1936.18310547 1844.54174805 0
v -1833.93139648 1844.54174805 0
v -1731.67944336 1844.54150391 0
v -1629.42810059 1844.54174805 0
v -1527.1763916 1844.54174805 0
v -1322.67272949 1844.54150391 0
v -1424.92492676 1844.54187012 0
v -1220.42102051 1844.54150391 0
v -1118.16943359 1844.54150391 0
v -913.66638184 1844.54174805 0
v -1015.91821289 1844.54174805 0
v -811.41473389 1844.54150391 0
v -709.16296387 1844.54187012 0
v -606.91125488 1844.54187012 0
v -504.65930176 1844.54150391 0
v -402.40820312 1844.54174805 0
v -300.15637207 1844.54174805 0
v -95.65279388 1844.54150391 0
v -197.90463257 1844.54187012 0
v 6.59894848 1844.54174805 0
v 108.8506012 1844.54174805 0
v 313.35360718 1844.54150391 0
v 211.10215759 1844.54174805 0
v 415.60534668 1844.54150391 0
v 517.85717773 1844.54174805 0
v 620.10894775 1844.54174805 0
v 824.61224365 1844.54174805 0
v 722.36047363 1844.54187012 0
v 926.8637085 1844.54150391 0
v 1131.36706543 1844.54150391 0
v 1029.11547852 1844.54187012 0
v 1335.87060547 1844.54174805 0
v 1233.61889648 1844.54174805 0
v 1438.12219238 1844.54187012 0
v 1540.37365723 1844.54150391 0
v 1744.87695312 1844.54174805 0
v 1642.62561035 1844.54174805 0
v 1847.12878418 1844.54174805 0
v 1949.38024902 1844.54174805 0
v 2051.63232422 1844.54174805 0
v 2256.13574219 1844.54174805 0
v 2153.8840332 1844.54187012 0
v 2358.38720703 1844.54174805 0
v 2460.63891602 1844.54138184 0
v 2665.14208984 1844.54174805 0
v 2562.890625 1844.54187012 0
v 2767.39379883 1844.54150391 0
v 2869.64575195 1844.54150391 0
v -3367.70629883 1917.57836914 0
v -3265.45458984 1917.57849121 0
v -3060.95117188 1917.57836914 0
v -3163.20336914 1917.57849121 0
v -2958.69970703 1917.578125 0
v -2856.44824219 1917.57849121 0
v -2754.19628906 1917.57836914 0
v -2651.94458008 1917.57836914 0
v -2549.69287109 1917.57836914 0
v -2447.44116211 1917.57849121 0
v -2345.18969727 1917.57873535 0
v -2242.93774414 1917.57849121 0
v -2140.68603516 1917.57849121 0
v -2038.43469238 1917.57873535 0
v -1936.1829834 1917.57849121 0
v -1833.93103027 1917.57849121 0
v -1731.67944336 1917.57849121 0
v -1629.42810059 1917.57849121 0
v -1527.17626953 1917.57849121 0
v -1424.92443848 1917.57849121 0
v -1220.42126465 1917.57873535 0
v -1322.67297363 1917.57849121 0
v -1118.16955566 1917.57849121 0
v -1015.91784668 1917.57849121 0
v -913.66601562 1917.57849121 0
v -811.41442871 1917.57849121 0
v -606.91131592 1917.57849121 0
v -709.16308594 1917.57849121 0
v -504.65939331 1917.57849121 0
v -402.40774536 1917.57849121 0
v -300.15646362 1917.57849121 0
v -95.65279388 1917.57849121 0
v -197.90463257 1917.57849121 0
v 108.85050201 1917.57849121 0
v 6.59876204 1917.57849121 0
v 211.10215759 1917.57849121 0
v 313.35400391 1917.57849121 0
v 415.60534668 1917.57849121 0
v 620.10876465 1917.57849121 0
v 517.8571167 1917.57849121 0
v 722.3604126 1917.57849121 0
v 824.61206055 1917.57849121 0
v 926.8638916 1917.57849121 0
v 1131.36706543 1917.57849121 0
v 1029.11547852 1917.57849121 0
v 1233.61901855 1917.57849121 0
v 1438.12207031 1917.57849121 0
v 1335.87060547 1917.57849121 0
v 1540.37402344 1917.57873535 0
v 1642.62561035 1917.57873535 0
v 1744.87731934 1917.57849121 0
v 1847.12890625 1917.57836914 0
v 1949.38085938 1917.57873535 0
v 2051.63232422 1917.57849121 0
v 2256.13549805 1917.57836914 0
v 2153.8840332 1917.57849121 0
v 2358.38696289 1917.57849121 0
v 2460.63916016 1917.57849121 0
v 2562.89086914 1917.57873535 0
v 2665.14208984 1917.57849121 0
v 2767.39428711 1917.57873535 0
v 2971.89746094 1917.57849121 0
v 2869.64550781 1917.57849121 0
v -3265.45483398 1990.61547852 0
v -3367.70629883 1990.61547852 0
v -3163.20336914 1990.61535645 0
v -3060.95166016 1990.61547852 0
v -2958.69970703 1990.61535645 0
v -2754.19628906 1990.61547852 0
v -2856.44848633 1990.61547852 0
v -2651.94506836 1990.61547852 0
v -2549.69311523 1990.61535645 0
v -2447.44140625 1990.61547852 0
v -2345.18969727 1990.61535645 0
v -2242.93847656 1990.61547852 0
v -2140.6862793 1990.61547852 0
v -2038.43469238 1990.61547852 0
v -1936.1829834 1990.61547852 0
v -1833.93139648 1990.61547852 0
v -1731.67980957 1990.61547852 0
v -1629.42785645 1990.61535645 0
v -1424.92468262 1990.61547852 0
v -1527.17626953 1990.61547852 0
v -1322.67297363 1990.61535645 0
v -1220.42102051 1990.61547852 0
v -1015.91772461 1990.61547852 0
v -1118.16967773 1990.61572266 0
v -811.41461182 1990.61547852 0
v -913.66625977 1990.61572266 0
v -709.16247559 1990.61547852 0
v -504.65966797 1990.61547852 0
v -606.91131592 1990.61547852 0
v -402.40783691 1990.61547852 0
v -300.15609741 1990.61547852 0
v -197.90463257 1990.61547852 0
v 6.59866858 1990.61547852 0
v -95.65279388 1990.61547852 0
v 108.85069275 1990.61547852 0
v 313.35369873 1990.61547852 0
v 211.10206604 1990.61547852 0
v 415.60552979 1990.61547852 0
v 620.10858154 1990.61547852 0
v 517.85699463 1990.61572266 0
v 722.3604126 1990.61547852 0
v 926.8637085 1990.61535645 0
v 824.61224365 1990.61547852 0
v 1029.11547852 1990.61547852 0
v 1131.3671875 1990.61547852 0
v 1335.8704834 1990.61535645 0
v 1233.61889648 1990.61547852 0
v 1438.12207031 1990.61547852 0
v 1540.37365723 1990.61547852 0
v 1744.87719727 1990.61547852 0
v 1642.62585449 1990.61572266 0
v 1847.12878418 1990.61547852 0
v 1949.38049316 1990.61547852 0
v 2051.63232422 1990.61547852 0
v 2256.13549805 1990.61535645 0
v 2153.8840332 1990.61547852 0
v 2460.63891602 1990.61535645 0
v 2358.38720703 1990.61547852 0
v 2562.890625 1990.61547852 0
v 2665.14233398 1990.61572266 0
v 2869.64575195 1990.61547852 0
v 2767.39428711 1990.61572266 0
v -3367.70629883 2063.65234375 0
v -3265.45483398 2063.65234375 0
v -3163.20288086 2063.65258789 0
v -3060.95117188 2063.65234375 0
v -2856.44824219 2063.65234375 0
v -2958.69995117 2063.65258789 0
v -2754.19677734 2063.65258789 0
v -2651.94506836 2063.65258789 0
v -2549.69311523 2063.65234375 0
v -2345.19018555 2063.65258789 0
v -2447.44116211 2063.65234375 0
v -2242.93823242 2063.65258789 0
v -2038.43469238 2063.65209961 0
v -2140.6862793 2063.65258789 0
v -1833.93139648 2063.65258789 0
v -1936.18310547 2063.65258789 0
v -1629.42785645 2063.65258789 0
v -1731.6796875 2063.65258789 0
v -1527.17626953 2063.65234375 0
v -1322.6730957 2063.65258789 0
v -1424.92480469 2063.65258789 0
v -1220.42126465 2063.65234375 0
v -1015.91802979 2063.65258789 0
v -1118.16955566 2063.65234375 0
v -913.66638184 2063.65258789 0
v -811.41473389 2063.65258789 0
v -709.16296387 2063.65234375 0
v -606.91113281 2063.65234375 0
v -504.65921021 2063.65258789 0
v -300.15618896 2063.65258789 0
v -402.40802002 2063.65258789 0
v -197.90463257 2063.65258789 0
v -95.65288544 2063.65258789 0
v 108.85041046 2063.65234375 0
v 6.59885502 2063.65258789 0
v 211.10224915 2063.65258789 0
v 313.35379028 2063.65258789 0
v 415.60552979 2063.65258789 0
v 517.8572998 2063.65258789 0
v 620.10882568 2063.65258789 0
v 722.3604126 2063.65234375 0
v 824.61224365 2063.65258789 0
v 926.86395264 2063.65258789 0
v 1029.11547852 2063.65258789 0
v 1131.36730957 2063.65258789 0
v 1335.8704834 2063.65258789 0
v 1233.61889648 2063.65258789 0
v 1438.12243652 2063.65258789 0
v 1642.62536621 2063.65209961 0
v 1540.37402344 2063.65258789 0
v 1744.87731934 2063.65258789 0
v 1949.38049316 2063.65234375 0
v 1847.12890625 2063.65258789 0
v 2153.8840332 2063.65234375 0
v 2051.63232422 2063.65258789 0
v 2256.13574219 2063.65234375 0
v 2358.38745117 2063.65258789 0
v 2460.63916016 2063.65258789 0
v 2562.890625 2063.65258789 0
v 2767.39404297 2063.65258789 0
v 2665.14233398 2063.65234375 0
v 2869.64575195 2063.65258789 0
v 2971.89746094 1990.61572266 0
v -3265.45483398 2136.68920898 0
v -3367.70678711 2136.68920898 0
v -3163.20361328 2136.68945312 0
v -3060.95117188 2136.68920898 0
v -2856.44799805 2136.68920898 0
v -2958.69995117 2136.68945312 0
v -2754.1965332 2136.68920898 0
v -2651.94433594 2136.68920898 0
v -2447.44116211 2136.68920898 0
v -2549.69311523 2136.68945312 0
v -2345.18969727 2136.68920898 0
v -2242.93774414 2136.68920898 0
v -2038.43444824 2136.68920898 0
v -2140.6862793 2136.68920898 0
v -1936.1829834 2136.68920898 0
v -1833.93115234 2136.68920898 0
v -1731.6796875 2136.68920898 0
v -1527.17626953 2136.68920898 0
v -1629.42785645 2136.68920898 0
v -1424.92456055 2136.68920898 0
v -1220.42138672 2136.68920898 0
v -1322.6730957 2136.68920898 0
v -1118.16943359 2136.68920898 0
v -913.66638184 2136.68920898 0
v -1015.91790771 2136.68945312 0
v -811.41455078 2136.68920898 0
v -606.91131592 2136.68920898 0
v -709.16296387 2136.68920898 0
v -504.65957642 2136.68945312 0
v -402.40774536 2136.68920898 0
v -300.15600586 2136.68920898 0
v -95.65297699 2136.68920898 0
v -197.90463257 2136.68920898 0
v 6.59885502 2136.68920898 0
v 108.85050201 2136.68920898 0
v 313.35379028 2136.68920898 0
v 211.10206604 2136.68920898 0
v 517.85693359 2136.68920898 0
v 415.60574341 2136.68920898 0
v 620.10864258 2136.68920898 0
v 722.36047363 2136.68920898 0
v 824.61187744 2136.68920898 0
v 926.86395264 2136.68945312 0
v 1029.11560059 2136.68920898 0
v 1131.36706543 2136.68920898 0
v 1233.61865234 2136.68920898 0
v 1335.87036133 2136.68920898 0
v 1438.12207031 2136.68920898 0
v 1540.37353516 2136.68920898 0
v 1642.62536621 2136.68920898 0
v 1744.87731934 2136.68920898 0
v 1949.38049316 2136.68920898 0
v 1847.12890625 2136.68920898 0
v 2051.63208008 2136.68920898 0
v 2153.8840332 2136.68920898 0
v 2256.13549805 2136.68920898 0
v 2358.38720703 2136.68920898 0
v 2460.63891602 2136.68920898 0
v 2562.890625 2136.68920898 0
v 2665.14257812 2136.68920898 0
v 2869.64575195 2136.68945312 0
v 2767.39379883 2136.68920898 0
v 2971.8972168 2136.68920898 0
v -3367.70629883 -2464.63623047 0
v -3469.95825195 -2391.59960938 0
v -3469.95825195 -2464.63647461 0
v -3163.20361328 -2464.63647461 0
v -3265.45483398 -2464.63647461 0
v -3060.95141602 -2464.63623047 0
v -2958.70019531 -2464.63623047 0
v -2856.44824219 -2464.63623047 0
v -2754.19628906 -2464.63623047 0
v -2549.69335938 -2464.63647461 0
v -2651.94506836 -2464.63647461 0
v -2447.44116211 -2464.63623047 0
v -2345.18994141 -2464.63647461 0
v -2242.93847656 -2464.63647461 0
v -2140.6862793 -2464.63623047 0
v -2038.43505859 -2464.63623047 0
v -1936.18310547 -2464.63623047 0
v -1731.68005371 -2464.63647461 0
v -1833.93103027 -2464.63623047 0
v -1629.42810059 -2464.63623047 0
v -1527.17602539 -2464.63623047 0
v -1322.6730957 -2464.63623047 0
v -1424.92492676 -2464.63647461 0
v -1118.16992188 -2464.63647461 0
v -1220.42102051 -2464.63623047 0
v -1015.91802979 -2464.63647461 0
v -913.66607666 -2464.63623047 0
v -811.41497803 -2464.63647461 0
v -709.16308594 -2464.63623047 0
v -606.91101074 -2464.63623047 0
v -402.40811157 -2464.63623047 0
v -504.65957642 -2464.63647461 0
v -300.15609741 -2464.63623047 0
v -95.65307617 -2464.63623047 0
v -197.90454102 -2464.63647461 0
v 6.59885502 -2464.63623047 0
v 108.8507843 -2464.63647461 0
v 313.35388184 -2464.63623047 0
v 211.10195923 -2464.63623047 0
v 517.85699463 -2464.63623047 0
v 415.60583496 -2464.63647461 0
v 620.10894775 -2464.63647461 0
v 824.61187744 -2464.63623047 0
v 722.36065674 -2464.63647461 0
v 926.8638916 -2464.63623047 0
v 1131.36706543 -2464.63623047 0
v 1029.11584473 -2464.63647461 0
v 1233.61889648 -2464.63623047 0
v 1335.87097168 -2464.63647461 0
v 1438.12207031 -2464.63623047 0
v 1540.37426758 -2464.63623047 0
v 1744.87695312 -2464.63623047 0
v 1642.62585449 -2464.63647461 0
v 1847.12915039 -2464.63647461 0
v 1949.38085938 -2464.63647461 0
v 2051.63208008 -2464.63623047 0
v 2153.88427734 -2464.63647461 0
v 2256.13598633 -2464.63647461 0
v 2358.38720703 -2464.63623047 0
v 2460.6394043 -2464.63623047 0
v 2665.14208984 -2464.63623047 0
v 2562.89086914 -2464.63623047 0
v 2767.39428711 -2464.63647461 0
v 2971.8972168 -2464.63623047 0
v 2869.64599609 -2464.63647461 0
v 3074.14916992 -2391.59936523 0
v 3074.14916992 -2245.52563477 0
v 2971.8972168 -2245.52539062 0
v 3074.14916992 -2172.48852539 0
v 3074.14916992 -2099.45166016 0
v 2971.89746094 -2026.41479492 0
v 3074.14916992 -1953.37792969 0
v 3074.14916992 -1807.30432129 0
v 3074.14916992 -1734.26721191 0
v 2971.89746094 -1734.26721191 0
v 3074.14916992 -1661.23022461 0
v 2971.89746094 -1588.1932373 0
v 3074.14916992 -1515.15637207 0
v 3074.14916992 -1442.11962891 0
v 3074.14916992 -1369.08239746 0
v 2971.8972168 -1369.08239746 0
v 3074.14916992 -1223.00891113 0
v 2971.8972168 -1149.97180176 0
v 3074.14916992 -1149.97143555 0
v 3074.14916992 -1076.93469238 0
v 2971.89770508 -1003.89807129 0
v 3074.14916992 -930.86090088 0
v 3074.14916992 -784.78729248 0
v 2971.8972168 -784.78723145 0
v 3074.14916992 -711.75012207 0
v 2971.89746094 -638.71331787 0
v 3074.14916992 -638.71325684 0
v 3074.14916992 -492.63946533 0
v 2971.8972168 -492.63955688 0
v 3074.14916992 -346.56585693 0
v 3074.14916992 -273.52868652 0
v 3074.14916992 -127.45510101 0
v 3074.14916992 -54.41792679 0
v 2971.89746094 18.61896515 0
v 3074.14916992 91.65576172 0
v 2971.89746094 164.69265747 0
v 3074.14916992 164.69265747 0
v 3074.14916992 310.76644897 0
v 2971.89746094 383.80334473 0
v 3074.14916992 456.84033203 0
v 3074.14916992 529.87713623 0
v 3074.14916992 675.95098877 0
v 2971.8972168 675.95111084 0
v 3074.14916992 748.98797607 0
v 3074.14916992 822.02490234 0
v 2971.8972168 895.06164551 0
v 3074.14916992 895.06182861 0
v 3074.14916992 968.09863281 0
v 2971.8972168 1041.13549805 0
v 3074.14916992 1041.13549805 0
v 3074.14941406 1114.17285156 0
v 3074.14916992 1260.24621582 0
v 2971.8972168 1260.24633789 0
v 3074.14916992 1333.28344727 0
v 3074.14916992 1406.32019043 0
v 2971.8972168 1479.35705566 0
v 3074.14916992 1479.35717773 0
v 3074.14916992 1552.39416504 0
v 3074.14916992 1625.4309082 0
v 3074.14916992 1698.46789551 0
v 3074.14941406 1771.50488281 0
v 2971.89746094 1844.54174805 0
v 3074.14916992 1844.54174805 0
v 3074.14916992 1990.61547852 0
v 3074.14916992 2063.65234375 0
v 2971.89746094 2063.65258789 0
v 3074.14916992 2136.68920898 0
v 2971.8972168 2209.72631836 0
v 2869.64575195 2209.72607422 0
v 2767.39428711 2209.72631836 0
v 2665.14233398 2209.72631836 0
v 2562.89086914 2209.72607422 0
v 2460.6394043 2209.72631836 0
v 2358.38745117 2209.72631836 0
v 2256.13598633 2209.72631836 0
v 2153.88427734 2209.7265625 0
v 2051.63232422 2209.72631836 0
v 1949.38061523 2209.72631836 0
v 1847.12878418 2209.72607422 0
v 1744.87731934 2209.72607422 0
v 1642.62585449 2209.72631836 0
v 1540.3737793 2209.72607422 0
v 1438.12231445 2209.72631836 0
v 1335.87072754 2209.72607422 0
v 1233.61865234 2209.72631836 0
v 1131.36706543 2209.72607422 0
v 1029.11560059 2209.72631836 0
v 926.86358643 2209.72631836 0
v 824.61187744 2209.72607422 0
v 722.36047363 2209.72631836 0
v 620.10864258 2209.72631836 0
v 517.85699463 2209.72607422 0
v 415.60565186 2209.72631836 0
v 313.35360718 2209.72607422 0
v 211.10195923 2209.72631836 0
v 108.8506012 2209.72631836 0
v 6.59848213 2209.72631836 0
v -95.65307617 2209.72607422 0
v -197.90454102 2209.72631836 0
v -300.15646362 2209.72631836 0
v -402.40811157 2209.72631836 0
v -504.65948486 2209.7265625 0
v -606.91131592 2209.72631836 0
v -709.16308594 2209.7265625 0
v -811.41455078 2209.7265625 0
v -913.66625977 2209.72631836 0
v -1015.91802979 2209.72631836 0
v -1118.16967773 2209.72631836 0
v -1220.42126465 2209.72631836 0
v -1322.6730957 2209.72631836 0
v -1424.92468262 2209.72631836 0
v -1527.17626953 2209.72631836 0
v -1629.42810059 2209.72631836 0
v -1731.6796875 2209.72607422 0
v -1833.93139648 2209.72631836 0
v -1936.18310547 2209.7265625 0
v -2038.43469238 2209.7265625 0
v -2140.68652344 2209.72631836 0
v -2242.93847656 2209.7265625 0
v -2345.18969727 2209.72631836 0
v -2447.44116211 2209.7265625 0
v -2549.69335938 2209.7265625 0
v -2651.94482422 2209.72631836 0
v -2754.1965332 2209.72631836 0
v -2856.44824219 2209.72631836 0
v -2958.69970703 2209.72631836 0
v -3060.95141602 2209.72631836 0
v -3163.20361328 2209.72631836 0
v -3265.45483398 2209.72607422 0
v -3367.70678711 2209.72631836 0
v -3469.95800781 2136.68920898 0
v -3469.95825195 2209.72631836 0
v -3469.95825195 2063.65234375 0
v -3469.95874023 1990.61547852 0
v -3469.95825195 1917.57836914 0
v -3469.95800781 1844.54174805 0
v -3469.95825195 1771.50488281 0
v -3469.95800781 1698.46777344 0
v -3469.95800781 1625.4309082 0
v -3469.95825195 1552.39416504 0
v -3469.95800781 1479.35693359 0
v -3469.95825195 1406.32019043 0
v -3469.95800781 1333.28308105 0
v -3469.95825195 1260.24621582 0
v -3469.95825195 1187.20947266 0
v -3469.95800781 1114.17236328 0
v -3469.95800781 1041.13537598 0
v -3469.95825195 968.09863281 0
v -3469.95825195 895.06158447 0
v -3469.95825195 822.02490234 0
v -3469.95825195 748.98809814 0
v -3469.95825195 675.95092773 0
v -3469.95825195 602.91418457 0
v -3469.95825195 529.87713623 0
v -3469.95825195 456.84011841 0
v -3469.95825195 383.80334473 0
v -3469.95825195 310.76644897 0
v -3469.95825195 237.72935486 0
v -3469.95825195 164.69265747 0
v -3469.95825195 91.65576172 0
v -3469.95825195 18.61868477 0
v -3469.95825195 -54.41802216 0
v -3469.95825195 -127.45510101 0
v -3469.95825195 -200.49198914 0
v -3469.95825195 -273.52868652 0
v -3469.95825195 -346.56576538 0
v -3469.95825195 -419.60275269 0
v -3469.95825195 -492.63946533 0
v -3469.95825195 -565.67645264 0
v -3469.95825195 -638.71343994 0
v -3469.95825195 -711.75012207 0
v -3469.95825195 -784.78729248 0
v -3469.95825195 -857.82421875 0
v -3469.95825195 -930.86090088 0
v -3469.95825195 -1003.89801025 0
v -3469.95825195 -1076.93493652 0
v -3469.95825195 -1149.97143555 0
v -3469.95825195 -1223.00891113 0
v -3469.95825195 -1296.04589844 0
v -3469.95800781 -1369.08239746 0
v -3469.95825195 -1442.11962891 0
v -3469.95825195 -1515.15637207 0
v -3469.95800781 -1588.1932373 0
v -3469.95825195 -1661.23022461 0
v -3469.95825195 -1734.26733398 0
v -3469.95825195 -1807.30432129 0
v -3469.95800781 -1880.34094238 0
v -3469.95825195 -1953.37792969 0
v -3469.95825195 -2026.41491699 0
v -3469.95800781 -2099.45166016 0
v -3469.95825195 -2172.48876953 0
v -3469.95874023 -2245.52563477 0
v -3469.95825195 -2318.5625 0
v 3074.14916992 -2464.63647461 0
v 3074.14916992 -2318.5625 0
v 3074.14916992 -2026.41491699 0
v 3074.14916992 -1880.34094238 0
v 3074.14892578 -1588.1932373 0
v 3074.14916992 -1296.0456543 0
v 3074.14916992 -1003.89801025 0
v 3074.14916992 -857.82403564 0
v 3074.14916992 -565.67657471 0
v 3074.14916992 -419.60247803 0
v 3074.14916992 -200.49180603 0
v 3074.14916992 18.61887169 0
v 3074.14916992 237.72964478 0
v 3074.14916992 383.80334473 0
v 3074.14916992 602.91418457 0
v 3074.14916992 1187.20947266 0
v 3074.14916992 1917.57849121 0
v 3074.14916992 2209.72631836 0
vn 0 0 1
vn 0 0 1
vn 0 0 1
vn 0 0 1
vn 0 0 1
vn 0 0 1
vn 0 0 1
vn 0 0 1
vn 0 0 1
vn 0 0 1
vn 0 0 1
vn 0 0 1
vn 0 0 1
vn 0 0 1
vn 0 0 1
vn 0 0 1
vn 0 0 1
vn 0 0 1
vn 0 0 1
vn 0 0 1
vn 0 0 1
vn 0 0 1
vn 0 0 1
vn 0 0 1
vn 0 0 1
vn 0 0 1
vn 0 0 1
vn 0 0 1
vn 0 0 1
vn 0 0 1
vn 0 0 1
vn 0 0 1
vn 0 0 1
vn 0 0 1
vn 0 0 1
vn 0 0 1
vn 0 0 1
vn 0 0 1
vn 0 0 1
vn 0 0 1
vn 0 0 1
vn 0 0 1
vn 0 0 1
vn 0 0 1
vn 0 0 1
vn 0 0 1
vn 0 0 1
vn 0 0 1
vn 0 0 1
vn 0 0 1
vn 0 0 1
vn 0 0 1
vn 0 0 1
vn 0 0 1
vn 0 0 1
vn 0 0 1
vn 0 0 1
vn 0 0 1
vn 0 0 1
vn 0 0 1
vn 0 0 1
vn 0 0 1
vn 0 0 1
vn 0 0 1
vn 0 0 1
vn 0 0 1
vn 0 0 1
vn 0 0 1
vn 0 0 1
vn 0 0 1
vn 0 0 1
vn 0 0 1
vn 0 0 1
vn 0 0 1
vn 0 0 1
vn 0 0 1
vn 0 0 1
vn 0 0 1
vn 0 0 1
vn 0 0 1
vn 0 0 1
vn 0 0 1
vn 0 0 1
vn 0 0 1
vn 0 0 1
vn 0 0 1
vn 0 0 1
vn 0 0 1
vn 0 0 1
vn 0 0 1
vn 0 0 1
vn 0 0 1
vn 0 0 1
vn 0 0 1
vn 0 0 1
vn 0 0 1
vn 0 0 1
vn 0 0 1
vn 0 0 1
vn 0 0 1
vn 0 0 1
vn 0 0 1
vn 0 0 1
vn 0 0 1
vn 0 0 1
vn 0 0 1
vn 0 0 1
vn 0 0 1
vn 0 0 1
vn 0 0 1
vn 0 0 1
vn 0 0 1
vn 0 0 1
vn 0 0 1
vn 0 0 1
vn 0 0 1
vn 0 0 1
vn 0 0 1
vn 0 0 1
vn 0 0 1
vn 0 0 1
vn 0 0 1
vn 0 0 1
vn 0 0 1
vn 0 0 1
vn 0 0 1
vn 0 0 1
vn 0 0 1
vn 0 0 1
vn 0 0 1
vn 0 0 1
vn 0 0 1
vn 0 0 1
vn 0 0 1
vn 0 0 1
vn 0 0 1
vn 0 0 1
vn 0 0 1
vn 0 0 1
vn 0 0 1
vn 0 0 1
vn 0 0 1
vn 0 0 1
vn 0 0 1
vn 0 0 1
vn 0 0 1
vn 0 0 1
vn 0 0 1
vn 0 0 1
vn 0 0 1
vn 0 0 1
vn 0 0 1
vn 0 0 1
vn 0 0 1
vn 0 0 1
vn 0 0 1
vn 0 0 1
vn 0 0 1
vn 0 0 1
vn 0 0 1
vn 0 0 1
vn 0 0 1
vn 0 0 1
vn 0 0 1
vn 0 0 1
vn 0 0 1
vn 0 0 1
vn 0 0 1
vn 0 0 1
vn 0 0 1
vn 0 0 1
vn 0 0 1
vn 0 0 1
vn 0 0 1
vn 0 0 1
vn 0 0 1
vn 0 0 1
vn 0 0 1
vn 0 0 1
vn 0 0 1
vn 0 0 1
vn 0 0 1
vn 0 0 1
vn 0 0 1
vn 0 0 1
vn 0 0 1
vn 0 0 1
vn 0 0 1
vn 0 0 1
vn 0 0 1
vn 0 0 1
vn 0 0 1
vn 0 0 1
vn 0 0 1
vn 0 0 1
vn 0 0 1
vn 0 0 1
vn 0 0 1
vn 0 0 1
vn 0 0 1
vn 0 0 1
vn 0 0 1
vn 0 0 1
vn 0 0 1
vn 0 0 1
vn 0 0 1
vn 0 0 1
vn 0 0 1
vn 0 0 1
vn 0 0 1
vn 0 0 1
vn 0 0 1
vn 0 0 1
vn 0 0 1
vn 0 0 1
vn 0 0 1
vn 0 0 1
vn 0 0 1
vn 0 0 1
vn 0 0 1
vn 0 0 1
vn 0 0 1
vn 0 0 1
vn 0 0 1
vn 0 0 1
vn 0 0 1
vn 0 0 1
vn 0 0 1
vn 0 0 1
vn 0 0 1
vn 0 0 1
vn 0 0 1
vn 0 0 1
vn 0 0 1
vn 0 0 1
vn 0 0 1
vn 0 0 1
vn 0 0 1
vn 0 0 1
vn 0 0 1
vn 0 0 1
vn 0 0 1
vn 0 0 1
vn 0 0 1
vn 0 0 1
vn 0 0 1
vn 0 0 1
vn 0 0 1
vn 0 0 1
vn 0 0 1
vn 0 0 1
vn 0 0 1
vn 0 0 1
vn 0 0 1
vn 0 0 1
vn 0 0 1
vn 0 0 1
vn 0 0 1
vn 0 0 1
vn 0 0 1
vn 0 0 1
vn 0 0 1
vn 0 0 1
vn 0 0 1
vn 0 0 1
vn 0 0 1
vn 0 0 1
vn 0 0 1
vn 0 0 1
vn 0 0 1
vn 0 0 1
vn 0 0 1
vn 0 0 1
vn 0 0 1
vn 0 0 1
vn 0 0 1
vn 0 0 1
vn 0 0 1
vn 0 0 1
vn 0 0 1
vn 0 0 1
vn 0 0 1
vn 0 0 1
vn 0 0 1
vn 0 0 1
vn 0 0 1
vn 0 0 1
vn 0 0 1
vn 0 0 1
vn 0 0 1
vn 0 0 1
vn 0 0 1
vn 0 0 1
vn 0 0 1
vn 0 0 1
vn 0 0 1
vn 0 0 1
vn 0 0 1
vn 0 0 1
vn 0 0 1
vn 0 0 1
vn 0 0 1
vn 0 0 1
vn 0 0 1
vn 0 0 1
vn 0 0 1
vn 0 0 1
vn 0 0 1
vn 0 0 1
vn 0 0 1
vn 0 0 1
vn 0 0 1
vn 0 0 1
vn 0 0 1
vn 0 0 1
vn 0 0 1
vn 0 0 1
vn 0 0 1
vn 0 0 1
vn 0 0 1
vn 0 0 1
vn 0 0 1
vn 0 0 1
vn 0 0 1
vn 0 0 1
vn 0 0 1
vn 0 0 1
vn 0 0 1
vn 0 0 1
vn 0 0 1
vn 0 0 1
vn 0 0 1
vn 0 0 1
vn 0 0 1
vn 0 0 1
vn 0 0 1
vn 0 0 1
vn 0 0 1
vn 0 0 1
vn 0 0 1
vn 0 0 1
vn 0 0 1
vn 0 0 1
vn 0 0 1
vn 0 0 1
vn 0 0 1
vn 0 0 1
vn 0 0 1
vn 0 0 1
vn 0 0 1
vn 0 0 1
vn 0 0 1
vn 0 0 1
vn 0 0 1
vn 0 0 1
vn 0 0 1
vn 0 0 1
vn 0 0 1
vn 0 0 1
vn 0 0 1
vn 0 0 1
vn 0 0 1
vn 0 0 1
vn 0 0 1
vn 0 0 1
vn 0 0 1
vn 0 0 1
vn 0 0 1
vn 0 0 1
vn 0 0 1
vn 0 0 1
vn 0 0 1
vn 0 0 1
vn 0 0 1
vn 0 0 1
vn 0 0 1
vn 0 0 1
vn 0 0 1
vn 0 0 1
vn 0 0 1
vn 0 0 1
vn 0 0 1
vn 0 0 1
vn 0 0 1
vn 0 0 1
vn 0 0 1
vn 0 0 1
vn 0 0 1
vn 0 0 1
vn 0 0 1
vn 0 0 1
vn 0 0 1
vn 0 0 1
vn 0 0 1
vn 0 0 1
vn 0 0 1
vn 0 0 1
vn 0 0 1
vn 0 0 1
vn 0 0 1
vn 0 0 1
vn 0 0 1
vn 0 0 1
vn 0 0 1
vn 0 0 1
vn 0 0 1
vn 0 0 1
vn 0 0 1
vn 0 0 1
vn 0 0 1
vn 0 0 1
vn 0 0 1
vn 0 0 1
vn 0 0 1
vn 0 0 1
vn 0 0 1
vn 0 0 1
vn 0 0 1
vn 0 0 1
vn 0 0 1
vn 0 0 1
vn 0 0 1
vn 0 0 1
vn 0 0 1
vn 0 0 1
vn 0 0 1
vn 0 0 1
vn 0 0 1
vn 0 0 1
vn 0 0 1
vn 0 0 1
vn 0 0 1
vn 0 0 1
vn 0 0 1
vn 0 0 1
vn 0 0 1
vn 0 0 1
vn 0 0 1
vn 0 0 1
vn 0 0 1
vn 0 0 1
vn 0 0 1
vn 0 0 1
vn 0 0 1
vn 0 0 1
vn 0 0 1
vn 0 0 1
vn 0 0 1
vn 0 0 1
vn 0 0 1
vn 0 0 1
vn 0 0 1
vn 0 0 1
vn 0 0 1
vn 0 0 1
vn 0 0 1
vn 0 0 1
vn 0 0 1
vn 0 0 1
vn 0 0 1
vn 0 0 1
vn 0 0 1
vn 0 0 1
vn 0 0 1
vn 0 0 1
vn 0 0 1
vn 0 0 1
vn 0 0 1
vn 0 0 1
vn 0 0 1
vn 0 0 1
vn 0 0 1
vn 0 0 1
vn 0 0 1
vn 0 0 1
vn 0 0 1
vn 0 0 1
vn 0 0 1
vn 0 0 1
vn 0 0 1
vn 0 0 1
vn 0 0 1
vn 0 0 1
vn 0 0 1
vn 0 0 1
vn 0 0 1
vn 0 0 1
vn 0 0 1
vn 0 0 1
vn 0 0 1
vn 0 0 1
vn 0 0 1
vn 0 0 1
vn 0 0 1
vn 0 0 1
vn 0 0 1
vn 0 0 1
vn 0 0 1
vn 0 0 1
vn 0 0 1
vn 0 0 1
vn 0 0 1
vn 0 0 1
vn 0 0 1
vn 0 0 1
vn 0 0 1
vn 0 0 1
vn 0 0 1
vn 0 0 1
vn 0 0 1
vn 0 0 1
vn 0 0 1
vn 0 0 1
vn 0 0 1
vn 0 0 1
vn 0 0 1
vn 0 0 1
vn 0 0 1
vn 0 0 1
vn 0 0 1
vn 0 0 1
vn 0 0 1
vn 0 0 1
vn 0 0 1
vn 0 0 1
vn 0 0 1
vn 0 0 1
vn 0 0 1
vn 0 0 1
vn 0 0 1
vn 0 0 1
vn 0 0 1
vn 0 0 1
vn 0 0 1
vn 0 0 1
vn 0 0 1
vn 0 0 1
vn 0 0 1
vn 0 0 1
vn 0 0 1
vn 0 0 1
vn 0 0 1
vn 0 0 1
vn 0 0 1
vn 0 0 1
vn 0 0 1
vn 0 0 1
vn 0 0 1
vn 0 0 1
vn 0 0 1
vn 0 0 1
vn 0 0 1
vn 0 0 1
vn 0 0 1
vn 0 0 1
vn 0 0 1
vn 0 0 1
vn 0 0 1
vn 0 0 1
vn 0 0 1
vn 0 0 1
vn 0 0 1
vn 0 0 1
vn 0 0 1
vn 0 0 1
vn 0 0 1
vn 0 0 1
vn 0 0 1
vn 0 0 1
vn 0 0 1
vn 0 0 1
vn 0 0 1
vn 0 0 1
vn 0 0 1
vn 0 0 1
vn 0 0 1
vn 0 0 1
vn 0 0 1
vn 0 0 1
vn 0 0 1
vn 0 0 1
vn 0 0 1
vn 0 0 1
vn 0 0 1
vn 0 0 1
vn 0 0 1
vn 0 0 1
vn 0 0 1
vn 0 0 1
vn 0 0 1
vn 0 0 1
vn 0 0 1
vn 0 0 1
vn 0 0 1
vn 0 0 1
vn 0 0 1
vn 0 0 1
vn 0 0 1
vn 0 0 1
vn 0 0 1
vn 0 0 1
vn 0 0 1
vn 0 0 1
vn 0 0 1
vn 0 0 1
vn 0 0 1
vn 0 0 1
vn 0 0 1
vn 0 0 1
vn 0 0 1
vn 0 0 1
vn 0 0 1
vn 0 0 1
vn 0 0 1
vn 0 0 1
vn 0 0 1
vn 0 0 1
vn 0 0 1
vn 0 0 1
vn 0 0 1
vn 0 0 1
vn 0 0 1
vn 0 0 1
vn 0 0 1
vn 0 0 1
vn 0 0 1
vn 0 0 1
vn 0 0 1
vn 0 0 1
vn 0 0 1
vn 0 0 1
vn 0 0 1
vn 0 0 1
vn 0 0 1
vn 0 0 1
vn 0 0 1
vn 0 0 1
vn 0 0 1
vn 0 0 1
vn 0 0 1
vn 0 0 1
vn 0 0 1
vn 0 0 1
vn 0 0 1
vn 0 0 1
vn 0 0 1
vn 0 0 1
vn 0 0 1
vn 0 0 1
vn 0 0 1
vn 0 0 1
vn 0 0 1
vn 0 0 1
vn 0 0 1
vn 0 0 1
vn 0 0 1
vn 0 0 1
vn 0 0 1
vn 0 0 1
vn 0 0 1
vn 0 0 1
vn 0 0 1
vn 0 0 1
vn 0 0 1
vn 0 0 1
vn 0 0 1
vn 0 0 1
vn 0 0 1
vn 0 0 1
vn 0 0 1
vn 0 0 1
vn 0 0 1
vn 0 0 1
vn 0 0 1
vn 0 0 1
vn 0 0 1
vn 0 0 1
vn 0 0 1
vn 0 0 1
vn 0 0 1
vn 0 0 1
vn 0 0 1
vn 0 0 1
vn 0 0 1
vn 0 0 1
vn 0 0 1
vn 0 0 1
vn 0 0 1
vn 0 0 1
vn 0 0 1
vn 0 0 1
vn 0 0 1
vn 0 0 1
vn 0 0 1
vn 0 0 1
vn 0 0 1
vn 0 0 1
vn 0 0 1
vn 0 0 1
vn 0 0 1
vn 0 0 1
vn 0 0 1
vn 0 0 1
vn 0 0 1
vn 0 0 1
vn 0 0 1
vn 0 0 1
vn 0 0 1
vn 0 0 1
vn 0 0 1
vn 0 0 1
vn 0 0 1
vn 0 0 1
vn 0 0 1
vn 0 0 1
vn 0 0 1
vn 0 0 1
vn 0 0 1
vn 0 0 1
vn 0 0 1
vn 0 0 1
vn 0 0 1
vn 0 0 1
vn 0 0 1
vn 0 0 1
vn 0 0 1
vn 0 0 1
vn 0 0 1
vn 0 0 1
vn 0 0 1
vn 0 0 1
vn 0 0 1
vn 0 0 1
vn 0 0 1
vn 0 0 1
vn 0 0 1
vn 0 0 1
vn 0 0 1
vn 0 0 1
vn 0 0 1
vn 0 0 1
vn 0 0 1
vn 0 0 1
vn 0 0 1
vn 0 0 1
vn 0 0 1
vn 0 0 1
vn 0 0 1
vn 0 0 1
vn 0 0 1
vn 0 0 1
vn 0 0 1
vn 0 0 1
vn 0 0 1
vn 0 0 1
vn 0 0 1
vn 0 0 1
vn 0 0 1
vn 0 0 1
vn 0 0 1
vn 0 0 1
vn 0 0 1
vn 0 0 1
vn 0 0 1
vn 0 0 1
vn 0 0 1
vn 0 0 1
vn 0 0 1
vn 0 0 1
vn 0 0 1
vn 0 0 1
vn 0 0 1
vn 0 0 1
vn 0 0 1
vn 0 0 1
vn 0 0 1
vn 0 0 1
vn 0 0 1
vn 0 0 1
vn 0 0 1
vn 0 0 1
vn 0 0 1
vn 0 0 1
vn 0 0 1
vn 0 0 1
vn 0 0 1
vn 0 0 1
vn 0 0 1
vn 0 0 1
vn 0 0 1
vn 0 0 1
vn 0 0 1
vn 0 0 1
vn 0 0 1
vn 0 0 1
vn 0 0 1
vn 0 0 1
vn 0 0 1
vn 0 0 1
vn 0 0 1
vn 0 0 1
vn 0 0 1
vn 0 0 1
vn 0 0 1
vn 0 0 1
vn 0 0 1
vn 0 0 1
vn 0 0 1
vn 0 0 1
vn 0 0 1
vn 0 0 1
vn 0 0 1
vn 0 0 1
vn 0 0 1
vn 0 0 1
vn 0 0 1
vn 0 0 1
vn 0 0 1
vn 0 0 1
vn 0 0 1
vn 0 0 1
vn 0 0 1
vn 0 0 1
vn 0 0 1
vn 0 0 1
vn 0 0 1
vn 0 0 1
vn 0 0 1
vn 0 0 1
vn 0 0 1
vn 0 0 1
vn 0 0 1
vn 0 0 1
vn 0 0 1
vn 0 0 1
vn 0 0 1
vn 0 0 1
vn 0 0 1
vn 0 0 1
vn 0 0 1
vn 0 0 1
vn 0 0 1
vn 0 0 1
vn 0 0 1
vn 0 0 1
vn 0 0 1
vn 0 0 1
vn 0 0 1
vn 0 0 1
vn 0 0 1
vn 0 0 1
vn 0 0 1
vn 0 0 1
vn 0 0 1
vn 0 0 1
vn 0 0 1
vn 0 0 1
vn 0 0 1
vn 0 0 1
vn 0 0 1
vn 0 0 1
vn 0 0 1
vn 0 0 1
vn 0 0 1
vn 0 0 1
vn 0 0 1
vn 0 0 1
vn 0 0 1
vn 0 0 1
vn 0 0 1
vn 0 0 1
vn 0 0 1
vn 0 0 1
vn 0 0 1
vn 0 0 1
vn 0 0 1
vn 0 0 1
vn 0 0 1
vn 0 0 1
vn 0 0 1
vn 0 0 1
vn 0 0 1
vn 0 0 1
vn 0 0 1
vn 0 0 1
vn 0 0 1
vn 0 0 1
vn 0 0 1
vn 0 0 1
vn 0 0 1
vn 0 0 1
vn 0 0 1
vn 0 0 1
vn 0 0 1
vn 0 0 1
vn 0 0 1
vn 0 0 1
vn 0 0 1
vn 0 0 1
vn 0 0 1
vn 0 0 1
vn 0 0 1
vn 0 0 1
vn 0 0 1
vn 0 0 1
vn 0 0 1
vn 0 0 1
vn 0 0 1
vn 0 0 1
vn 0 0 1
vn 0 0 1
vn 0 0 1
vn 0 0 1
vn 0 0 1
vn 0 0 1
vn 0 0 1
vn 0 0 1
vn 0 0 1
vn 0 0 1
vn 0 0 1
vn 0 0 1
vn 0 0 1
vn 0 0 1
vn 0 0 1
vn 0 0 1
vn 0 0 1
vn 0 0 1
vn 0 0 1
vn 0 0 1
vn 0 0 1
vn 0 0 1
vn 0 0 1
vn 0 0 1
vn 0 0 1
vn 0 0 1
vn 0 0 1
vn 0 0 1
vn 0 0 1
vn 0 0 1
vn 0 0 1
vn 0 0 1
vn 0 0 1
vn 0 0 1
vn 0 0 1
vn 0 0 1
vn 0 0 1
vn 0 0 1
vn 0 0 1
vn 0 0 1
vn 0 0 1
vn 0 0 1
vn 0 0 1
vn 0 0 1
vn 0 0 1
vn 0 0 1
vn 0 0 1
vn 0 0 1
vn 0 0 1
vn 0 0 1
vn 0 0 1
vn 0 0 1
vn 0 0 1
vn 0 0 1
vn 0 0 1
vn 0 0 1
vn 0 0 1
vn 0 0 1
vn 0 0 1
vn 0 0 1
vn 0 0 1
vn 0 0 1
vn 0 0 1
vn 0 0 1
vn 0 0 1
vn 0 0 1
vn 0 0 1
vn 0 0 1
vn 0 0 1
vn 0 0 1
vn 0 0 1
vn 0 0 1
vn 0 0 1
vn 0 0 1
vn 0 0 1
vn 0 0 1
vn 0 0 1
vn 0 0 1
vn 0 0 1
vn 0 0 1
vn 0 0 1
vn 0 0 1
vn 0 0 1
vn 0 0 1
vn 0 0 1
vn 0 0 1
vn 0 0 1
vn 0 0 1
vn 0 0 1
vn 0 0 1
vn 0 0 1
vn 0 0 1
vn 0 0 1
vn 0 0 1
vn 0 0 1
vn 0 0 1
vn 0 0 1
vn 0 0 1
vn 0 0 1
vn 0 0 1
vn 0 0 1
vn 0 0 1
vn 0 0 1
vn 0 0 1
vn 0 0 1
vn 0 0 1
vn 0 0 1
vn 0 0 1
vn 0 0 1
vn 0 0 1
vn 0 0 1
vn 0 0 1
vn 0 0 1
vn 0 0 1
vn 0 0 1
vn 0 0 1
vn 0 0 1
vn 0 0 1
vn 0 0 1
vn 0 0 1
vn 0 0 1
vn 0 0 1
vn 0 0 1
vn 0 0 1
vn 0 0 1
vn 0 0 1
vn 0 0 1
vn 0 0 1
vn 0 0 1
vn 0 0 1
vn 0 0 1
vn 0 0 1
vn 0 0 1
vn 0 0 1
vn 0 0 1
vn 0 0 1
vn 0 0 1
vn 0 0 1
vn 0 0 1
vn 0 0 1
vn 0 0 1
vn 0 0 1
vn 0 0 1
vn 0 0 1
vn 0 0 1
vn 0 0 1
vn 0 0 1
vn 0 0 1
vn 0 0 1
vn 0 0 1
vn 0 0 1
vn 0 0 1
vn 0 0 1
vn 0 0 1
vn 0 0 1
vn 0 0 1
vn 0 0 1
vn 0 0 1
vn 0 0 1
vn 0 0 1
vn 0 0 1
vn 0 0 1
vn 0 0 1
vn 0 0 1
vn 0 0 1
vn 0 0 1
vn 0 0 1
vn 0 0 1
vn 0 0 1
vn 0 0 1
vn 0 0 1
vn 0 0 1
vn 0 0 1
vn 0 0 1
vn 0 0 1
vn 0 0 1
vn 0 0 1
vn 0 0 1
vn 0 0 1
vn 0 0 1
vn 0 0 1
vn 0 0 1
vn 0 0 1
vn 0 0 1
vn 0 0 1
vn 0 0 1
vn 0 0 1
vn 0 0 1
vn 0 0 1
vn 0 0 1
vn 0 0 1
vn 0 0 1
vn 0 0 1
vn 0 0 1
vn 0 0 1
vn 0 0 1
vn 0 0 1
vn 0 0 1
vn 0 0 1
vn 0 0 1
vn 0 0 1
vn 0 0 1
vn 0 0 1
vn 0 0 1
vn 0 0 1
vn 0 0 1
vn 0 0 1
vn 0 0 1
vn 0 0 1
vn 0 0 1
vn 0 0 1
vn 0 0 1
vn 0 0 1
vn 0 0 1
vn 0 0 1
vn 0 0 1
vn 0 0 1
vn 0 0 1
vn 0 0 1
vn 0 0 1
vn 0 0 1
vn 0 0 1
vn 0 0 1
vn 0 0 1
vn 0 0 1
vn 0 0 1
vn 0 0 1
vn 0 0 1
vn 0 0 1
vn 0 0 1
vn 0 0 1
vn 0 0 1
vn 0 0 1
vn 0 0 1
vn 0 0 1
vn 0 0 1
vn 0 0 1
vn 0 0 1
vn 0 0 1
vn 0 0 1
vn 0 0 1
vn 0 0 1
vn 0 0 1
vn 0 0 1
vn 0 0 1
vn 0 0 1
vn 0 0 1
vn 0 0 1
vn 0 0 1
vn 0 0 1
vn 0 0 1
vn 0 0 1
vn 0 0 1
vn 0 0 1
vn 0 0 1
vn 0 0 1
vn 0 0 1
vn 0 0 1
vn 0 0 1
vn 0 0 1
vn 0 0 1
vn 0 0 1
vn 0 0 1
vn 0 0 1
vn 0 0 1
vn 0 0 1
vn 0 0 1
vn 0 0 1
vn 0 0 1
vn 0 0 1
vn 0 0 1
vn 0 0 1
vn 0 0 1
vn 0 0 1
vn 0 0 1
vn 0 0 1
vn 0 0 1
vn 0 0 1
vn 0 0 1
vn 0 0 1
vn 0 0 1
vn 0 0 1
vn 0 0 1
vn 0 0 1
vn 0 0 1
vn 0 0 1
vn 0 0 1
vn 0 0 1
vn 0 0 1
vn 0 0 1
vn 0 0 1
vn 0 0 1
vn 0 0 1
vn 0 0 1
vn 0 0 1
vn 0 0 1
vn 0 0 1
vn 0 0 1
vn 0 0 1
vn 0 0 1
vn 0 0 1
vn 0 0 1
vn 0 0 1
vn 0 0 1
vn 0 0 1
vn 0 0 1
vn 0 0 1
vn 0 0 1
vn 0 0 1
vn 0 0 1
vn 0 0 1
vn 0 0 1
vn 0 0 1
vn 0 0 1
vn 0 0 1
vn 0 0 1
vn 0 0 1
vn 0 0 1
vn 0 0 1
vn 0 0 1
vn 0 0 1
vn 0 0 1
vn 0 0 1
vn 0 0 1
vn 0 0 1
vn 0 0 1
vn 0 0 1
vn 0 0 1
vn 0 0 1
vn 0 0 1
vn 0 0 1
vn 0 0 1
vn 0 0 1
vn 0 0 1
vn 0 0 1
vn 0 0 1
vn 0 0 1
vn 0 0 1
vn 0 0 1
vn 0 0 1
vn 0 0 1
vn 0 0 1
vn 0 0 1
vn 0 0 1
vn 0 0 1
vn 0 0 1
vn 0 0 1
vn 0 0 1
vn 0 0 1
vn 0 0 1
vn 0 0 1
vn 0 0 1
vn 0 0 1
vn 0 0 1
vn 0 0 1
vn 0 0 1
vn 0 0 1
vn 0 0 1
vn 0 0 1
vn 0 0 1
vn 0 0 1
vn 0 0 1
vn 0 0 1
vn 0 0 1
vn 0 0 1
vn 0 0 1
vn 0 0 1
vn 0 0 1
vn 0 0 1
vn 0 0 1
vn 0 0 1
vn 0 0 1
vn 0 0 1
vn 0 0 1
vn 0 0 1
vn 0 0 1
vn 0 0 1
vn 0 0 1
vn 0 0 1
vn 0 0 1
vn 0 0 1
vn 0 0 1
vn 0 0 1
vn 0 0 1
vn 0 0 1
vn 0 0 1
vn 0 0 1
vn 0 0 1
vn 0 0 1
vn 0 0 1
vn 0 0 1
vn 0 0 1
vn 0 0 1
vn 0 0 1
vn 0 0 1
vn 0 0 1
vn 0 0 1
vn 0 0 1
vn 0 0 1
vn 0 0 1
vn 0 0 1
vn 0 0 1
vn 0 0 1
vn 0 0 1
vn 0 0 1
vn 0 0 1
vn 0 0 1
vn 0 0 1
vn 0 0 1
vn 0 0 1
vn 0 0 1
vn 0 0 1
vn 0 0 1
vn 0 0 1
vn 0 0 1
vn 0 0 1
vn 0 0 1
vn 0 0 1
vn 0 0 1
vn 0 0 1
vn 0 0 1
vn 0 0 1
vn 0 0 1
vn 0 0 1
vn 0 0 1
vn 0 0 1
vn 0 0 1
vn 0 0 1
vn 0 0 1
vn 0 0 1
vn 0 0 1
vn 0 0 1
vn 0 0 1
vn 0 0 1
vn 0 0 1
vn 0 0 1
vn 0 0 1
vn 0 0 1
vn 0 0 1
vn 0 0 1
vn 0 0 1
vn 0 0 1
vn 0 0 1
vn 0 0 1
vn 0 0 1
vn 0 0 1
vn 0 0 1
vn 0 0 1
vn 0 0 1
vn 0 0 1
vn 0 0 1
vn 0 0 1
vn 0 0 1
vn 0 0 1
vn 0 0 1
vn 0 0 1
vn 0 0 1
vn 0 0 1
vn 0 0 1
vn 0 0 1
vn 0 0 1
vn 0 0 1
vn 0 0 1
vn 0 0 1
vn 0 0 1
vn 0 0 1
vn 0 0 1
vn 0 0 1
vn 0 0 1
vn 0 0 1
vn 0 0 1
vn 0 0 1
vn 0 0 1
vn 0 0 1
vn 0 0 1
vn 0 0 1
vn 0 0 1
vn 0 0 1
vn 0 0 1
vn 0 0 1
vn 0 0 1
vn 0 0 1
vn 0 0 1
vn 0 0 1
vn 0 0 1
vn 0 0 1
vn 0 0 1
vn 0 0 1
vn 0 0 1
vn 0 0 1
vn 0 0 1
vn 0 0 1
vn 0 0 1
vn 0 0 1
vn 0 0 1
vn 0 0 1
vn 0 0 1
vn 0 0 1
vn 0 0 1
vn 0 0 1
vn 0 0 1
vn 0 0 1
vn 0 0 1
vn 0 0 1
vn 0 0 1
vn 0 0 1
vn 0 0 1
vn 0 0 1
vn 0 0 1
vn 0 0 1
vn 0 0 1
vn 0 0 1
vn 0 0 1
vn 0 0 1
vn 0 0 1
vn 0 0 1
vn 0 0 1
vn 0 0 1
vn 0 0 1
vn 0 0 1
vn 0 0 1
vn 0 0 1
vn 0 0 1
vn 0 0 1
vn 0 0 1
vn 0 0 1
vn 0 0 1
vn 0 0 1
vn 0 0 1
vn 0 0 1
vn 0 0 1
vn 0 0 1
vn 0 0 1
vn 0 0 1
vn 0 0 1
vn 0 0 1
vn 0 0 1
vn 0 0 1
vn 0 0 1
vn 0 0 1
vn 0 0 1
vn 0 0 1
vn 0 0 1
vn 0 0 1
vn 0 0 1
vn 0 0 1
vn 0 0 1
vn 0 0 1
vn 0 0 1
vn 0 0 1
vn 0 0 1
vn 0 0 1
vn 0 0 1
vn 0 0 1
vn 0 0 1
vn 0 0 1
vn 0 0 1
vn 0 0 1
vn 0 0 1
vn 0 0 1
vn 0 0 1
vn 0 0 1
vn 0 0 1
vn 0 0 1
vn 0 0 1
vn 0 0 1
vn 0 0 1
vn 0 0 1
vn 0 0 1
vn 0 0 1
vn 0 0 1
vn 0 0 1
vn 0 0 1
vn 0 0 1
vn 0 0 1
vn 0 0 1
vn 0 0 1
vn 0 0 1
vn 0 0 1
vn 0 0 1
vn 0 0 1
vn 0 0 1
vn 0 0 1
vn 0 0 1
vn 0 0 1
vn 0 0 1
vn 0 0 1
vn 0 0 1
vn 0 0 1
vn 0 0 1
vn 0 0 1
vn 0 0 1
vn 0 0 1
vn 0 0 1
vn 0 0 1
vn 0 0 1
vn 0 0 1
vn 0 0 1
vn 0 0 1
vn 0 0 1
vn 0 0 1
vn 0 0 1
vn 0 0 1
vn 0 0 1
vn 0 0 1
vn 0 0 1
vn 0 0 1
vn 0 0 1
vn 0 0 1
vn 0 0 1
vn 0 0 1
vn 0 0 1
vn 0 0 1
vn 0 0 1
vn 0 0 1
vn 0 0 1
vn 0 0 1
vn 0 0 1
vn 0 0 1
vn 0 0 1
vn 0 0 1
vn 0 0 1
vn 0 0 1
vn 0 0 1
vn 0 0 1
vn 0 0 1
vn 0 0 1
vn 0 0 1
vn 0 0 1
vn 0 0 1
vn 0 0 1
vn 0 0 1
vn 0 0 1
vn 0 0 1
vn 0 0 1
vn 0 0 1
vn 0 0 1
vn 0 0 1
vn 0 0 1
vn 0 0 1
vn 0 0 1
vn 0 0 1
vn 0 0 1
vn 0 0 1
vn 0 0 1
vn 0 0 1
vn 0 0 1
vn 0 0 1
vn 0 0 1
vn 0 0 1
vn 0 0 1
vn 0 0 1
vn 0 0 1
vn 0 0 1
vn 0 0 1
vn 0 0 1
vn 0 0 1
vn 0 0 1
vn 0 0 1
vn 0 0 1
vn 0 0 1
vn 0 0 1
vn 0 0 1
vn 0 0 1
vn 0 0 1
vn 0 0 1
vn 0 0 1
vn 0 0 1
vn 0 0 1
vn 0 0 1
vn 0 0 1
vn 0 0 1
vn 0 0 1
vn 0 0 1
vn 0 0 1
vn 0 0 1
vn 0 0 1
vn 0 0 1
vn 0 0 1
vn 0 0 1
vn 0 0 1
vn 0 0 1
vn 0 0 1
vn 0 0 1
vn 0 0 1
vn 0 0 1
vn 0 0 1
vn 0 0 1
vn 0 0 1
vn 0 0 1
vn 0 0 1
vn 0 0 1
vn 0 0 1
vn 0 0 1
vn 0 0 1
vn 0 0 1
vn 0 0 1
vn 0 0 1
vn 0 0 1
vn 0 0 1
vn 0 0 1
vn 0 0 1
vn 0 0 1
vn 0 0 1
vn 0 0 1
vn 0 0 1
vn 0 0 1
vn 0 0 1
vn 0 0 1
vn 0 0 1
vn 0 0 1
vn 0 0 1
vn 0 0 1
vn 0 0 1
vn 0 0 1
vn 0 0 1
vn 0 0 1
vn 0 0 1
vn 0 0 1
vn 0 0 1
vn 0 0 1
vn 0 0 1
vn 0 0 1
vn 0 0 1
vn 0 0 1
vn 0 0 1
vn 0 0 1
vn 0 0 1
vn 0 0 1
vn 0 0 1
vn 0 0 1
vn 0 0 1
vn 0 0 1
vn 0 0 1
vn 0 0 1
vn 0 0 1
vn 0 0 1
vn 0 0 1
vn 0 0 1
vn 0 0 1
vn 0 0 1
vn 0 0 1
vn 0 0 1
vn 0 0 1
vn 0 0 1
vn 0 0 1
vn 0 0 1
vn 0 0 1
vn 0 0 1
vn 0 0 1
vn 0 0 1
vn 0 0 1
vn 0 0 1
vn 0 0 1
vn 0 0 1
vn 0 0 1
vn 0 0 1
vn 0 0 1
vn 0 0 1
vn 0 0 1
vn 0 0 1
vn 0 0 1
vn 0 0 1
vn 0 0 1
vn 0 0 1
vn 0 0 1
vn 0 0 1
vn 0 0 1
vn 0 0 1
vn 0 0 1
vn 0 0 1
vn 0 0 1
vn 0 0 1
vn 0 0 1
vn 0 0 1
vn 0 0 1
vn 0 0 1
vn 0 0 1
vn 0 0 1
vn 0 0 1
vn 0 0 1
vn 0 0 1
vn 0 0 1
vn 0 0 1
vn 0 0 1
vn 0 0 1
vn 0 0 1
vn 0 0 1
vn 0 0 1
vn 0 0 1
vn 0 0 1
vn 0 0 1
vn 0 0 1
vn 0 0 1
vn 0 0 1
vn 0 0 1
vn 0 0 1
vn 0 0 1
vn 0 0 1
vn 0 0 1
vn 0 0 1
vn 0 0 1
vn 0 0 1
vn 0 0 1
vn 0 0 1
vn 0 0 1
vn 0 0 1
vn 0 0 1
vn 0 0 1
vn 0 0 1
vn 0 0 1
vn 0 0 1
vn 0 0 1
vn 0 0 1
vn 0 0 1
vn 0 0 1
vn 0 0 1
vn 0 0 1
vn 0 0 1
vn 0 0 1
vn 0 0 1
vn 0 0 1
vn 0 0 1
vn 0 0 1
vn 0 0 1
vn 0 0 1
vn 0 0 1
vn 0 0 1
vn 0 0 1
vn 0 0 1
vn 0 0 1
vn 0 0 1
vn 0 0 1
vn 0 0 1
vn 0 0 1
vn 0 0 1
vn 0 0 1
vn 0 0 1
vn 0 0 1
vn 0 0 1
vn 0 0 1
vn 0 0 1
vn 0 0 1
vn 0 0 1
vn 0 0 1
vn 0 0 1
vn 0 0 1
vn 0 0 1
vn 0 0 1
vn 0 0 1
vn 0 0 1
vn 0 0 1
vn 0 0 1
vn 0 0 1
vn 0 0 1
vn 0 0 1
vn 0 0 1
vn 0 0 1
vn 0 0 1
vn 0 0 1
vn 0 0 1
vn 0 0 1
vn 0 0 1
vn 0 0 1
vn 0 0 1
vn 0 0 1
vn 0 0 1
vn 0 0 1
vn 0 0 1
vn 0 0 1
vn 0 0 1
vn 0 0 1
vn 0 0 1
vn 0 0 1
vn 0 0 1
vn 0 0 1
vn 0 0 1
vn 0 0 1
vn 0 0 1
vn 0 0 1
vn 0 0 1
vn 0 0 1
vn 0 0 1
vn 0 0 1
vn 0 0 1
vn 0 0 1
vn 0 0 1
vn 0 0 1
vn 0 0 1
vn 0 0 1
vn 0 0 1
vn 0 0 1
vn 0 0 1
vn 0 0 1
vn 0 0 1
vn 0 0 1
vn 0 0 1
vn 0 0 1
vn 0 0 1
vn 0 0 1
vn 0 0 1
vn 0 0 1
vn 0 0 1
vn 0 0 1
vn 0 0 1
vn 0 0 1
vn 0 0 1
vn 0 0 1
vn 0 0 1
vn 0 0 1
vn 0 0 1
vn 0 0 1
vn 0 0 1
vn 0 0 1
vn 0 0 1
vn 0 0 1
vn 0 0 1
vn 0 0 1
vn 0 0 1
vn 0 0 1
vn 0 0 1
vn 0 0 1
vn 0 0 1
vn 0 0 1
vn 0 0 1
vn 0 0 1
vn 0 0 1
vn 0 0 1
vn 0 0 1
vn 0 0 1
vn 0 0 1
vn 0 0 1
vn 0 0 1
vn 0 0 1
vn 0 0 1
vn 0 0 1
vn 0 0 1
vn 0 0 1
vn 0 0 1
vn 0 0 1
vn 0 0 1
vn 0 0 1
vn 0 0 1
vn 0 0 1
vn 0 0 1
vn 0 0 1
vn 0 0 1
vn 0 0 1
vn 0 0 1
vn 0 0 1
vn 0 0 1
vn 0 0 1
vn 0 0 1
vn 0 0 1
vn 0 0 1
vn 0 0 1
vn 0 0 1
vn 0 0 1
vn 0 0 1
vn 0 0 1
vn 0 0 1
vn 0 0 1
vn 0 0 1
vn 0 0 1
vn 0 0 1
vn 0 0 1
vn 0 0 1
vn 0 0 1
vn 0 0 1
vn 0 0 1
vn 0 0 1
vn 0 0 1
vn 0 0 1
vn 0 0 1
vn 0 0 1
vn 0 0 1
vn 0 0 1
vn 0 0 1
vn 0 0 1
vn 0 0 1
vn 0 0 1
vn 0 0 1
vn 0 0 1
vn 0 0 1
vn 0 0 1
vn 0 0 1
vn 0 0 1
vn 0 0 1
vn 0 0 1
vn 0 0 1
vn 0 0 1
vn 0 0 1
vn 0 0 1
vn 0 0 1
vn 0 0 1
vn 0 0 1
vn 0 0 1
vn 0 0 1
vn 0 0 1
vn 0 0 1
vn 0 0 1
vn 0 0 1
vn 0 0 1
vn 0 0 1
vn 0 0 1
vn 0 0 1
vn 0 0 1
vn 0 0 1
vn 0 0 1
vn 0 0 1
vn 0 0 1
vn 0 0 1
vn 0 0 1
vn 0 0 1
vn 0 0 1
vn 0 0 1
vn 0 0 1
vn 0 0 1
vn 0 0 1
vn 0 0 1
vn 0 0 1
vn 0 0 1
vn 0 0 1
vn 0 0 1
vn 0 0 1
vn 0 0 1
vn 0 0 1
vn 0 0 1
vn 0 0 1
vn 0 0 1
vn 0 0 1
vn 0 0 1
vn 0 0 1
vn 0 0 1
vn 0 0 1
vn 0 0 1
vn 0 0 1
vn 0 0 1
vn 0 0 1
vn 0 0 1
vn 0 0 1
vn 0 0 1
vn 0 0 1
vn 0 0 1
vn 0 0 1
vn 0 0 1
vn 0 0 1
vn 0 0 1
vn 0 0 1
vn 0 0 1
vn 0 0 1
vn 0 0 1
vn 0 0 1
vn 0 0 1
vn 0 0 1
vn 0 0 1
vn 0 0 1
vn 0 0 1
vn 0 0 1
vn 0 0 1
vn 0 0 1
vn 0 0 1
vn 0 0 1
vn 0 0 1
vn 0 0 1
vn 0 0 1
vn 0 0 1
vn 0 0 1
vn 0 0 1
vn 0 0 1
vn 0 0 1
vn 0 0 1
vn 0 0 1
vn 0 0 1
vn 0 0 1
vn 0 0 1
vn 0 0 1
vn 0 0 1
vn 0 0 1
vn 0 0 1
vn 0 0 1
vn 0 0 1
vn 0 0 1
vn 0 0 1
vn 0 0 1
vn 0 0 1
vn 0 0 1
vn 0 0 1
vn 0 0 1
vn 0 0 1
vn 0 0 1
vn 0 0 1
vn 0 0 1
vn 0 0 1
vn 0 0 1
vn 0 0 1
vn 0 0 1
vn 0 0 1
vn 0 0 1
vn 0 0 1
vn 0 0 1
vn 0 0 1
vn 0 0 1
vn 0 0 1
vn 0 0 1
vn 0 0 1
vn 0 0 1
vn 0 0 1
vn 0 0 1
vn 0 0 1
vn 0 0 1
vn 0 0 1
vn 0 0 1
vn 0 0 1
vn 0 0 1
vn 0 0 1
vn 0 0 1
vn 0 0 1
vn 0 0 1
vn 0 0 1
vn 0 0 1
vn 0 0 1
vn 0 0 1
vn 0 0 1
vn 0 0 1
vn 0 0 1
vn 0 0 1
vn 0 0 1
vn 0 0 1
vn 0 0 1
vn 0 0 1
vn 0 0 1
vn 0 0 1
vn 0 0 1
vn 0 0 1
vn 0 0 1
vn 0 0 1
vn 0 0 1
vn 0 0 1
vn 0 0 1
vn 0 0 1
vn 0 0 1
vn 0 0 1
vn 0 0 1
vn 0 0 1
vn 0 0 1
vn 0 0 1
vn 0 0 1
vn 0 0 1
vn 0 0 1
vn 0 0 1
vn 0 0 1
vn 0 0 1
vn 0 0 1
vn 0 0 1
vn 0 0 1
vn 0 0 1
vn 0 0 1
vn 0 0 1
vn 0 0 1
vn 0 0 1
vn 0 0 1
vn 0 0 1
vn 0 0 1
vn 0 0 1
vn 0 0 1
vn 0 0 1
vn 0 0 1
vn 0 0 1
vn 0 0 1
vn 0 0 1
vn 0 0 1
vn 0 0 1
vn 0 0 1
vn 0 0 1
vn 0 0 1
vn 0 0 1
vn 0 0 1
vn 0 0 1
vn 0 0 1
vn 0 0 1
vn 0 0 1
vn 0 0 1
vn 0 0 1
vn 0 0 1
vn 0 0 1
vn 0 0 1
vn 0 0 1
vn 0 0 1
vn 0 0 1
vn 0 0 1
vn 0 0 1
vn 0 0 1
vn 0 0 1
vn 0 0 1
vn 0 0 1
vn 0 0 1
vn 0 0 1
vn 0 0 1
vn 0 0 1
vn 0 0 1
vn 0 0 1
vn 0 0 1
vn 0 0 1
vn 0 0 1
vn 0 0 1
vn 0 0 1
vn 0 0 1
vn 0 0 1
vn 0 0 1
vn 0 0 1
vn 0 0 1
vn 0 0 1
vn 0 0 1
vn 0 0 1
vn 0 0 1
vn 0 0 1
vn 0 0 1
vn 0 0 1
vn 0 0 1
vn 0 0 1
vn 0 0 1
vn 0 0 1
vn 0 0 1
vn 0 0 1
vn 0 0 1
vn 0 0 1
vn 0 0 1
vn 0 0 1
vn 0 0 1
vn 0 0 1
vn 0 0 1
vn 0 0 1
vn 0 0 1
vn 0 0 1
vn 0 0 1
vn 0 0 1
vn 0 0 1
vn 0 0 1
vn 0 0 1
vn 0 0 1
vn 0 0 1
vn 0 0 1
vn 0 0 1
vn 0 0 1
vn 0 0 1
vn 0 0 1
vn 0 0 1
vn 0 0 1
vn 0 0 1
vn 0 0 1
vn 0 0 1
vn 0 0 1
vn 0 0 1
vn 0 0 1
vn 0 0 1
vn 0 0 1
vn 0 0 1
vn 0 0 1
vn 0 0 1
vn 0 0 1
vn 0 0 1
vn 0 0 1
vn 0 0 1
vn 0 0 1
vn 0 0 1
vn 0 0 1
vn 0 0 1
vn 0 0 1
vn 0 0 1
vn 0 0 1
vn 0 0 1
vn 0 0 1
vn 0 0 1
vn 0 0 1
vn 0 0 1
vn 0 0 1
vn 0 0 1
vn 0 0 1
vn 0 0 1
vn 0 0 1
vn 0 0 1
vn 0 0 1
vn 0 0 1
vn 0 0 1
vn 0 0 1
vn 0 0 1
vn 0 0 1
vn 0 0 1
vn 0 0 1
vn 0 0 1
vn 0 0 1
vn 0 0 1
vn 0 0 1
vn 0 0 1
vn 0 0 1
vn 0 0 1
vn 0 0 1
vn 0 0 1
vn 0 0 1
vn 0 0 1
vn 0 0 1
vn 0 0 1
vn 0 0 1
vn 0 0 1
vn 0 0 1
vn 0 0 1
vn 0 0 1
vn 0 0 1
vn 0 0 1
vn 0 0 1
vn 0 0 1
vn 0 0 1
vn 0 0 1
vn 0 0 1
vn 0 0 1
vn 0 0 1
vn 0 0 1
vn 0 0 1
vn 0 0 1
vn 0 0 1
vn 0 0 1
vn 0 0 1
vn 0 0 1
vn 0 0 1
vn 0 0 1
vn 0 0 1
vn 0 0 1
vn 0 0 1
vn 0 0 1
vn 0 0 1
vn 0 0 1
vn 0 0 1
vn 0 0 1
vn 0 0 1
vn 0 0 1
vn 0 0 1
vn 0 0 1
vn 0 0 1
vn 0 0 1
vn 0 0 1
vn 0 0 1
vn 0 0 1
vn 0 0 1
vn 0 0 1
vn 0 0 1
vn 0 0 1
vn 0 0 1
vn 0 0 1
vn 0 0 1
vn 0 0 1
vn 0 0 1
vn 0 0 1
vn 0 0 1
vn 0 0 1
vn 0 0 1
vn 0 0 1
vn 0 0 1
vn 0 0 1
vn 0 0 1
vn 0 0 1
vn 0 0 1
vn 0 0 1
vn 0 0 1
vn 0 0 1
vn 0 0 1
vn 0 0 1
vn 0 0 1
vn 0 0 1
vn 0 0 1
vn 0 0 1
vn 0 0 1
vn 0 0 1
vn 0 0 1
vn 0 0 1
vn 0 0 1
vn 0 0 1
vn 0 0 1
vn 0 0 1
vn 0 0 1
vn 0 0 1
vn 0 0 1
vn 0 0 1
vn 0 0 1
vn 0 0 1
vn 0 0 1
vn 0 0 1
vn 0 0 1
vn 0 0 1
vn 0 0 1
vn 0 0 1
vn 0 0 1
vn 0 0 1
vn 0 0 1
vn 0 0 1
vn 0 0 1
vn 0 0 1
vn 0 0 1
vn 0 0 1
vn 0 0 1
vn 0 0 1
vn 0 0 1
vn 0 0 1
vn 0 0 1
vn 0 0 1
vn 0 0 1
vn 0 0 1
vn 0 0 1
vn 0 0 1
vn 0 0 1
vn 0 0 1
vn 0 0 1
vn 0 0 1
vn 0 0 1
vn 0 0 1
vn 0 0 1
vn 0 0 1
vn 0 0 1
vn 0 0 1
vn 0 0 1
vn 0 0 1
vn 0 0 1
vn 0 0 1
vn 0 0 1
vn 0 0 1
vn 0 0 1
vn 0 0 1
vn 0 0 1
vn 0 0 1
vn 0 0 1
vn 0 0 1
vn 0 0 1
vn 0 0 1
vn 0 0 1
vn 0 0 1
vn 0 0 1
vn 0 0 1
vn 0 0 1
vn 0 0 1
vn 0 0 1
vn 0 0 1
vn 0 0 1
vn 0 0 1
vn 0 0 1
vn 0 0 1
vn 0 0 1
vn 0 0 1
vn 0 0 1
vn 0 0 1
vn 0 0 1
vn 0 0 1
vn 0 0 1
vn 0 0 1
vn 0 0 1
vn 0 0 1
vn 0 0 1
vn 0 0 1
vn 0 0 1
vn 0 0 1
vn 0 0 1
vn 0 0 1
vn 0 0 1
vn 0 0 1
vn 0 0 1
vn 0 0 1
vn 0 0 1
vn 0 0 1
vn 0 0 1
vn 0 0 1
vn 0 0 1
vn 0 0 1
vn 0 0 1
vn 0 0 1
vn 0 0 1
vn 0 0 1
vn 0 0 1
vn 0 0 1
vn 0 0 1
vn 0 0 1
vn 0 0 1
vn 0 0 1
vn 0 0 1
vn 0 0 1
vn 0 0 1
vn 0 0 1
vn 0 0 1
vn 0 0 1
vn 0 0 1
vn 0 0 1
vn 0 0 1
vn 0 0 1
vn 0 0 1
vn 0 0 1
vn 0 0 1
vn 0 0 1
vn 0 0 1
vn 0 0 1
vn 0 0 1
vn 0 0 1
vn 0 0 1
vn 0 0 1
vn 0 0 1
vn 0 0 1
vn 0 0 1
vn 0 0 1
vn 0 0 1
vn 0 0 1
vn 0 0 1
vn 0 0 1
vn 0 0 1
vn 0 0 1
vn 0 0 1
vn 0 0 1
vn 0 0 1
vn 0 0 1
vn 0 0 1
vn 0 0 1
vn 0 0 1
vn 0 0 1
vn 0 0 1
vn 0 0 1
vn 0 0 1
vn 0 0 1
vn 0 0 1
vn 0 0 1
vn 0 0 1
vn 0 0 1
vn 0 0 1
vn 0 0 1
vn 0 0 1
vn 0 0 1
vn 0 0 1
vn 0 0 1
vn 0 0 1
vn 0 0 1
vn 0 0 1
vn 0 0 1
vn 0 0 1
vn 0 0 1
vn 0 0 1
vn 0 0 1
vn 0 0 1
vn 0 0 1
vn 0 0 1
vn 0 0 1
vn 0 0 1
vn 0 0 1
vn 0 0 1
vn 0 0 1
vn 0 0 1
vn 0 0 1
vn 0 0 1
vn 0 0 1
vn 0 0 1
vn 0 0 1
vn 0 0 1
vn 0 0 1
vn 0 0 1
vn 0 0 1
vn 0 0 1
vn 0 0 1
vn 0 0 1
vn 0 0 1
vn 0 0 1
vn 0 0 1
vn 0 0 1
vn 0 0 1
vn 0 0 1
vn 0 0 1
vn 0 0 1
vn 0 0 1
vn 0 0 1
vn 0 0 1
vn 0 0 1
vn 0 0 1
vn 0 0 1
vn 0 0 1
vn 0 0 1
vn 0 0 1
vn 0 0 1
vn 0 0 1
vn 0 0 1
vn 0 0 1
vn 0 0 1
vn 0 0 1
vn 0 0 1
vn 0 0 1
vn 0 0 1
vn 0 0 1
vn 0 0 1
vn 0 0 1
vn 0 0 1
vn 0 0 1
vn 0 0 1
vn 0 0 1
vn 0 0 1
vn 0 0 1
vn 0 0 1
vn 0 0 1
vn 0 0 1
vn 0 0 1
vn 0 0 1
vn 0 0 1
vn 0 0 1
vn 0 0 1
vn 0 0 1
vn 0 0 1
vn 0 0 1
vn 0 0 1
vn 0 0 1
vn 0 0 1
vn 0 0 1
vn 0 0 1
vn 0 0 1
vn 0 0 1
vn 0 0 1
vn 0 0 1
vn 0 0 1
vn 0 0 1
vn 0 0 1
vn 0 0 1
vn 0 0 1
vn 0 0 1
vn 0 0 1
vn 0 0 1
vn 0 0 1
vn 0 0 1
vn 0 0 1
vn 0 0 1
vn 0 0 1
vn 0 0 1
vn 0 0 1
vn 0 0 1
vn 0 0 1
vn 0 0 1
vn 0 0 1
vn 0 0 1
vn 0 0 1
vn 0 0 1
vn 0 0 1
vn 0 0 1
vn 0 0 1
vn 0 0 1
vn 0 0 1
vn 0 0 1
vn 0 0 1
vn 0 0 1
vn 0 0 1
vn 0 0 1
vn 0 0 1
vn 0 0 1
vn 0 0 1
vn 0 0 1
vn 0 0 1
vn 0 0 1
vn 0 0 1
vn 0 0 1
vn 0 0 1
vn 0 0 1
vn 0 0 1
vn 0 0 1
vn 0 0 1
vn 0 0 1
vn 0 0 1
vn 0 0 1
vn 0 0 1
vn 0 0 1
vn 0 0 1
vn 0 0 1
vn 0 0 1
vn 0 0 1
vn 0 0 1
vn 0 0 1
vn 0 0 1
vn 0 0 1
vn 0 0 1
vn 0 0 1
vn 0 0 1
vn 0 0 1
vn 0 0 1
vn 0 0 1
vn 0 0 1
vn 0 0 1
vn 0 0 1
vn 0 0 1
vn 0 0 1
vn 0 0 1
vn 0 0 1
vn 0 0 1
vn 0 0 1
vn 0 0 1
vn 0 0 1
vn 0 0 1
vn 0 0 1
vn 0 0 1
vn 0 0 1
vn 0 0 1
vn 0 0 1
vn 0 0 1
vn 0 0 1
vn 0 0 1
vn 0 0 1
vn 0 0 1
vn 0 0 1
vn 0 0 1
vn 0 0 1
vn 0 0 1
vn 0 0 1
vn 0 0 1
vn 0 0 1
vn 0 0 1
vn 0 0 1
vn 0 0 1
vn 0 0 1
vn 0 0 1
vn 0 0 1
vn 0 0 1
vn 0 0 1
vn 0 0 1
vn 0 0 1
vn 0 0 1
vn 0 0 1
vn 0 0 1
vn 0 0 1
vn 0 0 1
vn 0 0 1
vn 0 0 1
vn 0 0 1
vn 0 0 1
vn 0 0 1
vn 0 0 1
vn 0 0 1
vn 0 0 1
vn 0 0 1
vn 0 0 1
vn 0 0 1
vn 0 0 1
vn 0 0 1
vn 0 0 1
vn 0 0 1
vn 0 0 1
vn 0 0 1
vn 0 0 1
vn 0 0 1
vn 0 0 1
vn 0 0 1
vn 0 0 1
vn 0 0 1
vn 0 0 1
vn 0 0 1
vn 0 0 1
vn 0 0 1
vn 0 0 1
vn 0 0 1
vn 0 0 1
vn 0 0 1
vn 0 0 1
vn 0 0 1
vn 0 0 1
vn 0 0 1
vn 0 0 1
vn 0 0 1
vn 0 0 1
vn 0 0 1
vn 0 0 1
vn 0 0 1
vn 0 0 1
vn 0 0 1
vn 0 0 1
vn 0 0 1
vn 0 0 1
vn 0 0 1
vn 0 0 1
vn 0 0 1
vn 0 0 1
vn 0 0 1
vn 0 0 1
vn 0 0 1
vn 0 0 1
vn 0 0 1
vn 0 0 1
vn 0 0 1
vn 0 0 1
vn 0 0 1
vn 0 0 1
vn 0 0 1
vn 0 0 1
vn 0 0 1
vn 0 0 1
vn 0 0 1
vn 0 0 1
vn 0 0 1
vn 0 0 1
vn 0 0 1
vn 0 0 1
vn 0 0 1
vn 0 0 1
vn 0 0 1
vn 0 0 1
vn 0 0 1
vn 0 0 1
vn 0 0 1
vn 0 0 1
vn 0 0 1
vn 0 0 1
vn 0 0 1
vn 0 0 1
vn 0 0 1
vn 0 0 1
vn 0 0 1
vn 0 0 1
vn 0 0 1
vn 0 0 1
vn 0 0 1
vn 0 0 1
vn 0 0 1
vn 0 0 1
vn 0 0 1
vn 0 0 1
vn 0 0 1
vn 0 0 1
vn 0 0 1
vn 0 0 1
vn 0 0 1
vn 0 0 1
vn 0 0 1
vn 0 0 1
vn 0 0 1
vn 0 0 1
vn 0 0 1
vn 0 0 1
vn 0 0 1
vn 0 0 1
vn 0 0 1
vn 0 0 1
vn 0 0 1
vn 0 0 1
vn 0 0 1
vn 0 0 1
vn 0 0 1
vn 0 0 1
vn 0 0 1
vn 0 0 1
vn 0 0 1
vn 0 0 1
vn 0 0 1
vn 0 0 1
vn 0 0 1
vn 0 0 1
vn 0 0 1
vn 0 0 1
vn 0 0 1
vn 0 0 1
vn 0 0 1
vn 0 0 1
vn 0 0 1
vn 0 0 1
vn 0 0 1
vn 0 0 1
vn 0 0 1
vn 0 0 1
vn 0 0 1
vn 0 0 1
vn 0 0 1
vn 0 0 1
vn 0 0 1
vn 0 0 1
vn 0 0 1
vn 0 0 1
vn 0 0 1
vn 0 0 1
vn 0 0 1
vn 0 0 1
vn 0 0 1
vn 0 0 1
vn 0 0 1
vn 0 0 1
vn 0 0 1
vn 0 0 1
vn 0 0 1
vn 0 0 1
vn 0 0 1
vn 0 0 1
vn 0 0 1
vn 0 0 1
vn 0 0 1
vn 0 0 1
vn 0 0 1
vn 0 0 1
vn 0 0 1
vn 0 0 1
vn 0 0 1
vn 0 0 1
vn 0 0 1
vn 0 0 1
vn 0 0 1
vn 0 0 1
vn 0 0 1
vn 0 0 1
vn 0 0 1
vn 0 0 1
vn 0 0 1
vn 0 0 1
vn 0 0 1
vn 0 0 1
vn 0 0 1
vn 0 0 1
vn 0 0 1
vn 0 0 1
vn 0 0 1
vn 0 0 1
vn 0 0 1
vn 0 0 1
vn 0 0 1
vn 0 0 1
vn 0 0 1
vn 0 0 1
vn 0 0 1
vn 0 0 1
vn 0 0 1
vn 0 0 1
vn 0 0 1
vn 0 0 1
vn 0 0 1
vn 0 0 1
vn 0 0 1
vn 0 0 1
vn 0 0 1
vn 0 0 1
vn 0 0 1
vn 0 0 1
vn 0 0 1
vn 0 0 1
vn 0 0 1
vn 0 0 1
vn 0 0 1
vn 0 0 1
vn 0 0 1
vn 0 0 1
vn 0 0 1
vn 0 0 1
vn 0 0 1
vn 0 0 1
vn 0 0 1
vn 0 0 1
vn 0 0 1
vn 0 0 1
vn 0 0 1
vn 0 0 1
vn 0 0 1
vn 0 0 1
vn 0 0 1
vn 0 0 1
vn 0 0 1
vn 0 0 1
vn 0 0 1
vn 0 0 1
vn 0 0 1
vn 0 0 1
vn 0 0 1
vn 0 0 1
vn 0 0 1
vn 0 0 1
vn 0 0 1
vn 0 0 1
vn 0 0 1
vn 0 0 1
vn 0 0 1
vn 0 0 1
vn 0 0 1
vn 0 0 1
vn 0 0 1
vn 0 0 1
vn 0 0 1
vn 0 0 1
vn 0 0 1
vn 0 0 1
vn 0 0 1
vn 0 0 1
vn 0 0 1
vn 0 0 1
vn 0 0 1
vn 0 0 1
vn 0 0 1
vn 0 0 1
vn 0 0 1
vn 0 0 1
vn 0 0 1
vn 0 0 1
vn 0 0 1
vn 0 0 1
vn 0 0 1
vn 0 0 1
vn 0 0 1
vn 0 0 1
vn 0 0 1
vn 0 0 1
vn 0 0 1
vn 0 0 1
vn 0 0 1
vn 0 0 1
vn 0 0 1
vn 0 0 1
vn 0 0 1
vn 0 0 1
vn 0 0 1
vn 0 0 1
vn 0 0 1
vn 0 0 1
vn 0 0 1
vn 0 0 1
vn 0 0 1
vn 0 0 1
vn 0 0 1
vn 0 0 1
vn 0 0 1
vn 0 0 1
vn 0 0 1
vn 0 0 1
vn 0 0 1
vn 0 0 1
vn 0 0 1
vn 0 0 1
vn 0 0 1
vn 0 0 1
vn 0 0 1
vn 0 0 1
vn 0 0 1
vn 0 0 1
vn 0 0 1
vn 0 0 1
vn 0 0 1
vn 0 0 1
vn 0 0 1
vn 0 0 1
vn 0 0 1
vn 0 0 1
vn 0 0 1
vn 0 0 1
vn 0 0 1
vn 0 0 1
vn 0 0 1
vn 0 0 1
vn 0 0 1
vn 0 0 1
vn 0 0 1
vn 0 0 1
vn 0 0 1
vn 0 0 1
vn 0 0 1
vn 0 0 1
vn 0 0 1
vn 0 0 1
vn 0 0 1
vn 0 0 1
vn 0 0 1
vn 0 0 1
vn 0 0 1
vn 0 0 1
vn 0 0 1
vn 0 0 1
vn 0 0 1
vn 0 0 1
vn 0 0 1
vn 0 0 1
vn 0 0 1
vn 0 0 1
vn 0 0 1
vn 0 0 1
vn 0 0 1
vn 0 0 1
vn 0 0 1
vn 0 0 1
vn 0 0 1
vn 0 0 1
vn 0 0 1
vn 0 0 1
vn 0 0 1
vn 0 0 1
vn 0 0 1
vn 0 0 1
vn 0 0 1
vn 0 0 1
vn 0 0 1
vn 0 0 1
vn 0 0 1
vn 0 0 1
vn 0 0 1
vn 0 0 1
vn 0 0 1
vn 0 0 1
vn 0 0 1
vn 0 0 1
vn 0 0 1
vn 0 0 1
vn 0 0 1
vn 0 0 1
vn 0 0 1
vn 0 0 1
vn 0 0 1
vn 0 0 1
vn 0 0 1
vn 0 0 1
vn 0 0 1
vn 0 0 1
vn 0 0 1
vn 0 0 1
vn 0 0 1
vn 0 0 1
vn 0 0 1
vn 0 0 1
vn 0 0 1
vn 0 0 1
vn 0 0 1
vn 0 0 1
vn 0 0 1
vn 0 0 1
vn 0 0 1
vn 0 0 1
vn 0 0 1
vn 0 0 1
vn 0 0 1
vn 0 0 1
vn 0 0 1
vn 0 0 1
vn 0 0 1
vn 0 0 1
vn 0 0 1
vn 0 0 1
vn 0 0 1
vn 0 0 1
vn 0 0 1
vn 0 0 1
vn 0 0 1
vn 0 0 1
vn 0 0 1
vn 0 0 1
vn 0 0 1
vn 0 0 1
vn 0 0 1
vn 0 0 1
vn 0 0 1
vn 0 0 1
vn 0 0 1
vn 0 0 1
vn 0 0 1
vn 0 0 1
vn 0 0 1
vn 0 0 1
vn 0 0 1
vn 0 0 1
vn 0 0 1
vn 0 0 1
vn 0 0 1
vn 0 0 1
vn 0 0 1
vn 0 0 1
vn 0 0 1
vn 0 0 1
vn 0 0 1
vn 0 0 1
vn 0 0 1
vn 0 0 1
vn 0 0 1
vn 0 0 1
vn 0 0 1
vn 0 0 1
vn 0 0 1
vn 0 0 1
vn 0 0 1
vn 0 0 1
vn 0 0 1
vn 0 0 1
vn 0 0 1
vn 0 0 1
vn 0 0 1
vn 0 0 1
vn 0 0 1
vn 0 0 1
vn 0 0 1
vn 0 0 1
vn 0 0 1
vn 0 0 1
vn 0 0 1
vn 0 0 1
vn 0 0 1
vn 0 0 1
vn 0 0 1
vn 0 0 1
vn 0 0 1
vn 0 0 1
vn 0 0 1
vn 0 0 1
vn 0 0 1
vn 0 0 1
vn 0 0 1
vn 0 0 1
vn 0 0 1
vn 0 0 1
vn 0 0 1
vn 0 0 1
vn 0 0 1
vn 0 0 1
vn 0 0 1
vn 0 0 1
vn 0 0 1
vn 0 0 1
vn 0 0 1
vn 0 0 1
vn 0 0 1
vn 0 0 1
vn 0 0 1
vn 0 0 1
vn 0 0 1
vn 0 0 1
vn 0 0 1
vn 0 0 1
vn 0 0 1
vn 0 0 1
vn 0 0 1
vn 0 0 1
vn 0 0 1
vn 0 0 1
vn 0 0 1
vn 0 0 1
vn 0 0 1
vn 0 0 1
vn 0 0 1
vn 0 0 1
vn 0 0 1
vn 0 0 1
vn 0 0 1
vn 0 0 1
vn 0 0 1
vn 0 0 1
vn 0 0 1
vn 0 0 1
vn 0 0 1
vn 0 0 1
vn 0 0 1
vn 0 0 1
vn 0 0 1
vn 0 0 1
vn 0 0 1
vn 0 0 1
vn 0 0 1
vn 0 0 1
vn 0 0 1
vn 0 0 1
vn 0 0 1
vn 0 0 1
vn 0 0 1
vn 0 0 1
vn 0 0 1
vn 0 0 1
vn 0 0 1
vn 0 0 1
vn 0 0 1
vn 0 0 1
vn 0 0 1
vn 0 0 1
vn 0 0 1
vn 0 0 1
vn 0 0 1
vn 0 0 1
vn 0 0 1
vn 0 0 1
vn 0 0 1
vn 0 0 1
vn 0 0 1
vn 0 0 1
vn 0 0 1
vn 0 0 1
vn 0 0 1
vn 0 0 1
vn 0 0 1
vn 0 0 1
vn 0 0 1
vn 0 0 1
vn 0 0 1
vn 0 0 1
vn 0 0 1
vn 0 0 1
vn 0 0 1
vn 0 0 1
vn 0 0 1
vn 0 0 1
vn 0 0 1
vn 0 0 1
vn 0 0 1
vn 0 0 1
vn 0 0 1
vn 0 0 1
vn 0 0 1
vn 0 0 1
vn 0 0 1
vn 0 0 1
vn 0 0 1
vn 0 0 1
vn 0 0 1
vn 0 0 1
vn 0 0 1
vn 0 0 1
vn 0 0 1
vn 0 0 1
vn 0 0 1
vn 0 0 1
vn 0 0 1
vn 0 0 1
vn 0 0 1
vn 0 0 1
vn 0 0 1
vn 0 0 1
vn 0 0 1
vn 0 0 1
vn 0 0 1
vn 0 0 1
vn 0 0 1
vn 0 0 1
vn 0 0 1
vn 0 0 1
vn 0 0 1
vn 0 0 1
vn 0 0 1
vn 0 0 1
vn 0 0 1
vn 0 0 1
vn 0 0 1
vn 0 0 1
vn 0 0 1
vn 0 0 1
vn 0 0 1
vn 0 0 1
vn 0 0 1
vn 0 0 1
vn 0 0 1
vn 0 0 1
vn 0 0 1
vn 0 0 1
vn 0 0 1
vn 0 0 1
vn 0 0 1
vn 0 0 1
vn 0 0 1
vn 0 0 1
vn 0 0 1
vn 0 0 1
vn 0 0 1
vn 0 0 1
vn 0 0 1
vn 0 0 1
vn 0 0 1
vn 0 0 1
vn 0 0 1
vn 0 0 1
vn 0 0 1
vn 0 0 1
vn 0 0 1
vn 0 0 1
vn 0 0 1
vn 0 0 1
vn 0 0 1
vn 0 0 1
vn 0 0 1
vn 0 0 1
vn 0 0 1
vn 0 0 1
vn 0 0 1
vn 0 0 1
vn 0 0 1
vn 0 0 1
vn 0 0 1
vn 0 0 1
vn 0 0 1
vn 0 0 1
vn 0 0 1
vn 0 0 1
vn 0 0 1
vn 0 0 1
vn 0 0 1
vn 0 0 1
vn 0 0 1
vn 0 0 1
vn 0 0 1
vn 0 0 1
vn 0 0 1
vn 0 0 1
vn 0 0 1
vn 0 0 1
vn 0 0 1
vn 0 0 1
vn 0 0 1
vn 0 0 1
vn 0 0 1
vn 0 0 1
vn 0 0 1
vn 0 0 1
vn 0 0 1
vn 0 0 1
vn 0 0 1
vn 0 0 1
vn 0 0 1
vn 0 0 1
vn 0 0 1
vn 0 0 1
vn 0 0 1
vn 0 0 1
vn 0 0 1
vn 0 0 1
vn 0 0 1
vn 0 0 1
vn 0 0 1
vn 0 0 1
vn 0 0 1
vn 0 0 1
vn 0 0 1
vn 0 0 1
vn 0 0 1
vn 0 0 1
vn 0 0 1
vn 0 0 1
vn 0 0 1
vn 0 0 1
vn 0 0 1
vn 0 0 1
vn 0 0 1
vn 0 0 1
vn 0 0 1
vn 0 0 1
vn 0 0 1
vn 0 0 1
vn 0 0 1
vn 0 0 1
vn 0 0 1
vn 0 0 1
vn 0 0 1
vn 0 0 1
vn 0 0 1
vn 0 0 1
vn 0 0 1
vn 0 0 1
vn 0 0 1
vn 0 0 1
vn 0 0 1
vn 0 0 1
vn 0 0 1
vn 0 0 1
vn 0 0 1
vn 0 0 1
vn 0 0 1
vn 0 0 1
vn 0 0 1
vn 0 0 1
vn 0 0 1
vn 0 0 1
vn 0 0 1
vn 0 0 1
vn 0 0 1
vn 0 0 1
vn 0 0 1
vn 0 0 1
vn 0 0 1
vn 0 0 1
vn 0 0 1
vn 0 0 1
vn 0 0 1
vn 0 0 1
vn 0 0 1
vn 0 0 1
vn 0 0 1
vn 0 0 1
vn 0 0 1
vn 0 0 1
vn 0 0 1
vn 0 0 1
vn 0 0 1
vn 0 0 1
vn 0 0 1
vn 0 0 1
vn 0 0 1
vn 0 0 1
vn 0 0 1
vn 0 0 1
vn 0 0 1
vn 0 0 1
vn 0 0 1
vn 0 0 1
vn 0 0 1
vn 0 0 1
vn 0 0 1
vn 0 0 1
vn 0 0 1
vn 0 0 1
vn 0 0 1
vn 0 0 1
vn 0 0 1
vn 0 0 1
vn 0 0 1
vn 0 0 1
vn 0 0 1
vn 0 0 1
vn 0 0 1
vn 0 0 1
vn 0 0 1
vn 0 0 1
vn 0 0 1
vn 0 0 1
vn 0 0 1
vn 0 0 1
vn 0 0 1
vn 0 0 1
vn 0 0 1
vn 0 0 1
vn 0 0 1
vn 0 0 1
vn 0 0 1
vn 0 0 1
vn 0 0 1
vn 0 0 1
vn 0 0 1
vn 0 0 1
vn 0 0 1
vn 0 0 1
vn 0 0 1
vn 0 0 1
vn 0 0 1
vn 0 0 1
vn 0 0 1
vn 0 0 1
vn 0 0 1
vn 0 0 1
vn 0 0 1
vn 0 0 1
vn 0 0 1
vn 0 0 1
vn 0 0 1
vn 0 0 1
vn 0 0 1
vn 0 0 1
vn 0 0 1
vn 0 0 1
vn 0 0 1
vn 0 0 1
vn 0 0 1
vn 0 0 1
vn 0 0 1
vn 0 0 1
vn 0 0 1
vn 0 0 1
vn 0 0 1
vn 0 0 1
vn 0 0 1
vn 0 0 1
vn 0 0 1
vn 0 0 1
vn 0 0 1
vn 0 0 1
vn 0 0 1
vn 0 0 1
vn 0 0 1
vn 0 0 1
vn 0 0 1
vn 0 0 1
vn 0 0 1
vn 0 0 1
vn 0 0 1
vn 0 0 1
vn 0 0 1
vn 0 0 1
vn 0 0 1
vn 0 0 1
vn 0 0 1
vn 0 0 1
vn 0 0 1
vn 0 0 1
vn 0 0 1
vn 0 0 1
vn 0 0 1
vn 0 0 1
vn 0 0 1
vn 0 0 1
vn 0 0 1
vn 0 0 1
vn 0 0 1
vn 0 0 1
vn 0 0 1
vn 0 0 1
vn 0 0 1
vn 0 0 1
vn 0 0 1
vn 0 0 1
vn 0 0 1
vn 0 0 1
vn 0 0 1
vn 0 0 1
vn 0 0 1
vn 0 0 1
vn 0 0 1
vn 0 0 1
vn 0 0 1
vn 0 0 1
vn 0 0 1
vn 0 0 1
vn 0 0 1
vn 0 0 1
vn 0 0 1
vn 0 0 1
vn 0 0 1
vn 0 0 1
vn 0 0 1
vn 0 0 1
vn 0 0 1
vn 0 0 1
vn 0 0 1
vn 0 0 1
vn 0 0 1
vn 0 0 1
vn 0 0 1
vn 0 0 1
vn 0 0 1
vn 0 0 1
vn 0 0 1
vn 0 0 1
vn 0 0 1
vn 0 0 1
vn 0 0 1
vn 0 0 1
vn 0 0 1
vn 0 0 1
vn 0 0 1
vn 0 0 1
vn 0 0 1
vn 0 0 1
vn 0 0 1
vn 0 0 1
vn 0 0 1
vn 0 0 1
vn 0 0 1
vn 0 0 1
vn 0 0 1
vn 0 0 1
vn 0 0 1
vn 0 0 1
vn 0 0 1
vn 0 0 1
vn 0 0 1
vn 0 0 1
vn 0 0 1
vn 0 0 1
vn 0 0 1
vn 0 0 1
vn 0 0 1
vn 0 0 1
vn 0 0 1
vn 0 0 1
vn 0 0 1
vn 0 0 1
vn 0 0 1
vn 0 0 1
vn 0 0 1
vn 0 0 1
vn 0 0 1
vn 0 0 1
vn 0 0 1
vn 0 0 1
vn 0 0 1
vn 0 0 1
vn 0 0 1
vn 0 0 1
vn 0 0 1
vn 0 0 1
vn 0 0 1
vn 0 0 1
vn 0 0 1
vn 0 0 1
vn 0 0 1
vn 0 0 1
vn 0 0 1
vn 0 0 1
vn 0 0 1
vn 0 0 1
vn 0 0 1
vn 0 0 1
vn 0 0 1
vn 0 0 1
vn 0 0 1
vn 0 0 1
vn 0 0 1
vn 0 0 1
vn 0 0 1
vn 0 0 1
vn 0 0 1
vn 0 0 1
vn 0 0 1
vn 0 0 1
vn 0 0 1
vn 0 0 1
vn 0 0 1
vn 0 0 1
vn 0 0 1
vn 0 0 1
vn 0 0 1
vn 0 0 1
vn 0 0 1
vn 0 0 1
vn 0 0 1
vn 0 0 1
vn 0 0 1
vn 0 0 1
vn 0 0 1
vn 0 0 1
vn 0 0 1
vn 0 0 1
vn 0 0 1
vn 0 0 1
vn 0 0 1
vn 0 0 1
vn 0 0 1
vn 0 0 1
vn 0 0 1
vn 0 0 1
vn 0 0 1
vn 0 0 1
vn 0 0 1
vn 0 0 1
vn 0 0 1
vn 0 0 1
vn 0 0 1
vn 0 0 1
vn 0 0 1
vn 0 0 1
vn 0 0 1
vn 0 0 1
vn 0 0 1
vn 0 0 1
vn 0 0 1
vn 0 0 1
vn 0 0 1
vn 0 0 1
vn 0 0 1
vn 0 0 1
vn 0 0 1
vn 0 0 1
vn 0 0 1
vn 0 0 1
vn 0 0 1
vn 0 0 1
vn 0 0 1
vn 0 0 1
vn 0 0 1
vn 0 0 1
vn 0 0 1
vn 0 0 1
vn 0 0 1
vn 0 0 1
vn 0 0 1
vn 0 0 1
vn 0 0 1
vn 0 0 1
vn 0 0 1
vn 0 0 1
vn 0 0 1
vn 0 0 1
vn 0 0 1
vn 0 0 1
vn 0 0 1
vn 0 0 1
vn 0 0 1
vn 0 0 1
vn 0 0 1
vn 0 0 1
vn 0 0 1
vn 0 0 1
vn 0 0 1
vn 0 0 1
vn 0 0 1
vn 0 0 1
vn 0 0 1
vn 0 0 1
vn 0 0 1
vn 0 0 1
vn 0 0 1
vn 0 0 1
vn 0 0 1
vn 0 0 1
vn 0 0 1
vn 0 0 1
vn 0 0 1
vn 0 0 1
vn 0 0 1
vn 0 0 1
vn 0 0 1
vn 0 0 1
vn 0 0 1
vn 0 0 1
vn 0 0 1
vn 0 0 1
vn 0 0 1
vn 0 0 1
vn 0 0 1
vn 0 0 1
vn 0 0 1
vn 0 0 1
vn 0 0 1
vn 0 0 1
vn 0 0 1
vn 0 0 1
vn 0 0 1
vn 0 0 1
vn 0 0 1
vn 0 0 1
vn 0 0 1
vn 0 0 1
vn 0 0 1
vn 0 0 1
vn 0 0 1
vn 0 0 1
vn 0 0 1
vn 0 0 1
vn 0 0 1
vn 0 0 1
vn 0 0 1
vn 0 0 1
vn 0 0 1
vn 0 0 1
vn 0 0 1
vn 0 0 1
vn 0 0 1
vn 0 0 1
vn 0 0 1
vn 0 0 1
vn 0 0 1
vn 0 0 1
vn 0 0 1
vn 0 0 1
vn 0 0 1
vn 0 0 1
vn 0 0 1
vn 0 0 1
vn 0 0 1
vn 0 0 1
vn 0 0 1
vn 0 0 1
vn 0 0 1
vn 0 0 1
vn 0 0 1
vn 0 0 1
vn 0 0 1
vn 0 0 1
vn 0 0 1
vn 0 0 1
vn 0 0 1
vn 0 0 1
vn 0 0 1
vn 0 0 1
vn 0 0 1
vn 0 0 1
vn 0 0 1
vn 0 0 1
vn 0 0 1
vn 0 0 1
vn 0 0 1
vn 0 0 1
vn 0 0 1
vn 0 0 1
vn 0 0 1
vn 0 0 1
vn 0 0 1
vn 0 0 1
vn 0 0 1
vn 0 0 1
vn 0 0 1
vn 0 0 1
vn 0 0 1
vn 0 0 1
vn 0 0 1
vn 0 0 1
vn 0 0 1
vn 0 0 1
vn 0 0 1
vn 0 0 1
vn 0 0 1
vn 0 0 1
vn 0 0 1
vn 0 0 1
vn 0 0 1
vn 0 0 1
vn 0 0 1
vn 0 0 1
vn 0 0 1
vn 0 0 1
vn 0 0 1
vn 0 0 1
vn 0 0 1
vn 0 0 1
vn 0 0 1
vn 0 0 1
vn 0 0 1
vn 0 0 1
vn 0 0 1
vn 0 0 1
vn 0 0 1
vn 0 0 1
vn 0 0 1
vn 0 0 1
vn 0 0 1
vn 0 0 1
vn 0 0 1
vn 0 0 1
vn 0 0 1
vn 0 0 1
vn 0 0 1
vn 0 0 1
vn 0 0 1
vn 0 0 1
vn 0 0 1
vn 0 0 1
vn 0 0 1
vn 0 0 1
vn 0 0 1
vn 0 0 1
vn 0 0 1
vn 0 0 1
vn 0 0 1
vn 0 0 1
vn 0 0 1
vn 0 0 1
vn 0 0 1
vn 0 0 1
vn 0 0 1
vn 0 0 1
vn 0 0 1
vn 0 0 1
vn 0 0 1
vn 0 0 1
vn 0 0 1
vn 0 0 1
vn 0 0 1
vn 0 0 1
vn 0 0 1
vn 0 0 1
vn 0 0 1
vn 0 0 1
vn 0 0 1
vn 0 0 1
vn 0 0 1
vn 0 0 1
vn 0 0 1
vn 0 0 1
vn 0 0 1
vn 0 0 1
vn 0 0 1
vn 0 0 1
vn 0 0 1
vn 0 0 1
vn 0 0 1
vn 0 0 1
vn 0 0 1
vn 0 0 1
vn 0 0 1
vn 0 0 1
vn 0 0 1
vn 0 0 1
vn 0 0 1
vn 0 0 1
vn 0 0 1
vn 0 0 1
vn 0 0 1
vn 0 0 1
vn 0 0 1
vn 0 0 1
vn 0 0 1
vn 0 0 1
vn 0 0 1
vn 0 0 1
vn 0 0 1
vn 0 0 1
vn 0 0 1
vn 0 0 1
vn 0 0 1
vn 0 0 1
vn 0 0 1
vn 0 0 1
vn 0 0 1
vn 0 0 1
vn 0 0 1
vn 0 0 1
vn 0 0 1
vn 0 0 1
vn 0 0 1
vn 0 0 1
vn 0 0 1
vn 0 0 1
vn 0 0 1
vn 0 0 1
vn 0 0 1
vn 0 0 1
vn 0 0 1
vn 0 0 1
vn 0 0 1
vn 0 0 1
vn 0 0 1
vn 0 0 1
vn 0 0 1
vn 0 0 1
vn 0 0 1
vn 0 0 1
vn 0 0 1
vn 0 0 1
vn 0 0 1
vn 0 0 1
vn 0 0 1
vn 0 0 1
vn 0 0 1
vn 0 0 1
vn 0 0 1
vn 0 0 1
vn 0 0 1
vn 0 0 1
vn 0 0 1
vn 0 0 1
vn 0 0 1
vn 0 0 1
vn 0 0 1
vn 0 0 1
vn 0 0 1
vn 0 0 1
vn 0 0 1
vn 0 0 1
vn 0 0 1
vn 0 0 1
vn 0 0 1
vn 0 0 1
vn 0 0 1
vn 0 0 1
vn 0 0 1
vn 0 0 1
vn 0 0 1
vn 0 0 1
vn 0 0 1
vn 0 0 1
vn 0 0 1
vn 0 0 1
vn 0 0 1
vn 0 0 1
vn 0 0 1
vn 0 0 1
vn 0 0 1
vn 0 0 1
vn 0 0 1
vn 0 0 1
vn 0 0 1
vn 0 0 1
vn 0 0 1
vn 0 0 1
vn 0 0 1
vn 0 0 1
vn 0 0 1
vn 0 0 1
vn 0 0 1
vn 0 0 1
vn 0 0 1
vn 0 0 1
vn 0 0 1
vn 0 0 1
vn 0 0 1
vn 0 0 1
vn 0 0 1
vn 0 0 1
vn 0 0 1
vn 0 0 1
vn 0 0 1
vn 0 0 1
vn 0 0 1
vn 0 0 1
vn 0 0 1
vn 0 0 1
vn 0 0 1
vn 0 0 1
vn 0 0 1
vn 0 0 1
vn 0 0 1
vn 0 0 1
vn 0 0 1
vn 0 0 1
vn 0 0 1
vn 0 0 1
vn 0 0 1
vn 0 0 1
vn 0 0 1
vn 0 0 1
vn 0 0 1
vn 0 0 1
vn 0 0 1
vn 0 0 1
vn 0 0 1
vn 0 0 1
vn 0 0 1
vn 0 0 1
vn 0 0 1
vn 0 0 1
vn 0 0 1
vn 0 0 1
vn 0 0 1
vn 0 0 1
vn 0 0 1
vn 0 0 1
vn 0 0 1
vn 0 0 1
vn 0 0 1
vn 0 0 1
vn 0 0 1
vn 0 0 1
vn 0 0 1
vn 0 0 1
vn 0 0 1
vn 0 0 1
vn 0 0 1
vn 0 0 1
vn 0 0 1
vn 0 0 1
vn 0 0 1
vn 0 0 1
vn 0 0 1
vn 0 0 1
vn 0 0 1
vn 0 0 1
vn 0 0 1
vn 0 0 1
vn 0 0 1
vn 0 0 1
vn 0 0 1
vn 0 0 1
vn 0 0 1
vn 0 0 1
vn 0 0 1
vn 0 0 1
vn 0 0 1
vn 0 0 1
vn 0 0 1
vn 0 0 1
vn 0 0 1
vn 0 0 1
vn 0 0 1
vn 0 0 1
vn 0 0 1
vn 0 0 1
vn 0 0 1
vn 0 0 1
vn 0 0 1
vn 0 0 1
vn 0 0 1
vn 0 0 1
vn 0 0 1
vn 0 0 1
vn 0 0 1
vn 0 0 1
vn 0 0 1
vn 0 0 1
vn 0 0 1
vn 0 0 1
vn 0 0 1
vn 0 0 1
vn 0 0 1
vn 0 0 1
vn 0 0 1
vn 0 0 1
vn 0 0 1
vn 0 0 1
vn 0 0 1
vn 0 0 1
vn 0 0 1
vn 0 0 1
vn 0 0 1
vn 0 0 1
vn 0 0 1
vn 0 0 1
vn 0 0 1
vn 0 0 1
vn 0 0 1
vn 0 0 1
vn 0 0 1
vn 0 0 1
vn 0 0 1
vn 0 0 1
vn 0 0 1
vn 0 0 1
vn 0 0 1
vn 0 0 1
vn 0 0 1
vn 0 0 1
vn 0 0 1
vn 0 0 1
vn 0 0 1
vn 0 0 1
vn 0 0 1
vn 0 0 1
vn 0 0 1
vn 0 0 1
vn 0 0 1
vn 0 0 1
vn 0 0 1
vn 0 0 1
vn 0 0 1
vn 0 0 1
vn 0 0 1
vn 0 0 1
vn 0 0 1
vn 0 0 1
vn 0 0 1
vn 0 0 1
vn 0 0 1
vn 0 0 1
vn 0 0 1
vn 0 0 1
vn 0 0 1
vn 0 0 1
vn 0 0 1
vn 0 0 1
vn 0 0 1
vn 0 0 1
vn 0 0 1
vn 0 0 1
vn 0 0 1
vn 0 0 1
vn 0 0 1
vn 0 0 1
vn 0 0 1
vn 0 0 1
vn 0 0 1
vn 0 0 1
vn 0 0 1
vn 0 0 1
vn 0 0 1
vn 0 0 1
vn 0 0 1
vn 0 0 1
vn 0 0 1
vn 0 0 1
vn 0 0 1
vn 0 0 1
vn 0 0 1
vn 0 0 1
vn 0 0 1
vn 0 0 1
vn 0 0 1
vn 0 0 1
vn 0 0 1
vn 0 0 1
vn 0 0 1
vn 0 0 1
vn 0 0 1
vn 0 0 1
vn 0 0 1
vn 0 0 1
vn 0 0 1
vn 0 0 1
vn 0 0 1
vn 0 0 1
vn 0 0 1
vn 0 0 1
vn 0 0 1
vn 0 0 1
vn 0 0 1
vn 0 0 1
vn 0 0 1
vn 0 0 1
vn 0 0 1
vn 0 0 1
vn 0 0 1
vn 0 0 1
vn 0 0 1
vn 0 0 1
vn 0 0 1
vn 0 0 1
vn 0 0 1
vn 0 0 1
vn 0 0 1
vn 0 0 1
vn 0 0 1
vn 0 0 1
vn 0 0 1
vn 0 0 1
vn 0 0 1
vn 0 0 1
vn 0 0 1
vn 0 0 1
vn 0 0 1
vn 0 0 1
vn 0 0 1
vn 0 0 1
vn 0 0 1
vn 0 0 1
vn 0 0 1
vn 0 0 1
vn 0 0 1
vn 0 0 1
vn 0 0 1
vn 0 0 1
vn 0 0 1
vn 0 0 1
vn 0 0 1
vn 0 0 1
vn 0 0 1
vn 0 0 1
vn 0 0 1
vn 0 0 1
vn 0 0 1
vn 0 0 1
vn 0 0 1
vn 0 0 1
vn 0 0 1
vn 0 0 1
vn 0 0 1
vn 0 0 1
vn 0 0 1
vt 0.01563 0.01562
vt 0.03125 0.03125
vt 0.01563 0.03125
vt 0.04688 0.01562
vt 0.03125 0.01562
vt 0.0625 0.01562
vt 0.04688 0.03125
vt 0.07813 0.03125
vt 0.0625 0.03125
vt 0.07813 0.01562
vt 0.09375 0.03125
vt 0.09375 0.01562
vt 0.10938 0.03125
vt 0.10938 0.01562
vt 0.125 0.03125
vt 0.14063 0.01562
vt 0.125 0.01562
vt 0.15625 0.03125
vt 0.14063 0.03125
vt 0.17188 0.01562
vt 0.15625 0.01562
vt 0.1875 0.03125
vt 0.17188 0.03125
vt 0.1875 0.01562
vt 0.20313 0.03125
vt 0.20313 0.01562
vt 0.21875 0.03125
vt 0.21875 0.01562
vt 0.23438 0.03125
vt 0.23438 0.01562
vt 0.25 0.03125
vt 0.26563 0.01562
vt 0.25 0.01562
vt 0.28125 0.01562
vt 0.26563 0.03125
vt 0.29688 0.01562
vt 0.28125 0.03125
vt 0.3125 0.03125
vt 0.29688 0.03125
vt 0.3125 0.01562
vt 0.32812 0.03125
vt 0.32813 0.01562
vt 0.34375 0.03125
vt 0.34375 0.01562
vt 0.35938 0.03125
vt 0.35938 0.01562
vt 0.375 0.03125
vt 0.375 0.01562
vt 0.39063 0.03125
vt 0.40625 0.01562
vt 0.39063 0.01562
vt 0.42188 0.01562
vt 0.40625 0.03125
vt 0.4375 0.03125
vt 0.42188 0.03125
vt 0.45313 0.01562
vt 0.4375 0.01562
vt 0.46875 0.01562
vt 0.45313 0.03125
vt 0.48438 0.03125
vt 0.46875 0.03125
vt 0.5 0.01562
vt 0.48438 0.01562
vt 0.51562 0.03125
vt 0.5 0.03125
vt 0.51562 0.01562
vt 0.53125 0.03125
vt 0.54688 0.01562
vt 0.53125 0.01562
vt 0.5625 0.03125
vt 0.54688 0.03125
vt 0.5625 0.01562
vt 0.57813 0.03125
vt 0.59375 0.01562
vt 0.57813 0.01562
vt 0.60938 0.01562
vt 0.59375 0.03125
vt 0.625 0.01562
vt 0.60938 0.03125
vt 0.64063 0.03125
vt 0.625 0.03125
vt 0.64062 0.01562
vt 0.65625 0.03125
vt 0.67188 0.01562
vt 0.65625 0.01562
vt 0.6875 0.03125
vt 0.67188 0.03125
vt 0.70312 0.01562
vt 0.6875 0.01562
vt 0.71875 0.01562
vt 0.70313 0.03125
vt 0.73437 0.01562
vt 0.71875 0.03125
vt 0.75 0.03125
vt 0.73438 0.03125
vt 0.75 0.01562
vt 0.76563 0.03125
vt 0.76563 0.01562
vt 0.78125 0.03125
vt 0.79688 0.01562
vt 0.78125 0.01562
vt 0.8125 0.01562
vt 0.79688 0.03125
vt 0.82812 0.01562
vt 0.8125 0.03125
vt 0.84375 0.01562
vt 0.82813 0.03125
vt 0.85938 0.01562
vt 0.84375 0.03125
vt 0.875 0.03125
vt 0.85938 0.03125
vt 0.89062 0.01562
vt 0.875 0.01562
vt 0.90625 0.01562
vt 0.89063 0.03125
vt 0.92188 0.01562
vt 0.90625 0.03125
vt 0.9375 0.03125
vt 0.92188 0.03125
vt 0.95312 0.01562
vt 0.9375 0.01562
vt 0.96875 0.01562
vt 0.95313 0.03125
vt 0.98438 0.01562
vt 0.96875 0.03125
vt 0.03125 0.04687
vt 0.01563 0.04687
vt 0.04688 0.04687
vt 0.0625 0.04687
vt 0.07813 0.04687
vt 0.09375 0.04687
vt 0.10938 0.04687
vt 0.125 0.04687
vt 0.14063 0.04687
vt 0.17188 0.04687
vt 0.15625 0.04687
vt 0.1875 0.04687
vt 0.20313 0.04687
vt 0.23438 0.04687
vt 0.21875 0.04687
vt 0.25 0.04687
vt 0.26562 0.04688
vt 0.28125 0.04687
vt 0.29688 0.04687
vt 0.3125 0.04687
vt 0.32813 0.04687
vt 0.35938 0.04687
vt 0.34375 0.04687
vt 0.39063 0.04687
vt 0.375 0.04687
vt 0.40625 0.04687
vt 0.42188 0.04687
vt 0.45312 0.04687
vt 0.4375 0.04688
vt 0.46875 0.04687
vt 0.48438 0.04687
vt 0.51562 0.04687
vt 0.5 0.04687
vt 0.53125 0.04687
vt 0.54688 0.04687
vt 0.57812 0.04687
vt 0.5625 0.04687
vt 0.59375 0.04687
vt 0.60938 0.04687
vt 0.64062 0.04687
vt 0.625 0.04687
vt 0.65625 0.04687
vt 0.67188 0.04687
vt 0.70312 0.04687
vt 0.6875 0.04687
vt 0.71875 0.04687
vt 0.73438 0.04688
vt 0.75 0.04687
vt 0.76563 0.04687
vt 0.79688 0.04687
vt 0.78125 0.04687
vt 0.8125 0.04687
vt 0.84375 0.04687
vt 0.82812 0.04687
vt 0.875 0.04687
vt 0.85938 0.04687
vt 0.89063 0.04687
vt 0.90625 0.04687
vt 0.92188 0.04687
vt 0.95312 0.04687
vt 0.9375 0.04687
vt 0.98438 0.03125
vt 0.96875 0.04687
vt 0.03125 0.0625
vt 0.01563 0.0625
vt 0.04688 0.0625
vt 0.07813 0.0625
vt 0.0625 0.0625
vt 0.09375 0.0625
vt 0.10938 0.0625
vt 0.125 0.0625
vt 0.14063 0.0625
vt 0.15625 0.0625
vt 0.17188 0.0625
vt 0.1875 0.0625
vt 0.21875 0.0625
vt 0.20313 0.0625
vt 0.23438 0.0625
vt 0.25 0.0625
vt 0.26563 0.0625
vt 0.28125 0.0625
vt 0.3125 0.0625
vt 0.29688 0.0625
vt 0.32813 0.0625
vt 0.35938 0.0625
vt 0.34375 0.0625
vt 0.375 0.0625
vt 0.39063 0.0625
vt 0.40625 0.0625
vt 0.4375 0.0625
vt 0.42188 0.0625
vt 0.46875 0.0625
vt 0.45312 0.0625
vt 0.48438 0.0625
vt 0.5 0.0625
vt 0.51562 0.0625
vt 0.53125 0.0625
vt 0.5625 0.0625
vt 0.54688 0.0625
vt 0.59375 0.0625
vt 0.57813 0.0625
vt 0.60938 0.0625
vt 0.625 0.0625
vt 0.65625 0.0625
vt 0.64062 0.0625
vt 0.67188 0.0625
vt 0.6875 0.0625
vt 0.70312 0.0625
vt 0.73438 0.0625
vt 0.71875 0.0625
vt 0.76563 0.0625
vt 0.75 0.0625
vt 0.78125 0.0625
vt 0.8125 0.0625
vt 0.79688 0.0625
vt 0.84375 0.0625
vt 0.82812 0.0625
vt 0.85938 0.0625
vt 0.89063 0.0625
vt 0.875 0.0625
vt 0.90625 0.0625
vt 0.9375 0.0625
vt 0.92188 0.0625
vt 0.95313 0.0625
vt 0.96875 0.0625
vt 0.98438 0.0625
vt 0.01563 0.07812
vt 0.03125 0.07812
vt 0.0625 0.07812
vt 0.04688 0.07812
vt 0.07813 0.07812
vt 0.09375 0.07812
vt 0.10938 0.07812
vt 0.14063 0.07812
vt 0.125 0.07812
vt 0.15625 0.07812
vt 0.1875 0.07812
vt 0.17188 0.07812
vt 0.20313 0.07812
vt 0.21875 0.07812
vt 0.23438 0.07812
vt 0.26563 0.07812
vt 0.25 0.07812
vt 0.28125 0.07812
vt 0.3125 0.07812
vt 0.29688 0.07812
vt 0.32812 0.07812
vt 0.35938 0.07812
vt 0.34375 0.07812
vt 0.375 0.07812
vt 0.40625 0.07812
vt 0.39063 0.07812
vt 0.42188 0.07812
vt 0.4375 0.07812
vt 0.45313 0.07812
vt 0.48438 0.07812
vt 0.46875 0.07812
vt 0.5 0.07812
vt 0.53125 0.07812
vt 0.51563 0.07812
vt 0.54688 0.07812
vt 0.57812 0.07812
vt 0.5625 0.07812
vt 0.59375 0.07812
vt 0.60938 0.07812
vt 0.625 0.07812
vt 0.65625 0.07812
vt 0.64063 0.07812
vt 0.6875 0.07812
vt 0.67188 0.07812
vt 0.71875 0.07812
vt 0.70312 0.07812
vt 0.73438 0.07812
vt 0.76562 0.07812
vt 0.75 0.07812
vt 0.78125 0.07812
vt 0.79688 0.07812
vt 0.8125 0.07812
vt 0.82813 0.07812
vt 0.84375 0.07812
vt 0.85938 0.07812
vt 0.89062 0.07812
vt 0.875 0.07812
vt 0.90625 0.07812
vt 0.92188 0.07812
vt 0.95312 0.07812
vt 0.9375 0.07812
vt 0.96875 0.07812
vt 0.03125 0.09375
vt 0.01563 0.09375
vt 0.04688 0.09375
vt 0.0625 0.09375
vt 0.07813 0.09375
vt 0.10938 0.09375
vt 0.09375 0.09375
vt 0.125 0.09375
vt 0.14063 0.09375
vt 0.15625 0.09375
vt 0.17188 0.09375
vt 0.20313 0.09375
vt 0.1875 0.09375
vt 0.21875 0.09375
vt 0.23438 0.09375
vt 0.25 0.09375
vt 0.26563 0.09375
vt 0.28125 0.09375
vt 0.3125 0.09375
vt 0.29688 0.09375
vt 0.34375 0.09375
vt 0.32812 0.09375
vt 0.35938 0.09375
vt 0.375 0.09375
vt 0.40625 0.09375
vt 0.39062 0.09375
vt 0.42188 0.09375
vt 0.4375 0.09375
vt 0.46875 0.09375
vt 0.45313 0.09375
vt 0.5 0.09375
vt 0.48438 0.09375
vt 0.53125 0.09375
vt 0.51563 0.09375
vt 0.54688 0.09375
vt 0.5625 0.09375
vt 0.57813 0.09375
vt 0.59375 0.09375
vt 0.625 0.09375
vt 0.60938 0.09375
vt 0.64063 0.09375
vt 0.67188 0.09375
vt 0.65625 0.09375
vt 0.6875 0.09375
vt 0.71875 0.09375
vt 0.70312 0.09375
vt 0.73438 0.09375
vt 0.75 0.09375
vt 0.76562 0.09375
vt 0.78125 0.09375
vt 0.79688 0.09375
vt 0.82813 0.09375
vt 0.8125 0.09375
vt 0.84375 0.09375
vt 0.85938 0.09375
vt 0.875 0.09375
vt 0.90625 0.09375
vt 0.89062 0.09375
vt 0.9375 0.09375
vt 0.92188 0.09375
vt 0.96875 0.09375
vt 0.95313 0.09375
vt 0.98438 0.07812
vt 0.01563 0.10938
vt 0.03125 0.10938
vt 0.04688 0.10938
vt 0.07813 0.10938
vt 0.0625 0.10938
vt 0.09375 0.10937
vt 0.125 0.10937
vt 0.10938 0.10937
vt 0.14063 0.10938
vt 0.15625 0.10938
vt 0.17188 0.10938
vt 0.20313 0.10938
vt 0.1875 0.10938
vt 0.23438 0.10937
vt 0.21875 0.10937
vt 0.26563 0.10937
vt 0.25 0.10938
vt 0.29688 0.10938
vt 0.28125 0.10938
vt 0.3125 0.10938
vt 0.34375 0.10938
vt 0.32812 0.10937
vt 0.35938 0.10937
vt 0.375 0.10938
vt 0.39063 0.10938
vt 0.40625 0.10938
vt 0.42188 0.10938
vt 0.4375 0.10937
vt 0.45313 0.10938
vt 0.48438 0.10938
vt 0.46875 0.10938
vt 0.5 0.10937
vt 0.51563 0.10938
vt 0.53125 0.10937
vt 0.54688 0.10938
vt 0.5625 0.10937
vt 0.59375 0.10937
vt 0.57812 0.10938
vt 0.625 0.10938
vt 0.60938 0.10938
vt 0.64062 0.10937
vt 0.65625 0.10938
vt 0.6875 0.10938
vt 0.67188 0.10937
vt 0.70312 0.10937
vt 0.73438 0.10937
vt 0.71875 0.10938
vt 0.75 0.10938
vt 0.76562 0.10937
vt 0.78125 0.10937
vt 0.79688 0.10938
vt 0.82812 0.10938
vt 0.8125 0.10938
vt 0.84375 0.10938
vt 0.85938 0.10938
vt 0.875 0.10937
vt 0.89063 0.10938
vt 0.92188 0.10938
vt 0.90625 0.10938
vt 0.95312 0.10938
vt 0.9375 0.10938
vt 0.96875 0.10938
vt 0.98437 0.10937
vt 0.03125 0.125
vt 0.01563 0.125
vt 0.04688 0.125
vt 0.07813 0.125
vt 0.0625 0.125
vt 0.09375 0.125
vt 0.125 0.125
vt 0.10938 0.125
vt 0.14063 0.125
vt 0.15625 0.125
vt 0.1875 0.125
vt 0.17188 0.125
vt 0.20313 0.125
vt 0.21875 0.125
vt 0.23438 0.125
vt 0.26563 0.125
vt 0.25 0.125
vt 0.28125 0.125
vt 0.29688 0.125
vt 0.3125 0.125
vt 0.32813 0.125
vt 0.34375 0.125
vt 0.35938 0.125
vt 0.39062 0.125
vt 0.375 0.125
vt 0.40625 0.125
vt 0.42188 0.125
vt 0.4375 0.125
vt 0.45313 0.125
vt 0.48438 0.125
vt 0.46875 0.125
vt 0.5 0.125
vt 0.51562 0.125
vt 0.54688 0.125
vt 0.53125 0.125
vt 0.5625 0.125
vt 0.59375 0.125
vt 0.57812 0.125
vt 0.60938 0.125
vt 0.625 0.125
vt 0.64062 0.125
vt 0.65625 0.125
vt 0.67188 0.125
vt 0.6875 0.125
vt 0.70313 0.125
vt 0.71875 0.125
vt 0.73438 0.125
vt 0.75 0.125
vt 0.76563 0.125
vt 0.79688 0.125
vt 0.78125 0.125
vt 0.8125 0.125
vt 0.84375 0.125
vt 0.82812 0.125
vt 0.85938 0.125
vt 0.875 0.125
vt 0.90625 0.125
vt 0.89063 0.125
vt 0.92188 0.125
vt 0.9375 0.125
vt 0.95313 0.125
vt 0.96875 0.125
vt 0.03125 0.14062
vt 0.01563 0.14062
vt 0.04688 0.14062
vt 0.0625 0.14062
vt 0.07813 0.14062
vt 0.10938 0.14062
vt 0.09375 0.14062
vt 0.125 0.14062
vt 0.15625 0.14062
vt 0.14062 0.14062
vt 0.17188 0.14062
vt 0.1875 0.14062
vt 0.20313 0.14062
vt 0.21875 0.14062
vt 0.23438 0.14063
vt 0.26563 0.14062
vt 0.25 0.14062
vt 0.28125 0.14062
vt 0.29688 0.14062
vt 0.3125 0.14062
vt 0.32813 0.14062
vt 0.35938 0.14062
vt 0.34375 0.14062
vt 0.375 0.14062
vt 0.39063 0.14062
vt 0.42188 0.14062
vt 0.40625 0.14062
vt 0.45313 0.14062
vt 0.4375 0.14062
vt 0.46875 0.14062
vt 0.5 0.14062
vt 0.48438 0.14062
vt 0.51563 0.14062
vt 0.53125 0.14062
vt 0.54688 0.14062
vt 0.57813 0.14062
vt 0.5625 0.14062
vt 0.59375 0.14062
vt 0.625 0.14062
vt 0.60938 0.14062
vt 0.64062 0.14062
vt 0.67188 0.14062
vt 0.65625 0.14062
vt 0.6875 0.14062
vt 0.71875 0.14062
vt 0.70313 0.14062
vt 0.73438 0.14062
vt 0.75 0.14062
vt 0.76563 0.14062
vt 0.79688 0.14062
vt 0.78125 0.14062
vt 0.8125 0.14062
vt 0.84375 0.14062
vt 0.82813 0.14062
vt 0.85938 0.14062
vt 0.89063 0.14062
vt 0.875 0.14062
vt 0.90625 0.14062
vt 0.92188 0.14062
vt 0.9375 0.14062
vt 0.95312 0.14062
vt 0.98438 0.125
vt 0.96875 0.14062
vt 0.01563 0.15625
vt 0.03125 0.15625
vt 0.04688 0.15625
vt 0.07813 0.15625
vt 0.0625 0.15625
vt 0.10938 0.15625
vt 0.09375 0.15625
vt 0.125 0.15625
vt 0.14063 0.15625
vt 0.15625 0.15625
vt 0.17188 0.15625
vt 0.1875 0.15625
vt 0.20313 0.15625
vt 0.23438 0.15625
vt 0.21875 0.15625
vt 0.25 0.15625
vt 0.26563 0.15625
vt 0.28125 0.15625
vt 0.3125 0.15625
vt 0.29688 0.15625
vt 0.32813 0.15625
vt 0.34375 0.15625
vt 0.35938 0.15625
vt 0.375 0.15625
vt 0.40625 0.15625
vt 0.39062 0.15625
vt 0.42188 0.15625
vt 0.45313 0.15625
vt 0.4375 0.15625
vt 0.46875 0.15625
vt 0.48438 0.15625
vt 0.51563 0.15625
vt 0.5 0.15625
vt 0.53125 0.15625
vt 0.54688 0.15625
vt 0.57812 0.15625
vt 0.5625 0.15625
vt 0.59375 0.15625
vt 0.60938 0.15625
vt 0.625 0.15625
vt 0.64063 0.15625
vt 0.65625 0.15625
vt 0.6875 0.15625
vt 0.67188 0.15625
vt 0.70312 0.15625
vt 0.71875 0.15625
vt 0.75 0.15625
vt 0.73438 0.15625
vt 0.76562 0.15625
vt 0.79688 0.15625
vt 0.78125 0.15625
vt 0.8125 0.15625
vt 0.82813 0.15625
vt 0.84375 0.15625
vt 0.85938 0.15625
vt 0.875 0.15625
vt 0.90625 0.15625
vt 0.89063 0.15625
vt 0.92188 0.15625
vt 0.9375 0.15625
vt 0.95313 0.15625
vt 0.98438 0.14062
vt 0.96875 0.15625
vt 0.01563 0.17188
vt 0.04688 0.17188
vt 0.03125 0.17188
vt 0.07813 0.17188
vt 0.0625 0.17188
vt 0.09375 0.17188
vt 0.10938 0.17188
vt 0.125 0.17188
vt 0.15625 0.17188
vt 0.14063 0.17188
vt 0.17188 0.17188
vt 0.1875 0.17188
vt 0.21875 0.17188
vt 0.20313 0.17188
vt 0.23438 0.17188
vt 0.25 0.17188
vt 0.28125 0.17188
vt 0.26563 0.17188
vt 0.29688 0.17188
vt 0.3125 0.17188
vt 0.34375 0.17188
vt 0.32812 0.17188
vt 0.35938 0.17188
vt 0.375 0.17188
vt 0.40625 0.17188
vt 0.39062 0.17188
vt 0.4375 0.17188
vt 0.42188 0.17188
vt 0.45313 0.17188
vt 0.46875 0.17188
vt 0.48438 0.17188
vt 0.51563 0.17188
vt 0.5 0.17188
vt 0.54688 0.17188
vt 0.53125 0.17188
vt 0.5625 0.17188
vt 0.57813 0.17188
vt 0.59375 0.17188
vt 0.625 0.17188
vt 0.60938 0.17188
vt 0.65625 0.17188
vt 0.64063 0.17188
vt 0.6875 0.17188
vt 0.67188 0.17188
vt 0.70313 0.17188
vt 0.71875 0.17188
vt 0.75 0.17188
vt 0.73438 0.17188
vt 0.76563 0.17188
vt 0.78125 0.17188
vt 0.79688 0.17188
vt 0.82813 0.17188
vt 0.8125 0.17188
vt 0.84375 0.17188
vt 0.875 0.17188
vt 0.85938 0.17188
vt 0.89062 0.17188
vt 0.92188 0.17188
vt 0.90625 0.17188
vt 0.95313 0.17188
vt 0.9375 0.17188
vt 0.96875 0.17188
vt 0.98438 0.17188
vt 0.01563 0.1875
vt 0.04688 0.1875
vt 0.03125 0.1875
vt 0.0625 0.1875
vt 0.07813 0.1875
vt 0.09375 0.1875
vt 0.10938 0.1875
vt 0.125 0.1875
vt 0.14063 0.1875
vt 0.15625 0.1875
vt 0.1875 0.1875
vt 0.17188 0.1875
vt 0.20313 0.1875
vt 0.21875 0.1875
vt 0.23438 0.1875
vt 0.25 0.1875
vt 0.26563 0.1875
vt 0.28125 0.1875
vt 0.3125 0.1875
vt 0.29688 0.1875
vt 0.32813 0.1875
vt 0.34375 0.1875
vt 0.35938 0.1875
vt 0.375 0.1875
vt 0.40625 0.1875
vt 0.39063 0.1875
vt 0.42188 0.1875
vt 0.4375 0.1875
vt 0.45313 0.1875
vt 0.46875 0.1875
vt 0.48438 0.1875
vt 0.51563 0.1875
vt 0.5 0.1875
vt 0.53125 0.1875
vt 0.5625 0.1875
vt 0.54688 0.1875
vt 0.59375 0.1875
vt 0.57813 0.1875
vt 0.625 0.1875
vt 0.60938 0.1875
vt 0.64062 0.1875
vt 0.65625 0.1875
vt 0.67188 0.1875
vt 0.6875 0.1875
vt 0.70313 0.1875
vt 0.71875 0.1875
vt 0.75 0.1875
vt 0.73438 0.1875
vt 0.76563 0.1875
vt 0.78125 0.1875
vt 0.79688 0.1875
vt 0.8125 0.1875
vt 0.82813 0.1875
vt 0.84375 0.1875
vt 0.85938 0.1875
vt 0.875 0.1875
vt 0.90625 0.1875
vt 0.89063 0.1875
vt 0.92188 0.1875
vt 0.95313 0.1875
vt 0.9375 0.1875
vt 0.96875 0.1875
vt 0.03125 0.20313
vt 0.01563 0.20312
vt 0.04688 0.20313
vt 0.0625 0.20312
vt 0.07813 0.20312
vt 0.09375 0.20313
vt 0.10938 0.20313
vt 0.125 0.20313
vt 0.15625 0.20313
vt 0.14063 0.20313
vt 0.17188 0.20312
vt 0.1875 0.20313
vt 0.20313 0.20312
vt 0.21875 0.20312
vt 0.23438 0.20313
vt 0.26563 0.20313
vt 0.25 0.20313
vt 0.28125 0.20313
vt 0.29688 0.20313
vt 0.3125 0.20312
vt 0.34375 0.20313
vt 0.32813 0.20313
vt 0.35938 0.20312
vt 0.375 0.20312
vt 0.39062 0.20313
vt 0.40625 0.20313
vt 0.4375 0.20313
vt 0.42188 0.20313
vt 0.45313 0.20312
vt 0.46875 0.20313
vt 0.5 0.20313
vt 0.48438 0.20313
vt 0.51563 0.20313
vt 0.54688 0.20312
vt 0.53125 0.20312
vt 0.57813 0.20313
vt 0.5625 0.20313
vt 0.59375 0.20312
vt 0.60938 0.20313
vt 0.64062 0.20312
vt 0.625 0.20313
vt 0.65625 0.20313
vt 0.6875 0.20313
vt 0.67188 0.20313
vt 0.70312 0.20313
vt 0.71875 0.20313
vt 0.73438 0.20313
vt 0.75 0.20313
vt 0.76562 0.20313
vt 0.78125 0.20313
vt 0.79688 0.20313
vt 0.8125 0.20313
vt 0.82813 0.20313
vt 0.85938 0.20313
vt 0.84375 0.20313
vt 0.875 0.20313
vt 0.89062 0.20313
vt 0.90625 0.20312
vt 0.92188 0.20313
vt 0.95313 0.20313
vt 0.9375 0.20313
vt 0.96875 0.20313
vt 0.98438 0.20312
vt 0.01563 0.21875
vt 0.03125 0.21875
vt 0.04688 0.21875
vt 0.07813 0.21875
vt 0.0625 0.21875
vt 0.09375 0.21875
vt 0.10938 0.21875
vt 0.125 0.21875
vt 0.14063 0.21875
vt 0.17188 0.21875
vt 0.15625 0.21875
vt 0.20313 0.21875
vt 0.1875 0.21875
vt 0.21875 0.21875
vt 0.23438 0.21875
vt 0.26563 0.21875
vt 0.25 0.21875
vt 0.28125 0.21875
vt 0.29688 0.21875
vt 0.3125 0.21875
vt 0.34375 0.21875
vt 0.32812 0.21875
vt 0.35938 0.21875
vt 0.375 0.21875
vt 0.40625 0.21875
vt 0.39063 0.21875
vt 0.4375 0.21875
vt 0.42188 0.21875
vt 0.45313 0.21875
vt 0.46875 0.21875
vt 0.48438 0.21875
vt 0.5 0.21875
vt 0.51563 0.21875
vt 0.54688 0.21875
vt 0.53125 0.21875
vt 0.5625 0.21875
vt 0.59375 0.21875
vt 0.57813 0.21875
vt 0.60938 0.21875
vt 0.64063 0.21875
vt 0.625 0.21875
vt 0.65625 0.21875
vt 0.6875 0.21875
vt 0.67188 0.21875
vt 0.70312 0.21875
vt 0.71875 0.21875
vt 0.75 0.21875
vt 0.73438 0.21875
vt 0.78125 0.21875
vt 0.76563 0.21875
vt 0.79688 0.21875
vt 0.8125 0.21875
vt 0.82813 0.21875
vt 0.84375 0.21875
vt 0.85938 0.21875
vt 0.875 0.21875
vt 0.89063 0.21875
vt 0.90625 0.21875
vt 0.92188 0.21875
vt 0.9375 0.21875
vt 0.95313 0.21875
vt 0.96875 0.21875
vt 0.01563 0.23438
vt 0.04688 0.23438
vt 0.03125 0.23438
vt 0.0625 0.23438
vt 0.09375 0.23438
vt 0.07813 0.23438
vt 0.125 0.23438
vt 0.10938 0.23438
vt 0.14063 0.23438
vt 0.15625 0.23438
vt 0.17188 0.23438
vt 0.1875 0.23437
vt 0.21875 0.23438
vt 0.20313 0.23438
vt 0.25 0.23438
vt 0.23438 0.23438
vt 0.26563 0.23438
vt 0.28125 0.23438
vt 0.29688 0.23438
vt 0.32812 0.23438
vt 0.3125 0.23438
vt 0.34375 0.23438
vt 0.35938 0.23438
vt 0.375 0.23438
vt 0.40625 0.23438
vt 0.39063 0.23438
vt 0.4375 0.23438
vt 0.42188 0.23438
vt 0.45312 0.23438
vt 0.46875 0.23438
vt 0.5 0.23438
vt 0.48438 0.23438
vt 0.53125 0.23438
vt 0.51563 0.23438
vt 0.54688 0.23438
vt 0.5625 0.23438
vt 0.59375 0.23438
vt 0.57813 0.23438
vt 0.625 0.23438
vt 0.60938 0.23438
vt 0.64062 0.23438
vt 0.65625 0.23438
vt 0.67188 0.23438
vt 0.6875 0.23438
vt 0.70313 0.23438
vt 0.71875 0.23438
vt 0.75 0.23438
vt 0.73438 0.23438
vt 0.78125 0.23438
vt 0.76562 0.23438
vt 0.8125 0.23438
vt 0.79688 0.23438
vt 0.82813 0.23438
vt 0.84375 0.23438
vt 0.85938 0.23438
vt 0.875 0.23438
vt 0.89063 0.23438
vt 0.92188 0.23438
vt 0.90625 0.23438
vt 0.95312 0.23438
vt 0.9375 0.23438
vt 0.96875 0.23438
vt 0.98438 0.21875
vt 0.03125 0.25
vt 0.01563 0.25
vt 0.04688 0.25
vt 0.0625 0.25
vt 0.09375 0.25
vt 0.07813 0.25
vt 0.10938 0.25
vt 0.125 0.25
vt 0.15625 0.25
vt 0.14063 0.25
vt 0.17188 0.25
vt 0.1875 0.25
vt 0.21875 0.25
vt 0.20313 0.25
vt 0.23438 0.25
vt 0.25 0.25
vt 0.28125 0.25
vt 0.26563 0.25
vt 0.29688 0.25
vt 0.3125 0.25
vt 0.32813 0.25
vt 0.35938 0.25
vt 0.34375 0.25
vt 0.375 0.25
vt 0.40625 0.25
vt 0.39063 0.25
vt 0.42188 0.25
vt 0.4375 0.25
vt 0.46875 0.25
vt 0.45312 0.25
vt 0.48438 0.25
vt 0.5 0.25
vt 0.51563 0.25
vt 0.53125 0.25
vt 0.5625 0.25
vt 0.54688 0.25
vt 0.57812 0.25
vt 0.59375 0.25
vt 0.60938 0.25
vt 0.625 0.25
vt 0.64063 0.25
vt 0.67188 0.25
vt 0.65625 0.25
vt 0.70312 0.25
vt 0.6875 0.25
vt 0.71875 0.25
vt 0.73438 0.25
vt 0.75 0.25
vt 0.78125 0.25
vt 0.76563 0.25
vt 0.79688 0.25
vt 0.82813 0.25
vt 0.8125 0.25
vt 0.84375 0.25
vt 0.875 0.25
vt 0.85938 0.25
vt 0.89062 0.25
vt 0.90625 0.25
vt 0.92188 0.25
vt 0.9375 0.25
vt 0.95313 0.25
vt 0.96875 0.25
vt 0.98438 0.25
vt 0.01563 0.26562
vt 0.04688 0.26562
vt 0.03125 0.26563
vt 0.0625 0.26562
vt 0.07813 0.26562
vt 0.09375 0.26563
vt 0.125 0.26562
vt 0.10938 0.26562
vt 0.14063 0.26563
vt 0.17188 0.26563
vt 0.15625 0.26562
vt 0.1875 0.26563
vt 0.20313 0.26562
vt 0.23438 0.26563
vt 0.21875 0.26563
vt 0.26563 0.26563
vt 0.25 0.26562
vt 0.28125 0.26562
vt 0.3125 0.26563
vt 0.29688 0.26562
vt 0.32813 0.26562
vt 0.35938 0.26562
vt 0.34375 0.26562
vt 0.375 0.26563
vt 0.39062 0.26562
vt 0.40625 0.26562
vt 0.42188 0.26562
vt 0.45313 0.26563
vt 0.4375 0.26562
vt 0.46875 0.26562
vt 0.5 0.26562
vt 0.48438 0.26563
vt 0.51563 0.26563
vt 0.54688 0.26562
vt 0.53125 0.26562
vt 0.5625 0.26563
vt 0.59375 0.26562
vt 0.57813 0.26562
vt 0.60938 0.26562
vt 0.64063 0.26562
vt 0.625 0.26563
vt 0.67188 0.26562
vt 0.65625 0.26563
vt 0.70313 0.26562
vt 0.6875 0.26563
vt 0.71875 0.26563
vt 0.73438 0.26563
vt 0.75 0.26563
vt 0.76563 0.26562
vt 0.78125 0.26563
vt 0.79688 0.26563
vt 0.8125 0.26563
vt 0.82812 0.26562
vt 0.85938 0.26563
vt 0.84375 0.26563
vt 0.875 0.26562
vt 0.89062 0.26562
vt 0.92188 0.26563
vt 0.90625 0.26563
vt 0.95312 0.26562
vt 0.9375 0.26562
vt 0.96875 0.26563
vt 0.03125 0.28125
vt 0.01563 0.28125
vt 0.04688 0.28125
vt 0.0625 0.28125
vt 0.07812 0.28125
vt 0.10938 0.28125
vt 0.09375 0.28125
vt 0.125 0.28125
vt 0.14063 0.28125
vt 0.17188 0.28125
vt 0.15625 0.28125
vt 0.1875 0.28125
vt 0.20313 0.28125
vt 0.21875 0.28125
vt 0.23438 0.28125
vt 0.26563 0.28125
vt 0.25 0.28125
vt 0.28125 0.28125
vt 0.29688 0.28125
vt 0.32813 0.28125
vt 0.3125 0.28125
vt 0.34375 0.28125
vt 0.35938 0.28125
vt 0.375 0.28125
vt 0.39063 0.28125
vt 0.40625 0.28125
vt 0.4375 0.28125
vt 0.42188 0.28125
vt 0.45313 0.28125
vt 0.46875 0.28125
vt 0.5 0.28125
vt 0.48438 0.28125
vt 0.53125 0.28125
vt 0.51563 0.28125
vt 0.54688 0.28125
vt 0.57813 0.28125
vt 0.5625 0.28125
vt 0.59375 0.28125
vt 0.60938 0.28125
vt 0.625 0.28125
vt 0.64063 0.28125
vt 0.65625 0.28125
vt 0.67188 0.28125
vt 0.70312 0.28125
vt 0.6875 0.28125
vt 0.71875 0.28125
vt 0.73438 0.28125
vt 0.76563 0.28125
vt 0.75 0.28125
vt 0.78125 0.28125
vt 0.79688 0.28125
vt 0.8125 0.28125
vt 0.84375 0.28125
vt 0.82813 0.28125
vt 0.85938 0.28125
vt 0.875 0.28125
vt 0.90625 0.28125
vt 0.89062 0.28125
vt 0.92188 0.28125
vt 0.95313 0.28125
vt 0.9375 0.28125
vt 0.98438 0.26562
vt 0.96875 0.28125
vt 0.01563 0.29688
vt 0.03125 0.29688
vt 0.0625 0.29688
vt 0.04688 0.29688
vt 0.07813 0.29688
vt 0.09375 0.29688
vt 0.10938 0.29688
vt 0.125 0.29688
vt 0.14063 0.29688
vt 0.17188 0.29688
vt 0.15625 0.29688
vt 0.1875 0.29688
vt 0.21875 0.29688
vt 0.20313 0.29688
vt 0.23438 0.29688
vt 0.25 0.29688
vt 0.26563 0.29688
vt 0.28125 0.29688
vt 0.29688 0.29688
vt 0.3125 0.29688
vt 0.32813 0.29688
vt 0.35938 0.29688
vt 0.34375 0.29688
vt 0.375 0.29688
vt 0.39063 0.29688
vt 0.40625 0.29688
vt 0.42188 0.29688
vt 0.45313 0.29688
vt 0.4375 0.29688
vt 0.46875 0.29688
vt 0.5 0.29688
vt 0.48438 0.29688
vt 0.53125 0.29688
vt 0.51563 0.29688
vt 0.5625 0.29688
vt 0.54688 0.29688
vt 0.57813 0.29688
vt 0.59375 0.29688
vt 0.60938 0.29688
vt 0.625 0.29688
vt 0.64063 0.29688
vt 0.65625 0.29688
vt 0.67188 0.29688
vt 0.6875 0.29688
vt 0.71875 0.29688
vt 0.70312 0.29688
vt 0.73438 0.29688
vt 0.76562 0.29688
vt 0.75 0.29688
vt 0.78125 0.29688
vt 0.8125 0.29688
vt 0.79688 0.29688
vt 0.82812 0.29688
vt 0.84375 0.29688
vt 0.875 0.29688
vt 0.85938 0.29688
vt 0.89062 0.29688
vt 0.92188 0.29688
vt 0.90625 0.29688
vt 0.95313 0.29688
vt 0.9375 0.29688
vt 0.98438 0.29688
vt 0.96875 0.29688
vt 0.01563 0.3125
vt 0.04688 0.3125
vt 0.03125 0.3125
vt 0.0625 0.3125
vt 0.07813 0.3125
vt 0.09375 0.3125
vt 0.10938 0.3125
vt 0.14063 0.3125
vt 0.125 0.3125
vt 0.15625 0.3125
vt 0.17188 0.3125
vt 0.1875 0.3125
vt 0.20313 0.3125
vt 0.21875 0.3125
vt 0.23438 0.3125
vt 0.25 0.3125
vt 0.28125 0.3125
vt 0.26563 0.3125
vt 0.3125 0.3125
vt 0.29688 0.3125
vt 0.32813 0.3125
vt 0.35938 0.3125
vt 0.34375 0.3125
vt 0.375 0.3125
vt 0.40625 0.3125
vt 0.39063 0.3125
vt 0.42188 0.3125
vt 0.45312 0.3125
vt 0.4375 0.3125
vt 0.46875 0.3125
vt 0.48438 0.3125
vt 0.5 0.3125
vt 0.53125 0.3125
vt 0.51562 0.3125
vt 0.54688 0.3125
vt 0.5625 0.3125
vt 0.57813 0.3125
vt 0.59375 0.3125
vt 0.60938 0.3125
vt 0.64063 0.3125
vt 0.625 0.3125
vt 0.67188 0.3125
vt 0.65625 0.3125
vt 0.6875 0.3125
vt 0.70313 0.3125
vt 0.73438 0.3125
vt 0.71875 0.3125
vt 0.75 0.3125
vt 0.76563 0.3125
vt 0.79688 0.3125
vt 0.78125 0.3125
vt 0.8125 0.3125
vt 0.84375 0.3125
vt 0.82813 0.3125
vt 0.875 0.3125
vt 0.85938 0.3125
vt 0.90625 0.3125
vt 0.89062 0.3125
vt 0.92188 0.3125
vt 0.95313 0.3125
vt 0.9375 0.3125
vt 0.96875 0.3125
vt 0.03125 0.32812
vt 0.01563 0.32813
vt 0.04688 0.32813
vt 0.0625 0.32813
vt 0.07813 0.32813
vt 0.09375 0.32813
vt 0.125 0.32813
vt 0.10938 0.32813
vt 0.14063 0.32813
vt 0.15625 0.32812
vt 0.1875 0.32812
vt 0.17188 0.32813
vt 0.20313 0.32813
vt 0.21875 0.32813
vt 0.23438 0.32813
vt 0.25 0.32812
vt 0.26563 0.32812
vt 0.28125 0.32812
vt 0.29688 0.32812
vt 0.32813 0.32812
vt 0.3125 0.32813
vt 0.34375 0.32812
vt 0.35938 0.32812
vt 0.375 0.32813
vt 0.39063 0.32812
vt 0.40625 0.32812
vt 0.42188 0.32813
vt 0.4375 0.32813
vt 0.45312 0.32813
vt 0.46875 0.32812
vt 0.48438 0.32812
vt 0.5 0.32813
vt 0.53125 0.32812
vt 0.51563 0.32812
vt 0.54688 0.32813
vt 0.5625 0.32813
vt 0.57813 0.32813
vt 0.59375 0.32812
vt 0.60938 0.32812
vt 0.64063 0.32813
vt 0.625 0.32813
vt 0.67188 0.32813
vt 0.65625 0.32812
vt 0.70313 0.32813
vt 0.6875 0.32813
vt 0.71875 0.32812
vt 0.73438 0.32813
vt 0.76563 0.32813
vt 0.75 0.32813
vt 0.79688 0.32813
vt 0.78125 0.32813
vt 0.8125 0.32812
vt 0.82812 0.32812
vt 0.84375 0.32813
vt 0.85938 0.32812
vt 0.875 0.32813
vt 0.90625 0.32812
vt 0.89063 0.32813
vt 0.92188 0.32812
vt 0.9375 0.32813
vt 0.95313 0.32813
vt 0.98438 0.32813
vt 0.96875 0.32812
vt 0.03125 0.34375
vt 0.01563 0.34375
vt 0.04688 0.34375
vt 0.0625 0.34375
vt 0.07813 0.34375
vt 0.09375 0.34375
vt 0.10938 0.34375
vt 0.125 0.34375
vt 0.15625 0.34375
vt 0.14063 0.34375
vt 0.17188 0.34375
vt 0.1875 0.34375
vt 0.21875 0.34375
vt 0.20313 0.34375
vt 0.23438 0.34375
vt 0.26563 0.34375
vt 0.25 0.34375
vt 0.28125 0.34375
vt 0.29688 0.34375
vt 0.3125 0.34375
vt 0.32813 0.34375
vt 0.34375 0.34375
vt 0.375 0.34375
vt 0.35938 0.34375
vt 0.40625 0.34375
vt 0.39063 0.34375
vt 0.4375 0.34375
vt 0.42188 0.34375
vt 0.45313 0.34375
vt 0.46875 0.34375
vt 0.48438 0.34375
vt 0.51562 0.34375
vt 0.5 0.34375
vt 0.53125 0.34375
vt 0.54688 0.34375
vt 0.5625 0.34375
vt 0.59375 0.34375
vt 0.57813 0.34375
vt 0.60938 0.34375
vt 0.625 0.34375
vt 0.64063 0.34375
vt 0.65625 0.34375
vt 0.67188 0.34375
vt 0.70312 0.34375
vt 0.6875 0.34375
vt 0.71875 0.34375
vt 0.73438 0.34375
vt 0.76563 0.34375
vt 0.75 0.34375
vt 0.78125 0.34375
vt 0.79688 0.34375
vt 0.8125 0.34375
vt 0.82813 0.34375
vt 0.85938 0.34375
vt 0.84375 0.34375
vt 0.875 0.34375
vt 0.89062 0.34375
vt 0.90625 0.34375
vt 0.92188 0.34375
vt 0.95312 0.34375
vt 0.9375 0.34375
vt 0.96875 0.34375
vt 0.01563 0.35938
vt 0.04688 0.35938
vt 0.03125 0.35938
vt 0.0625 0.35938
vt 0.07813 0.35938
vt 0.10938 0.35938
vt 0.09375 0.35938
vt 0.125 0.35938
vt 0.14063 0.35938
vt 0.15625 0.35938
vt 0.17188 0.35938
vt 0.1875 0.35938
vt 0.21875 0.35938
vt 0.20313 0.35938
vt 0.23438 0.35938
vt 0.25 0.35938
vt 0.26563 0.35938
vt 0.28125 0.35938
vt 0.3125 0.35938
vt 0.29688 0.35938
vt 0.32813 0.35938
vt 0.34375 0.35938
vt 0.375 0.35938
vt 0.35938 0.35938
vt 0.40625 0.35938
vt 0.39062 0.35938
vt 0.42188 0.35938
vt 0.45312 0.35938
vt 0.4375 0.35938
vt 0.46875 0.35938
vt 0.5 0.35938
vt 0.48438 0.35938
vt 0.51563 0.35938
vt 0.53125 0.35938
vt 0.54688 0.35938
vt 0.57813 0.35938
vt 0.5625 0.35938
vt 0.60938 0.35938
vt 0.59375 0.35938
vt 0.625 0.35938
vt 0.64063 0.35938
vt 0.65625 0.35938
vt 0.6875 0.35938
vt 0.67188 0.35938
vt 0.70312 0.35938
vt 0.73438 0.35938
vt 0.71875 0.35938
vt 0.75 0.35938
vt 0.76563 0.35938
vt 0.78125 0.35938
vt 0.8125 0.35938
vt 0.79688 0.35938
vt 0.82813 0.35938
vt 0.85938 0.35938
vt 0.84375 0.35938
vt 0.875 0.35938
vt 0.89062 0.35938
vt 0.90625 0.35938
vt 0.92188 0.35938
vt 0.9375 0.35938
vt 0.95313 0.35938
vt 0.98438 0.34375
vt 0.96875 0.35938
vt 0.01563 0.375
vt 0.03125 0.375
vt 0.04688 0.375
vt 0.07813 0.375
vt 0.0625 0.375
vt 0.09375 0.375
vt 0.10938 0.375
vt 0.125 0.375
vt 0.14063 0.375
vt 0.17188 0.375
vt 0.15625 0.375
vt 0.20313 0.375
vt 0.1875 0.375
vt 0.21875 0.375
vt 0.23438 0.375
vt 0.25 0.375
vt 0.26563 0.375
vt 0.29688 0.375
vt 0.28125 0.375
vt 0.3125 0.375
vt 0.34375 0.375
vt 0.32813 0.375
vt 0.35938 0.375
vt 0.39063 0.375
vt 0.375 0.375
vt 0.40625 0.375
vt 0.42188 0.375
vt 0.4375 0.375
vt 0.46875 0.375
vt 0.45312 0.375
vt 0.48438 0.375
vt 0.51562 0.375
vt 0.5 0.375
vt 0.53125 0.375
vt 0.5625 0.375
vt 0.54688 0.375
vt 0.57813 0.375
vt 0.59375 0.375
vt 0.60938 0.375
vt 0.64063 0.375
vt 0.625 0.375
vt 0.65625 0.375
vt 0.6875 0.375
vt 0.67188 0.375
vt 0.70313 0.375
vt 0.73438 0.375
vt 0.71875 0.375
vt 0.75 0.375
vt 0.76563 0.375
vt 0.78125 0.375
vt 0.79688 0.375
vt 0.82813 0.375
vt 0.8125 0.375
vt 0.84375 0.375
vt 0.85938 0.375
vt 0.875 0.375
vt 0.89063 0.375
vt 0.92188 0.375
vt 0.90625 0.375
vt 0.9375 0.375
vt 0.95312 0.375
vt 0.96875 0.375
vt 0.98438 0.375
vt 0.03125 0.39063
vt 0.01563 0.39063
vt 0.04688 0.39063
vt 0.0625 0.39063
vt 0.07813 0.39063
vt 0.09375 0.39063
vt 0.125 0.39062
vt 0.10938 0.39063
vt 0.14063 0.39063
vt 0.17188 0.39062
vt 0.15625 0.39062
vt 0.1875 0.39063
vt 0.20313 0.39063
vt 0.21875 0.39063
vt 0.23438 0.39063
vt 0.25 0.39063
vt 0.26563 0.39062
vt 0.29688 0.39063
vt 0.28125 0.39063
vt 0.3125 0.39062
vt 0.32813 0.39063
vt 0.35938 0.39063
vt 0.34375 0.39063
vt 0.375 0.39063
vt 0.39063 0.39063
vt 0.42188 0.39062
vt 0.40625 0.39063
vt 0.4375 0.39063
vt 0.46875 0.39063
vt 0.45312 0.39063
vt 0.48438 0.39063
vt 0.5 0.39063
vt 0.53125 0.39063
vt 0.51562 0.39063
vt 0.54688 0.39063
vt 0.5625 0.39062
vt 0.57813 0.39063
vt 0.59375 0.39063
vt 0.60938 0.39062
vt 0.64063 0.39063
vt 0.625 0.39063
vt 0.65625 0.39063
vt 0.67188 0.39063
vt 0.6875 0.39062
vt 0.70313 0.39063
vt 0.71875 0.39063
vt 0.73438 0.39063
vt 0.76563 0.39063
vt 0.75 0.39063
vt 0.78125 0.39062
vt 0.79688 0.39063
vt 0.82812 0.39062
vt 0.8125 0.39063
vt 0.84375 0.39063
vt 0.85938 0.39063
vt 0.875 0.39062
vt 0.89062 0.39063
vt 0.90625 0.39062
vt 0.92188 0.39063
vt 0.9375 0.39063
vt 0.95312 0.39063
vt 0.96875 0.39063
vt 0.01563 0.40625
vt 0.03125 0.40625
vt 0.04688 0.40625
vt 0.0625 0.40625
vt 0.07813 0.40625
vt 0.10938 0.40625
vt 0.09375 0.40625
vt 0.125 0.40625
vt 0.14063 0.40625
vt 0.15625 0.40625
vt 0.17188 0.40625
vt 0.1875 0.40625
vt 0.20313 0.40625
vt 0.21875 0.40625
vt 0.23438 0.40625
vt 0.26563 0.40625
vt 0.25 0.40625
vt 0.28125 0.40625
vt 0.3125 0.40625
vt 0.29688 0.40625
vt 0.32813 0.40625
vt 0.34375 0.40625
vt 0.35938 0.40625
vt 0.375 0.40625
vt 0.39063 0.40625
vt 0.42188 0.40625
vt 0.40625 0.40625
vt 0.4375 0.40625
vt 0.45313 0.40625
vt 0.48438 0.40625
vt 0.46875 0.40625
vt 0.5 0.40625
vt 0.53125 0.40625
vt 0.51563 0.40625
vt 0.54688 0.40625
vt 0.5625 0.40625
vt 0.57813 0.40625
vt 0.59375 0.40625
vt 0.625 0.40625
vt 0.60938 0.40625
vt 0.64063 0.40625
vt 0.65625 0.40625
vt 0.67188 0.40625
vt 0.70312 0.40625
vt 0.6875 0.40625
vt 0.71875 0.40625
vt 0.73438 0.40625
vt 0.75 0.40625
vt 0.76562 0.40625
vt 0.78125 0.40625
vt 0.79688 0.40625
vt 0.8125 0.40625
vt 0.82813 0.40625
vt 0.85938 0.40625
vt 0.84375 0.40625
vt 0.875 0.40625
vt 0.89063 0.40625
vt 0.90625 0.40625
vt 0.9375 0.40625
vt 0.92188 0.40625
vt 0.96875 0.40625
vt 0.95312 0.40625
vt 0.98438 0.40625
vt 0.03125 0.42188
vt 0.01563 0.42188
vt 0.04688 0.42188
vt 0.0625 0.42188
vt 0.07813 0.42188
vt 0.09375 0.42188
vt 0.10938 0.42188
vt 0.14063 0.42188
vt 0.125 0.42188
vt 0.17188 0.42188
vt 0.15625 0.42188
vt 0.1875 0.42188
vt 0.20313 0.42188
vt 0.21875 0.42188
vt 0.23438 0.42188
vt 0.26563 0.42188
vt 0.25 0.42188
vt 0.28125 0.42188
vt 0.29688 0.42188
vt 0.3125 0.42188
vt 0.34375 0.42188
vt 0.32812 0.42188
vt 0.375 0.42188
vt 0.35938 0.42188
vt 0.39063 0.42188
vt 0.40625 0.42188
vt 0.42188 0.42188
vt 0.4375 0.42188
vt 0.45313 0.42188
vt 0.46875 0.42188
vt 0.48438 0.42188
vt 0.51563 0.42188
vt 0.5 0.42188
vt 0.53125 0.42188
vt 0.54688 0.42188
vt 0.57813 0.42188
vt 0.5625 0.42188
vt 0.59375 0.42188
vt 0.60938 0.42188
vt 0.625 0.42188
vt 0.65625 0.42188
vt 0.64062 0.42188
vt 0.67188 0.42188
vt 0.6875 0.42188
vt 0.70312 0.42188
vt 0.71875 0.42188
vt 0.75 0.42188
vt 0.73438 0.42188
vt 0.76563 0.42188
vt 0.78125 0.42188
vt 0.79688 0.42188
vt 0.8125 0.42188
vt 0.82813 0.42188
vt 0.84375 0.42188
vt 0.85938 0.42188
vt 0.89063 0.42188
vt 0.875 0.42188
vt 0.90625 0.42188
vt 0.92188 0.42188
vt 0.9375 0.42188
vt 0.95312 0.42188
vt 0.96875 0.42188
vt 0.01563 0.4375
vt 0.04688 0.4375
vt 0.03125 0.4375
vt 0.0625 0.4375
vt 0.09375 0.4375
vt 0.07813 0.4375
vt 0.10938 0.4375
vt 0.14063 0.4375
vt 0.125 0.4375
vt 0.15625 0.4375
vt 0.17188 0.4375
vt 0.20313 0.4375
vt 0.1875 0.4375
vt 0.21875 0.4375
vt 0.23438 0.4375
vt 0.25 0.4375
vt 0.26562 0.4375
vt 0.29688 0.4375
vt 0.28125 0.4375
vt 0.3125 0.4375
vt 0.34375 0.4375
vt 0.32813 0.4375
vt 0.35938 0.4375
vt 0.375 0.4375
vt 0.39063 0.4375
vt 0.42188 0.4375
vt 0.40625 0.4375
vt 0.4375 0.4375
vt 0.45313 0.4375
vt 0.46875 0.4375
vt 0.48438 0.4375
vt 0.51562 0.4375
vt 0.5 0.4375
vt 0.54688 0.4375
vt 0.53125 0.4375
vt 0.5625 0.4375
vt 0.57812 0.4375
vt 0.60938 0.4375
vt 0.59375 0.4375
vt 0.625 0.4375
vt 0.64063 0.4375
vt 0.65625 0.4375
vt 0.6875 0.4375
vt 0.67188 0.4375
vt 0.70313 0.4375
vt 0.71875 0.4375
vt 0.75 0.4375
vt 0.73438 0.4375
vt 0.76562 0.4375
vt 0.78125 0.4375
vt 0.79688 0.4375
vt 0.82812 0.4375
vt 0.8125 0.4375
vt 0.84375 0.4375
vt 0.85938 0.4375
vt 0.875 0.4375
vt 0.89063 0.4375
vt 0.90625 0.4375
vt 0.9375 0.4375
vt 0.92188 0.4375
vt 0.95313 0.4375
vt 0.96875 0.4375
vt 0.98438 0.4375
vt 0.01563 0.45313
vt 0.03125 0.45313
vt 0.04688 0.45313
vt 0.0625 0.45312
vt 0.07813 0.45313
vt 0.09375 0.45313
vt 0.10938 0.45313
vt 0.125 0.45313
vt 0.14063 0.45313
vt 0.17188 0.45313
vt 0.15625 0.45313
vt 0.20313 0.45313
vt 0.1875 0.45313
vt 0.21875 0.45312
vt 0.23438 0.45313
vt 0.25 0.45312
vt 0.26563 0.45313
vt 0.28125 0.45312
vt 0.3125 0.45313
vt 0.29688 0.45313
vt 0.32813 0.45313
vt 0.34375 0.45312
vt 0.35938 0.45313
vt 0.39063 0.45312
vt 0.375 0.45313
vt 0.40625 0.45313
vt 0.42188 0.45313
vt 0.45313 0.45313
vt 0.4375 0.45313
vt 0.46875 0.45313
vt 0.48438 0.45313
vt 0.5 0.45312
vt 0.51563 0.45313
vt 0.54688 0.45313
vt 0.53125 0.45313
vt 0.57812 0.45313
vt 0.5625 0.45313
vt 0.59375 0.45313
vt 0.60938 0.45312
vt 0.625 0.45312
vt 0.64063 0.45313
vt 0.65625 0.45312
vt 0.67188 0.45313
vt 0.70312 0.45313
vt 0.6875 0.45313
vt 0.71875 0.45313
vt 0.73438 0.45313
vt 0.75 0.45312
vt 0.76563 0.45313
vt 0.78125 0.45313
vt 0.79688 0.45313
vt 0.8125 0.45313
vt 0.82813 0.45313
vt 0.85938 0.45313
vt 0.84375 0.45313
vt 0.875 0.45313
vt 0.90625 0.45313
vt 0.89062 0.45313
vt 0.92188 0.45313
vt 0.95313 0.45313
vt 0.9375 0.45312
vt 0.98438 0.45313
vt 0.96875 0.45313
vt 0.01563 0.46875
vt 0.04688 0.46875
vt 0.03125 0.46875
vt 0.0625 0.46875
vt 0.07813 0.46875
vt 0.09375 0.46875
vt 0.10938 0.46875
vt 0.14063 0.46875
vt 0.125 0.46875
vt 0.15625 0.46875
vt 0.17188 0.46875
vt 0.1875 0.46875
vt 0.20313 0.46875
vt 0.21875 0.46875
vt 0.25 0.46875
vt 0.23438 0.46875
vt 0.26562 0.46875
vt 0.28125 0.46875
vt 0.3125 0.46875
vt 0.29688 0.46875
vt 0.32812 0.46875
vt 0.34375 0.46875
vt 0.375 0.46875
vt 0.35938 0.46875
vt 0.39063 0.46875
vt 0.40625 0.46875
vt 0.42188 0.46875
vt 0.4375 0.46875
vt 0.45313 0.46875
vt 0.48438 0.46875
vt 0.46875 0.46875
vt 0.51563 0.46875
vt 0.5 0.46875
vt 0.53125 0.46875
vt 0.54688 0.46875
vt 0.57812 0.46875
vt 0.5625 0.46875
vt 0.59375 0.46875
vt 0.60938 0.46875
vt 0.625 0.46875
vt 0.64062 0.46875
vt 0.65625 0.46875
vt 0.6875 0.46875
vt 0.67188 0.46875
vt 0.70313 0.46875
vt 0.71875 0.46875
vt 0.73438 0.46875
vt 0.76563 0.46875
vt 0.75 0.46875
vt 0.78125 0.46875
vt 0.79688 0.46875
vt 0.8125 0.46875
vt 0.82813 0.46875
vt 0.85938 0.46875
vt 0.84375 0.46875
vt 0.875 0.46875
vt 0.89063 0.46875
vt 0.90625 0.46875
vt 0.92188 0.46875
vt 0.9375 0.46875
vt 0.95313 0.46875
vt 0.96875 0.46875
vt 0.03125 0.48438
vt 0.01563 0.48438
vt 0.0625 0.48438
vt 0.04688 0.48438
vt 0.07813 0.48438
vt 0.09375 0.48438
vt 0.10938 0.48438
vt 0.125 0.48438
vt 0.14063 0.48438
vt 0.17188 0.48438
vt 0.15625 0.48438
vt 0.20313 0.48438
vt 0.1875 0.48438
vt 0.21875 0.48438
vt 0.23438 0.48438
vt 0.26563 0.48438
vt 0.25 0.48438
vt 0.28125 0.48438
vt 0.29688 0.48438
vt 0.3125 0.48438
vt 0.32813 0.48438
vt 0.34375 0.48438
vt 0.35938 0.48438
vt 0.375 0.48438
vt 0.39063 0.48438
vt 0.42188 0.48438
vt 0.40625 0.48438
vt 0.4375 0.48438
vt 0.45313 0.48438
vt 0.46875 0.48438
vt 0.48438 0.48438
vt 0.51562 0.48438
vt 0.5 0.48438
vt 0.53125 0.48438
vt 0.54688 0.48438
vt 0.5625 0.48438
vt 0.57812 0.48438
vt 0.59375 0.48438
vt 0.625 0.48438
vt 0.60938 0.48438
vt 0.65625 0.48438
vt 0.64062 0.48438
vt 0.67188 0.48438
vt 0.6875 0.48438
vt 0.71875 0.48438
vt 0.70313 0.48438
vt 0.73438 0.48438
vt 0.76562 0.48438
vt 0.75 0.48438
vt 0.78125 0.48438
vt 0.8125 0.48438
vt 0.79688 0.48438
vt 0.82812 0.48438
vt 0.85938 0.48438
vt 0.84375 0.48438
vt 0.875 0.48438
vt 0.89063 0.48438
vt 0.90625 0.48438
vt 0.9375 0.48438
vt 0.92188 0.48438
vt 0.96875 0.48438
vt 0.95313 0.48438
vt 0.98438 0.46875
vt 0.03125 0.5
vt 0.01563 0.5
vt 0.04688 0.5
vt 0.0625 0.5
vt 0.07813 0.5
vt 0.10938 0.5
vt 0.09375 0.5
vt 0.125 0.5
vt 0.14063 0.5
vt 0.15625 0.5
vt 0.17188 0.5
vt 0.1875 0.5
vt 0.20313 0.5
vt 0.21875 0.5
vt 0.23438 0.5
vt 0.25 0.5
vt 0.26563 0.5
vt 0.28125 0.5
vt 0.29688 0.5
vt 0.3125 0.5
vt 0.32813 0.5
vt 0.35938 0.5
vt 0.34375 0.5
vt 0.375 0.5
vt 0.39063 0.5
vt 0.40625 0.5
vt 0.42188 0.5
vt 0.45313 0.5
vt 0.4375 0.5
vt 0.46875 0.5
vt 0.5 0.5
vt 0.48438 0.5
vt 0.53125 0.5
vt 0.51562 0.5
vt 0.54688 0.5
vt 0.5625 0.5
vt 0.57813 0.5
vt 0.59375 0.5
vt 0.625 0.5
vt 0.60938 0.5
vt 0.64063 0.5
vt 0.67188 0.5
vt 0.65625 0.5
vt 0.6875 0.5
vt 0.71875 0.5
vt 0.70313 0.5
vt 0.73438 0.5
vt 0.75 0.5
vt 0.76563 0.5
vt 0.78125 0.5
vt 0.79688 0.5
vt 0.8125 0.5
vt 0.82813 0.5
vt 0.85938 0.5
vt 0.84375 0.5
vt 0.875 0.5
vt 0.90625 0.5
vt 0.89063 0.5
vt 0.92188 0.5
vt 0.95313 0.5
vt 0.9375 0.5
vt 0.96875 0.5
vt 0.98438 0.48438
vt 0.01563 0.51563
vt 0.03125 0.51563
vt 0.04688 0.51562
vt 0.0625 0.51562
vt 0.07813 0.51563
vt 0.09375 0.51563
vt 0.125 0.51562
vt 0.10938 0.51562
vt 0.14063 0.51562
vt 0.15625 0.51563
vt 0.17188 0.51563
vt 0.1875 0.51563
vt 0.20313 0.51563
vt 0.21875 0.51563
vt 0.23438 0.51563
vt 0.25 0.51563
vt 0.26563 0.51563
vt 0.28125 0.51562
vt 0.3125 0.51563
vt 0.29688 0.51563
vt 0.32813 0.51563
vt 0.34375 0.51562
vt 0.35938 0.51562
vt 0.375 0.51562
vt 0.39063 0.51562
vt 0.40625 0.51563
vt 0.42188 0.51562
vt 0.4375 0.51562
vt 0.46875 0.51562
vt 0.45313 0.51562
vt 0.48438 0.51563
vt 0.51563 0.51563
vt 0.5 0.51563
vt 0.53125 0.51562
vt 0.5625 0.51562
vt 0.54688 0.51563
vt 0.59375 0.51563
vt 0.57813 0.51563
vt 0.60938 0.51562
vt 0.625 0.51562
vt 0.64062 0.51562
vt 0.65625 0.51562
vt 0.6875 0.51563
vt 0.67188 0.51563
vt 0.70313 0.51563
vt 0.73438 0.51563
vt 0.71875 0.51563
vt 0.75 0.51563
vt 0.76563 0.51563
vt 0.78125 0.51563
vt 0.79688 0.51563
vt 0.82812 0.51563
vt 0.8125 0.51563
vt 0.84375 0.51563
vt 0.875 0.51562
vt 0.85938 0.51562
vt 0.89063 0.51562
vt 0.90625 0.51563
vt 0.92188 0.51562
vt 0.9375 0.51562
vt 0.95312 0.51562
vt 0.96875 0.51563
vt 0.98438 0.5
vt 0.01563 0.53125
vt 0.04688 0.53125
vt 0.03125 0.53125
vt 0.07812 0.53125
vt 0.0625 0.53125
vt 0.09375 0.53125
vt 0.10938 0.53125
vt 0.14062 0.53125
vt 0.125 0.53125
vt 0.15625 0.53125
vt 0.1875 0.53125
vt 0.17188 0.53125
vt 0.20313 0.53125
vt 0.21875 0.53125
vt 0.23438 0.53125
vt 0.26563 0.53125
vt 0.25 0.53125
vt 0.28125 0.53125
vt 0.29688 0.53125
vt 0.3125 0.53125
vt 0.32812 0.53125
vt 0.34375 0.53125
vt 0.35938 0.53125
vt 0.375 0.53125
vt 0.39063 0.53125
vt 0.40625 0.53125
vt 0.42188 0.53125
vt 0.4375 0.53125
vt 0.45313 0.53125
vt 0.48438 0.53125
vt 0.46875 0.53125
vt 0.5 0.53125
vt 0.51563 0.53125
vt 0.53125 0.53125
vt 0.5625 0.53125
vt 0.54688 0.53125
vt 0.57813 0.53125
vt 0.59375 0.53125
vt 0.60938 0.53125
vt 0.625 0.53125
vt 0.64063 0.53125
vt 0.65625 0.53125
vt 0.67188 0.53125
vt 0.70313 0.53125
vt 0.6875 0.53125
vt 0.71875 0.53125
vt 0.75 0.53125
vt 0.73438 0.53125
vt 0.76563 0.53125
vt 0.79688 0.53125
vt 0.78125 0.53125
vt 0.82812 0.53125
vt 0.8125 0.53125
vt 0.84375 0.53125
vt 0.85938 0.53125
vt 0.89062 0.53125
vt 0.875 0.53125
vt 0.90625 0.53125
vt 0.92188 0.53125
vt 0.9375 0.53125
vt 0.95313 0.53125
vt 0.98438 0.51562
vt 0.96875 0.53125
vt 0.01563 0.54688
vt 0.04688 0.54688
vt 0.03125 0.54688
vt 0.0625 0.54688
vt 0.07813 0.54688
vt 0.10938 0.54688
vt 0.09375 0.54688
vt 0.125 0.54688
vt 0.14063 0.54688
vt 0.17188 0.54688
vt 0.15625 0.54688
vt 0.1875 0.54688
vt 0.20313 0.54688
vt 0.21875 0.54688
vt 0.23438 0.54688
vt 0.25 0.54688
vt 0.28125 0.54688
vt 0.26563 0.54688
vt 0.29688 0.54688
vt 0.3125 0.54688
vt 0.32813 0.54688
vt 0.35938 0.54688
vt 0.34375 0.54688
vt 0.375 0.54688
vt 0.40625 0.54688
vt 0.39063 0.54688
vt 0.42188 0.54688
vt 0.45313 0.54688
vt 0.4375 0.54688
vt 0.46875 0.54688
vt 0.48438 0.54688
vt 0.5 0.54688
vt 0.51562 0.54688
vt 0.53125 0.54688
vt 0.54688 0.54688
vt 0.5625 0.54688
vt 0.57813 0.54688
vt 0.59375 0.54688
vt 0.60938 0.54688
vt 0.625 0.54688
vt 0.65625 0.54688
vt 0.64063 0.54688
vt 0.67188 0.54688
vt 0.6875 0.54688
vt 0.70313 0.54688
vt 0.71875 0.54688
vt 0.73438 0.54688
vt 0.76563 0.54688
vt 0.75 0.54688
vt 0.79688 0.54688
vt 0.78125 0.54688
vt 0.82813 0.54688
vt 0.8125 0.54688
vt 0.85938 0.54688
vt 0.84375 0.54688
vt 0.875 0.54688
vt 0.89063 0.54688
vt 0.90625 0.54688
vt 0.9375 0.54688
vt 0.92188 0.54688
vt 0.95313 0.54688
vt 0.96875 0.54688
vt 0.98438 0.54688
vt 0.03125 0.5625
vt 0.01563 0.5625
vt 0.0625 0.5625
vt 0.04688 0.5625
vt 0.07812 0.5625
vt 0.10938 0.5625
vt 0.09375 0.5625
vt 0.125 0.5625
vt 0.15625 0.5625
vt 0.14063 0.5625
vt 0.17188 0.5625
vt 0.1875 0.5625
vt 0.21875 0.5625
vt 0.20313 0.5625
vt 0.23438 0.5625
vt 0.25 0.5625
vt 0.26563 0.5625
vt 0.28125 0.5625
vt 0.29688 0.5625
vt 0.32813 0.5625
vt 0.3125 0.5625
vt 0.34375 0.5625
vt 0.35938 0.5625
vt 0.39063 0.5625
vt 0.375 0.5625
vt 0.40625 0.5625
vt 0.42188 0.5625
vt 0.45313 0.5625
vt 0.4375 0.5625
vt 0.46875 0.5625
vt 0.48438 0.5625
vt 0.5 0.5625
vt 0.53125 0.5625
vt 0.51562 0.5625
vt 0.54688 0.5625
vt 0.57812 0.5625
vt 0.5625 0.5625
vt 0.59375 0.5625
vt 0.60938 0.5625
vt 0.625 0.5625
vt 0.64063 0.5625
vt 0.65625 0.5625
vt 0.6875 0.5625
vt 0.67188 0.5625
vt 0.70313 0.5625
vt 0.71875 0.5625
vt 0.73438 0.5625
vt 0.75 0.5625
vt 0.76563 0.5625
vt 0.78125 0.5625
vt 0.79688 0.5625
vt 0.82812 0.5625
vt 0.8125 0.5625
vt 0.84375 0.5625
vt 0.85938 0.5625
vt 0.875 0.5625
vt 0.89063 0.5625
vt 0.90625 0.5625
vt 0.9375 0.5625
vt 0.92188 0.5625
vt 0.95313 0.5625
vt 0.96875 0.5625
vt 0.03125 0.57813
vt 0.01563 0.57813
vt 0.04688 0.57813
vt 0.07813 0.57813
vt 0.0625 0.57813
vt 0.09375 0.57813
vt 0.10938 0.57812
vt 0.14063 0.57812
vt 0.125 0.57813
vt 0.15625 0.57812
vt 0.17188 0.57812
vt 0.1875 0.57813
vt 0.20313 0.57813
vt 0.21875 0.57813
vt 0.23438 0.57812
vt 0.25 0.57812
vt 0.26563 0.57812
vt 0.28125 0.57813
vt 0.29688 0.57812
vt 0.3125 0.57813
vt 0.32812 0.57813
vt 0.35938 0.57812
vt 0.34375 0.57813
vt 0.375 0.57813
vt 0.39063 0.57812
vt 0.40625 0.57813
vt 0.42188 0.57813
vt 0.4375 0.57813
vt 0.45313 0.57812
vt 0.48438 0.57812
vt 0.46875 0.57813
vt 0.5 0.57813
vt 0.51562 0.57812
vt 0.53125 0.57813
vt 0.54688 0.57812
vt 0.5625 0.57813
vt 0.57813 0.57813
vt 0.59375 0.57813
vt 0.60938 0.57813
vt 0.64062 0.57812
vt 0.625 0.57813
vt 0.67188 0.57813
vt 0.65625 0.57813
vt 0.6875 0.57813
vt 0.70313 0.57813
vt 0.71875 0.57812
vt 0.73438 0.57812
vt 0.75 0.57812
vt 0.76563 0.57813
vt 0.79688 0.57813
vt 0.78125 0.57813
vt 0.82812 0.57812
vt 0.8125 0.57813
vt 0.84375 0.57812
vt 0.85938 0.57812
vt 0.875 0.57813
vt 0.90625 0.57813
vt 0.89063 0.57813
vt 0.92188 0.57813
vt 0.9375 0.57812
vt 0.96875 0.57813
vt 0.95312 0.57812
vt 0.98438 0.57813
vt 0.01563 0.59375
vt 0.03125 0.59375
vt 0.04688 0.59375
vt 0.0625 0.59375
vt 0.07813 0.59375
vt 0.09375 0.59375
vt 0.10938 0.59375
vt 0.125 0.59375
vt 0.15625 0.59375
vt 0.14063 0.59375
vt 0.17188 0.59375
vt 0.1875 0.59375
vt 0.21875 0.59375
vt 0.20313 0.59375
vt 0.25 0.59375
vt 0.23438 0.59375
vt 0.26562 0.59375
vt 0.28125 0.59375
vt 0.29688 0.59375
vt 0.32813 0.59375
vt 0.3125 0.59375
vt 0.34375 0.59375
vt 0.35938 0.59375
vt 0.375 0.59375
vt 0.39063 0.59375
vt 0.40625 0.59375
vt 0.42188 0.59375
vt 0.45313 0.59375
vt 0.4375 0.59375
vt 0.46875 0.59375
vt 0.48438 0.59375
vt 0.51563 0.59375
vt 0.5 0.59375
vt 0.54688 0.59375
vt 0.53125 0.59375
vt 0.5625 0.59375
vt 0.57812 0.59375
vt 0.59375 0.59375
vt 0.60938 0.59375
vt 0.625 0.59375
vt 0.64062 0.59375
vt 0.67188 0.59375
vt 0.65625 0.59375
vt 0.70312 0.59375
vt 0.6875 0.59375
vt 0.71875 0.59375
vt 0.73438 0.59375
vt 0.75 0.59375
vt 0.78125 0.59375
vt 0.76562 0.59375
vt 0.79688 0.59375
vt 0.8125 0.59375
vt 0.84375 0.59375
vt 0.82813 0.59375
vt 0.85938 0.59375
vt 0.89062 0.59375
vt 0.875 0.59375
vt 0.90625 0.59375
vt 0.92188 0.59375
vt 0.9375 0.59375
vt 0.96875 0.59375
vt 0.95313 0.59375
vt 0.98438 0.59375
vt 0.03125 0.60938
vt 0.01563 0.60938
vt 0.04688 0.60938
vt 0.0625 0.60938
vt 0.07813 0.60938
vt 0.09375 0.60938
vt 0.10938 0.60938
vt 0.125 0.60938
vt 0.14063 0.60938
vt 0.15625 0.60938
vt 0.1875 0.60938
vt 0.17188 0.60938
vt 0.20313 0.60938
vt 0.21875 0.60938
vt 0.25 0.60938
vt 0.23438 0.60938
vt 0.26563 0.60938
vt 0.29688 0.60938
vt 0.28125 0.60938
vt 0.3125 0.60938
vt 0.32812 0.60938
vt 0.35938 0.60938
vt 0.34375 0.60938
vt 0.375 0.60938
vt 0.39063 0.60938
vt 0.42188 0.60938
vt 0.40625 0.60938
vt 0.4375 0.60938
vt 0.45313 0.60938
vt 0.46875 0.60938
vt 0.48438 0.60938
vt 0.5 0.60938
vt 0.51563 0.60938
vt 0.53125 0.60938
vt 0.54688 0.60938
vt 0.5625 0.60938
vt 0.57813 0.60938
vt 0.60938 0.60938
vt 0.59375 0.60938
vt 0.625 0.60938
vt 0.64062 0.60938
vt 0.67188 0.60938
vt 0.65625 0.60938
vt 0.6875 0.60938
vt 0.70313 0.60938
vt 0.71875 0.60938
vt 0.75 0.60938
vt 0.73438 0.60938
vt 0.76563 0.60938
vt 0.78125 0.60938
vt 0.79688 0.60938
vt 0.8125 0.60938
vt 0.84375 0.60938
vt 0.82812 0.60938
vt 0.85938 0.60938
vt 0.89062 0.60938
vt 0.875 0.60938
vt 0.90625 0.60938
vt 0.9375 0.60938
vt 0.92188 0.60938
vt 0.96875 0.60938
vt 0.95313 0.60938
vt 0.01563 0.625
vt 0.03125 0.625
vt 0.04688 0.625
vt 0.0625 0.625
vt 0.07813 0.625
vt 0.10938 0.625
vt 0.09375 0.625
vt 0.125 0.625
vt 0.15625 0.625
vt 0.14063 0.625
vt 0.17188 0.625
vt 0.1875 0.625
vt 0.20313 0.625
vt 0.21875 0.625
vt 0.23438 0.625
vt 0.25 0.625
vt 0.28125 0.625
vt 0.26563 0.625
vt 0.29688 0.625
vt 0.3125 0.625
vt 0.32813 0.625
vt 0.35938 0.625
vt 0.34375 0.625
vt 0.375 0.625
vt 0.40625 0.625
vt 0.39063 0.625
vt 0.42188 0.625
vt 0.45312 0.625
vt 0.4375 0.625
vt 0.48438 0.625
vt 0.46875 0.625
vt 0.5 0.625
vt 0.53125 0.625
vt 0.51563 0.625
vt 0.54688 0.625
vt 0.57813 0.625
vt 0.5625 0.625
vt 0.59375 0.625
vt 0.60938 0.625
vt 0.625 0.625
vt 0.64062 0.625
vt 0.65625 0.625
vt 0.67188 0.625
vt 0.6875 0.625
vt 0.71875 0.625
vt 0.70313 0.625
vt 0.73438 0.625
vt 0.75 0.625
vt 0.76563 0.625
vt 0.78125 0.625
vt 0.79688 0.625
vt 0.8125 0.625
vt 0.82813 0.625
vt 0.85938 0.625
vt 0.84375 0.625
vt 0.875 0.625
vt 0.89062 0.625
vt 0.92188 0.625
vt 0.90625 0.625
vt 0.95313 0.625
vt 0.9375 0.625
vt 0.96875 0.625
vt 0.98438 0.625
vt 0.03125 0.64063
vt 0.01563 0.64062
vt 0.04688 0.64062
vt 0.0625 0.64062
vt 0.07813 0.64063
vt 0.10938 0.64063
vt 0.09375 0.64063
vt 0.125 0.64062
vt 0.14063 0.64063
vt 0.15625 0.64062
vt 0.17188 0.64062
vt 0.20313 0.64062
vt 0.1875 0.64063
vt 0.21875 0.64062
vt 0.23438 0.64063
vt 0.25 0.64063
vt 0.26563 0.64063
vt 0.28125 0.64063
vt 0.29688 0.64063
vt 0.3125 0.64063
vt 0.32813 0.64062
vt 0.35938 0.64063
vt 0.34375 0.64063
vt 0.375 0.64062
vt 0.40625 0.64063
vt 0.39063 0.64063
vt 0.42188 0.64062
vt 0.45313 0.64063
vt 0.4375 0.64063
vt 0.46875 0.64062
vt 0.48438 0.64063
vt 0.51562 0.64062
vt 0.5 0.64063
vt 0.53125 0.64063
vt 0.54688 0.64063
vt 0.57812 0.64062
vt 0.5625 0.64062
vt 0.59375 0.64063
vt 0.60938 0.64063
vt 0.625 0.64062
vt 0.64063 0.64063
vt 0.65625 0.64063
vt 0.67188 0.64063
vt 0.6875 0.64063
vt 0.71875 0.64063
vt 0.70312 0.64063
vt 0.73438 0.64063
vt 0.75 0.64063
vt 0.76563 0.64063
vt 0.78125 0.64063
vt 0.8125 0.64063
vt 0.79688 0.64062
vt 0.82813 0.64063
vt 0.85938 0.64062
vt 0.84375 0.64063
vt 0.875 0.64062
vt 0.89063 0.64063
vt 0.90625 0.64063
vt 0.92188 0.64063
vt 0.95313 0.64062
vt 0.9375 0.64063
vt 0.96875 0.64062
vt 0.03125 0.65625
vt 0.01563 0.65625
vt 0.04688 0.65625
vt 0.0625 0.65625
vt 0.09375 0.65625
vt 0.07813 0.65625
vt 0.10938 0.65625
vt 0.125 0.65625
vt 0.15625 0.65625
vt 0.14063 0.65625
vt 0.17188 0.65625
vt 0.1875 0.65625
vt 0.20313 0.65625
vt 0.21875 0.65625
vt 0.23438 0.65625
vt 0.25 0.65625
vt 0.26563 0.65625
vt 0.28125 0.65625
vt 0.29688 0.65625
vt 0.3125 0.65625
vt 0.32813 0.65625
vt 0.34375 0.65625
vt 0.375 0.65625
vt 0.35938 0.65625
vt 0.39063 0.65625
vt 0.42188 0.65625
vt 0.40625 0.65625
vt 0.4375 0.65625
vt 0.45313 0.65625
vt 0.46875 0.65625
vt 0.48438 0.65625
vt 0.51563 0.65625
vt 0.5 0.65625
vt 0.53125 0.65625
vt 0.54688 0.65625
vt 0.5625 0.65625
vt 0.57813 0.65625
vt 0.60938 0.65625
vt 0.59375 0.65625
vt 0.625 0.65625
vt 0.64063 0.65625
vt 0.65625 0.65625
vt 0.6875 0.65625
vt 0.67188 0.65625
vt 0.70312 0.65625
vt 0.71875 0.65625
vt 0.75 0.65625
vt 0.73438 0.65625
vt 0.78125 0.65625
vt 0.76563 0.65625
vt 0.79688 0.65625
vt 0.8125 0.65625
vt 0.82812 0.65625
vt 0.84375 0.65625
vt 0.85938 0.65625
vt 0.875 0.65625
vt 0.90625 0.65625
vt 0.89063 0.65625
vt 0.92188 0.65625
vt 0.9375 0.65625
vt 0.95313 0.65625
vt 0.98438 0.64062
vt 0.96875 0.65625
vt 0.01563 0.67188
vt 0.03125 0.67188
vt 0.04688 0.67188
vt 0.07813 0.67188
vt 0.0625 0.67188
vt 0.09375 0.67188
vt 0.125 0.67188
vt 0.10938 0.67188
vt 0.14062 0.67188
vt 0.17188 0.67188
vt 0.15625 0.67188
vt 0.1875 0.67188
vt 0.20313 0.67188
vt 0.23438 0.67188
vt 0.21875 0.67188
vt 0.25 0.67188
vt 0.26563 0.67188
vt 0.28125 0.67188
vt 0.29688 0.67188
vt 0.3125 0.67188
vt 0.32813 0.67188
vt 0.34375 0.67188
vt 0.35938 0.67188
vt 0.375 0.67188
vt 0.39063 0.67188
vt 0.40625 0.67188
vt 0.4375 0.67188
vt 0.42188 0.67188
vt 0.45313 0.67188
vt 0.48438 0.67188
vt 0.46875 0.67188
vt 0.5 0.67188
vt 0.51563 0.67188
vt 0.54688 0.67188
vt 0.53125 0.67188
vt 0.5625 0.67188
vt 0.57813 0.67188
vt 0.59375 0.67188
vt 0.625 0.67188
vt 0.60938 0.67188
vt 0.65625 0.67188
vt 0.64063 0.67188
vt 0.67188 0.67188
vt 0.6875 0.67188
vt 0.70313 0.67188
vt 0.73438 0.67188
vt 0.71875 0.67188
vt 0.75 0.67188
vt 0.76562 0.67188
vt 0.78125 0.67188
vt 0.79688 0.67188
vt 0.8125 0.67188
vt 0.84375 0.67188
vt 0.82813 0.67188
vt 0.85938 0.67188
vt 0.875 0.67188
vt 0.90625 0.67188
vt 0.89063 0.67188
vt 0.92188 0.67188
vt 0.9375 0.67188
vt 0.95312 0.67188
vt 0.98438 0.65625
vt 0.96875 0.67188
vt 0.03125 0.6875
vt 0.01563 0.6875
vt 0.04688 0.6875
vt 0.0625 0.6875
vt 0.09375 0.6875
vt 0.07813 0.6875
vt 0.10938 0.6875
vt 0.125 0.6875
vt 0.15625 0.6875
vt 0.14063 0.6875
vt 0.17188 0.6875
vt 0.20313 0.6875
vt 0.1875 0.6875
vt 0.21875 0.6875
vt 0.23438 0.6875
vt 0.25 0.6875
vt 0.26563 0.6875
vt 0.28125 0.6875
vt 0.29688 0.6875
vt 0.32812 0.6875
vt 0.3125 0.6875
vt 0.34375 0.6875
vt 0.375 0.6875
vt 0.35938 0.6875
vt 0.39063 0.6875
vt 0.40625 0.6875
vt 0.42188 0.6875
vt 0.4375 0.6875
vt 0.45313 0.6875
vt 0.48438 0.6875
vt 0.46875 0.6875
vt 0.51562 0.6875
vt 0.5 0.6875
vt 0.53125 0.6875
vt 0.54688 0.6875
vt 0.5625 0.6875
vt 0.57813 0.6875
vt 0.59375 0.6875
vt 0.60938 0.6875
vt 0.625 0.6875
vt 0.64063 0.6875
vt 0.65625 0.6875
vt 0.67188 0.6875
vt 0.6875 0.6875
vt 0.71875 0.6875
vt 0.70312 0.6875
vt 0.73438 0.6875
vt 0.75 0.6875
vt 0.76563 0.6875
vt 0.78125 0.6875
vt 0.8125 0.6875
vt 0.79688 0.6875
vt 0.82813 0.6875
vt 0.84375 0.6875
vt 0.85938 0.6875
vt 0.875 0.6875
vt 0.89063 0.6875
vt 0.90625 0.6875
vt 0.92188 0.6875
vt 0.95312 0.6875
vt 0.9375 0.6875
vt 0.96875 0.6875
vt 0.98438 0.6875
vt 0.01563 0.70312
vt 0.03125 0.70313
vt 0.0625 0.70312
vt 0.04688 0.70313
vt 0.07813 0.70312
vt 0.09375 0.70313
vt 0.10938 0.70312
vt 0.14063 0.70312
vt 0.125 0.70313
vt 0.15625 0.70312
vt 0.17188 0.70312
vt 0.1875 0.70312
vt 0.20313 0.70312
vt 0.23438 0.70313
vt 0.21875 0.70313
vt 0.25 0.70312
vt 0.28125 0.70312
vt 0.26563 0.70313
vt 0.3125 0.70312
vt 0.29688 0.70313
vt 0.32813 0.70312
vt 0.34375 0.70312
vt 0.35938 0.70313
vt 0.375 0.70313
vt 0.39063 0.70313
vt 0.40625 0.70313
vt 0.4375 0.70313
vt 0.42188 0.70312
vt 0.45313 0.70313
vt 0.46875 0.70312
vt 0.48438 0.70313
vt 0.5 0.70313
vt 0.51563 0.70312
vt 0.53125 0.70312
vt 0.54688 0.70313
vt 0.57812 0.70312
vt 0.5625 0.70313
vt 0.59375 0.70312
vt 0.60938 0.70313
vt 0.625 0.70313
vt 0.64063 0.70313
vt 0.65625 0.70312
vt 0.67188 0.70313
vt 0.6875 0.70313
vt 0.70313 0.70313
vt 0.71875 0.70313
vt 0.73438 0.70312
vt 0.76562 0.70312
vt 0.75 0.70312
vt 0.78125 0.70312
vt 0.8125 0.70313
vt 0.79688 0.70312
vt 0.82812 0.70312
vt 0.85938 0.70312
vt 0.84375 0.70312
vt 0.875 0.70313
vt 0.90625 0.70313
vt 0.89062 0.70312
vt 0.9375 0.70312
vt 0.92188 0.70312
vt 0.95312 0.70312
vt 0.96875 0.70312
vt 0.03125 0.71875
vt 0.01563 0.71875
vt 0.04688 0.71875
vt 0.0625 0.71875
vt 0.07813 0.71875
vt 0.09375 0.71875
vt 0.10938 0.71875
vt 0.125 0.71875
vt 0.14063 0.71875
vt 0.15625 0.71875
vt 0.1875 0.71875
vt 0.17188 0.71875
vt 0.20313 0.71875
vt 0.21875 0.71875
vt 0.23438 0.71875
vt 0.25 0.71875
vt 0.28125 0.71875
vt 0.26563 0.71875
vt 0.29688 0.71875
vt 0.32813 0.71875
vt 0.3125 0.71875
vt 0.34375 0.71875
vt 0.35938 0.71875
vt 0.39063 0.71875
vt 0.375 0.71875
vt 0.42188 0.71875
vt 0.40625 0.71875
vt 0.4375 0.71875
vt 0.45313 0.71875
vt 0.46875 0.71875
vt 0.48438 0.71875
vt 0.51563 0.71875
vt 0.5 0.71875
vt 0.53125 0.71875
vt 0.54688 0.71875
vt 0.5625 0.71875
vt 0.57813 0.71875
vt 0.59375 0.71875
vt 0.625 0.71875
vt 0.60938 0.71875
vt 0.64063 0.71875
vt 0.65625 0.71875
vt 0.6875 0.71875
vt 0.67188 0.71875
vt 0.70312 0.71875
vt 0.73438 0.71875
vt 0.71875 0.71875
vt 0.76562 0.71875
vt 0.75 0.71875
vt 0.79688 0.71875
vt 0.78125 0.71875
vt 0.8125 0.71875
vt 0.82813 0.71875
vt 0.84375 0.71875
vt 0.85938 0.71875
vt 0.875 0.71875
vt 0.89063 0.71875
vt 0.90625 0.71875
vt 0.92188 0.71875
vt 0.9375 0.71875
vt 0.95313 0.71875
vt 0.98438 0.70312
vt 0.96875 0.71875
vt 0.01563 0.73438
vt 0.03125 0.73438
vt 0.04688 0.73438
vt 0.07813 0.73438
vt 0.0625 0.73438
vt 0.09375 0.73438
vt 0.125 0.73438
vt 0.10938 0.73438
vt 0.14062 0.73438
vt 0.15625 0.73438
vt 0.17188 0.73438
vt 0.1875 0.73438
vt 0.20313 0.73438
vt 0.23438 0.73438
vt 0.21875 0.73438
vt 0.25 0.73438
vt 0.26563 0.73438
vt 0.29688 0.73438
vt 0.28125 0.73438
vt 0.3125 0.73438
vt 0.32812 0.73438
vt 0.35938 0.73438
vt 0.34375 0.73438
vt 0.39063 0.73438
vt 0.375 0.73438
vt 0.40625 0.73438
vt 0.42188 0.73438
vt 0.45313 0.73438
vt 0.4375 0.73438
vt 0.46875 0.73438
vt 0.5 0.73438
vt 0.48438 0.73438
vt 0.51563 0.73438
vt 0.53125 0.73438
vt 0.54688 0.73438
vt 0.5625 0.73438
vt 0.59375 0.73438
vt 0.57812 0.73438
vt 0.60938 0.73438
vt 0.625 0.73438
vt 0.65625 0.73438
vt 0.64063 0.73438
vt 0.67188 0.73438
vt 0.6875 0.73438
vt 0.71875 0.73438
vt 0.70313 0.73438
vt 0.73438 0.73438
vt 0.76562 0.73438
vt 0.75 0.73438
vt 0.78125 0.73438
vt 0.79688 0.73438
vt 0.8125 0.73438
vt 0.84375 0.73438
vt 0.82813 0.73438
vt 0.85938 0.73438
vt 0.875 0.73438
vt 0.89062 0.73438
vt 0.90625 0.73438
vt 0.92188 0.73438
vt 0.95312 0.73438
vt 0.9375 0.73438
vt 0.96875 0.73438
vt 0.98438 0.73438
vt 0.01563 0.75
vt 0.03125 0.75
vt 0.04688 0.75
vt 0.0625 0.75
vt 0.09375 0.75
vt 0.07813 0.75
vt 0.10938 0.75
vt 0.125 0.75
vt 0.14063 0.75
vt 0.15625 0.75
vt 0.17188 0.75
vt 0.20313 0.75
vt 0.1875 0.75
vt 0.21875 0.75
vt 0.25 0.75
vt 0.23438 0.75
vt 0.26563 0.75
vt 0.29688 0.75
vt 0.28125 0.75
vt 0.32813 0.75
vt 0.3125 0.75
vt 0.34375 0.75
vt 0.35938 0.75
vt 0.375 0.75
vt 0.39063 0.75
vt 0.40625 0.75
vt 0.4375 0.75
vt 0.42188 0.75
vt 0.45313 0.75
vt 0.46875 0.75
vt 0.48438 0.75
vt 0.5 0.75
vt 0.51563 0.75
vt 0.53125 0.75
vt 0.5625 0.75
vt 0.54688 0.75
vt 0.57812 0.75
vt 0.60938 0.75
vt 0.59375 0.75
vt 0.625 0.75
vt 0.65625 0.75
vt 0.64063 0.75
vt 0.67188 0.75
vt 0.6875 0.75
vt 0.70312 0.75
vt 0.71875 0.75
vt 0.73438 0.75
vt 0.75 0.75
vt 0.76562 0.75
vt 0.78125 0.75
vt 0.79688 0.75
vt 0.82812 0.75
vt 0.8125 0.75
vt 0.84375 0.75
vt 0.85938 0.75
vt 0.875 0.75
vt 0.89062 0.75
vt 0.92188 0.75
vt 0.90625 0.75
vt 0.9375 0.75
vt 0.95313 0.75
vt 0.96875 0.75
vt 0.01563 0.76562
vt 0.04688 0.76563
vt 0.03125 0.76563
vt 0.0625 0.76562
vt 0.07813 0.76562
vt 0.09375 0.76562
vt 0.125 0.76563
vt 0.10938 0.76563
vt 0.15625 0.76562
vt 0.14063 0.76563
vt 0.17188 0.76563
vt 0.1875 0.76563
vt 0.20313 0.76562
vt 0.21875 0.76562
vt 0.23438 0.76563
vt 0.26563 0.76562
vt 0.25 0.76563
vt 0.28125 0.76562
vt 0.3125 0.76563
vt 0.29688 0.76563
vt 0.32813 0.76563
vt 0.34375 0.76562
vt 0.35938 0.76563
vt 0.375 0.76563
vt 0.40625 0.76563
vt 0.39063 0.76563
vt 0.42188 0.76563
vt 0.4375 0.76563
vt 0.45313 0.76562
vt 0.46875 0.76563
vt 0.48438 0.76563
vt 0.5 0.76563
vt 0.53125 0.76563
vt 0.51563 0.76563
vt 0.54688 0.76562
vt 0.5625 0.76563
vt 0.57812 0.76562
vt 0.59375 0.76562
vt 0.625 0.76563
vt 0.60938 0.76563
vt 0.64063 0.76563
vt 0.65625 0.76562
vt 0.67188 0.76562
vt 0.6875 0.76563
vt 0.70313 0.76563
vt 0.73438 0.76562
vt 0.71875 0.76562
vt 0.75 0.76562
vt 0.76563 0.76563
vt 0.78125 0.76563
vt 0.8125 0.76563
vt 0.79688 0.76563
vt 0.82813 0.76563
vt 0.84375 0.76562
vt 0.85938 0.76563
vt 0.875 0.76563
vt 0.89063 0.76563
vt 0.92188 0.76563
vt 0.90625 0.76562
vt 0.9375 0.76562
vt 0.95313 0.76563
vt 0.98438 0.76563
vt 0.96875 0.76563
vt 0.01563 0.78125
vt 0.03125 0.78125
vt 0.0625 0.78125
vt 0.04688 0.78125
vt 0.07813 0.78125
vt 0.09375 0.78125
vt 0.10938 0.78125
vt 0.125 0.78125
vt 0.15625 0.78125
vt 0.14063 0.78125
vt 0.17188 0.78125
vt 0.1875 0.78125
vt 0.20313 0.78125
vt 0.21875 0.78125
vt 0.23438 0.78125
vt 0.25 0.78125
vt 0.28125 0.78125
vt 0.26563 0.78125
vt 0.29688 0.78125
vt 0.3125 0.78125
vt 0.34375 0.78125
vt 0.32813 0.78125
vt 0.35938 0.78125
vt 0.375 0.78125
vt 0.39063 0.78125
vt 0.40625 0.78125
vt 0.42188 0.78125
vt 0.4375 0.78125
vt 0.46875 0.78125
vt 0.45313 0.78125
vt 0.48438 0.78125
vt 0.51563 0.78125
vt 0.5 0.78125
vt 0.53125 0.78125
vt 0.54688 0.78125
vt 0.5625 0.78125
vt 0.59375 0.78125
vt 0.57813 0.78125
vt 0.60938 0.78125
vt 0.625 0.78125
vt 0.65625 0.78125
vt 0.64063 0.78125
vt 0.6875 0.78125
vt 0.67188 0.78125
vt 0.70313 0.78125
vt 0.71875 0.78125
vt 0.73438 0.78125
vt 0.76562 0.78125
vt 0.75 0.78125
vt 0.78125 0.78125
vt 0.79688 0.78125
vt 0.82813 0.78125
vt 0.8125 0.78125
vt 0.84375 0.78125
vt 0.85938 0.78125
vt 0.89062 0.78125
vt 0.875 0.78125
vt 0.90625 0.78125
vt 0.92188 0.78125
vt 0.9375 0.78125
vt 0.96875 0.78125
vt 0.95313 0.78125
vt 0.03125 0.79688
vt 0.01563 0.79688
vt 0.04688 0.79688
vt 0.0625 0.79688
vt 0.07813 0.79688
vt 0.10938 0.79688
vt 0.09375 0.79688
vt 0.125 0.79688
vt 0.14063 0.79688
vt 0.15625 0.79688
vt 0.17188 0.79688
vt 0.1875 0.79688
vt 0.21875 0.79688
vt 0.20313 0.79688
vt 0.23438 0.79688
vt 0.26563 0.79688
vt 0.25 0.79688
vt 0.28125 0.79688
vt 0.29688 0.79688
vt 0.3125 0.79688
vt 0.32812 0.79688
vt 0.35938 0.79688
vt 0.34375 0.79688
vt 0.375 0.79688
vt 0.40625 0.79688
vt 0.39062 0.79688
vt 0.4375 0.79688
vt 0.42188 0.79688
vt 0.45313 0.79688
vt 0.46875 0.79688
vt 0.48438 0.79688
vt 0.5 0.79688
vt 0.51563 0.79688
vt 0.53125 0.79688
vt 0.54688 0.79688
vt 0.5625 0.79688
vt 0.59375 0.79688
vt 0.57813 0.79688
vt 0.60938 0.79688
vt 0.64062 0.79688
vt 0.625 0.79688
vt 0.65625 0.79688
vt 0.67188 0.79688
vt 0.70312 0.79688
vt 0.6875 0.79688
vt 0.71875 0.79688
vt 0.75 0.79688
vt 0.73438 0.79688
vt 0.76562 0.79688
vt 0.78125 0.79688
vt 0.79688 0.79688
vt 0.8125 0.79688
vt 0.84375 0.79688
vt 0.82813 0.79688
vt 0.85938 0.79688
vt 0.875 0.79688
vt 0.89063 0.79688
vt 0.92188 0.79688
vt 0.90625 0.79688
vt 0.9375 0.79688
vt 0.95313 0.79688
vt 0.98438 0.78125
vt 0.96875 0.79688
vt 0.01563 0.8125
vt 0.04688 0.8125
vt 0.03125 0.8125
vt 0.0625 0.8125
vt 0.09375 0.8125
vt 0.07813 0.8125
vt 0.125 0.8125
vt 0.10938 0.8125
vt 0.14063 0.8125
vt 0.15625 0.8125
vt 0.17188 0.8125
vt 0.1875 0.8125
vt 0.21875 0.8125
vt 0.20313 0.8125
vt 0.23438 0.8125
vt 0.25 0.8125
vt 0.26563 0.8125
vt 0.29688 0.8125
vt 0.28125 0.8125
vt 0.3125 0.8125
vt 0.32813 0.8125
vt 0.34375 0.8125
vt 0.375 0.8125
vt 0.35938 0.8125
vt 0.40625 0.8125
vt 0.39063 0.8125
vt 0.42188 0.8125
vt 0.4375 0.8125
vt 0.46875 0.8125
vt 0.45313 0.8125
vt 0.48438 0.8125
vt 0.5 0.8125
vt 0.53125 0.8125
vt 0.51563 0.8125
vt 0.54688 0.8125
vt 0.5625 0.8125
vt 0.57813 0.8125
vt 0.59375 0.8125
vt 0.625 0.8125
vt 0.60938 0.8125
vt 0.64063 0.8125
vt 0.65625 0.8125
vt 0.67188 0.8125
vt 0.70312 0.8125
vt 0.6875 0.8125
vt 0.73438 0.8125
vt 0.71875 0.8125
vt 0.75 0.8125
vt 0.76563 0.8125
vt 0.78125 0.8125
vt 0.79688 0.8125
vt 0.8125 0.8125
vt 0.82813 0.8125
vt 0.84375 0.8125
vt 0.85938 0.8125
vt 0.875 0.8125
vt 0.90625 0.8125
vt 0.89063 0.8125
vt 0.9375 0.8125
vt 0.92188 0.8125
vt 0.96875 0.8125
vt 0.95313 0.8125
vt 0.98438 0.8125
vt 0.03125 0.82813
vt 0.01563 0.82813
vt 0.04688 0.82813
vt 0.0625 0.82813
vt 0.07813 0.82812
vt 0.09375 0.82813
vt 0.10938 0.82813
vt 0.125 0.82812
vt 0.14063 0.82812
vt 0.15625 0.82812
vt 0.17188 0.82812
vt 0.1875 0.82813
vt 0.20313 0.82813
vt 0.21875 0.82812
vt 0.23438 0.82813
vt 0.25 0.82812
vt 0.26563 0.82813
vt 0.28125 0.82813
vt 0.29688 0.82812
vt 0.3125 0.82812
vt 0.32813 0.82813
vt 0.34375 0.82813
vt 0.375 0.82813
vt 0.35938 0.82812
vt 0.39063 0.82813
vt 0.40625 0.82813
vt 0.4375 0.82813
vt 0.42188 0.82813
vt 0.45313 0.82813
vt 0.46875 0.82812
vt 0.5 0.82813
vt 0.48438 0.82813
vt 0.51562 0.82812
vt 0.53125 0.82812
vt 0.54688 0.82813
vt 0.5625 0.82812
vt 0.59375 0.82813
vt 0.57813 0.82813
vt 0.625 0.82813
vt 0.60938 0.82813
vt 0.64063 0.82813
vt 0.67188 0.82812
vt 0.65625 0.82813
vt 0.6875 0.82813
vt 0.71875 0.82812
vt 0.70312 0.82812
vt 0.73438 0.82813
vt 0.75 0.82813
vt 0.78125 0.82813
vt 0.76562 0.82812
vt 0.79688 0.82813
vt 0.8125 0.82813
vt 0.84375 0.82813
vt 0.82813 0.82813
vt 0.85938 0.82812
vt 0.875 0.82813
vt 0.89062 0.82812
vt 0.90625 0.82813
vt 0.92188 0.82813
vt 0.9375 0.82813
vt 0.95312 0.82812
vt 0.98438 0.82812
vt 0.96875 0.82813
vt 0.01563 0.84375
vt 0.03125 0.84375
vt 0.04688 0.84375
vt 0.07813 0.84375
vt 0.0625 0.84375
vt 0.09375 0.84375
vt 0.125 0.84375
vt 0.10938 0.84375
vt 0.14063 0.84375
vt 0.15625 0.84375
vt 0.17188 0.84375
vt 0.1875 0.84375
vt 0.21875 0.84375
vt 0.20313 0.84375
vt 0.23438 0.84375
vt 0.25 0.84375
vt 0.26563 0.84375
vt 0.29688 0.84375
vt 0.28125 0.84375
vt 0.3125 0.84375
vt 0.32813 0.84375
vt 0.35938 0.84375
vt 0.34375 0.84375
vt 0.375 0.84375
vt 0.40625 0.84375
vt 0.39062 0.84375
vt 0.42188 0.84375
vt 0.45313 0.84375
vt 0.4375 0.84375
vt 0.46875 0.84375
vt 0.48438 0.84375
vt 0.51563 0.84375
vt 0.5 0.84375
vt 0.53125 0.84375
vt 0.54688 0.84375
vt 0.57813 0.84375
vt 0.5625 0.84375
vt 0.59375 0.84375
vt 0.625 0.84375
vt 0.60938 0.84375
vt 0.64063 0.84375
vt 0.65625 0.84375
vt 0.67188 0.84375
vt 0.6875 0.84375
vt 0.70313 0.84375
vt 0.71875 0.84375
vt 0.75 0.84375
vt 0.73438 0.84375
vt 0.76562 0.84375
vt 0.78125 0.84375
vt 0.79688 0.84375
vt 0.8125 0.84375
vt 0.82813 0.84375
vt 0.84375 0.84375
vt 0.85938 0.84375
vt 0.875 0.84375
vt 0.90625 0.84375
vt 0.89063 0.84375
vt 0.92188 0.84375
vt 0.9375 0.84375
vt 0.95313 0.84375
vt 0.96875 0.84375
vt 0.03125 0.85938
vt 0.01563 0.85938
vt 0.04688 0.85938
vt 0.07812 0.85938
vt 0.0625 0.85938
vt 0.09375 0.85938
vt 0.10938 0.85938
vt 0.125 0.85938
vt 0.14062 0.85938
vt 0.15625 0.85938
vt 0.17188 0.85938
vt 0.1875 0.85938
vt 0.20313 0.85938
vt 0.21875 0.85938
vt 0.25 0.85938
vt 0.23438 0.85938
vt 0.26563 0.85938
vt 0.28125 0.85938
vt 0.29688 0.85938
vt 0.3125 0.85938
vt 0.34375 0.85938
vt 0.32813 0.85938
vt 0.35938 0.85938
vt 0.39063 0.85938
vt 0.375 0.85938
vt 0.40625 0.85938
vt 0.42188 0.85938
vt 0.4375 0.85938
vt 0.45313 0.85938
vt 0.48438 0.85938
vt 0.46875 0.85938
vt 0.51563 0.85938
vt 0.5 0.85938
vt 0.54688 0.85938
vt 0.53125 0.85938
vt 0.5625 0.85938
vt 0.57813 0.85938
vt 0.59375 0.85938
vt 0.625 0.85938
vt 0.60938 0.85938
vt 0.64063 0.85938
vt 0.65625 0.85938
vt 0.67188 0.85938
vt 0.70312 0.85938
vt 0.6875 0.85938
vt 0.71875 0.85938
vt 0.73438 0.85938
vt 0.75 0.85938
vt 0.76562 0.85938
vt 0.78125 0.85938
vt 0.79688 0.85938
vt 0.82812 0.85938
vt 0.8125 0.85938
vt 0.84375 0.85938
vt 0.85938 0.85938
vt 0.875 0.85938
vt 0.90625 0.85938
vt 0.89063 0.85938
vt 0.92188 0.85938
vt 0.95312 0.85938
vt 0.9375 0.85938
vt 0.96875 0.85938
vt 0.98438 0.85938
vt 0.03125 0.875
vt 0.01563 0.875
vt 0.04688 0.875
vt 0.0625 0.875
vt 0.09375 0.875
vt 0.07813 0.875
vt 0.125 0.875
vt 0.10938 0.875
vt 0.14063 0.875
vt 0.15625 0.875
vt 0.17188 0.875
vt 0.1875 0.875
vt 0.20313 0.875
vt 0.23438 0.875
vt 0.21875 0.875
vt 0.25 0.875
vt 0.28125 0.875
vt 0.26563 0.875
vt 0.3125 0.875
vt 0.29688 0.875
vt 0.32813 0.875
vt 0.34375 0.875
vt 0.35938 0.875
vt 0.39063 0.875
vt 0.375 0.875
vt 0.42188 0.875
vt 0.40625 0.875
vt 0.4375 0.875
vt 0.46875 0.875
vt 0.45313 0.875
vt 0.48438 0.875
vt 0.51562 0.875
vt 0.5 0.875
vt 0.53125 0.875
vt 0.54688 0.875
vt 0.57813 0.875
vt 0.5625 0.875
vt 0.59375 0.875
vt 0.60938 0.875
vt 0.64062 0.875
vt 0.625 0.875
vt 0.65625 0.875
vt 0.6875 0.875
vt 0.67188 0.875
vt 0.70313 0.875
vt 0.71875 0.875
vt 0.73438 0.875
vt 0.75 0.875
vt 0.76563 0.875
vt 0.78125 0.875
vt 0.8125 0.875
vt 0.79688 0.875
vt 0.82813 0.875
vt 0.84375 0.875
vt 0.85938 0.875
vt 0.875 0.875
vt 0.89063 0.875
vt 0.92188 0.875
vt 0.90625 0.875
vt 0.9375 0.875
vt 0.96875 0.875
vt 0.95313 0.875
vt 0.98438 0.875
vt 0.01563 0.89063
vt 0.03125 0.89063
vt 0.04688 0.89062
vt 0.0625 0.89062
vt 0.07813 0.89063
vt 0.09375 0.89062
vt 0.10938 0.89063
vt 0.14063 0.89062
vt 0.125 0.89063
vt 0.17188 0.89063
vt 0.15625 0.89063
vt 0.1875 0.89063
vt 0.20313 0.89063
vt 0.21875 0.89063
vt 0.25 0.89062
vt 0.23438 0.89063
vt 0.26563 0.89062
vt 0.28125 0.89062
vt 0.29688 0.89062
vt 0.3125 0.89062
vt 0.32813 0.89062
vt 0.35938 0.89063
vt 0.34375 0.89063
vt 0.375 0.89062
vt 0.39063 0.89062
vt 0.40625 0.89063
vt 0.42188 0.89062
vt 0.45313 0.89063
vt 0.4375 0.89063
vt 0.46875 0.89062
vt 0.5 0.89063
vt 0.48438 0.89063
vt 0.51563 0.89063
vt 0.53125 0.89063
vt 0.5625 0.89062
vt 0.54688 0.89063
vt 0.59375 0.89062
vt 0.57812 0.89062
vt 0.60938 0.89062
vt 0.625 0.89063
vt 0.65625 0.89063
vt 0.64062 0.89062
vt 0.67188 0.89062
vt 0.70312 0.89062
vt 0.6875 0.89063
vt 0.71875 0.89062
vt 0.73438 0.89062
vt 0.75 0.89062
vt 0.78125 0.89062
vt 0.76563 0.89063
vt 0.79688 0.89062
vt 0.82812 0.89062
vt 0.8125 0.89062
vt 0.84375 0.89062
vt 0.85938 0.89062
vt 0.875 0.89063
vt 0.90625 0.89062
vt 0.89063 0.89063
vt 0.9375 0.89062
vt 0.92188 0.89063
vt 0.95312 0.89062
vt 0.98438 0.89062
vt 0.96875 0.89063
vt 0.03125 0.90625
vt 0.01563 0.90625
vt 0.04688 0.90625
vt 0.0625 0.90625
vt 0.07813 0.90625
vt 0.10938 0.90625
vt 0.09375 0.90625
vt 0.14063 0.90625
vt 0.125 0.90625
vt 0.15625 0.90625
vt 0.17188 0.90625
vt 0.1875 0.90625
vt 0.21875 0.90625
vt 0.20313 0.90625
vt 0.23438 0.90625
vt 0.25 0.90625
vt 0.26563 0.90625
vt 0.28125 0.90625
vt 0.3125 0.90625
vt 0.29688 0.90625
vt 0.32812 0.90625
vt 0.34375 0.90625
vt 0.375 0.90625
vt 0.35938 0.90625
vt 0.40625 0.90625
vt 0.39063 0.90625
vt 0.42188 0.90625
vt 0.4375 0.90625
vt 0.46875 0.90625
vt 0.45313 0.90625
vt 0.48438 0.90625
vt 0.5 0.90625
vt 0.53125 0.90625
vt 0.51563 0.90625
vt 0.54688 0.90625
vt 0.5625 0.90625
vt 0.57813 0.90625
vt 0.59375 0.90625
vt 0.625 0.90625
vt 0.60938 0.90625
vt 0.64063 0.90625
vt 0.65625 0.90625
vt 0.67188 0.90625
vt 0.70312 0.90625
vt 0.6875 0.90625
vt 0.71875 0.90625
vt 0.73438 0.90625
vt 0.75 0.90625
vt 0.76563 0.90625
vt 0.79688 0.90625
vt 0.78125 0.90625
vt 0.8125 0.90625
vt 0.82813 0.90625
vt 0.84375 0.90625
vt 0.85938 0.90625
vt 0.89062 0.90625
vt 0.875 0.90625
vt 0.90625 0.90625
vt 0.92188 0.90625
vt 0.9375 0.90625
vt 0.95313 0.90625
vt 0.98438 0.90625
vt 0.96875 0.90625
vt 0.03125 0.92188
vt 0.01563 0.92188
vt 0.04688 0.92188
vt 0.07813 0.92188
vt 0.0625 0.92188
vt 0.09375 0.92188
vt 0.10938 0.92188
vt 0.14063 0.92188
vt 0.125 0.92188
vt 0.15625 0.92188
vt 0.1875 0.92188
vt 0.17188 0.92188
vt 0.20313 0.92188
vt 0.21875 0.92188
vt 0.23438 0.92188
vt 0.25 0.92188
vt 0.26563 0.92188
vt 0.28125 0.92188
vt 0.29688 0.92188
vt 0.32813 0.92188
vt 0.3125 0.92188
vt 0.34375 0.92188
vt 0.35938 0.92188
vt 0.39063 0.92188
vt 0.375 0.92188
vt 0.40625 0.92188
vt 0.42188 0.92188
vt 0.4375 0.92188
vt 0.45313 0.92188
vt 0.46875 0.92188
vt 0.48438 0.92188
vt 0.51563 0.92188
vt 0.5 0.92188
vt 0.53125 0.92188
vt 0.54688 0.92188
vt 0.57812 0.92188
vt 0.5625 0.92188
vt 0.59375 0.92188
vt 0.60938 0.92188
vt 0.625 0.92188
vt 0.65625 0.92188
vt 0.64063 0.92188
vt 0.67188 0.92188
vt 0.70312 0.92188
vt 0.6875 0.92188
vt 0.73438 0.92188
vt 0.71875 0.92188
vt 0.75 0.92188
vt 0.76562 0.92188
vt 0.79688 0.92188
vt 0.78125 0.92188
vt 0.8125 0.92188
vt 0.82812 0.92188
vt 0.84375 0.92188
vt 0.875 0.92188
vt 0.85938 0.92188
vt 0.89063 0.92188
vt 0.90625 0.92188
vt 0.9375 0.92188
vt 0.92188 0.92188
vt 0.95312 0.92188
vt 0.96875 0.92188
vt 0.01563 0.9375
vt 0.03125 0.9375
vt 0.0625 0.9375
vt 0.04688 0.9375
vt 0.07812 0.9375
vt 0.09375 0.9375
vt 0.10938 0.9375
vt 0.125 0.9375
vt 0.14063 0.9375
vt 0.15625 0.9375
vt 0.17188 0.9375
vt 0.1875 0.9375
vt 0.20313 0.9375
vt 0.21875 0.9375
vt 0.23438 0.9375
vt 0.25 0.9375
vt 0.26562 0.9375
vt 0.28125 0.9375
vt 0.29688 0.9375
vt 0.3125 0.9375
vt 0.34375 0.9375
vt 0.32813 0.9375
vt 0.35938 0.9375
vt 0.375 0.9375
vt 0.39063 0.9375
vt 0.40625 0.9375
vt 0.4375 0.9375
vt 0.42188 0.9375
vt 0.45313 0.9375
vt 0.46875 0.9375
vt 0.48438 0.9375
vt 0.51562 0.9375
vt 0.5 0.9375
vt 0.54688 0.9375
vt 0.53125 0.9375
vt 0.5625 0.9375
vt 0.57813 0.9375
vt 0.59375 0.9375
vt 0.625 0.9375
vt 0.60938 0.9375
vt 0.64062 0.9375
vt 0.65625 0.9375
vt 0.67188 0.9375
vt 0.70312 0.9375
vt 0.6875 0.9375
vt 0.71875 0.9375
vt 0.75 0.9375
vt 0.73438 0.9375
vt 0.76563 0.9375
vt 0.78125 0.9375
vt 0.79688 0.9375
vt 0.8125 0.9375
vt 0.82813 0.9375
vt 0.84375 0.9375
vt 0.875 0.9375
vt 0.85938 0.9375
vt 0.89062 0.9375
vt 0.90625 0.9375
vt 0.92188 0.9375
vt 0.9375 0.9375
vt 0.95313 0.9375
vt 0.98438 0.9375
vt 0.96875 0.9375
vt 0.03125 0.95313
vt 0.01563 0.95313
vt 0.04688 0.95313
vt 0.0625 0.95313
vt 0.07813 0.95313
vt 0.10938 0.95313
vt 0.09375 0.95313
vt 0.125 0.95313
vt 0.14062 0.95312
vt 0.15625 0.95313
vt 0.17188 0.95313
vt 0.1875 0.95313
vt 0.20313 0.95312
vt 0.21875 0.95313
vt 0.23438 0.95313
vt 0.25 0.95313
vt 0.26563 0.95313
vt 0.28125 0.95312
vt 0.3125 0.95313
vt 0.29688 0.95313
vt 0.32812 0.95312
vt 0.34375 0.95313
vt 0.375 0.95312
vt 0.35938 0.95313
vt 0.40625 0.95313
vt 0.39063 0.95313
vt 0.42188 0.95313
vt 0.45313 0.95313
vt 0.4375 0.95313
vt 0.46875 0.95312
vt 0.48438 0.95312
vt 0.5 0.95313
vt 0.53125 0.95312
vt 0.51563 0.95313
vt 0.54688 0.95313
vt 0.57812 0.95312
vt 0.5625 0.95313
vt 0.59375 0.95313
vt 0.625 0.95313
vt 0.60938 0.95313
vt 0.64062 0.95312
vt 0.67188 0.95312
vt 0.65625 0.95313
vt 0.6875 0.95313
vt 0.70313 0.95313
vt 0.73438 0.95312
vt 0.71875 0.95313
vt 0.75 0.95312
vt 0.76562 0.95312
vt 0.79688 0.95313
vt 0.78125 0.95313
vt 0.8125 0.95312
vt 0.82812 0.95313
vt 0.84375 0.95313
vt 0.875 0.95312
vt 0.85938 0.95312
vt 0.90625 0.95312
vt 0.89063 0.95313
vt 0.92188 0.95313
vt 0.9375 0.95313
vt 0.96875 0.95313
vt 0.95313 0.95313
vt 0.01563 0.96875
vt 0.03125 0.96875
vt 0.04688 0.96875
vt 0.0625 0.96875
vt 0.09375 0.96875
vt 0.07813 0.96875
vt 0.10938 0.96875
vt 0.125 0.96875
vt 0.14063 0.96875
vt 0.17188 0.96875
vt 0.15625 0.96875
vt 0.1875 0.96875
vt 0.21875 0.96875
vt 0.20313 0.96875
vt 0.25 0.96875
vt 0.23438 0.96875
vt 0.28125 0.96875
vt 0.26563 0.96875
vt 0.29688 0.96875
vt 0.32813 0.96875
vt 0.3125 0.96875
vt 0.34375 0.96875
vt 0.375 0.96875
vt 0.35938 0.96875
vt 0.39063 0.96875
vt 0.40625 0.96875
vt 0.42188 0.96875
vt 0.4375 0.96875
vt 0.45313 0.96875
vt 0.48438 0.96875
vt 0.46875 0.96875
vt 0.5 0.96875
vt 0.51563 0.96875
vt 0.54688 0.96875
vt 0.53125 0.96875
vt 0.5625 0.96875
vt 0.57813 0.96875
vt 0.59375 0.96875
vt 0.60938 0.96875
vt 0.625 0.96875
vt 0.64062 0.96875
vt 0.65625 0.96875
vt 0.67188 0.96875
vt 0.6875 0.96875
vt 0.70313 0.96875
vt 0.73438 0.96875
vt 0.71875 0.96875
vt 0.75 0.96875
vt 0.78125 0.96875
vt 0.76563 0.96875
vt 0.79688 0.96875
vt 0.82812 0.96875
vt 0.8125 0.96875
vt 0.85938 0.96875
vt 0.84375 0.96875
vt 0.875 0.96875
vt 0.89063 0.96875
vt 0.90625 0.96875
vt 0.92188 0.96875
vt 0.95313 0.96875
vt 0.9375 0.96875
vt 0.96875 0.96875
vt 0.98438 0.95313
vt 0.03125 0.98438
vt 0.01563 0.98438
vt 0.04688 0.98438
vt 0.0625 0.98438
vt 0.09375 0.98438
vt 0.07813 0.98438
vt 0.10938 0.98438
vt 0.125 0.98438
vt 0.15625 0.98438
vt 0.14063 0.98438
vt 0.17188 0.98438
vt 0.1875 0.98438
vt 0.21875 0.98438
vt 0.20313 0.98438
vt 0.23438 0.98438
vt 0.25 0.98438
vt 0.26563 0.98438
vt 0.29688 0.98438
vt 0.28125 0.98438
vt 0.3125 0.98438
vt 0.34375 0.98438
vt 0.32813 0.98438
vt 0.35938 0.98438
vt 0.39063 0.98438
vt 0.375 0.98438
vt 0.40625 0.98438
vt 0.4375 0.98438
vt 0.42188 0.98438
vt 0.45313 0.98438
vt 0.46875 0.98438
vt 0.48438 0.98438
vt 0.51562 0.98438
vt 0.5 0.98438
vt 0.53125 0.98438
vt 0.54688 0.98438
vt 0.57812 0.98438
vt 0.5625 0.98438
vt 0.60938 0.98438
vt 0.59375 0.98438
vt 0.625 0.98438
vt 0.64062 0.98438
vt 0.65625 0.98438
vt 0.67188 0.98438
vt 0.6875 0.98438
vt 0.70312 0.98438
vt 0.71875 0.98438
vt 0.73438 0.98438
vt 0.75 0.98438
vt 0.76562 0.98438
vt 0.78125 0.98438
vt 0.79688 0.98438
vt 0.82812 0.98438
vt 0.8125 0.98438
vt 0.84375 0.98438
vt 0.85938 0.98438
vt 0.875 0.98438
vt 0.89062 0.98438
vt 0.90625 0.98438
vt 0.92188 0.98438
vt 0.9375 0.98438
vt 0.96875 0.98438
vt 0.95312 0.98438
vt 0.98438 0.98438
vt 0.01563 -0
vt 0 0.01562
vt 0 -0
vt 0.04688 -0
vt 0.03125 -0
vt 0.0625 -0
vt 0.07813 -0
vt 0.09375 -0
vt 0.10938 -0
vt 0.14063 -0
vt 0.125 -0
vt 0.15625 -0
vt 0.17188 -0
vt 0.1875 -0
vt 0.20313 -0
vt 0.21875 -0
vt 0.23438 -0
vt 0.26562 -0
vt 0.25 -0
vt 0.28125 -0
vt 0.29688 -0
vt 0.32813 -0
vt 0.3125 -0
vt 0.35938 -0
vt 0.34375 -0
vt 0.375 -0
vt 0.39063 -0
vt 0.40625 -0
vt 0.42188 -0
vt 0.4375 -0
vt 0.46875 -0
vt 0.45313 -0
vt 0.48438 -0
vt 0.51562 -0
vt 0.5 -0
vt 0.53125 -0
vt 0.54688 -0
vt 0.57813 -0
vt 0.5625 -0
vt 0.60938 -0
vt 0.59375 -0
vt 0.625 -0
vt 0.65625 -0
vt 0.64063 -0
vt 0.67188 -0
vt 0.70312 -0
vt 0.6875 -0
vt 0.71875 -0
vt 0.73438 -0
vt 0.75 -0
vt 0.76563 -0
vt 0.79688 -0
vt 0.78125 -0
vt 0.8125 -0
vt 0.82813 -0
vt 0.84375 -0
vt 0.85938 -0
vt 0.875 -0
vt 0.89062 -0
vt 0.90625 -0
vt 0.9375 -0
vt 0.92188 -0
vt 0.95313 -0
vt 0.98438 -0
vt 0.96875 -0
vt 1 0.01562
vt 1 0.04687
vt 0.98438 0.04687
vt 1 0.0625
vt 1 0.07812
vt 0.98438 0.09375
vt 1 0.10938
vt 1 0.14062
vt 1 0.15625
vt 0.98438 0.15625
vt 1 0.17188
vt 0.98438 0.1875
vt 1 0.20312
vt 1 0.21875
vt 1 0.23438
vt 0.98438 0.23438
vt 1 0.26562
vt 0.98438 0.28125
vt 1 0.28125
vt 1 0.29688
vt 0.98438 0.3125
vt 1 0.32813
vt 1 0.35938
vt 0.98438 0.35938
vt 1 0.375
vt 0.98438 0.39063
vt 1 0.39063
vt 1 0.42188
vt 0.98438 0.42188
vt 1 0.45313
vt 1 0.46875
vt 1 0.5
vt 1 0.51563
vt 0.98438 0.53125
vt 1 0.54688
vt 0.98438 0.5625
vt 1 0.5625
vt 1 0.59375
vt 0.98438 0.60938
vt 1 0.625
vt 1 0.64063
vt 1 0.67188
vt 0.98438 0.67188
vt 1 0.6875
vt 1 0.70313
vt 0.98438 0.71875
vt 1 0.71875
vt 1 0.73438
vt 0.98438 0.75
vt 1 0.75
vt 1 0.76563
vt 1 0.79688
vt 0.98438 0.79688
vt 1 0.8125
vt 1 0.82813
vt 0.98438 0.84375
vt 1 0.84375
vt 1 0.85938
vt 1 0.875
vt 1 0.89063
vt 1 0.90625
vt 0.98438 0.92188
vt 1 0.92188
vt 1 0.95313
vt 1 0.96875
vt 0.98438 0.96875
vt 1 0.98438
vt 0.98438 1
vt 0.96875 1
vt 0.95313 1
vt 0.9375 1
vt 0.92188 1
vt 0.90625 1
vt 0.89063 1
vt 0.875 1
vt 0.85938 1
vt 0.84375 1
vt 0.82813 1
vt 0.8125 1
vt 0.79688 1
vt 0.78125 1
vt 0.76562 1
vt 0.75 1
vt 0.73438 1
vt 0.71875 1
vt 0.70312 1
vt 0.6875 1
vt 0.67188 1
vt 0.65625 1
vt 0.64063 1
vt 0.625 1
vt 0.60938 1
vt 0.59375 1
vt 0.57812 1
vt 0.5625 1
vt 0.54688 1
vt 0.53125 1
vt 0.51562 1
vt 0.5 1
vt 0.48438 1
vt 0.46875 1
vt 0.45313 1
vt 0.4375 1
vt 0.42188 1
vt 0.40625 1
vt 0.39063 1
vt 0.375 1
vt 0.35938 1
vt 0.34375 1
vt 0.32813 1
vt 0.3125 1
vt 0.29688 1
vt 0.28125 1
vt 0.26563 1
vt 0.25 1
vt 0.23438 1
vt 0.21875 1
vt 0.20313 1
vt 0.1875 1
vt 0.17188 1
vt 0.15625 1
vt 0.14063 1
vt 0.125 1
vt 0.10938 1
vt 0.09375 1
vt 0.07813 1
vt 0.0625 1
vt 0.04688 1
vt 0.03125 1
vt 0.01563 1
vt 0 0.98438
vt 0 1
vt 0 0.96875
vt 0 0.95313
vt 0 0.9375
vt 0 0.92188
vt 0 0.90625
vt 0 0.89062
vt 0 0.875
vt 0 0.85938
vt 0 0.84375
vt 0 0.82813
vt 0 0.8125
vt 0 0.79688
vt 0 0.78125
vt 0 0.76562
vt 0 0.75
vt 0 0.73438
vt 0 0.71875
vt 0 0.70313
vt 0 0.6875
vt 0 0.67188
vt 0 0.65625
vt 0 0.64063
vt 0 0.625
vt 0 0.60938
vt 0 0.59375
vt 0 0.57812
vt 0 0.5625
vt 0 0.54688
vt 0 0.53125
vt 0 0.51563
vt 0 0.5
vt 0 0.48438
vt 0 0.46875
vt 0 0.45313
vt 0 0.4375
vt 0 0.42188
vt 0 0.40625
vt 0 0.39063
vt 0 0.375
vt 0 0.35938
vt 0 0.34375
vt 0 0.32813
vt 0 0.3125
vt 0 0.29688
vt 0 0.28125
vt 0 0.26562
vt 0 0.25
vt 0 0.23438
vt 0 0.21875
vt 0 0.20313
vt 0 0.1875
vt 0 0.17188
vt 0 0.15625
vt 0 0.14062
vt 0 0.125
vt 0 0.10938
vt 0 0.09375
vt 0 0.07812
vt 0 0.0625
vt 0 0.04687
vt 0 0.03125
vt 1 -0
vt 1 0.03125
vt 1 0.09375
vt 1 0.125
vt 1 0.1875
vt 1 0.25
vt 1 0.3125
vt 1 0.34375
vt 1 0.40625
vt 1 0.4375
vt 1 0.48438
vt 1 0.53125
vt 1 0.57813
vt 1 0.60938
vt 1 0.65625
vt 1 0.78125
vt 1 0.9375
vt 1 1
usemtl mat0
f 1/1/1 2/2/2 3/3/3
f 4/4/4 2/2/2 5/5/5
f 6/6/6 7/7/7 4/4/4
f 6/6/6 8/8/8 9/9/9
f 10/10/10 11/11/11 8/8/8
f 12/12/12 13/13/13 11/11/11
f 14/14/14 15/15/15 13/13/13
f 16/16/16 15/15/15 17/17/17
f 16/16/16 18/18/18 19/19/19
f 20/20/20 18/18/18 21/21/21
f 20/20/20 22/22/22 23/23/23
f 24/24/24 25/25/25 22/22/22
f 26/26/26 27/27/27 25/25/25
f 28/28/28 29/29/29 27/27/27
f 30/30/30 31/31/31 29/29/29
f 32/32/32 31/31/31 33/33/33
f 34/34/34 35/35/35 32/32/32
f 36/36/36 37/37/37 34/34/34
f 36/36/36 38/38/38 39/39/39
f 40/40/40 41/41/41 38/38/38
f 42/42/42 43/43/43 41/41/41
f 44/44/44 45/45/45 43/43/43
f 46/46/46 47/47/47 45/45/45
f 48/48/48 49/49/49 47/47/47
f 50/50/50 49/49/49 51/51/51
f 52/52/52 53/53/53 50/50/50
f 52/52/52 54/54/54 55/55/55
f 56/56/56 54/54/54 57/57/57
f 58/58/58 59/59/59 56/56/56
f 58/58/58 60/60/60 61/61/61
f 62/62/62 60/60/60 63/63/63
f 62/62/62 64/64/64 65/65/65
f 66/66/66 67/67/67 64/64/64
f 68/68/68 67/67/67 69/69/69
f 68/68/68 70/70/70 71/71/71
f 72/72/72 73/73/73 70/70/70
f 74/74/74 73/73/73 75/75/75
f 76/76/76 77/77/77 74/74/74
f 78/78/78 79/79/79 76/76/76
f 78/78/78 80/80/80 81/81/81
f 82/82/82 83/83/83 80/80/80
f 84/84/84 83/83/83 85/85/85
f 84/84/84 86/86/86 87/87/87
f 88/88/88 86/86/86 89/89/89
f 90/90/90 91/91/91 88/88/88
f 92/92/92 93/93/93 90/90/90
f 92/92/92 94/94/94 95/95/95
f 96/96/96 97/97/97 94/94/94
f 98/98/98 99/99/99 97/97/97
f 100/100/100 99/99/99 101/101/101
f 102/102/102 103/103/103 100/100/100
f 104/104/104 105/105/105 102/102/102
f 106/106/106 107/107/107 104/104/104
f 108/108/108 109/109/109 106/106/106
f 108/108/108 110/110/110 111/111/111
f 112/112/112 110/110/110 113/113/113
f 114/114/114 115/115/115 112/112/112
f 116/116/116 117/117/117 114/114/114
f 116/116/116 118/118/118 119/119/119
f 120/120/120 118/118/118 121/121/121
f 122/122/122 123/123/123 120/120/120
f 124/124/124 125/125/125 122/122/122
f 3/3/3 126/126/126 127/127/127
f 2/2/2 128/128/128 126/126/126
f 7/7/7 129/129/129 128/128/128
f 9/9/9 130/130/130 129/129/129
f 11/11/11 130/130/130 8/8/8
f 13/13/13 131/131/131 11/11/11
f 15/15/15 132/132/132 13/13/13
f 19/19/19 133/133/133 15/15/15
f 18/18/18 134/134/134 19/19/19
f 18/18/18 135/135/135 136/136/136
f 22/22/22 135/135/135 23/23/23
f 25/25/25 137/137/137 22/22/22
f 27/27/27 138/138/138 25/25/25
f 27/27/27 139/139/139 140/140/140
f 29/29/29 141/141/141 139/139/139
f 31/31/31 142/142/142 141/141/141
f 35/35/35 143/143/143 142/142/142
f 37/37/37 144/144/144 143/143/143
f 38/38/38 144/144/144 39/39/39
f 41/41/41 145/145/145 38/38/38
f 43/43/43 146/146/146 41/41/41
f 43/43/43 147/147/147 148/148/148
f 47/47/47 147/147/147 45/45/45
f 47/47/47 149/149/149 150/150/150
f 49/49/49 151/151/151 149/149/149
f 55/55/55 151/151/151 53/53/53
f 54/54/54 152/152/152 55/55/55
f 54/54/54 153/153/153 154/154/154
f 59/59/59 155/155/155 153/153/153
f 60/60/60 155/155/155 61/61/61
f 65/65/65 156/156/156 60/60/60
f 65/65/65 157/157/157 158/158/158
f 64/64/64 159/159/159 157/157/157
f 71/71/71 159/159/159 67/67/67
f 70/70/70 160/160/160 71/71/71
f 70/70/70 161/161/161 162/162/162
f 73/73/73 163/163/163 161/161/161
f 79/79/79 163/163/163 77/77/77
f 81/81/81 164/164/164 79/79/79
f 81/81/81 165/165/165 166/166/166
f 83/83/83 165/165/165 80/80/80
f 87/87/87 167/167/167 83/83/83
f 86/86/86 168/168/168 87/87/87
f 86/86/86 169/169/169 170/170/170
f 91/91/91 171/171/171 169/169/169
f 95/95/95 171/171/171 93/93/93
f 94/94/94 172/172/172 95/95/95
f 97/97/97 173/173/173 94/94/94
f 99/99/99 174/174/174 97/97/97
f 99/99/99 175/175/175 176/176/176
f 103/103/103 177/177/177 175/175/175
f 107/107/107 177/177/177 105/105/105
f 107/107/107 178/178/178 179/179/179
f 111/111/111 178/178/178 109/109/109
f 111/111/111 180/180/180 181/181/181
f 110/110/110 182/182/182 180/180/180
f 115/115/115 183/183/183 182/182/182
f 117/117/117 184/184/184 183/183/183
f 118/118/118 184/184/184 119/119/119
f 118/118/118 185/185/185 186/186/186
f 125/125/125 185/185/185 123/123/123
f 187/187/187 188/188/188 125/125/125
f 127/127/127 189/189/189 190/190/190
f 128/128/128 189/189/189 126/126/126
f 129/129/129 191/191/191 128/128/128
f 129/129/129 192/192/192 193/193/193
f 130/130/130 194/194/194 192/192/192
f 131/131/131 195/195/195 194/194/194
f 132/132/132 196/196/196 195/195/195
f 133/133/133 197/197/197 196/196/196
f 134/134/134 198/198/198 197/197/197
f 135/135/135 198/198/198 136/136/136
f 137/137/137 199/199/199 135/135/135
f 138/138/138 200/200/200 137/137/137
f 138/138/138 201/201/201 202/202/202
f 139/139/139 201/201/201 140/140/140
f 141/141/141 203/203/203 139/139/139
f 142/142/142 204/204/204 141/141/141
f 143/143/143 205/205/205 142/142/142
f 144/144/144 206/206/206 143/143/143
f 144/144/144 207/207/207 208/208/208
f 146/146/146 207/207/207 145/145/145
f 148/148/148 209/209/209 146/146/146
f 148/148/148 210/210/210 211/211/211
f 147/147/147 212/212/212 210/210/210
f 150/150/150 213/213/213 212/212/212
f 151/151/151 213/213/213 149/149/149
f 152/152/152 214/214/214 151/151/151
f 152/152/152 215/215/215 216/216/216
f 153/153/153 215/215/215 154/154/154
f 153/153/153 217/217/217 218/218/218
f 155/155/155 219/219/219 217/217/217
f 158/158/158 219/219/219 156/156/156
f 157/157/157 220/220/220 158/158/158
f 159/159/159 221/221/221 157/157/157
f 160/160/160 222/222/222 159/159/159
f 160/160/160 223/223/223 224/224/224
f 161/161/161 223/223/223 162/162/162
f 161/161/161 225/225/225 226/226/226
f 163/163/163 227/227/227 225/225/225
f 166/166/166 227/227/227 164/164/164
f 165/165/165 228/228/228 166/166/166
f 165/165/165 229/229/229 230/230/230
f 167/167/167 231/231/231 229/229/229
f 168/168/168 232/232/232 231/231/231
f 169/169/169 232/232/232 170/170/170
f 171/171/171 233/233/233 169/169/169
f 171/171/171 234/234/234 235/235/235
f 173/173/173 234/234/234 172/172/172
f 173/173/173 236/236/236 237/237/237
f 176/176/176 236/236/236 174/174/174
f 175/175/175 238/238/238 176/176/176
f 175/175/175 239/239/239 240/240/240
f 179/179/179 239/239/239 177/177/177
f 179/179/179 241/241/241 242/242/242
f 181/181/181 241/241/241 178/178/178
f 180/180/180 243/243/243 181/181/181
f 180/180/180 244/244/244 245/245/245
f 183/183/183 244/244/244 182/182/182
f 184/184/184 246/246/246 183/183/183
f 184/184/184 247/247/247 248/248/248
f 186/186/186 249/249/249 247/247/247
f 185/185/185 250/250/250 249/249/249
f 188/188/188 251/251/251 250/250/250
f 189/189/189 252/252/252 190/190/190
f 191/191/191 253/253/253 189/189/189
f 191/191/191 254/254/254 255/255/255
f 193/193/193 256/256/256 254/254/254
f 192/192/192 257/257/257 256/256/256
f 195/195/195 257/257/257 194/194/194
f 196/196/196 258/258/258 195/195/195
f 196/196/196 259/259/259 260/260/260
f 197/197/197 261/261/261 259/259/259
f 199/199/199 261/261/261 198/198/198
f 199/199/199 262/262/262 263/263/263
f 200/200/200 264/264/264 262/262/262
f 201/201/201 264/264/264 202/202/202
f 203/203/203 265/265/265 201/201/201
f 204/204/204 266/266/266 203/203/203
f 204/204/204 267/267/267 268/268/268
f 205/205/205 269/269/269 267/267/267
f 208/208/208 269/269/269 206/206/206
f 208/208/208 270/270/270 271/271/271
f 207/207/207 272/272/272 270/270/270
f 211/211/211 272/272/272 209/209/209
f 211/211/211 273/273/273 274/274/274
f 210/210/210 275/275/275 273/273/273
f 213/213/213 275/275/275 212/212/212
f 213/213/213 276/276/276 277/277/277
f 214/214/214 278/278/278 276/276/276
f 215/215/215 278/278/278 216/216/216
f 218/218/218 279/279/279 215/215/215
f 217/217/217 280/280/280 218/218/218
f 217/217/217 281/281/281 282/282/282
f 219/219/219 283/283/283 281/281/281
f 221/221/221 283/283/283 220/220/220
f 221/221/221 284/284/284 285/285/285
f 224/224/224 284/284/284 222/222/222
f 223/223/223 286/286/286 224/224/224
f 223/223/223 287/287/287 288/288/288
f 226/226/226 289/289/289 287/287/287
f 225/225/225 290/290/290 289/289/289
f 227/227/227 291/291/291 290/290/290
f 230/230/230 291/291/291 228/228/228
f 230/230/230 292/292/292 293/293/293
f 231/231/231 292/292/292 229/229/229
f 231/231/231 294/294/294 295/295/295
f 233/233/233 294/294/294 232/232/232
f 233/233/233 296/296/296 297/297/297
f 235/235/235 298/298/298 296/296/296
f 237/237/237 298/298/298 234/234/234
f 237/237/237 299/299/299 300/300/300
f 236/236/236 301/301/301 299/299/299
f 238/238/238 302/302/302 301/301/301
f 239/239/239 302/302/302 240/240/240
f 242/242/242 303/303/303 239/239/239
f 241/241/241 304/304/304 242/242/242
f 243/243/243 305/305/305 241/241/241
f 245/245/245 306/306/306 243/243/243
f 245/245/245 307/307/307 308/308/308
f 244/244/244 309/309/309 307/307/307
f 248/248/248 309/309/309 246/246/246
f 247/247/247 310/310/310 248/248/248
f 247/247/247 311/311/311 312/312/312
f 249/249/249 313/313/313 311/311/311
f 251/251/251 313/313/313 250/250/250
f 252/252/252 314/314/314 315/315/315
f 253/253/253 316/316/316 314/314/314
f 254/254/254 316/316/316 255/255/255
f 256/256/256 317/317/317 254/254/254
f 257/257/257 318/318/318 256/256/256
f 257/257/257 319/319/319 320/320/320
f 260/260/260 319/319/319 258/258/258
f 259/259/259 321/321/321 260/260/260
f 261/261/261 322/322/322 259/259/259
f 263/263/263 323/323/323 261/261/261
f 262/262/262 324/324/324 263/263/263
f 262/262/262 325/325/325 326/326/326
f 264/264/264 327/327/327 325/325/325
f 266/266/266 327/327/327 265/265/265
f 268/268/268 328/328/328 266/266/266
f 267/267/267 329/329/329 268/268/268
f 269/269/269 330/330/330 267/267/267
f 271/271/271 331/331/331 269/269/269
f 271/271/271 332/332/332 333/333/333
f 272/272/272 332/332/332 270/270/270
f 272/272/272 334/334/334 335/335/335
f 273/273/273 334/334/334 274/274/274
f 275/275/275 336/336/336 273/273/273
f 277/277/277 337/337/337 275/275/275
f 277/277/277 338/338/338 339/339/339
f 278/278/278 338/338/338 276/276/276
f 279/279/279 340/340/340 278/278/278
f 280/280/280 341/341/341 279/279/279
f 280/280/280 342/342/342 343/343/343
f 281/281/281 342/342/342 282/282/282
f 281/281/281 344/344/344 345/345/345
f 285/285/285 344/344/344 283/283/283
f 285/285/285 346/346/346 347/347/347
f 284/284/284 348/348/348 346/346/346
f 286/286/286 349/349/349 348/348/348
f 287/287/287 349/349/349 288/288/288
f 289/289/289 350/350/350 287/287/287
f 290/290/290 351/351/351 289/289/289
f 290/290/290 352/352/352 353/353/353
f 293/293/293 352/352/352 291/291/291
f 292/292/292 354/354/354 293/293/293
f 292/292/292 355/355/355 356/356/356
f 295/295/295 357/357/357 355/355/355
f 297/297/297 357/357/357 294/294/294
f 297/297/297 358/358/358 359/359/359
f 296/296/296 360/360/360 358/358/358
f 298/298/298 361/361/361 360/360/360
f 300/300/300 362/362/362 361/361/361
f 301/301/301 362/362/362 299/299/299
f 302/302/302 363/363/363 301/301/301
f 303/303/303 364/364/364 302/302/302
f 303/303/303 365/365/365 366/366/366
f 304/304/304 367/367/367 365/365/365
f 306/306/306 367/367/367 305/305/305
f 308/308/308 368/368/368 306/306/306
f 307/307/307 369/369/369 308/308/308
f 307/307/307 370/370/370 371/371/371
f 310/310/310 370/370/370 309/309/309
f 310/310/310 372/372/372 373/373/373
f 311/311/311 372/372/372 312/312/312
f 311/311/311 374/374/374 375/375/375
f 376/376/376 374/374/374 313/313/313
f 314/314/314 377/377/377 315/315/315
f 316/316/316 378/378/378 314/314/314
f 317/317/317 379/379/379 316/316/316
f 317/317/317 380/380/380 381/381/381
f 318/318/318 382/382/382 380/380/380
f 319/319/319 382/382/382 320/320/320
f 319/319/319 383/383/383 384/384/384
f 321/321/321 385/385/385 383/383/383
f 322/322/322 386/386/386 385/385/385
f 323/323/323 387/387/387 386/386/386
f 326/326/326 387/387/387 324/324/324
f 326/326/326 388/388/388 389/389/389
f 327/327/327 388/388/388 325/325/325
f 327/327/327 390/390/390 391/391/391
f 329/329/329 390/390/390 328/328/328
f 329/329/329 392/392/392 393/393/393
f 331/331/331 392/392/392 330/330/330
f 331/331/331 394/394/394 395/395/395
f 332/332/332 394/394/394 333/333/333
f 335/335/335 396/396/396 332/332/332
f 335/335/335 397/397/397 398/398/398
f 336/336/336 397/397/397 334/334/334
f 337/337/337 399/399/399 336/336/336
f 339/339/339 400/400/400 337/337/337
f 338/338/338 401/401/401 339/339/339
f 340/340/340 402/402/402 338/338/338
f 341/341/341 403/403/403 340/340/340
f 343/343/343 404/404/404 341/341/341
f 342/342/342 405/405/405 343/343/343
f 342/342/342 406/406/406 407/407/407
f 345/345/345 408/408/408 406/406/406
f 347/347/347 408/408/408 344/344/344
f 346/346/346 409/409/409 347/347/347
f 348/348/348 410/410/410 346/346/346
f 349/349/349 411/411/411 348/348/348
f 350/350/350 412/412/412 349/349/349
f 350/350/350 413/413/413 414/414/414
f 353/353/353 413/413/413 351/351/351
f 353/353/353 415/415/415 416/416/416
f 352/352/352 417/417/417 415/415/415
f 354/354/354 418/418/418 417/417/417
f 355/355/355 418/418/418 356/356/356
f 355/355/355 419/419/419 420/420/420
f 359/359/359 419/419/419 357/357/357
f 358/358/358 421/421/421 359/359/359
f 358/358/358 422/422/422 423/423/423
f 360/360/360 424/424/424 422/422/422
f 361/361/361 425/425/425 424/424/424
f 362/362/362 426/426/426 425/425/425
f 363/363/363 427/427/427 426/426/426
f 366/366/366 427/427/427 364/364/364
f 366/366/366 428/428/428 429/429/429
f 365/365/365 430/430/430 428/428/428
f 367/367/367 431/431/431 430/430/430
f 368/368/368 432/432/432 431/431/431
f 371/371/371 432/432/432 369/369/369
f 370/370/370 433/433/433 371/371/371
f 370/370/370 434/434/434 435/435/435
f 372/372/372 434/434/434 373/373/373
f 372/372/372 436/436/436 437/437/437
f 375/375/375 438/438/438 436/436/436
f 374/374/374 439/439/439 438/438/438
f 377/377/377 440/440/440 441/441/441
f 379/379/379 440/440/440 378/378/378
f 381/381/381 442/442/442 379/379/379
f 381/381/381 443/443/443 444/444/444
f 382/382/382 443/443/443 380/380/380
f 384/384/384 445/445/445 382/382/382
f 384/384/384 446/446/446 447/447/447
f 385/385/385 446/446/446 383/383/383
f 386/386/386 448/448/448 385/385/385
f 387/387/387 449/449/449 386/386/386
f 387/387/387 450/450/450 451/451/451
f 388/388/388 450/450/450 389/389/389
f 391/391/391 452/452/452 388/388/388
f 390/390/390 453/453/453 391/391/391
f 393/393/393 454/454/454 390/390/390
f 393/393/393 455/455/455 456/456/456
f 392/392/392 457/457/457 455/455/455
f 395/395/395 458/458/458 457/457/457
f 394/394/394 459/459/459 458/458/458
f 396/396/396 460/460/460 459/459/459
f 397/397/397 460/460/460 398/398/398
f 399/399/399 461/461/461 397/397/397
f 400/400/400 462/462/462 399/399/399
f 400/400/400 463/463/463 464/464/464
f 401/401/401 465/465/465 463/463/463
f 402/402/402 466/466/466 465/465/465
f 403/403/403 467/467/467 466/466/466
f 404/404/404 468/468/468 467/467/467
f 407/407/407 468/468/468 405/405/405
f 407/407/407 469/469/469 470/470/470
f 406/406/406 471/471/471 469/469/469
f 409/409/409 471/471/471 408/408/408
f 410/410/410 472/472/472 409/409/409
f 410/410/410 473/473/473 474/474/474
f 411/411/411 475/475/475 473/473/473
f 414/414/414 475/475/475 412/412/412
f 414/414/414 476/476/476 477/477/477
f 416/416/416 476/476/476 413/413/413
f 415/415/415 478/478/478 416/416/416
f 417/417/417 479/479/479 415/415/415
f 418/418/418 480/480/480 417/417/417
f 420/420/420 481/481/481 418/418/418
f 419/419/419 482/482/482 420/420/420
f 421/421/421 483/483/483 419/419/419
f 423/423/423 484/484/484 421/421/421
f 422/422/422 485/485/485 423/423/423
f 424/424/424 486/486/486 422/422/422
f 425/425/425 487/487/487 424/424/424
f 426/426/426 488/488/488 425/425/425
f 426/426/426 489/489/489 490/490/490
f 427/427/427 491/491/491 489/489/489
f 428/428/428 491/491/491 429/429/429
f 428/428/428 492/492/492 493/493/493
f 431/431/431 492/492/492 430/430/430
f 432/432/432 494/494/494 431/431/431
f 433/433/433 495/495/495 432/432/432
f 433/433/433 496/496/496 497/497/497
f 435/435/435 498/498/498 496/496/496
f 437/437/437 498/498/498 434/434/434
f 436/436/436 499/499/499 437/437/437
f 438/438/438 500/500/500 436/436/436
f 439/439/439 501/501/501 438/438/438
f 441/441/441 502/502/502 503/503/503
f 440/440/440 504/504/504 502/502/502
f 442/442/442 505/505/505 504/504/504
f 443/443/443 505/505/505 444/444/444
f 445/445/445 506/506/506 443/443/443
f 445/445/445 507/507/507 508/508/508
f 446/446/446 507/507/507 447/447/447
f 448/448/448 509/509/509 446/446/446
f 448/448/448 510/510/510 511/511/511
f 449/449/449 512/512/512 510/510/510
f 451/451/451 513/513/513 512/512/512
f 450/450/450 514/514/514 513/513/513
f 452/452/452 515/515/515 514/514/514
f 453/453/453 516/516/516 515/515/515
f 456/456/456 516/516/516 454/454/454
f 456/456/456 517/517/517 518/518/518
f 457/457/457 517/517/517 455/455/455
f 458/458/458 519/519/519 457/457/457
f 459/459/459 520/520/520 458/458/458
f 460/460/460 521/521/521 459/459/459
f 461/461/461 522/522/522 460/460/460
f 461/461/461 523/523/523 524/524/524
f 462/462/462 525/525/525 523/523/523
f 463/463/463 525/525/525 464/464/464
f 465/465/465 526/526/526 463/463/463
f 465/465/465 527/527/527 528/528/528
f 467/467/467 527/527/527 466/466/466
f 467/467/467 529/529/529 530/530/530
f 468/468/468 531/531/531 529/529/529
f 469/469/469 531/531/531 470/470/470
f 469/469/469 532/532/532 533/533/533
f 471/471/471 534/534/534 532/532/532
f 472/472/472 535/535/535 534/534/534
f 473/473/473 535/535/535 474/474/474
f 475/475/475 536/536/536 473/473/473
f 475/475/475 537/537/537 538/538/538
f 476/476/476 537/537/537 477/477/477
f 478/478/478 539/539/539 476/476/476
f 478/478/478 540/540/540 541/541/541
f 480/480/480 540/540/540 479/479/479
f 481/481/481 542/542/542 480/480/480
f 481/481/481 543/543/543 544/544/544
f 482/482/482 545/545/545 543/543/543
f 484/484/484 545/545/545 483/483/483
f 484/484/484 546/546/546 547/547/547
f 485/485/485 548/548/548 546/546/546
f 486/486/486 549/549/549 548/548/548
f 488/488/488 549/549/549 487/487/487
f 490/490/490 550/550/550 488/488/488
f 490/490/490 551/551/551 552/552/552
f 491/491/491 551/551/551 489/489/489
f 493/493/493 553/553/553 491/491/491
f 493/493/493 554/554/554 555/555/555
f 494/494/494 554/554/554 492/492/492
f 495/495/495 556/556/556 494/494/494
f 495/495/495 557/557/557 558/558/558
f 496/496/496 557/557/557 497/497/497
f 498/498/498 559/559/559 496/496/496
f 499/499/499 560/560/560 498/498/498
f 500/500/500 561/561/561 499/499/499
f 501/501/501 562/562/562 500/500/500
f 563/563/563 564/564/564 501/501/501
f 502/502/502 565/565/565 503/503/503
f 504/504/504 566/566/566 502/502/502
f 505/505/505 567/567/567 504/504/504
f 505/505/505 568/568/568 569/569/569
f 508/508/508 568/568/568 506/506/506
f 508/508/508 570/570/570 571/571/571
f 507/507/507 572/572/572 570/570/570
f 509/509/509 573/573/573 572/572/572
f 510/510/510 573/573/573 511/511/511
f 512/512/512 574/574/574 510/510/510
f 513/513/513 575/575/575 512/512/512
f 514/514/514 576/576/576 513/513/513
f 515/515/515 577/577/577 514/514/514
f 515/515/515 578/578/578 579/579/579
f 516/516/516 580/580/580 578/578/578
f 518/518/518 581/581/581 580/580/580
f 517/517/517 582/582/582 581/581/581
f 520/520/520 582/582/582 519/519/519
f 520/520/520 583/583/583 584/584/584
f 521/521/521 585/585/585 583/583/583
f 522/522/522 586/586/586 585/585/585
f 524/524/524 587/587/587 586/586/586
f 523/523/523 588/588/588 587/587/587
f 526/526/526 588/588/588 525/525/525
f 526/526/526 589/589/589 590/590/590
f 527/527/527 589/589/589 528/528/528
f 530/530/530 591/591/591 527/527/527
f 530/530/530 592/592/592 593/593/593
f 531/531/531 592/592/592 529/529/529
f 533/533/533 594/594/594 531/531/531
f 532/532/532 595/595/595 533/533/533
f 532/532/532 596/596/596 597/597/597
f 534/534/534 598/598/598 596/596/596
f 535/535/535 599/599/599 598/598/598
f 538/538/538 599/599/599 536/536/536
f 538/538/538 600/600/600 601/601/601
f 537/537/537 602/602/602 600/600/600
f 541/541/541 602/602/602 539/539/539
f 540/540/540 603/603/603 541/541/541
f 542/542/542 604/604/604 540/540/540
f 544/544/544 605/605/605 542/542/542
f 543/543/543 606/606/606 544/544/544
f 543/543/543 607/607/607 608/608/608
f 545/545/545 609/609/609 607/607/607
f 547/547/547 610/610/610 609/609/609
f 548/548/548 610/610/610 546/546/546
f 548/548/548 611/611/611 612/612/612
f 549/549/549 613/613/613 611/611/611
f 552/552/552 613/613/613 550/550/550
f 552/552/552 614/614/614 615/615/615
f 551/551/551 616/616/616 614/614/614
f 553/553/553 617/617/617 616/616/616
f 555/555/555 618/618/618 617/617/617
f 554/554/554 619/619/619 618/618/618
f 558/558/558 619/619/619 556/556/556
f 557/557/557 620/620/620 558/558/558
f 557/557/557 621/621/621 622/622/622
f 559/559/559 623/623/623 621/621/621
f 561/561/561 623/623/623 560/560/560
f 562/562/562 624/624/624 561/561/561
f 564/564/564 625/625/625 562/562/562
f 626/626/626 627/627/627 564/564/564
f 566/566/566 628/628/628 565/565/565
f 566/566/566 629/629/629 630/630/630
f 569/569/569 629/629/629 567/567/567
f 569/569/569 631/631/631 632/632/632
f 568/568/568 633/633/633 631/631/631
f 571/571/571 634/634/634 633/633/633
f 570/570/570 635/635/635 634/634/634
f 573/573/573 635/635/635 572/572/572
f 573/573/573 636/636/636 637/637/637
f 574/574/574 638/638/638 636/636/636
f 576/576/576 638/638/638 575/575/575
f 577/577/577 639/639/639 576/576/576
f 577/577/577 640/640/640 641/641/641
f 579/579/579 642/642/642 640/640/640
f 580/580/580 642/642/642 578/578/578
f 581/581/581 643/643/643 580/580/580
f 581/581/581 644/644/644 645/645/645
f 584/584/584 644/644/644 582/582/582
f 583/583/583 646/646/646 584/584/584
f 585/585/585 647/647/647 583/583/583
f 585/585/585 648/648/648 649/649/649
f 587/587/587 648/648/648 586/586/586
f 588/588/588 650/650/650 587/587/587
f 590/590/590 651/651/651 588/588/588
f 590/590/590 652/652/652 653/653/653
f 591/591/591 652/652/652 589/589/589
f 591/591/591 654/654/654 655/655/655
f 593/593/593 656/656/656 654/654/654
f 592/592/592 657/657/657 656/656/656
f 594/594/594 658/658/658 657/657/657
f 597/597/597 658/658/658 595/595/595
f 597/597/597 659/659/659 660/660/660
f 598/598/598 659/659/659 596/596/596
f 598/598/598 661/661/661 662/662/662
f 601/601/601 661/661/661 599/599/599
f 600/600/600 663/663/663 601/601/601
f 602/602/602 664/664/664 600/600/600
f 603/603/603 665/665/665 602/602/602
f 603/603/603 666/666/666 667/667/667
f 605/605/605 666/666/666 604/604/604
f 605/605/605 668/668/668 669/669/669
f 608/608/608 668/668/668 606/606/606
f 608/608/608 670/670/670 671/671/671
f 607/607/607 672/672/672 670/670/670
f 610/610/610 672/672/672 609/609/609
f 612/612/612 673/673/673 610/610/610
f 612/612/612 674/674/674 675/675/675
f 613/613/613 674/674/674 611/611/611
f 615/615/615 676/676/676 613/613/613
f 614/614/614 677/677/677 615/615/615
f 616/616/616 678/678/678 614/614/614
f 616/616/616 679/679/679 680/680/680
f 618/618/618 679/679/679 617/617/617
f 619/619/619 681/681/681 618/618/618
f 619/619/619 682/682/682 683/683/683
f 620/620/620 684/684/684 682/682/682
f 621/621/621 684/684/684 622/622/622
f 621/621/621 685/685/685 686/686/686
f 624/624/624 685/685/685 623/623/623
f 624/624/624 687/687/687 688/688/688
f 625/625/625 689/689/689 687/687/687
f 627/627/627 690/690/690 689/689/689
f 630/630/630 691/691/691 628/628/628
f 630/630/630 692/692/692 693/693/693
f 629/629/629 694/694/694 692/692/692
f 631/631/631 694/694/694 632/632/632
f 633/633/633 695/695/695 631/631/631
f 634/634/634 696/696/696 633/633/633
f 635/635/635 697/697/697 634/634/634
f 637/637/637 698/698/698 635/635/635
f 636/636/636 699/699/699 637/637/637
f 638/638/638 700/700/700 636/636/636
f 638/638/638 701/701/701 702/702/702
f 639/639/639 703/703/703 701/701/701
f 641/641/641 704/704/704 703/703/703
f 640/640/640 705/705/705 704/704/704
f 643/643/643 705/705/705 642/642/642
f 645/645/645 706/706/706 643/643/643
f 644/644/644 707/707/707 645/645/645
f 646/646/646 708/708/708 644/644/644
f 646/646/646 709/709/709 710/710/710
f 647/647/647 711/711/711 709/709/709
f 648/648/648 711/711/711 649/649/649
f 650/650/650 712/712/712 648/648/648
f 651/651/651 713/713/713 650/650/650
f 653/653/653 714/714/714 651/651/651
f 653/653/653 715/715/715 716/716/716
f 655/655/655 715/715/715 652/652/652
f 654/654/654 717/717/717 655/655/655
f 656/656/656 718/718/718 654/654/654
f 657/657/657 719/719/719 656/656/656
f 658/658/658 720/720/720 657/657/657
f 660/660/660 721/721/721 658/658/658
f 660/660/660 722/722/722 723/723/723
f 662/662/662 722/722/722 659/659/659
f 661/661/661 724/724/724 662/662/662
f 661/661/661 725/725/725 726/726/726
f 664/664/664 725/725/725 663/663/663
f 664/664/664 727/727/727 728/728/728
f 667/667/667 727/727/727 665/665/665
f 667/667/667 729/729/729 730/730/730
f 666/666/666 731/731/731 729/729/729
f 669/669/669 732/732/732 731/731/731
f 668/668/668 733/733/733 732/732/732
f 671/671/671 734/734/734 733/733/733
f 672/672/672 734/734/734 670/670/670
f 673/673/673 735/735/735 672/672/672
f 675/675/675 736/736/736 673/673/673
f 675/675/675 737/737/737 738/738/738
f 674/674/674 739/739/739 737/737/737
f 677/677/677 739/739/739 676/676/676
f 678/678/678 740/740/740 677/677/677
f 680/680/680 741/741/741 678/678/678
f 679/679/679 742/742/742 680/680/680
f 681/681/681 743/743/743 679/679/679
f 683/683/683 744/744/744 681/681/681
f 682/682/682 745/745/745 683/683/683
f 684/684/684 746/746/746 682/682/682
f 684/684/684 747/747/747 748/748/748
f 685/685/685 747/747/747 686/686/686
f 688/688/688 749/749/749 685/685/685
f 688/688/688 750/750/750 751/751/751
f 689/689/689 750/750/750 687/687/687
f 690/690/690 752/752/752 689/689/689
f 691/691/691 753/753/753 754/754/754
f 693/693/693 755/755/755 753/753/753
f 694/694/694 755/755/755 692/692/692
f 695/695/695 756/756/756 694/694/694
f 696/696/696 757/757/757 695/695/695
f 697/697/697 758/758/758 696/696/696
f 698/698/698 759/759/759 697/697/697
f 699/699/699 760/760/760 698/698/698
f 699/699/699 761/761/761 762/762/762
f 700/700/700 763/763/763 761/761/761
f 701/701/701 763/763/763 702/702/702
f 703/703/703 764/764/764 701/701/701
f 704/704/704 765/765/765 703/703/703
f 705/705/705 766/766/766 704/704/704
f 706/706/706 767/767/767 705/705/705
f 706/706/706 768/768/768 769/769/769
f 707/707/707 770/770/770 768/768/768
f 708/708/708 771/771/771 770/770/770
f 709/709/709 771/771/771 710/710/710
f 711/711/711 772/772/772 709/709/709
f 711/711/711 773/773/773 774/774/774
f 712/712/712 775/775/775 773/773/773
f 713/713/713 776/776/776 775/775/775
f 716/716/716 776/776/776 714/714/714
f 715/715/715 777/777/777 716/716/716
f 717/717/717 778/778/778 715/715/715
f 717/717/717 779/779/779 780/780/780
f 718/718/718 781/781/781 779/779/779
f 720/720/720 781/781/781 719/719/719
f 721/721/721 782/782/782 720/720/720
f 721/721/721 783/783/783 784/784/784
f 723/723/723 785/785/785 783/783/783
f 724/724/724 785/785/785 722/722/722
f 724/724/724 786/786/786 787/787/787
f 725/725/725 786/786/786 726/726/726
f 725/725/725 788/788/788 789/789/789
f 728/728/728 790/790/790 788/788/788
f 730/730/730 790/790/790 727/727/727
f 729/729/729 791/791/791 730/730/730
f 729/729/729 792/792/792 793/793/793
f 732/732/732 792/792/792 731/731/731
f 733/733/733 794/794/794 732/732/732
f 733/733/733 795/795/795 796/796/796
f 734/734/734 797/797/797 795/795/795
f 735/735/735 798/798/798 797/797/797
f 736/736/736 799/799/799 798/798/798
f 738/738/738 800/800/800 799/799/799
f 737/737/737 801/801/801 800/800/800
f 739/739/739 802/802/802 801/801/801
f 740/740/740 803/803/803 802/802/802
f 741/741/741 804/804/804 803/803/803
f 743/743/743 804/804/804 742/742/742
f 744/744/744 805/805/805 743/743/743
f 744/744/744 806/806/806 807/807/807
f 745/745/745 808/808/808 806/806/806
f 746/746/746 809/809/809 808/808/808
f 748/748/748 810/810/810 809/809/809
f 747/747/747 811/811/811 810/810/810
f 751/751/751 811/811/811 749/749/749
f 751/751/751 812/812/812 813/813/813
f 750/750/750 814/814/814 812/812/812
f 752/752/752 815/815/815 814/814/814
f 753/753/753 816/816/816 754/754/754
f 755/755/755 817/817/817 753/753/753
f 756/756/756 818/818/818 755/755/755
f 756/756/756 819/819/819 820/820/820
f 757/757/757 821/821/821 819/819/819
f 758/758/758 822/822/822 821/821/821
f 759/759/759 823/823/823 822/822/822
f 762/762/762 823/823/823 760/760/760
f 761/761/761 824/824/824 762/762/762
f 761/761/761 825/825/825 826/826/826
f 764/764/764 825/825/825 763/763/763
f 764/764/764 827/827/827 828/828/828
f 765/765/765 829/829/829 827/827/827
f 767/767/767 829/829/829 766/766/766
f 769/769/769 830/830/830 767/767/767
f 769/769/769 831/831/831 832/832/832
f 768/768/768 833/833/833 831/831/831
f 770/770/770 834/834/834 833/833/833
f 772/772/772 834/834/834 771/771/771
f 774/774/774 835/835/835 772/772/772
f 774/774/774 836/836/836 837/837/837
f 773/773/773 838/838/838 836/836/836
f 775/775/775 839/839/839 838/838/838
f 777/777/777 839/839/839 776/776/776
f 777/777/777 840/840/840 841/841/841
f 780/780/780 840/840/840 778/778/778
f 780/780/780 842/842/842 843/843/843
f 779/779/779 844/844/844 842/842/842
f 781/781/781 845/845/845 844/844/844
f 782/782/782 846/846/846 845/845/845
f 784/784/784 847/847/847 846/846/846
f 785/785/785 847/847/847 783/783/783
f 787/787/787 848/848/848 785/785/785
f 787/787/787 849/849/849 850/850/850
f 789/789/789 849/849/849 786/786/786
f 788/788/788 851/851/851 789/789/789
f 788/788/788 852/852/852 853/853/853
f 791/791/791 852/852/852 790/790/790
f 793/793/793 854/854/854 791/791/791
f 793/793/793 855/855/855 856/856/856
f 794/794/794 855/855/855 792/792/792
f 796/796/796 857/857/857 794/794/794
f 796/796/796 858/858/858 859/859/859
f 797/797/797 858/858/858 795/795/795
f 798/798/798 860/860/860 797/797/797
f 799/799/799 861/861/861 798/798/798
f 799/799/799 862/862/862 863/863/863
f 801/801/801 862/862/862 800/800/800
f 801/801/801 864/864/864 865/865/865
f 802/802/802 866/866/866 864/864/864
f 803/803/803 867/867/867 866/866/866
f 804/804/804 868/868/868 867/867/867
f 805/805/805 869/869/869 868/868/868
f 807/807/807 870/870/870 869/869/869
f 806/806/806 871/871/871 870/870/870
f 809/809/809 871/871/871 808/808/808
f 810/810/810 872/872/872 809/809/809
f 811/811/811 873/873/873 810/810/810
f 813/813/813 874/874/874 811/811/811
f 812/812/812 875/875/875 813/813/813
f 814/814/814 876/876/876 812/812/812
f 815/815/815 877/877/877 814/814/814
f 817/817/817 878/878/878 816/816/816
f 817/817/817 879/879/879 880/880/880
f 818/818/818 881/881/881 879/879/879
f 819/819/819 881/881/881 820/820/820
f 819/819/819 882/882/882 883/883/883
f 822/822/822 882/882/882 821/821/821
f 822/822/822 884/884/884 885/885/885
f 823/823/823 886/886/886 884/884/884
f 824/824/824 887/887/887 886/886/886
f 826/826/826 888/888/888 887/887/887
f 828/828/828 888/888/888 825/825/825
f 827/827/827 889/889/889 828/828/828
f 827/827/827 890/890/890 891/891/891
f 830/830/830 890/890/890 829/829/829
f 830/830/830 892/892/892 893/893/893
f 831/831/831 892/892/892 832/832/832
f 833/833/833 894/894/894 831/831/831
f 834/834/834 895/895/895 833/833/833
f 835/835/835 896/896/896 834/834/834
f 835/835/835 897/897/897 898/898/898
f 836/836/836 897/897/897 837/837/837
f 838/838/838 899/899/899 836/836/836
f 839/839/839 900/900/900 838/838/838
f 841/841/841 901/901/901 839/839/839
f 841/841/841 902/902/902 903/903/903
f 843/843/843 902/902/902 840/840/840
f 843/843/843 904/904/904 905/905/905
f 844/844/844 904/904/904 842/842/842
f 845/845/845 906/906/906 844/844/844
f 846/846/846 907/907/907 845/845/845
f 846/846/846 908/908/908 909/909/909
f 848/848/848 908/908/908 847/847/847
f 848/848/848 910/910/910 911/911/911
f 850/850/850 912/912/912 910/910/910
f 849/849/849 913/913/913 912/912/912
f 853/853/853 913/913/913 851/851/851
f 853/853/853 914/914/914 915/915/915
f 854/854/854 914/914/914 852/852/852
f 854/854/854 916/916/916 917/917/917
f 856/856/856 918/918/918 916/916/916
f 855/855/855 919/919/919 918/918/918
f 857/857/857 920/920/920 919/919/919
f 858/858/858 920/920/920 859/859/859
f 860/860/860 921/921/921 858/858/858
f 861/861/861 922/922/922 860/860/860
f 863/863/863 923/923/923 861/861/861
f 863/863/863 924/924/924 925/925/925
f 865/865/865 924/924/924 862/862/862
f 865/865/865 926/926/926 927/927/927
f 866/866/866 926/926/926 864/864/864
f 866/866/866 928/928/928 929/929/929
f 867/867/867 930/930/930 928/928/928
f 869/869/869 930/930/930 868/868/868
f 870/870/870 931/931/931 869/869/869
f 871/871/871 932/932/932 870/870/870
f 872/872/872 933/933/933 871/871/871
f 873/873/873 934/934/934 872/872/872
f 873/873/873 935/935/935 936/936/936
f 875/875/875 935/935/935 874/874/874
f 875/875/875 937/937/937 938/938/938
f 876/876/876 939/939/939 937/937/937
f 940/940/940 939/939/939 877/877/877
f 878/878/878 941/941/941 942/942/942
f 880/880/880 943/943/943 941/941/941
f 881/881/881 943/943/943 879/879/879
f 883/883/883 944/944/944 881/881/881
f 883/883/883 945/945/945 946/946/946
f 885/885/885 945/945/945 882/882/882
f 884/884/884 947/947/947 885/885/885
f 886/886/886 948/948/948 884/884/884
f 886/886/886 949/949/949 950/950/950
f 888/888/888 949/949/949 887/887/887
f 889/889/889 951/951/951 888/888/888
f 891/891/891 952/952/952 889/889/889
f 891/891/891 953/953/953 954/954/954
f 893/893/893 953/953/953 890/890/890
f 892/892/892 955/955/955 893/893/893
f 894/894/894 956/956/956 892/892/892
f 894/894/894 957/957/957 958/958/958
f 895/895/895 959/959/959 957/957/957
f 898/898/898 959/959/959 896/896/896
f 897/897/897 960/960/960 898/898/898
f 899/899/899 961/961/961 897/897/897
f 899/899/899 962/962/962 963/963/963
f 900/900/900 964/964/964 962/962/962
f 903/903/903 964/964/964 901/901/901
f 903/903/903 965/965/965 966/966/966
f 905/905/905 965/965/965 902/902/902
f 904/904/904 967/967/967 905/905/905
f 906/906/906 968/968/968 904/904/904
f 906/906/906 969/969/969 970/970/970
f 907/907/907 971/971/971 969/969/969
f 909/909/909 972/972/972 971/971/971
f 911/911/911 972/972/972 908/908/908
f 910/910/910 973/973/973 911/911/911
f 912/912/912 974/974/974 910/910/910
f 912/912/912 975/975/975 976/976/976
f 913/913/913 977/977/977 975/975/975
f 915/915/915 978/978/978 977/977/977
f 914/914/914 979/979/979 978/978/978
f 917/917/917 980/980/980 979/979/979
f 918/918/918 980/980/980 916/916/916
f 919/919/919 981/981/981 918/918/918
f 919/919/919 982/982/982 983/983/983
f 921/921/921 982/982/982 920/920/920
f 921/921/921 984/984/984 985/985/985
f 922/922/922 986/986/986 984/984/984
f 923/923/923 987/987/987 986/986/986
f 925/925/925 988/988/988 987/987/987
f 927/927/927 988/988/988 924/924/924
f 927/927/927 989/989/989 990/990/990
f 926/926/926 991/991/991 989/989/989
f 928/928/928 991/991/991 929/929/929
f 928/928/928 992/992/992 993/993/993
f 931/931/931 992/992/992 930/930/930
f 932/932/932 994/994/994 931/931/931
f 932/932/932 995/995/995 996/996/996
f 933/933/933 997/997/997 995/995/995
f 934/934/934 998/998/998 997/997/997
f 936/936/936 999/999/999 998/998/998
f 935/935/935 1000/1000/1000 999/999/999
f 938/938/938 1001/1001/1001 1000/1000/1000
f 937/937/937 1002/1002/1002 1001/1001/1001
f 939/939/939 1003/1003/1003 1002/1002/1002
f 941/941/941 1004/1004/1004 942/942/942
f 941/941/941 1005/1005/1005 1006/1006/1006
f 943/943/943 1007/1007/1007 1005/1005/1005
f 944/944/944 1008/1008/1008 1007/1007/1007
f 945/945/945 1008/1008/1008 946/946/946
f 947/947/947 1009/1009/1009 945/945/945
f 947/947/947 1010/1010/1010 1011/1011/1011
f 948/948/948 1012/1012/1012 1010/1010/1010
f 949/949/949 1012/1012/1012 950/950/950
f 949/949/949 1013/1013/1013 1014/1014/1014
f 951/951/951 1015/1015/1015 1013/1013/1013
f 954/954/954 1015/1015/1015 952/952/952
f 953/953/953 1016/1016/1016 954/954/954
f 953/953/953 1017/1017/1017 1018/1018/1018
f 956/956/956 1017/1017/1017 955/955/955
f 956/956/956 1019/1019/1019 1020/1020/1020
f 958/958/958 1021/1021/1021 1019/1019/1019
f 959/959/959 1021/1021/1021 957/957/957
f 959/959/959 1022/1022/1022 1023/1023/1023
f 960/960/960 1024/1024/1024 1022/1022/1022
f 963/963/963 1024/1024/1024 961/961/961
f 963/963/963 1025/1025/1025 1026/1026/1026
f 962/962/962 1027/1027/1027 1025/1025/1025
f 964/964/964 1028/1028/1028 1027/1027/1027
f 966/966/966 1029/1029/1029 1028/1028/1028
f 967/967/967 1029/1029/1029 965/965/965
f 968/968/968 1030/1030/1030 967/967/967
f 968/968/968 1031/1031/1031 1032/1032/1032
f 969/969/969 1031/1031/1031 970/970/970
f 971/971/971 1033/1033/1033 969/969/969
f 971/971/971 1034/1034/1034 1035/1035/1035
f 972/972/972 1036/1036/1036 1034/1034/1034
f 974/974/974 1036/1036/1036 973/973/973
f 974/974/974 1037/1037/1037 1038/1038/1038
f 975/975/975 1037/1037/1037 976/976/976
f 977/977/977 1039/1039/1039 975/975/975
f 977/977/977 1040/1040/1040 1041/1041/1041
f 979/979/979 1040/1040/1040 978/978/978
f 980/980/980 1042/1042/1042 979/979/979
f 980/980/980 1043/1043/1043 1044/1044/1044
f 983/983/983 1043/1043/1043 981/981/981
f 983/983/983 1045/1045/1045 1046/1046/1046
f 985/985/985 1045/1045/1045 982/982/982
f 985/985/985 1047/1047/1047 1048/1048/1048
f 986/986/986 1047/1047/1047 984/984/984
f 987/987/987 1049/1049/1049 986/986/986
f 988/988/988 1050/1050/1050 987/987/987
f 990/990/990 1051/1051/1051 988/988/988
f 989/989/989 1052/1052/1052 990/990/990
f 991/991/991 1053/1053/1053 989/989/989
f 993/993/993 1054/1054/1054 991/991/991
f 992/992/992 1055/1055/1055 993/993/993
f 994/994/994 1056/1056/1056 992/992/992
f 994/994/994 1057/1057/1057 1058/1058/1058
f 995/995/995 1057/1057/1057 996/996/996
f 997/997/997 1059/1059/1059 995/995/995
f 998/998/998 1060/1060/1060 997/997/997
f 998/998/998 1061/1061/1061 1062/1062/1062
f 1000/1000/1000 1061/1061/1061 999/999/999
f 1000/1000/1000 1063/1063/1063 1064/1064/1064
f 1001/1001/1001 1065/1065/1065 1063/1063/1063
f 1003/1003/1003 1065/1065/1065 1002/1002/1002
f 1004/1004/1004 1066/1066/1066 1067/1067/1067
f 1006/1006/1006 1068/1068/1068 1066/1066/1066
f 1007/1007/1007 1068/1068/1068 1005/1005/1005
f 1008/1008/1008 1069/1069/1069 1007/1007/1007
f 1009/1009/1009 1070/1070/1070 1008/1008/1008
f 1009/1009/1009 1071/1071/1071 1072/1072/1072
f 1011/1011/1011 1073/1073/1073 1071/1071/1071
f 1010/1010/1010 1074/1074/1074 1073/1073/1073
f 1014/1014/1014 1074/1074/1074 1012/1012/1012
f 1014/1014/1014 1075/1075/1075 1076/1076/1076
f 1013/1013/1013 1077/1077/1077 1075/1075/1075
f 1015/1015/1015 1078/1078/1078 1077/1077/1077
f 1016/1016/1016 1079/1079/1079 1078/1078/1078
f 1017/1017/1017 1079/1079/1079 1018/1018/1018
f 1020/1020/1020 1080/1080/1080 1017/1017/1017
f 1020/1020/1020 1081/1081/1081 1082/1082/1082
f 1019/1019/1019 1083/1083/1083 1081/1081/1081
f 1021/1021/1021 1084/1084/1084 1083/1083/1083
f 1022/1022/1022 1084/1084/1084 1023/1023/1023
f 1022/1022/1022 1085/1085/1085 1086/1086/1086
f 1024/1024/1024 1087/1087/1087 1085/1085/1085
f 1025/1025/1025 1087/1087/1087 1026/1026/1026
f 1027/1027/1027 1088/1088/1088 1025/1025/1025
f 1028/1028/1028 1089/1089/1089 1027/1027/1027
f 1029/1029/1029 1090/1090/1090 1028/1028/1028
f 1030/1030/1030 1091/1091/1091 1029/1029/1029
f 1030/1030/1030 1092/1092/1092 1093/1093/1093
f 1032/1032/1032 1094/1094/1094 1092/1092/1092
f 1033/1033/1033 1094/1094/1094 1031/1031/1031
f 1035/1035/1035 1095/1095/1095 1033/1033/1033
f 1035/1035/1035 1096/1096/1096 1097/1097/1097
f 1036/1036/1036 1096/1096/1096 1034/1034/1034
f 1036/1036/1036 1098/1098/1098 1099/1099/1099
f 1037/1037/1037 1098/1098/1098 1038/1038/1038
f 1039/1039/1039 1100/1100/1100 1037/1037/1037
f 1039/1039/1039 1101/1101/1101 1102/1102/1102
f 1041/1041/1041 1103/1103/1103 1101/1101/1101
f 1040/1040/1040 1104/1104/1104 1103/1103/1103
f 1042/1042/1042 1105/1105/1105 1104/1104/1104
f 1044/1044/1044 1106/1106/1106 1105/1105/1105
f 1046/1046/1046 1106/1106/1106 1043/1043/1043
f 1045/1045/1045 1107/1107/1107 1046/1046/1046
f 1048/1048/1048 1108/1108/1108 1045/1045/1045
f 1048/1048/1048 1109/1109/1109 1110/1110/1110
f 1049/1049/1049 1109/1109/1109 1047/1047/1047
f 1050/1050/1050 1111/1111/1111 1049/1049/1049
f 1051/1051/1051 1112/1112/1112 1050/1050/1050
f 1051/1051/1051 1113/1113/1113 1114/1114/1114
f 1052/1052/1052 1115/1115/1115 1113/1113/1113
f 1053/1053/1053 1116/1116/1116 1115/1115/1115
f 1054/1054/1054 1117/1117/1117 1116/1116/1116
f 1056/1056/1056 1117/1117/1117 1055/1055/1055
f 1056/1056/1056 1118/1118/1118 1119/1119/1119
f 1058/1058/1058 1120/1120/1120 1118/1118/1118
f 1059/1059/1059 1120/1120/1120 1057/1057/1057
f 1060/1060/1060 1121/1121/1121 1059/1059/1059
f 1060/1060/1060 1122/1122/1122 1123/1123/1123
f 1062/1062/1062 1124/1124/1124 1122/1122/1122
f 1064/1064/1064 1124/1124/1124 1061/1061/1061
f 1064/1064/1064 1125/1125/1125 1126/1126/1126
f 1065/1065/1065 1125/1125/1125 1063/1063/1063
f 1127/1127/1127 1128/1128/1128 1065/1065/1065
f 1066/1066/1066 1129/1129/1129 1067/1067/1067
f 1068/1068/1068 1130/1130/1130 1066/1066/1066
f 1068/1068/1068 1131/1131/1131 1132/1132/1132
f 1070/1070/1070 1131/1131/1131 1069/1069/1069
f 1072/1072/1072 1133/1133/1133 1070/1070/1070
f 1071/1071/1071 1134/1134/1134 1072/1072/1072
f 1073/1073/1073 1135/1135/1135 1071/1071/1071
f 1074/1074/1074 1136/1136/1136 1073/1073/1073
f 1076/1076/1076 1137/1137/1137 1074/1074/1074
f 1076/1076/1076 1138/1138/1138 1139/1139/1139
f 1077/1077/1077 1138/1138/1138 1075/1075/1075
f 1078/1078/1078 1140/1140/1140 1077/1077/1077
f 1078/1078/1078 1141/1141/1141 1142/1142/1142
f 1079/1079/1079 1143/1143/1143 1141/1141/1141
f 1080/1080/1080 1144/1144/1144 1143/1143/1143
f 1082/1082/1082 1145/1145/1145 1144/1144/1144
f 1081/1081/1081 1146/1146/1146 1145/1145/1145
f 1084/1084/1084 1146/1146/1146 1083/1083/1083
f 1086/1086/1086 1147/1147/1147 1084/1084/1084
f 1085/1085/1085 1148/1148/1148 1086/1086/1086
f 1087/1087/1087 1149/1149/1149 1085/1085/1085
f 1087/1087/1087 1150/1150/1150 1151/1151/1151
f 1088/1088/1088 1152/1152/1152 1150/1150/1150
f 1089/1089/1089 1153/1153/1153 1152/1152/1152
f 1090/1090/1090 1154/1154/1154 1153/1153/1153
f 1093/1093/1093 1154/1154/1154 1091/1091/1091
f 1092/1092/1092 1155/1155/1155 1093/1093/1093
f 1092/1092/1092 1156/1156/1156 1157/1157/1157
f 1094/1094/1094 1158/1158/1158 1156/1156/1156
f 1097/1097/1097 1158/1158/1158 1095/1095/1095
f 1097/1097/1097 1159/1159/1159 1160/1160/1160
f 1099/1099/1099 1159/1159/1159 1096/1096/1096
f 1099/1099/1099 1161/1161/1161 1162/1162/1162
f 1100/1100/1100 1161/1161/1161 1098/1098/1098
f 1100/1100/1100 1163/1163/1163 1164/1164/1164
f 1101/1101/1101 1163/1163/1163 1102/1102/1102
f 1103/1103/1103 1165/1165/1165 1101/1101/1101
f 1104/1104/1104 1166/1166/1166 1103/1103/1103
f 1105/1105/1105 1167/1167/1167 1104/1104/1104
f 1106/1106/1106 1168/1168/1168 1105/1105/1105
f 1107/1107/1107 1169/1169/1169 1106/1106/1106
f 1108/1108/1108 1170/1170/1170 1107/1107/1107
f 1110/1110/1110 1171/1171/1171 1108/1108/1108
f 1109/1109/1109 1172/1172/1172 1110/1110/1110
f 1109/1109/1109 1173/1173/1173 1174/1174/1174
f 1111/1111/1111 1175/1175/1175 1173/1173/1173
f 1114/1114/1114 1175/1175/1175 1112/1112/1112
f 1114/1114/1114 1176/1176/1176 1177/1177/1177
f 1115/1115/1115 1176/1176/1176 1113/1113/1113
f 1116/1116/1116 1178/1178/1178 1115/1115/1115
f 1116/1116/1116 1179/1179/1179 1180/1180/1180
f 1119/1119/1119 1179/1179/1179 1117/1117/1117
f 1118/1118/1118 1181/1181/1181 1119/1119/1119
f 1120/1120/1120 1182/1182/1182 1118/1118/1118
f 1120/1120/1120 1183/1183/1183 1184/1184/1184
f 1123/1123/1123 1183/1183/1183 1121/1121/1121
f 1122/1122/1122 1185/1185/1185 1123/1123/1123
f 1122/1122/1122 1186/1186/1186 1187/1187/1187
f 1126/1126/1126 1186/1186/1186 1124/1124/1124
f 1126/1126/1126 1188/1188/1188 1189/1189/1189
f 1128/1128/1128 1188/1188/1188 1125/1125/1125
f 1128/1128/1128 1190/1190/1190 1191/1191/1191
f 1130/1130/1130 1192/1192/1192 1129/1129/1129
f 1130/1130/1130 1193/1193/1193 1194/1194/1194
f 1132/1132/1132 1195/1195/1195 1193/1193/1193
f 1131/1131/1131 1196/1196/1196 1195/1195/1195
f 1133/1133/1133 1197/1197/1197 1196/1196/1196
f 1134/1134/1134 1198/1198/1198 1197/1197/1197
f 1136/1136/1136 1198/1198/1198 1135/1135/1135
f 1136/1136/1136 1199/1199/1199 1200/1200/1200
f 1137/1137/1137 1201/1201/1201 1199/1199/1199
f 1138/1138/1138 1201/1201/1201 1139/1139/1139
f 1140/1140/1140 1202/1202/1202 1138/1138/1138
f 1142/1142/1142 1203/1203/1203 1140/1140/1140
f 1141/1141/1141 1204/1204/1204 1142/1142/1142
f 1143/1143/1143 1205/1205/1205 1141/1141/1141
f 1144/1144/1144 1206/1206/1206 1143/1143/1143
f 1145/1145/1145 1207/1207/1207 1144/1144/1144
f 1145/1145/1145 1208/1208/1208 1209/1209/1209
f 1147/1147/1147 1208/1208/1208 1146/1146/1146
f 1147/1147/1147 1210/1210/1210 1211/1211/1211
f 1148/1148/1148 1212/1212/1212 1210/1210/1210
f 1151/1151/1151 1212/1212/1212 1149/1149/1149
f 1151/1151/1151 1213/1213/1213 1214/1214/1214
f 1152/1152/1152 1213/1213/1213 1150/1150/1150
f 1153/1153/1153 1215/1215/1215 1152/1152/1152
f 1153/1153/1153 1216/1216/1216 1217/1217/1217
f 1154/1154/1154 1218/1218/1218 1216/1216/1216
f 1157/1157/1157 1218/1218/1218 1155/1155/1155
f 1157/1157/1157 1219/1219/1219 1220/1220/1220
f 1156/1156/1156 1221/1221/1221 1219/1219/1219
f 1158/1158/1158 1222/1222/1222 1221/1221/1221
f 1160/1160/1160 1223/1223/1223 1222/1222/1222
f 1162/1162/1162 1223/1223/1223 1159/1159/1159
f 1162/1162/1162 1224/1224/1224 1225/1225/1225
f 1164/1164/1164 1224/1224/1224 1161/1161/1161
f 1163/1163/1163 1226/1226/1226 1164/1164/1164
f 1165/1165/1165 1227/1227/1227 1163/1163/1163
f 1166/1166/1166 1228/1228/1228 1165/1165/1165
f 1167/1167/1167 1229/1229/1229 1166/1166/1166
f 1168/1168/1168 1230/1230/1230 1167/1167/1167
f 1168/1168/1168 1231/1231/1231 1232/1232/1232
f 1170/1170/1170 1231/1231/1231 1169/1169/1169
f 1170/1170/1170 1233/1233/1233 1234/1234/1234
f 1171/1171/1171 1235/1235/1235 1233/1233/1233
f 1174/1174/1174 1235/1235/1235 1172/1172/1172
f 1173/1173/1173 1236/1236/1236 1174/1174/1174
f 1173/1173/1173 1237/1237/1237 1238/1238/1238
f 1175/1175/1175 1239/1239/1239 1237/1237/1237
f 1176/1176/1176 1239/1239/1239 1177/1177/1177
f 1178/1178/1178 1240/1240/1240 1176/1176/1176
f 1178/1178/1178 1241/1241/1241 1242/1242/1242
f 1179/1179/1179 1241/1241/1241 1180/1180/1180
f 1181/1181/1181 1243/1243/1243 1179/1179/1179
f 1181/1181/1181 1244/1244/1244 1245/1245/1245
f 1184/1184/1184 1244/1244/1244 1182/1182/1182
f 1184/1184/1184 1246/1246/1246 1247/1247/1247
f 1185/1185/1185 1246/1246/1246 1183/1183/1183
f 1185/1185/1185 1248/1248/1248 1249/1249/1249
f 1186/1186/1186 1248/1248/1248 1187/1187/1187
f 1189/1189/1189 1250/1250/1250 1186/1186/1186
f 1189/1189/1189 1251/1251/1251 1252/1252/1252
f 1191/1191/1191 1251/1251/1251 1188/1188/1188
f 1190/1190/1190 1253/1253/1253 1191/1191/1191
f 1192/1192/1192 1254/1254/1254 1255/1255/1255
f 1193/1193/1193 1254/1254/1254 1194/1194/1194
f 1195/1195/1195 1256/1256/1256 1193/1193/1193
f 1196/1196/1196 1257/1257/1257 1195/1195/1195
f 1197/1197/1197 1258/1258/1258 1196/1196/1196
f 1198/1198/1198 1259/1259/1259 1197/1197/1197
f 1198/1198/1198 1260/1260/1260 1261/1261/1261
f 1200/1200/1200 1262/1262/1262 1260/1260/1260
f 1201/1201/1201 1262/1262/1262 1199/1199/1199
f 1202/1202/1202 1263/1263/1263 1201/1201/1201
f 1202/1202/1202 1264/1264/1264 1265/1265/1265
f 1203/1203/1203 1266/1266/1266 1264/1264/1264
f 1204/1204/1204 1267/1267/1267 1266/1266/1266
f 1205/1205/1205 1268/1268/1268 1267/1267/1267
f 1206/1206/1206 1269/1269/1269 1268/1268/1268
f 1209/1209/1209 1269/1269/1269 1207/1207/1207
f 1208/1208/1208 1270/1270/1270 1209/1209/1209
f 1211/1211/1211 1271/1271/1271 1208/1208/1208
f 1210/1210/1210 1272/1272/1272 1211/1211/1211
f 1210/1210/1210 1273/1273/1273 1274/1274/1274
f 1212/1212/1212 1275/1275/1275 1273/1273/1273
f 1213/1213/1213 1275/1275/1275 1214/1214/1214
f 1215/1215/1215 1276/1276/1276 1213/1213/1213
f 1217/1217/1217 1277/1277/1277 1215/1215/1215
f 1216/1216/1216 1278/1278/1278 1217/1217/1217
f 1218/1218/1218 1279/1279/1279 1216/1216/1216
f 1220/1220/1220 1280/1280/1280 1218/1218/1218
f 1219/1219/1219 1281/1281/1281 1220/1220/1220
f 1221/1221/1221 1282/1282/1282 1219/1219/1219
f 1222/1222/1222 1283/1283/1283 1221/1221/1221
f 1223/1223/1223 1284/1284/1284 1222/1222/1222
f 1225/1225/1225 1285/1285/1285 1223/1223/1223
f 1225/1225/1225 1286/1286/1286 1287/1287/1287
f 1224/1224/1224 1288/1288/1288 1286/1286/1286
f 1226/1226/1226 1289/1289/1289 1288/1288/1288
f 1227/1227/1227 1290/1290/1290 1289/1289/1289
f 1228/1228/1228 1291/1291/1291 1290/1290/1290
f 1230/1230/1230 1291/1291/1291 1229/1229/1229
f 1232/1232/1232 1292/1292/1292 1230/1230/1230
f 1232/1232/1232 1293/1293/1293 1294/1294/1294
f 1234/1234/1234 1293/1293/1293 1231/1231/1231
f 1234/1234/1234 1295/1295/1295 1296/1296/1296
f 1235/1235/1235 1295/1295/1295 1233/1233/1233
f 1235/1235/1235 1297/1297/1297 1298/1298/1298
f 1238/1238/1238 1297/1297/1297 1236/1236/1236
f 1237/1237/1237 1299/1299/1299 1238/1238/1238
f 1239/1239/1239 1300/1300/1300 1237/1237/1237
f 1239/1239/1239 1301/1301/1301 1302/1302/1302
f 1242/1242/1242 1301/1301/1301 1240/1240/1240
f 1242/1242/1242 1303/1303/1303 1304/1304/1304
f 1241/1241/1241 1305/1305/1305 1303/1303/1303
f 1243/1243/1243 1306/1306/1306 1305/1305/1305
f 1245/1245/1245 1307/1307/1307 1306/1306/1306
f 1244/1244/1244 1308/1308/1308 1307/1307/1307
f 1246/1246/1246 1308/1308/1308 1247/1247/1247
f 1249/1249/1249 1309/1309/1309 1246/1246/1246
f 1249/1249/1249 1310/1310/1310 1311/1311/1311
f 1248/1248/1248 1312/1312/1312 1310/1310/1310
f 1250/1250/1250 1313/1313/1313 1312/1312/1312
f 1252/1252/1252 1314/1314/1314 1313/1313/1313
f 1253/1253/1253 1314/1314/1314 1251/1251/1251
f 1253/1253/1253 1315/1315/1315 1316/1316/1316
f 1255/1255/1255 1317/1317/1317 1318/1318/1318
f 1254/1254/1254 1319/1319/1319 1317/1317/1317
f 1256/1256/1256 1320/1320/1320 1319/1319/1319
f 1257/1257/1257 1321/1321/1321 1320/1320/1320
f 1258/1258/1258 1322/1322/1322 1321/1321/1321
f 1261/1261/1261 1322/1322/1322 1259/1259/1259
f 1260/1260/1260 1323/1323/1323 1261/1261/1261
f 1262/1262/1262 1324/1324/1324 1260/1260/1260
f 1262/1262/1262 1325/1325/1325 1326/1326/1326
f 1263/1263/1263 1327/1327/1327 1325/1325/1325
f 1265/1265/1265 1328/1328/1328 1327/1327/1327
f 1266/1266/1266 1328/1328/1328 1264/1264/1264
f 1266/1266/1266 1329/1329/1329 1330/1330/1330
f 1268/1268/1268 1329/1329/1329 1267/1267/1267
f 1269/1269/1269 1331/1331/1331 1268/1268/1268
f 1269/1269/1269 1332/1332/1332 1333/1333/1333
f 1270/1270/1270 1334/1334/1334 1332/1332/1332
f 1271/1271/1271 1335/1335/1335 1334/1334/1334
f 1272/1272/1272 1336/1336/1336 1335/1335/1335
f 1274/1274/1274 1337/1337/1337 1336/1336/1336
f 1275/1275/1275 1337/1337/1337 1273/1273/1273
f 1276/1276/1276 1338/1338/1338 1275/1275/1275
f 1276/1276/1276 1339/1339/1339 1340/1340/1340
f 1278/1278/1278 1339/1339/1339 1277/1277/1277
f 1278/1278/1278 1341/1341/1341 1342/1342/1342
f 1280/1280/1280 1341/1341/1341 1279/1279/1279
f 1280/1280/1280 1343/1343/1343 1344/1344/1344
f 1281/1281/1281 1345/1345/1345 1343/1343/1343
f 1282/1282/1282 1346/1346/1346 1345/1345/1345
f 1284/1284/1284 1346/1346/1346 1283/1283/1283
f 1285/1285/1285 1347/1347/1347 1284/1284/1284
f 1285/1285/1285 1348/1348/1348 1349/1349/1349
f 1287/1287/1287 1350/1350/1350 1348/1348/1348
f 1288/1288/1288 1350/1350/1350 1286/1286/1286
f 1289/1289/1289 1351/1351/1351 1288/1288/1288
f 1290/1290/1290 1352/1352/1352 1289/1289/1289
f 1290/1290/1290 1353/1353/1353 1354/1354/1354
f 1291/1291/1291 1355/1355/1355 1353/1353/1353
f 1292/1292/1292 1356/1356/1356 1355/1355/1355
f 1294/1294/1294 1357/1357/1357 1356/1356/1356
f 1293/1293/1293 1358/1358/1358 1357/1357/1357
f 1296/1296/1296 1359/1359/1359 1358/1358/1358
f 1298/1298/1298 1359/1359/1359 1295/1295/1295
f 1298/1298/1298 1360/1360/1360 1361/1361/1361
f 1297/1297/1297 1362/1362/1362 1360/1360/1360
f 1299/1299/1299 1363/1363/1363 1362/1362/1362
f 1302/1302/1302 1363/1363/1363 1300/1300/1300
f 1302/1302/1302 1364/1364/1364 1365/1365/1365
f 1301/1301/1301 1366/1366/1366 1364/1364/1364
f 1303/1303/1303 1366/1366/1366 1304/1304/1304
f 1305/1305/1305 1367/1367/1367 1303/1303/1303
f 1306/1306/1306 1368/1368/1368 1305/1305/1305
f 1307/1307/1307 1369/1369/1369 1306/1306/1306
f 1307/1307/1307 1370/1370/1370 1371/1371/1371
f 1308/1308/1308 1372/1372/1372 1370/1370/1370
f 1311/1311/1311 1372/1372/1372 1309/1309/1309
f 1310/1310/1310 1373/1373/1373 1311/1311/1311
f 1312/1312/1312 1374/1374/1374 1310/1310/1310
f 1313/1313/1313 1375/1375/1375 1312/1312/1312
f 1313/1313/1313 1376/1376/1376 1377/1377/1377
f 1314/1314/1314 1378/1378/1378 1376/1376/1376
f 1315/1315/1315 1378/1378/1378 1316/1316/1316
f 1317/1317/1317 1379/1379/1379 1318/1318/1318
f 1317/1317/1317 1380/1380/1380 1381/1381/1381
f 1319/1319/1319 1382/1382/1382 1380/1380/1380
f 1321/1321/1321 1382/1382/1382 1320/1320/1320
f 1322/1322/1322 1383/1383/1383 1321/1321/1321
f 1322/1322/1322 1384/1384/1384 1385/1385/1385
f 1323/1323/1323 1386/1386/1386 1384/1384/1384
f 1324/1324/1324 1387/1387/1387 1386/1386/1386
f 1325/1325/1325 1387/1387/1387 1326/1326/1326
f 1327/1327/1327 1388/1388/1388 1325/1325/1325
f 1328/1328/1328 1389/1389/1389 1327/1327/1327
f 1330/1330/1330 1390/1390/1390 1328/1328/1328
f 1330/1330/1330 1391/1391/1391 1392/1392/1392
f 1329/1329/1329 1393/1393/1393 1391/1391/1391
f 1331/1331/1331 1394/1394/1394 1393/1393/1393
f 1333/1333/1333 1395/1395/1395 1394/1394/1394
f 1334/1334/1334 1395/1395/1395 1332/1332/1332
f 1335/1335/1335 1396/1396/1396 1334/1334/1334
f 1335/1335/1335 1397/1397/1397 1398/1398/1398
f 1336/1336/1336 1399/1399/1399 1397/1397/1397
f 1337/1337/1337 1400/1400/1400 1399/1399/1399
f 1340/1340/1340 1400/1400/1400 1338/1338/1338
f 1340/1340/1340 1401/1401/1401 1402/1402/1402
f 1342/1342/1342 1401/1401/1401 1339/1339/1339
f 1342/1342/1342 1403/1403/1403 1404/1404/1404
f 1344/1344/1344 1403/1403/1403 1341/1341/1341
f 1343/1343/1343 1405/1405/1405 1344/1344/1344
f 1343/1343/1343 1406/1406/1406 1407/1407/1407
f 1346/1346/1346 1406/1406/1406 1345/1345/1345
f 1347/1347/1347 1408/1408/1408 1346/1346/1346
f 1347/1347/1347 1409/1409/1409 1410/1410/1410
f 1348/1348/1348 1409/1409/1409 1349/1349/1349
f 1350/1350/1350 1411/1411/1411 1348/1348/1348
f 1351/1351/1351 1412/1412/1412 1350/1350/1350
f 1352/1352/1352 1413/1413/1413 1351/1351/1351
f 1352/1352/1352 1414/1414/1414 1415/1415/1415
f 1353/1353/1353 1414/1414/1414 1354/1354/1354
f 1353/1353/1353 1416/1416/1416 1417/1417/1417
f 1356/1356/1356 1416/1416/1416 1355/1355/1355
f 1357/1357/1357 1418/1418/1418 1356/1356/1356
f 1358/1358/1358 1419/1419/1419 1357/1357/1357
f 1359/1359/1359 1420/1420/1420 1358/1358/1358
f 1359/1359/1359 1421/1421/1421 1422/1422/1422
f 1360/1360/1360 1421/1421/1421 1361/1361/1361
f 1362/1362/1362 1423/1423/1423 1360/1360/1360
f 1362/1362/1362 1424/1424/1424 1425/1425/1425
f 1365/1365/1365 1424/1424/1424 1363/1363/1363
f 1364/1364/1364 1426/1426/1426 1365/1365/1365
f 1366/1366/1366 1427/1427/1427 1364/1364/1364
f 1367/1367/1367 1428/1428/1428 1366/1366/1366
f 1367/1367/1367 1429/1429/1429 1430/1430/1430
f 1368/1368/1368 1431/1431/1431 1429/1429/1429
f 1371/1371/1371 1431/1431/1431 1369/1369/1369
f 1371/1371/1371 1432/1432/1432 1433/1433/1433
f 1370/1370/1370 1434/1434/1434 1432/1432/1432
f 1372/1372/1372 1435/1435/1435 1434/1434/1434
f 1373/1373/1373 1436/1436/1436 1435/1435/1435
f 1375/1375/1375 1436/1436/1436 1374/1374/1374
f 1377/1377/1377 1437/1437/1437 1375/1375/1375
f 1376/1376/1376 1438/1438/1438 1377/1377/1377
f 1378/1378/1378 1439/1439/1439 1376/1376/1376
f 1440/1440/1440 1441/1441/1441 1378/1378/1378
f 1381/1381/1381 1442/1442/1442 1379/1379/1379
f 1380/1380/1380 1443/1443/1443 1381/1381/1381
f 1382/1382/1382 1444/1444/1444 1380/1380/1380
f 1382/1382/1382 1445/1445/1445 1446/1446/1446
f 1383/1383/1383 1447/1447/1447 1445/1445/1445
f 1384/1384/1384 1447/1447/1447 1385/1385/1385
f 1386/1386/1386 1448/1448/1448 1384/1384/1384
f 1387/1387/1387 1449/1449/1449 1386/1386/1386
f 1388/1388/1388 1450/1450/1450 1387/1387/1387
f 1388/1388/1388 1451/1451/1451 1452/1452/1452
f 1390/1390/1390 1451/1451/1451 1389/1389/1389
f 1390/1390/1390 1453/1453/1453 1454/1454/1454
f 1391/1391/1391 1453/1453/1453 1392/1392/1392
f 1393/1393/1393 1455/1455/1455 1391/1391/1391
f 1394/1394/1394 1456/1456/1456 1393/1393/1393
f 1395/1395/1395 1457/1457/1457 1394/1394/1394
f 1396/1396/1396 1458/1458/1458 1395/1395/1395
f 1396/1396/1396 1459/1459/1459 1460/1460/1460
f 1397/1397/1397 1459/1459/1459 1398/1398/1398
f 1399/1399/1399 1461/1461/1461 1397/1397/1397
f 1399/1399/1399 1462/1462/1462 1463/1463/1463
f 1402/1402/1402 1462/1462/1462 1400/1400/1400
f 1401/1401/1401 1464/1464/1464 1402/1402/1402
f 1401/1401/1401 1465/1465/1465 1466/1466/1466
f 1403/1403/1403 1465/1465/1465 1404/1404/1404
f 1405/1405/1405 1467/1467/1467 1403/1403/1403
f 1407/1407/1407 1468/1468/1468 1405/1405/1405
f 1406/1406/1406 1469/1469/1469 1407/1407/1407
f 1406/1406/1406 1470/1470/1470 1471/1471/1471
f 1408/1408/1408 1472/1472/1472 1470/1470/1470
f 1409/1409/1409 1472/1472/1472 1410/1410/1410
f 1409/1409/1409 1473/1473/1473 1474/1474/1474
f 1411/1411/1411 1475/1475/1475 1473/1473/1473
f 1413/1413/1413 1475/1475/1475 1412/1412/1412
f 1413/1413/1413 1476/1476/1476 1477/1477/1477
f 1415/1415/1415 1478/1478/1478 1476/1476/1476
f 1414/1414/1414 1479/1479/1479 1478/1478/1478
f 1416/1416/1416 1479/1479/1479 1417/1417/1417
f 1418/1418/1418 1480/1480/1480 1416/1416/1416
f 1418/1418/1418 1481/1481/1481 1482/1482/1482
f 1420/1420/1420 1481/1481/1481 1419/1419/1419
f 1422/1422/1422 1483/1483/1483 1420/1420/1420
f 1422/1422/1422 1484/1484/1484 1485/1485/1485
f 1423/1423/1423 1484/1484/1484 1421/1421/1421
f 1425/1425/1425 1486/1486/1486 1423/1423/1423
f 1425/1425/1425 1487/1487/1487 1488/1488/1488
f 1424/1424/1424 1489/1489/1489 1487/1487/1487
f 1426/1426/1426 1490/1490/1490 1489/1489/1489
f 1427/1427/1427 1491/1491/1491 1490/1490/1490
f 1428/1428/1428 1492/1492/1492 1491/1491/1491
f 1429/1429/1429 1492/1492/1492 1430/1430/1430
f 1429/1429/1429 1493/1493/1493 1494/1494/1494
f 1431/1431/1431 1495/1495/1495 1493/1493/1493
f 1432/1432/1432 1495/1495/1495 1433/1433/1433
f 1434/1434/1434 1496/1496/1496 1432/1432/1432
f 1435/1435/1435 1497/1497/1497 1434/1434/1434
f 1436/1436/1436 1498/1498/1498 1435/1435/1435
f 1436/1436/1436 1499/1499/1499 1500/1500/1500
f 1437/1437/1437 1501/1501/1501 1499/1499/1499
f 1438/1438/1438 1502/1502/1502 1501/1501/1501
f 1439/1439/1439 1503/1503/1503 1502/1502/1502
f 1441/1441/1441 1504/1504/1504 1503/1503/1503
f 1442/1442/1442 1505/1505/1505 1506/1506/1506
f 1443/1443/1443 1507/1507/1507 1505/1505/1505
f 1444/1444/1444 1508/1508/1508 1507/1507/1507
f 1446/1446/1446 1509/1509/1509 1508/1508/1508
f 1447/1447/1447 1509/1509/1509 1445/1445/1445
f 1448/1448/1448 1510/1510/1510 1447/1447/1447
f 1448/1448/1448 1511/1511/1511 1512/1512/1512
f 1449/1449/1449 1513/1513/1513 1511/1511/1511
f 1452/1452/1452 1513/1513/1513 1450/1450/1450
f 1452/1452/1452 1514/1514/1514 1515/1515/1515
f 1451/1451/1451 1516/1516/1516 1514/1514/1514
f 1454/1454/1454 1517/1517/1517 1516/1516/1516
f 1453/1453/1453 1518/1518/1518 1517/1517/1517
f 1455/1455/1455 1519/1519/1519 1518/1518/1518
f 1456/1456/1456 1520/1520/1520 1519/1519/1519
f 1457/1457/1457 1521/1521/1521 1520/1520/1520
f 1460/1460/1460 1521/1521/1521 1458/1458/1458
f 1460/1460/1460 1522/1522/1522 1523/1523/1523
f 1461/1461/1461 1522/1522/1522 1459/1459/1459
f 1463/1463/1463 1524/1524/1524 1461/1461/1461
f 1462/1462/1462 1525/1525/1525 1463/1463/1463
f 1462/1462/1462 1526/1526/1526 1527/1527/1527
f 1464/1464/1464 1528/1528/1528 1526/1526/1526
f 1466/1466/1466 1529/1529/1529 1528/1528/1528
f 1467/1467/1467 1529/1529/1529 1465/1465/1465
f 1467/1467/1467 1530/1530/1530 1531/1531/1531
f 1469/1469/1469 1530/1530/1530 1468/1468/1468
f 1471/1471/1471 1532/1532/1532 1469/1469/1469
f 1471/1471/1471 1533/1533/1533 1534/1534/1534
f 1472/1472/1472 1533/1533/1533 1470/1470/1470
f 1474/1474/1474 1535/1535/1535 1472/1472/1472
f 1473/1473/1473 1536/1536/1536 1474/1474/1474
f 1473/1473/1473 1537/1537/1537 1538/1538/1538
f 1477/1477/1477 1537/1537/1537 1475/1475/1475
f 1476/1476/1476 1539/1539/1539 1477/1477/1477
f 1478/1478/1478 1540/1540/1540 1476/1476/1476
f 1479/1479/1479 1541/1541/1541 1478/1478/1478
f 1480/1480/1480 1542/1542/1542 1479/1479/1479
f 1482/1482/1482 1543/1543/1543 1480/1480/1480
f 1482/1482/1482 1544/1544/1544 1545/1545/1545
f 1481/1481/1481 1546/1546/1546 1544/1544/1544
f 1483/1483/1483 1547/1547/1547 1546/1546/1546
f 1485/1485/1485 1548/1548/1548 1547/1547/1547
f 1486/1486/1486 1548/1548/1548 1484/1484/1484
f 1488/1488/1488 1549/1549/1549 1486/1486/1486
f 1487/1487/1487 1550/1550/1550 1488/1488/1488
f 1489/1489/1489 1551/1551/1551 1487/1487/1487
f 1489/1489/1489 1552/1552/1552 1553/1553/1553
f 1490/1490/1490 1554/1554/1554 1552/1552/1552
f 1491/1491/1491 1555/1555/1555 1554/1554/1554
f 1494/1494/1494 1555/1555/1555 1492/1492/1492
f 1494/1494/1494 1556/1556/1556 1557/1557/1557
f 1493/1493/1493 1558/1558/1558 1556/1556/1556
f 1495/1495/1495 1559/1559/1559 1558/1558/1558
f 1496/1496/1496 1560/1560/1560 1559/1559/1559
f 1497/1497/1497 1561/1561/1561 1560/1560/1560
f 1498/1498/1498 1562/1562/1562 1561/1561/1561
f 1500/1500/1500 1563/1563/1563 1562/1562/1562
f 1501/1501/1501 1563/1563/1563 1499/1499/1499
f 1502/1502/1502 1564/1564/1564 1501/1501/1501
f 1503/1503/1503 1565/1565/1565 1502/1502/1502
f 1504/1504/1504 1566/1566/1566 1503/1503/1503
f 1505/1505/1505 1567/1567/1567 1506/1506/1506
f 1507/1507/1507 1568/1568/1568 1505/1505/1505
f 1508/1508/1508 1569/1569/1569 1507/1507/1507
f 1509/1509/1509 1570/1570/1570 1508/1508/1508
f 1510/1510/1510 1571/1571/1571 1509/1509/1509
f 1510/1510/1510 1572/1572/1572 1573/1573/1573
f 1512/1512/1512 1574/1574/1574 1572/1572/1572
f 1511/1511/1511 1575/1575/1575 1574/1574/1574
f 1513/1513/1513 1576/1576/1576 1575/1575/1575
f 1515/1515/1515 1577/1577/1577 1576/1576/1576
f 1516/1516/1516 1577/1577/1577 1514/1514/1514
f 1517/1517/1517 1578/1578/1578 1516/1516/1516
f 1518/1518/1518 1579/1579/1579 1517/1517/1517
f 1519/1519/1519 1580/1580/1580 1518/1518/1518
f 1520/1520/1520 1581/1581/1581 1519/1519/1519
f 1520/1520/1520 1582/1582/1582 1583/1583/1583
f 1523/1523/1523 1582/1582/1582 1521/1521/1521
f 1522/1522/1522 1584/1584/1584 1523/1523/1523
f 1522/1522/1522 1585/1585/1585 1586/1586/1586
f 1524/1524/1524 1587/1587/1587 1585/1585/1585
f 1525/1525/1525 1588/1588/1588 1587/1587/1587
f 1526/1526/1526 1588/1588/1588 1527/1527/1527
f 1528/1528/1528 1589/1589/1589 1526/1526/1526
f 1529/1529/1529 1590/1590/1590 1528/1528/1528
f 1531/1531/1531 1591/1591/1591 1529/1529/1529
f 1531/1531/1531 1592/1592/1592 1593/1593/1593
f 1530/1530/1530 1594/1594/1594 1592/1592/1592
f 1534/1534/1534 1594/1594/1594 1532/1532/1532
f 1533/1533/1533 1595/1595/1595 1534/1534/1534
f 1533/1533/1533 1596/1596/1596 1597/1597/1597
f 1535/1535/1535 1598/1598/1598 1596/1596/1596
f 1538/1538/1538 1598/1598/1598 1536/1536/1536
f 1538/1538/1538 1599/1599/1599 1600/1600/1600
f 1537/1537/1537 1601/1601/1601 1599/1599/1599
f 1539/1539/1539 1602/1602/1602 1601/1601/1601
f 1540/1540/1540 1603/1603/1603 1602/1602/1602
f 1542/1542/1542 1603/1603/1603 1541/1541/1541
f 1543/1543/1543 1604/1604/1604 1542/1542/1542
f 1543/1543/1543 1605/1605/1605 1606/1606/1606
f 1545/1545/1545 1607/1607/1607 1605/1605/1605
f 1546/1546/1546 1607/1607/1607 1544/1544/1544
f 1547/1547/1547 1608/1608/1608 1546/1546/1546
f 1548/1548/1548 1609/1609/1609 1547/1547/1547
f 1548/1548/1548 1610/1610/1610 1611/1611/1611
f 1549/1549/1549 1612/1612/1612 1610/1610/1610
f 1551/1551/1551 1612/1612/1612 1550/1550/1550
f 1553/1553/1553 1613/1613/1613 1551/1551/1551
f 1552/1552/1552 1614/1614/1614 1553/1553/1553
f 1554/1554/1554 1615/1615/1615 1552/1552/1552
f 1555/1555/1555 1616/1616/1616 1554/1554/1554
f 1557/1557/1557 1617/1617/1617 1555/1555/1555
f 1556/1556/1556 1618/1618/1618 1557/1557/1557
f 1558/1558/1558 1619/1619/1619 1556/1556/1556
f 1558/1558/1558 1620/1620/1620 1621/1621/1621
f 1560/1560/1560 1620/1620/1620 1559/1559/1559
f 1561/1561/1561 1622/1622/1622 1560/1560/1560
f 1562/1562/1562 1623/1623/1623 1561/1561/1561
f 1563/1563/1563 1624/1624/1624 1562/1562/1562
f 1563/1563/1563 1625/1625/1625 1626/1626/1626
f 1565/1565/1565 1625/1625/1625 1564/1564/1564
f 1565/1565/1565 1627/1627/1627 1628/1628/1628
f 1566/1566/1566 1629/1629/1629 1627/1627/1627
f 1567/1567/1567 1630/1630/1630 1631/1631/1631
f 1568/1568/1568 1632/1632/1632 1630/1630/1630
f 1569/1569/1569 1633/1633/1633 1632/1632/1632
f 1570/1570/1570 1634/1634/1634 1633/1633/1633
f 1571/1571/1571 1635/1635/1635 1634/1634/1634
f 1572/1572/1572 1635/1635/1635 1573/1573/1573
f 1574/1574/1574 1636/1636/1636 1572/1572/1572
f 1574/1574/1574 1637/1637/1637 1638/1638/1638
f 1576/1576/1576 1637/1637/1637 1575/1575/1575
f 1576/1576/1576 1639/1639/1639 1640/1640/1640
f 1577/1577/1577 1641/1641/1641 1639/1639/1639
f 1578/1578/1578 1642/1642/1642 1641/1641/1641
f 1580/1580/1580 1642/1642/1642 1579/1579/1579
f 1581/1581/1581 1643/1643/1643 1580/1580/1580
f 1583/1583/1583 1644/1644/1644 1581/1581/1581
f 1583/1583/1583 1645/1645/1645 1646/1646/1646
f 1582/1582/1582 1647/1647/1647 1645/1645/1645
f 1584/1584/1584 1648/1648/1648 1647/1647/1647
f 1586/1586/1586 1649/1649/1649 1648/1648/1648
f 1587/1587/1587 1649/1649/1649 1585/1585/1585
f 1587/1587/1587 1650/1650/1650 1651/1651/1651
f 1589/1589/1589 1650/1650/1650 1588/1588/1588
f 1589/1589/1589 1652/1652/1652 1653/1653/1653
f 1590/1590/1590 1654/1654/1654 1652/1652/1652
f 1591/1591/1591 1655/1655/1655 1654/1654/1654
f 1593/1593/1593 1656/1656/1656 1655/1655/1655
f 1592/1592/1592 1657/1657/1657 1656/1656/1656
f 1595/1595/1595 1657/1657/1657 1594/1594/1594
f 1597/1597/1597 1658/1658/1658 1595/1595/1595
f 1596/1596/1596 1659/1659/1659 1597/1597/1597
f 1598/1598/1598 1660/1660/1660 1596/1596/1596
f 1598/1598/1598 1661/1661/1661 1662/1662/1662
f 1599/1599/1599 1661/1661/1661 1600/1600/1600
f 1601/1601/1601 1663/1663/1663 1599/1599/1599
f 1602/1602/1602 1664/1664/1664 1601/1601/1601
f 1602/1602/1602 1665/1665/1665 1666/1666/1666
f 1603/1603/1603 1667/1667/1667 1665/1665/1665
f 1606/1606/1606 1667/1667/1667 1604/1604/1604
f 1605/1605/1605 1668/1668/1668 1606/1606/1606
f 1607/1607/1607 1669/1669/1669 1605/1605/1605
f 1607/1607/1607 1670/1670/1670 1671/1671/1671
f 1608/1608/1608 1672/1672/1672 1670/1670/1670
f 1609/1609/1609 1673/1673/1673 1672/1672/1672
f 1610/1610/1610 1673/1673/1673 1611/1611/1611
f 1612/1612/1612 1674/1674/1674 1610/1610/1610
f 1613/1613/1613 1675/1675/1675 1612/1612/1612
f 1613/1613/1613 1676/1676/1676 1677/1677/1677
f 1614/1614/1614 1678/1678/1678 1676/1676/1676
f 1615/1615/1615 1679/1679/1679 1678/1678/1678
f 1616/1616/1616 1680/1680/1680 1679/1679/1679
f 1617/1617/1617 1681/1681/1681 1680/1680/1680
f 1618/1618/1618 1682/1682/1682 1681/1681/1681
f 1619/1619/1619 1683/1683/1683 1682/1682/1682
f 1621/1621/1621 1684/1684/1684 1683/1683/1683
f 1622/1622/1622 1684/1684/1684 1620/1620/1620
f 1622/1622/1622 1685/1685/1685 1686/1686/1686
f 1624/1624/1624 1685/1685/1685 1623/1623/1623
f 1626/1626/1626 1687/1687/1687 1624/1624/1624
f 1625/1625/1625 1688/1688/1688 1626/1626/1626
f 1628/1628/1628 1689/1689/1689 1625/1625/1625
f 1627/1627/1627 1690/1690/1690 1628/1628/1628
f 1629/1629/1629 1691/1691/1691 1627/1627/1627
f 1630/1630/1630 1692/1692/1692 1631/1631/1631
f 1630/1630/1630 1693/1693/1693 1694/1694/1694
f 1633/1633/1633 1693/1693/1693 1632/1632/1632
f 1634/1634/1634 1695/1695/1695 1633/1633/1633
f 1634/1634/1634 1696/1696/1696 1697/1697/1697
f 1636/1636/1636 1696/1696/1696 1635/1635/1635
f 1638/1638/1638 1698/1698/1698 1636/1636/1636
f 1638/1638/1638 1699/1699/1699 1700/1700/1700
f 1640/1640/1640 1699/1699/1699 1637/1637/1637
f 1639/1639/1639 1701/1701/1701 1640/1640/1640
f 1641/1641/1641 1702/1702/1702 1639/1639/1639
f 1641/1641/1641 1703/1703/1703 1704/1704/1704
f 1642/1642/1642 1705/1705/1705 1703/1703/1703
f 1644/1644/1644 1705/1705/1705 1643/1643/1643
f 1646/1646/1646 1706/1706/1706 1644/1644/1644
f 1645/1645/1645 1707/1707/1707 1646/1646/1646
f 1647/1647/1647 1708/1708/1708 1645/1645/1645
f 1647/1647/1647 1709/1709/1709 1710/1710/1710
f 1649/1649/1649 1709/1709/1709 1648/1648/1648
f 1651/1651/1651 1711/1711/1711 1649/1649/1649
f 1651/1651/1651 1712/1712/1712 1713/1713/1713
f 1650/1650/1650 1714/1714/1714 1712/1712/1712
f 1652/1652/1652 1714/1714/1714 1653/1653/1653
f 1654/1654/1654 1715/1715/1715 1652/1652/1652
f 1655/1655/1655 1716/1716/1716 1654/1654/1654
f 1655/1655/1655 1717/1717/1717 1718/1718/1718
f 1656/1656/1656 1719/1719/1719 1717/1717/1717
f 1657/1657/1657 1720/1720/1720 1719/1719/1719
f 1658/1658/1658 1721/1721/1721 1720/1720/1720
f 1660/1660/1660 1721/1721/1721 1659/1659/1659
f 1662/1662/1662 1722/1722/1722 1660/1660/1660
f 1662/1662/1662 1723/1723/1723 1724/1724/1724
f 1663/1663/1663 1723/1723/1723 1661/1661/1661
f 1663/1663/1663 1725/1725/1725 1726/1726/1726
f 1664/1664/1664 1727/1727/1727 1725/1725/1725
f 1665/1665/1665 1727/1727/1727 1666/1666/1666
f 1667/1667/1667 1728/1728/1728 1665/1665/1665
f 1667/1667/1667 1729/1729/1729 1730/1730/1730
f 1668/1668/1668 1731/1731/1731 1729/1729/1729
f 1669/1669/1669 1732/1732/1732 1731/1731/1731
f 1670/1670/1670 1732/1732/1732 1671/1671/1671
f 1672/1672/1672 1733/1733/1733 1670/1670/1670
f 1672/1672/1672 1734/1734/1734 1735/1735/1735
f 1674/1674/1674 1734/1734/1734 1673/1673/1673
f 1675/1675/1675 1736/1736/1736 1674/1674/1674
f 1677/1677/1677 1737/1737/1737 1675/1675/1675
f 1677/1677/1677 1738/1738/1738 1739/1739/1739
f 1676/1676/1676 1740/1740/1740 1738/1738/1738
f 1679/1679/1679 1740/1740/1740 1678/1678/1678
f 1680/1680/1680 1741/1741/1741 1679/1679/1679
f 1681/1681/1681 1742/1742/1742 1680/1680/1680
f 1681/1681/1681 1743/1743/1743 1744/1744/1744
f 1682/1682/1682 1745/1745/1745 1743/1743/1743
f 1683/1683/1683 1746/1746/1746 1745/1745/1745
f 1684/1684/1684 1747/1747/1747 1746/1746/1746
f 1686/1686/1686 1748/1748/1748 1747/1747/1747
f 1687/1687/1687 1748/1748/1748 1685/1685/1685
f 1688/1688/1688 1749/1749/1749 1687/1687/1687
f 1688/1688/1688 1750/1750/1750 1751/1751/1751
f 1689/1689/1689 1752/1752/1752 1750/1750/1750
f 1690/1690/1690 1753/1753/1753 1752/1752/1752
f 1691/1691/1691 1754/1754/1754 1753/1753/1753
f 1694/1694/1694 1755/1755/1755 1692/1692/1692
f 1693/1693/1693 1756/1756/1756 1694/1694/1694
f 1695/1695/1695 1757/1757/1757 1693/1693/1693
f 1697/1697/1697 1758/1758/1758 1695/1695/1695
f 1696/1696/1696 1759/1759/1759 1697/1697/1697
f 1698/1698/1698 1760/1760/1760 1696/1696/1696
f 1700/1700/1700 1761/1761/1761 1698/1698/1698
f 1699/1699/1699 1762/1762/1762 1700/1700/1700
f 1701/1701/1701 1763/1763/1763 1699/1699/1699
f 1701/1701/1701 1764/1764/1764 1765/1765/1765
f 1704/1704/1704 1764/1764/1764 1702/1702/1702
f 1704/1704/1704 1766/1766/1766 1767/1767/1767
f 1705/1705/1705 1766/1766/1766 1703/1703/1703
f 1706/1706/1706 1768/1768/1768 1705/1705/1705
f 1707/1707/1707 1769/1769/1769 1706/1706/1706
f 1708/1708/1708 1770/1770/1770 1707/1707/1707
f 1710/1710/1710 1771/1771/1771 1708/1708/1708
f 1709/1709/1709 1772/1772/1772 1710/1710/1710
f 1709/1709/1709 1773/1773/1773 1774/1774/1774
f 1711/1711/1711 1775/1775/1775 1773/1773/1773
f 1712/1712/1712 1775/1775/1775 1713/1713/1713
f 1714/1714/1714 1776/1776/1776 1712/1712/1712
f 1715/1715/1715 1777/1777/1777 1714/1714/1714
f 1715/1715/1715 1778/1778/1778 1779/1779/1779
f 1718/1718/1718 1778/1778/1778 1716/1716/1716
f 1717/1717/1717 1780/1780/1780 1718/1718/1718
f 1719/1719/1719 1781/1781/1781 1717/1717/1717
f 1719/1719/1719 1782/1782/1782 1783/1783/1783
f 1720/1720/1720 1784/1784/1784 1782/1782/1782
f 1721/1721/1721 1785/1785/1785 1784/1784/1784
f 1722/1722/1722 1786/1786/1786 1785/1785/1785
f 1723/1723/1723 1786/1786/1786 1724/1724/1724
f 1726/1726/1726 1787/1787/1787 1723/1723/1723
f 1726/1726/1726 1788/1788/1788 1789/1789/1789
f 1727/1727/1727 1788/1788/1788 1725/1725/1725
f 1727/1727/1727 1790/1790/1790 1791/1791/1791
f 1728/1728/1728 1792/1792/1792 1790/1790/1790
f 1730/1730/1730 1793/1793/1793 1792/1792/1792
f 1729/1729/1729 1794/1794/1794 1793/1793/1793
f 1731/1731/1731 1795/1795/1795 1794/1794/1794
f 1732/1732/1732 1796/1796/1796 1795/1795/1795
f 1733/1733/1733 1797/1797/1797 1796/1796/1796
f 1734/1734/1734 1797/1797/1797 1735/1735/1735
f 1734/1734/1734 1798/1798/1798 1799/1799/1799
f 1736/1736/1736 1800/1800/1800 1798/1798/1798
f 1737/1737/1737 1801/1801/1801 1800/1800/1800
f 1738/1738/1738 1801/1801/1801 1739/1739/1739
f 1740/1740/1740 1802/1802/1802 1738/1738/1738
f 1741/1741/1741 1803/1803/1803 1740/1740/1740
f 1742/1742/1742 1804/1804/1804 1741/1741/1741
f 1744/1744/1744 1805/1805/1805 1742/1742/1742
f 1743/1743/1743 1806/1806/1806 1744/1744/1744
f 1745/1745/1745 1807/1807/1807 1743/1743/1743
f 1745/1745/1745 1808/1808/1808 1809/1809/1809
f 1747/1747/1747 1808/1808/1808 1746/1746/1746
f 1748/1748/1748 1810/1810/1810 1747/1747/1747
f 1748/1748/1748 1811/1811/1811 1812/1812/1812
f 1749/1749/1749 1813/1813/1813 1811/1811/1811
f 1750/1750/1750 1813/1813/1813 1751/1751/1751
f 1750/1750/1750 1814/1814/1814 1815/1815/1815
f 1753/1753/1753 1814/1814/1814 1752/1752/1752
f 1753/1753/1753 1816/1816/1816 1817/1817/1817
f 1756/1756/1756 1818/1818/1818 1755/1755/1755
f 1756/1756/1756 1819/1819/1819 1820/1820/1820
f 1757/1757/1757 1821/1821/1821 1819/1819/1819
f 1758/1758/1758 1822/1822/1822 1821/1821/1821
f 1759/1759/1759 1823/1823/1823 1822/1822/1822
f 1761/1761/1761 1823/1823/1823 1760/1760/1760
f 1762/1762/1762 1824/1824/1824 1761/1761/1761
f 1762/1762/1762 1825/1825/1825 1826/1826/1826
f 1765/1765/1765 1825/1825/1825 1763/1763/1763
f 1764/1764/1764 1827/1827/1827 1765/1765/1765
f 1767/1767/1767 1828/1828/1828 1764/1764/1764
f 1766/1766/1766 1829/1829/1829 1767/1767/1767
f 1768/1768/1768 1830/1830/1830 1766/1766/1766
f 1769/1769/1769 1831/1831/1831 1768/1768/1768
f 1769/1769/1769 1832/1832/1832 1833/1833/1833
f 1770/1770/1770 1834/1834/1834 1832/1832/1832
f 1771/1771/1771 1835/1835/1835 1834/1834/1834
f 1774/1774/1774 1835/1835/1835 1772/1772/1772
f 1774/1774/1774 1836/1836/1836 1837/1837/1837
f 1773/1773/1773 1838/1838/1838 1836/1836/1836
f 1775/1775/1775 1839/1839/1839 1838/1838/1838
f 1777/1777/1777 1839/1839/1839 1776/1776/1776
f 1777/1777/1777 1840/1840/1840 1841/1841/1841
f 1779/1779/1779 1842/1842/1842 1840/1840/1840
f 1780/1780/1780 1842/1842/1842 1778/1778/1778
f 1781/1781/1781 1843/1843/1843 1780/1780/1780
f 1783/1783/1783 1844/1844/1844 1781/1781/1781
f 1782/1782/1782 1845/1845/1845 1783/1783/1783
f 1784/1784/1784 1846/1846/1846 1782/1782/1782
f 1784/1784/1784 1847/1847/1847 1848/1848/1848
f 1786/1786/1786 1847/1847/1847 1785/1785/1785
f 1786/1786/1786 1849/1849/1849 1850/1850/1850
f 1787/1787/1787 1851/1851/1851 1849/1849/1849
f 1789/1789/1789 1852/1852/1852 1851/1851/1851
f 1791/1791/1791 1852/1852/1852 1788/1788/1788
f 1791/1791/1791 1853/1853/1853 1854/1854/1854
f 1790/1790/1790 1855/1855/1855 1853/1853/1853
f 1792/1792/1792 1856/1856/1856 1855/1855/1855
f 1794/1794/1794 1856/1856/1856 1793/1793/1793
f 1795/1795/1795 1857/1857/1857 1794/1794/1794
f 1796/1796/1796 1858/1858/1858 1795/1795/1795
f 1797/1797/1797 1859/1859/1859 1796/1796/1796
f 1797/1797/1797 1860/1860/1860 1861/1861/1861
f 1798/1798/1798 1860/1860/1860 1799/1799/1799
f 1800/1800/1800 1862/1862/1862 1798/1798/1798
f 1801/1801/1801 1863/1863/1863 1800/1800/1800
f 1802/1802/1802 1864/1864/1864 1801/1801/1801
f 1802/1802/1802 1865/1865/1865 1866/1866/1866
f 1803/1803/1803 1867/1867/1867 1865/1865/1865
f 1804/1804/1804 1868/1868/1868 1867/1867/1867
f 1806/1806/1806 1868/1868/1868 1805/1805/1805
f 1807/1807/1807 1869/1869/1869 1806/1806/1806
f 1809/1809/1809 1870/1870/1870 1807/1807/1807
f 1809/1809/1809 1871/1871/1871 1872/1872/1872
f 1808/1808/1808 1873/1873/1873 1871/1871/1871
f 1810/1810/1810 1874/1874/1874 1873/1873/1873
f 1812/1812/1812 1875/1875/1875 1874/1874/1874
f 1811/1811/1811 1876/1876/1876 1875/1875/1875
f 1815/1815/1815 1876/1876/1876 1813/1813/1813
f 1814/1814/1814 1877/1877/1877 1815/1815/1815
f 1817/1817/1817 1878/1878/1878 1814/1814/1814
f 1816/1816/1816 1879/1879/1879 1817/1817/1817
f 1818/1818/1818 1880/1880/1880 1881/1881/1881
f 1819/1819/1819 1880/1880/1880 1820/1820/1820
f 1819/1819/1819 1882/1882/1882 1883/1883/1883
f 1821/1821/1821 1884/1884/1884 1882/1882/1882
f 1822/1822/1822 1885/1885/1885 1884/1884/1884
f 1823/1823/1823 1886/1886/1886 1885/1885/1885
f 1824/1824/1824 1887/1887/1887 1886/1886/1886
f 1825/1825/1825 1887/1887/1887 1826/1826/1826
f 1827/1827/1827 1888/1888/1888 1825/1825/1825
f 1827/1827/1827 1889/1889/1889 1890/1890/1890
f 1829/1829/1829 1889/1889/1889 1828/1828/1828
f 1829/1829/1829 1891/1891/1891 1892/1892/1892
f 1830/1830/1830 1893/1893/1893 1891/1891/1891
f 1833/1833/1833 1893/1893/1893 1831/1831/1831
f 1832/1832/1832 1894/1894/1894 1833/1833/1833
f 1832/1832/1832 1895/1895/1895 1896/1896/1896
f 1834/1834/1834 1897/1897/1897 1895/1895/1895
f 1837/1837/1837 1897/1897/1897 1835/1835/1835
f 1836/1836/1836 1898/1898/1898 1837/1837/1837
f 1838/1838/1838 1899/1899/1899 1836/1836/1836
f 1839/1839/1839 1900/1900/1900 1838/1838/1838
f 1841/1841/1841 1901/1901/1901 1839/1839/1839
f 1840/1840/1840 1902/1902/1902 1841/1841/1841
f 1842/1842/1842 1903/1903/1903 1840/1840/1840
f 1843/1843/1843 1904/1904/1904 1842/1842/1842
f 1843/1843/1843 1905/1905/1905 1906/1906/1906
f 1844/1844/1844 1907/1907/1907 1905/1905/1905
f 1845/1845/1845 1908/1908/1908 1907/1907/1907
f 1848/1848/1848 1908/1908/1908 1846/1846/1846
f 1847/1847/1847 1909/1909/1909 1848/1848/1848
f 1850/1850/1850 1910/1910/1910 1847/1847/1847
f 1850/1850/1850 1911/1911/1911 1912/1912/1912
f 1849/1849/1849 1913/1913/1913 1911/1911/1911
f 1852/1852/1852 1913/1913/1913 1851/1851/1851
f 1854/1854/1854 1914/1914/1914 1852/1852/1852
f 1853/1853/1853 1915/1915/1915 1854/1854/1854
f 1855/1855/1855 1916/1916/1916 1853/1853/1853
f 1856/1856/1856 1917/1917/1917 1855/1855/1855
f 1856/1856/1856 1918/1918/1918 1919/1919/1919
f 1858/1858/1858 1918/1918/1918 1857/1857/1857
f 1858/1858/1858 1920/1920/1920 1921/1921/1921
f 1861/1861/1861 1920/1920/1920 1859/1859/1859
f 1860/1860/1860 1922/1922/1922 1861/1861/1861
f 1862/1862/1862 1923/1923/1923 1860/1860/1860
f 1862/1862/1862 1924/1924/1924 1925/1925/1925
f 1864/1864/1864 1924/1924/1924 1863/1863/1863
f 1866/1866/1866 1926/1926/1926 1864/1864/1864
f 1866/1866/1866 1927/1927/1927 1928/1928/1928
f 1865/1865/1865 1929/1929/1929 1927/1927/1927
f 1868/1868/1868 1929/1929/1929 1867/1867/1867
f 1868/1868/1868 1930/1930/1930 1931/1931/1931
f 1869/1869/1869 1932/1932/1932 1930/1930/1930
f 1872/1872/1872 1932/1932/1932 1870/1870/1870
f 1872/1872/1872 1933/1933/1933 1934/1934/1934
f 1873/1873/1873 1933/1933/1933 1871/1871/1871
f 1874/1874/1874 1935/1935/1935 1873/1873/1873
f 1875/1875/1875 1936/1936/1936 1874/1874/1874
f 1876/1876/1876 1937/1937/1937 1875/1875/1875
f 1876/1876/1876 1938/1938/1938 1939/1939/1939
f 1878/1878/1878 1938/1938/1938 1877/1877/1877
f 1878/1878/1878 1940/1940/1940 1941/1941/1941
f 1942/1942/1942 1940/1940/1940 1879/1879/1879
f 1881/1881/1881 1943/1943/1943 1944/1944/1944
f 1880/1880/1880 1945/1945/1945 1943/1943/1943
f 1882/1882/1882 1945/1945/1945 1883/1883/1883
f 1884/1884/1884 1946/1946/1946 1882/1882/1882
f 1885/1885/1885 1947/1947/1947 1884/1884/1884
f 1885/1885/1885 1948/1948/1948 1949/1949/1949
f 1886/1886/1886 1950/1950/1950 1948/1948/1948
f 1887/1887/1887 1951/1951/1951 1950/1950/1950
f 1888/1888/1888 1952/1952/1952 1951/1951/1951
f 1890/1890/1890 1953/1953/1953 1952/1952/1952
f 1889/1889/1889 1954/1954/1954 1953/1953/1953
f 1892/1892/1892 1955/1955/1955 1954/1954/1954
f 1891/1891/1891 1956/1956/1956 1955/1955/1955
f 1893/1893/1893 1957/1957/1957 1956/1956/1956
f 1894/1894/1894 1958/1958/1958 1957/1957/1957
f 1896/1896/1896 1959/1959/1959 1958/1958/1958
f 1895/1895/1895 1960/1960/1960 1959/1959/1959
f 1898/1898/1898 1960/1960/1960 1897/1897/1897
f 1899/1899/1899 1961/1961/1961 1898/1898/1898
f 1900/1900/1900 1962/1962/1962 1899/1899/1899
f 1901/1901/1901 1963/1963/1963 1900/1900/1900
f 1901/1901/1901 1964/1964/1964 1965/1965/1965
f 1902/1902/1902 1966/1966/1966 1964/1964/1964
f 1903/1903/1903 1967/1967/1967 1966/1966/1966
f 1904/1904/1904 1968/1968/1968 1967/1967/1967
f 1905/1905/1905 1968/1968/1968 1906/1906/1906
f 1907/1907/1907 1969/1969/1969 1905/1905/1905
f 1907/1907/1907 1970/1970/1970 1971/1971/1971
f 1909/1909/1909 1970/1970/1970 1908/1908/1908
f 1910/1910/1910 1972/1972/1972 1909/1909/1909
f 1910/1910/1910 1973/1973/1973 1974/1974/1974
f 1911/1911/1911 1973/1973/1973 1912/1912/1912
f 1911/1911/1911 1975/1975/1975 1976/1976/1976
f 1913/1913/1913 1977/1977/1977 1975/1975/1975
f 1915/1915/1915 1977/1977/1977 1914/1914/1914
f 1916/1916/1916 1978/1978/1978 1915/1915/1915
f 1917/1917/1917 1979/1979/1979 1916/1916/1916
f 1919/1919/1919 1980/1980/1980 1917/1917/1917
f 1919/1919/1919 1981/1981/1981 1982/1982/1982
f 1921/1921/1921 1981/1981/1981 1918/1918/1918
f 1920/1920/1920 1983/1983/1983 1921/1921/1921
f 1920/1920/1920 1984/1984/1984 1985/1985/1985
f 1922/1922/1922 1986/1986/1986 1984/1984/1984
f 1925/1925/1925 1986/1986/1986 1923/1923/1923
f 1925/1925/1925 1987/1987/1987 1988/1988/1988
f 1926/1926/1926 1987/1987/1987 1924/1924/1924
f 1928/1928/1928 1989/1989/1989 1926/1926/1926
f 1927/1927/1927 1990/1990/1990 1928/1928/1928
f 1929/1929/1929 1991/1991/1991 1927/1927/1927
f 1931/1931/1931 1992/1992/1992 1929/1929/1929
f 1930/1930/1930 1993/1993/1993 1931/1931/1931
f 1932/1932/1932 1994/1994/1994 1930/1930/1930
f 1934/1934/1934 1995/1995/1995 1932/1932/1932
f 1934/1934/1934 1996/1996/1996 1997/1997/1997
f 1935/1935/1935 1996/1996/1996 1933/1933/1933
f 1936/1936/1936 1998/1998/1998 1935/1935/1935
f 1936/1936/1936 1999/1999/1999 2000/2000/2000
f 1939/1939/1939 1999/1999/1999 1937/1937/1937
f 1938/1938/1938 2001/2001/2001 1939/1939/1939
f 1938/1938/1938 2002/2002/2002 2003/2003/2003
f 1941/1941/1941 2004/2004/2004 2002/2002/2002
f 2005/2005/2005 2004/2004/2004 1940/1940/1940
f 1943/1943/1943 2006/2006/2006 1944/1944/1944
f 1945/1945/1945 2007/2007/2007 1943/1943/1943
f 1946/1946/1946 2008/2008/2008 1945/1945/1945
f 1947/1947/1947 2009/2009/2009 1946/1946/1946
f 1949/1949/1949 2010/2010/2010 1947/1947/1947
f 1948/1948/1948 2011/2011/2011 1949/1949/1949
f 1948/1948/1948 2012/2012/2012 2013/2013/2013
f 1951/1951/1951 2012/2012/2012 1950/1950/1950
f 1952/1952/1952 2014/2014/2014 1951/1951/1951
f 1953/1953/1953 2015/2015/2015 1952/1952/1952
f 1954/1954/1954 2016/2016/2016 1953/1953/1953
f 1955/1955/1955 2017/2017/2017 1954/1954/1954
f 1956/1956/1956 2018/2018/2018 1955/1955/1955
f 1957/1957/1957 2019/2019/2019 1956/1956/1956
f 1958/1958/1958 2020/2020/2020 1957/1957/1957
f 1959/1959/1959 2021/2021/2021 1958/1958/1958
f 1960/1960/1960 2022/2022/2022 1959/1959/1959
f 1961/1961/1961 2023/2023/2023 1960/1960/1960
f 1961/1961/1961 2024/2024/2024 2025/2025/2025
f 1962/1962/1962 2026/2026/2026 2024/2024/2024
f 1963/1963/1963 2027/2027/2027 2026/2026/2026
f 1964/1964/1964 2027/2027/2027 1965/1965/1965
f 1966/1966/1966 2028/2028/2028 1964/1964/1964
f 1967/1967/1967 2029/2029/2029 1966/1966/1966
f 1968/1968/1968 2030/2030/2030 1967/1967/1967
f 1969/1969/1969 2031/2031/2031 1968/1968/1968
f 1971/1971/1971 2032/2032/2032 1969/1969/1969
f 1970/1970/1970 2033/2033/2033 1971/1971/1971
f 1970/1970/1970 2034/2034/2034 2035/2035/2035
f 1974/1974/1974 2034/2034/2034 1972/1972/1972
f 1973/1973/1973 2036/2036/2036 1974/1974/1974
f 1973/1973/1973 2037/2037/2037 2038/2038/2038
f 1975/1975/1975 2037/2037/2037 1976/1976/1976
f 1977/1977/1977 2039/2039/2039 1975/1975/1975
f 1977/1977/1977 2040/2040/2040 2041/2041/2041
f 1979/1979/1979 2040/2040/2040 1978/1978/1978
f 1979/1979/1979 2042/2042/2042 2043/2043/2043
f 1980/1980/1980 2044/2044/2044 2042/2042/2042
f 1982/1982/1982 2045/2045/2045 2044/2044/2044
f 1981/1981/1981 2046/2046/2046 2045/2045/2045
f 1983/1983/1983 2047/2047/2047 2046/2046/2046
f 1984/1984/1984 2047/2047/2047 1985/1985/1985
f 1984/1984/1984 2048/2048/2048 2049/2049/2049
f 1986/1986/1986 2050/2050/2050 2048/2048/2048
f 1987/1987/1987 2050/2050/2050 1988/1988/1988
f 1987/1987/1987 2051/2051/2051 2052/2052/2052
f 1989/1989/1989 2053/2053/2053 2051/2051/2051
f 1990/1990/1990 2054/2054/2054 2053/2053/2053
f 1991/1991/1991 2055/2055/2055 2054/2054/2054
f 1992/1992/1992 2056/2056/2056 2055/2055/2055
f 1994/1994/1994 2056/2056/2056 1993/1993/1993
f 1994/1994/1994 2057/2057/2057 2058/2058/2058
f 1995/1995/1995 2059/2059/2059 2057/2057/2057
f 1996/1996/1996 2059/2059/2059 1997/1997/1997
f 1996/1996/1996 2060/2060/2060 2061/2061/2061
f 1998/1998/1998 2062/2062/2062 2060/2060/2060
f 2000/2000/2000 2063/2063/2063 2062/2062/2062
f 1999/1999/1999 2064/2064/2064 2063/2063/2063
f 2001/2001/2001 2065/2065/2065 2064/2064/2064
f 2003/2003/2003 2066/2066/2066 2065/2065/2065
f 2002/2002/2002 2067/2067/2067 2066/2066/2066
f 2068/2068/2068 2067/2067/2067 2004/2004/2004
f 2007/2007/2007 2069/2069/2069 2006/2006/2006
f 2007/2007/2007 2070/2070/2070 2071/2071/2071
f 2009/2009/2009 2070/2070/2070 2008/2008/2008
f 2009/2009/2009 2072/2072/2072 2073/2073/2073
f 2011/2011/2011 2072/2072/2072 2010/2010/2010
f 2013/2013/2013 2074/2074/2074 2011/2011/2011
f 2012/2012/2012 2075/2075/2075 2013/2013/2013
f 2012/2012/2012 2076/2076/2076 2077/2077/2077
f 2014/2014/2014 2078/2078/2078 2076/2076/2076
f 2016/2016/2016 2078/2078/2078 2015/2015/2015
f 2016/2016/2016 2079/2079/2079 2080/2080/2080
f 2017/2017/2017 2081/2081/2081 2079/2079/2079
f 2019/2019/2019 2081/2081/2081 2018/2018/2018
f 2020/2020/2020 2082/2082/2082 2019/2019/2019
f 2021/2021/2021 2083/2083/2083 2020/2020/2020
f 2021/2021/2021 2084/2084/2084 2085/2085/2085
f 2022/2022/2022 2086/2086/2086 2084/2084/2084
f 2023/2023/2023 2087/2087/2087 2086/2086/2086
f 2025/2025/2025 2088/2088/2088 2087/2087/2087
f 2024/2024/2024 2089/2089/2089 2088/2088/2088
f 2026/2026/2026 2090/2090/2090 2089/2089/2089
f 2027/2027/2027 2091/2091/2091 2090/2090/2090
f 2028/2028/2028 2092/2092/2092 2091/2091/2091
f 2029/2029/2029 2093/2093/2093 2092/2092/2092
f 2030/2030/2030 2094/2094/2094 2093/2093/2093
f 2031/2031/2031 2095/2095/2095 2094/2094/2094
f 2032/2032/2032 2096/2096/2096 2095/2095/2095
f 2035/2035/2035 2096/2096/2096 2033/2033/2033
f 2034/2034/2034 2097/2097/2097 2035/2035/2035
f 2034/2034/2034 2098/2098/2098 2099/2099/2099
f 2038/2038/2038 2098/2098/2098 2036/2036/2036
f 2037/2037/2037 2100/2100/2100 2038/2038/2038
f 2039/2039/2039 2101/2101/2101 2037/2037/2037
f 2041/2041/2041 2102/2102/2102 2039/2039/2039
f 2041/2041/2041 2103/2103/2103 2104/2104/2104
f 2040/2040/2040 2105/2105/2105 2103/2103/2103
f 2043/2043/2043 2106/2106/2106 2105/2105/2105
f 2042/2042/2042 2107/2107/2107 2106/2106/2106
f 2044/2044/2044 2108/2108/2108 2107/2107/2107
f 2046/2046/2046 2108/2108/2108 2045/2045/2045
f 2047/2047/2047 2109/2109/2109 2046/2046/2046
f 2049/2049/2049 2110/2110/2110 2047/2047/2047
f 2048/2048/2048 2111/2111/2111 2049/2049/2049
f 2048/2048/2048 2112/2112/2112 2113/2113/2113
f 2052/2052/2052 2112/2112/2112 2050/2050/2050
f 2051/2051/2051 2114/2114/2114 2052/2052/2052
f 2051/2051/2051 2115/2115/2115 2116/2116/2116
f 2054/2054/2054 2115/2115/2115 2053/2053/2053
f 2055/2055/2055 2117/2117/2117 2054/2054/2054
f 2055/2055/2055 2118/2118/2118 2119/2119/2119
f 2058/2058/2058 2118/2118/2118 2056/2056/2056
f 2058/2058/2058 2120/2120/2120 2121/2121/2121
f 2059/2059/2059 2120/2120/2120 2057/2057/2057
f 2061/2061/2061 2122/2122/2122 2059/2059/2059
f 2060/2060/2060 2123/2123/2123 2061/2061/2061
f 2060/2060/2060 2124/2124/2124 2125/2125/2125
f 2062/2062/2062 2126/2126/2126 2124/2124/2124
f 2064/2064/2064 2126/2126/2126 2063/2063/2063
f 2065/2065/2065 2127/2127/2127 2064/2064/2064
f 2066/2066/2066 2128/2128/2128 2065/2065/2065
f 2067/2067/2067 2129/2129/2129 2066/2066/2066
f 2130/2130/2130 2131/2131/2131 2067/2067/2067
f 2071/2071/2071 2132/2132/2132 2069/2069/2069
f 2071/2071/2071 2133/2133/2133 2134/2134/2134
f 2073/2073/2073 2133/2133/2133 2070/2070/2070
f 2072/2072/2072 2135/2135/2135 2073/2073/2073
f 2074/2074/2074 2136/2136/2136 2072/2072/2072
f 2074/2074/2074 2137/2137/2137 2138/2138/2138
f 2075/2075/2075 2139/2139/2139 2137/2137/2137
f 2077/2077/2077 2140/2140/2140 2139/2139/2139
f 2078/2078/2078 2140/2140/2140 2076/2076/2076
f 2078/2078/2078 2141/2141/2141 2142/2142/2142
f 2080/2080/2080 2143/2143/2143 2141/2141/2141
f 2081/2081/2081 2143/2143/2143 2079/2079/2079
f 2082/2082/2082 2144/2144/2144 2081/2081/2081
f 2083/2083/2083 2145/2145/2145 2082/2082/2082
f 2085/2085/2085 2146/2146/2146 2083/2083/2083
f 2084/2084/2084 2147/2147/2147 2085/2085/2085
f 2084/2084/2084 2148/2148/2148 2149/2149/2149
f 2086/2086/2086 2150/2150/2150 2148/2148/2148
f 2088/2088/2088 2150/2150/2150 2087/2087/2087
f 2089/2089/2089 2151/2151/2151 2088/2088/2088
f 2090/2090/2090 2152/2152/2152 2089/2089/2089
f 2090/2090/2090 2153/2153/2153 2154/2154/2154
f 2092/2092/2092 2153/2153/2153 2091/2091/2091
f 2093/2093/2093 2155/2155/2155 2092/2092/2092
f 2093/2093/2093 2156/2156/2156 2157/2157/2157
f 2094/2094/2094 2158/2158/2158 2156/2156/2156
f 2096/2096/2096 2158/2158/2158 2095/2095/2095
f 2096/2096/2096 2159/2159/2159 2160/2160/2160
f 2097/2097/2097 2161/2161/2161 2159/2159/2159
f 2099/2099/2099 2162/2162/2162 2161/2161/2161
f 2098/2098/2098 2163/2163/2163 2162/2162/2162
f 2101/2101/2101 2163/2163/2163 2100/2100/2100
f 2102/2102/2102 2164/2164/2164 2101/2101/2101
f 2104/2104/2104 2165/2165/2165 2102/2102/2102
f 2103/2103/2103 2166/2166/2166 2104/2104/2104
f 2105/2105/2105 2167/2167/2167 2103/2103/2103
f 2106/2106/2106 2168/2168/2168 2105/2105/2105
f 2107/2107/2107 2169/2169/2169 2106/2106/2106
f 2108/2108/2108 2170/2170/2170 2107/2107/2107
f 2109/2109/2109 2171/2171/2171 2108/2108/2108
f 2109/2109/2109 2172/2172/2172 2173/2173/2173
f 2110/2110/2110 2174/2174/2174 2172/2172/2172
f 2113/2113/2113 2174/2174/2174 2111/2111/2111
f 2112/2112/2112 2175/2175/2175 2113/2113/2113
f 2114/2114/2114 2176/2176/2176 2112/2112/2112
f 2116/2116/2116 2177/2177/2177 2114/2114/2114
f 2115/2115/2115 2178/2178/2178 2116/2116/2116
f 2115/2115/2115 2179/2179/2179 2180/2180/2180
f 2119/2119/2119 2179/2179/2179 2117/2117/2117
f 2119/2119/2119 2181/2181/2181 2182/2182/2182
f 2121/2121/2121 2181/2181/2181 2118/2118/2118
f 2121/2121/2121 2183/2183/2183 2184/2184/2184
f 2122/2122/2122 2183/2183/2183 2120/2120/2120
f 2122/2122/2122 2185/2185/2185 2186/2186/2186
f 2123/2123/2123 2187/2187/2187 2185/2185/2185
f 2124/2124/2124 2187/2187/2187 2125/2125/2125
f 2126/2126/2126 2188/2188/2188 2124/2124/2124
f 2127/2127/2127 2189/2189/2189 2126/2126/2126
f 2127/2127/2127 2190/2190/2190 2191/2191/2191
f 2128/2128/2128 2192/2192/2192 2190/2190/2190
f 2129/2129/2129 2193/2193/2193 2192/2192/2192
f 2131/2131/2131 2194/2194/2194 2193/2193/2193
f 2132/2132/2132 2195/2195/2195 2196/2196/2196
f 2133/2133/2133 2195/2195/2195 2134/2134/2134
f 2133/2133/2133 2197/2197/2197 2198/2198/2198
f 2135/2135/2135 2199/2199/2199 2197/2197/2197
f 2138/2138/2138 2199/2199/2199 2136/2136/2136
f 2138/2138/2138 2200/2200/2200 2201/2201/2201
f 2137/2137/2137 2202/2202/2202 2200/2200/2200
f 2140/2140/2140 2202/2202/2202 2139/2139/2139
f 2140/2140/2140 2203/2203/2203 2204/2204/2204
f 2141/2141/2141 2203/2203/2203 2142/2142/2142
f 2143/2143/2143 2205/2205/2205 2141/2141/2141
f 2144/2144/2144 2206/2206/2206 2143/2143/2143
f 2144/2144/2144 2207/2207/2207 2208/2208/2208
f 2145/2145/2145 2209/2209/2209 2207/2207/2207
f 2146/2146/2146 2210/2210/2210 2209/2209/2209
f 2149/2149/2149 2210/2210/2210 2147/2147/2147
f 2148/2148/2148 2211/2211/2211 2149/2149/2149
f 2150/2150/2150 2212/2212/2212 2148/2148/2148
f 2151/2151/2151 2213/2213/2213 2150/2150/2150
f 2151/2151/2151 2214/2214/2214 2215/2215/2215
f 2154/2154/2154 2214/2214/2214 2152/2152/2152
f 2153/2153/2153 2216/2216/2216 2154/2154/2154
f 2155/2155/2155 2217/2217/2217 2153/2153/2153
f 2155/2155/2155 2218/2218/2218 2219/2219/2219
f 2156/2156/2156 2218/2218/2218 2157/2157/2157
f 2158/2158/2158 2220/2220/2220 2156/2156/2156
f 2160/2160/2160 2221/2221/2221 2158/2158/2158
f 2160/2160/2160 2222/2222/2222 2223/2223/2223
f 2159/2159/2159 2224/2224/2224 2222/2222/2222
f 2162/2162/2162 2224/2224/2224 2161/2161/2161
f 2163/2163/2163 2225/2225/2225 2162/2162/2162
f 2164/2164/2164 2226/2226/2226 2163/2163/2163
f 2164/2164/2164 2227/2227/2227 2228/2228/2228
f 2166/2166/2166 2227/2227/2227 2165/2165/2165
f 2167/2167/2167 2229/2229/2229 2166/2166/2166
f 2167/2167/2167 2230/2230/2230 2231/2231/2231
f 2168/2168/2168 2232/2232/2232 2230/2230/2230
f 2169/2169/2169 2233/2233/2233 2232/2232/2232
f 2171/2171/2171 2233/2233/2233 2170/2170/2170
f 2173/2173/2173 2234/2234/2234 2171/2171/2171
f 2172/2172/2172 2235/2235/2235 2173/2173/2173
f 2174/2174/2174 2236/2236/2236 2172/2172/2172
f 2174/2174/2174 2237/2237/2237 2238/2238/2238
f 2175/2175/2175 2239/2239/2239 2237/2237/2237
f 2176/2176/2176 2240/2240/2240 2239/2239/2239
f 2177/2177/2177 2241/2241/2241 2240/2240/2240
f 2180/2180/2180 2241/2241/2241 2178/2178/2178
f 2179/2179/2179 2242/2242/2242 2180/2180/2180
f 2182/2182/2182 2243/2243/2243 2179/2179/2179
f 2181/2181/2181 2244/2244/2244 2182/2182/2182
f 2184/2184/2184 2245/2245/2245 2181/2181/2181
f 2184/2184/2184 2246/2246/2246 2247/2247/2247
f 2186/2186/2186 2246/2246/2246 2183/2183/2183
f 2185/2185/2185 2248/2248/2248 2186/2186/2186
f 2187/2187/2187 2249/2249/2249 2185/2185/2185
f 2188/2188/2188 2250/2250/2250 2187/2187/2187
f 2189/2189/2189 2251/2251/2251 2188/2188/2188
f 2191/2191/2191 2252/2252/2252 2189/2189/2189
f 2191/2191/2191 2253/2253/2253 2254/2254/2254
f 2192/2192/2192 2253/2253/2253 2190/2190/2190
f 2193/2193/2193 2255/2255/2255 2192/2192/2192
f 2194/2194/2194 2256/2256/2256 2193/2193/2193
f 2196/2196/2196 2257/2257/2257 2258/2258/2258
f 2195/2195/2195 2259/2259/2259 2257/2257/2257
f 2197/2197/2197 2259/2259/2259 2198/2198/2198
f 2197/2197/2197 2260/2260/2260 2261/2261/2261
f 2199/2199/2199 2262/2262/2262 2260/2260/2260
f 2200/2200/2200 2262/2262/2262 2201/2201/2201
f 2202/2202/2202 2263/2263/2263 2200/2200/2200
f 2202/2202/2202 2264/2264/2264 2265/2265/2265
f 2204/2204/2204 2266/2266/2266 2264/2264/2264
f 2203/2203/2203 2267/2267/2267 2266/2266/2266
f 2205/2205/2205 2268/2268/2268 2267/2267/2267
f 2206/2206/2206 2269/2269/2269 2268/2268/2268
f 2208/2208/2208 2270/2270/2270 2269/2269/2269
f 2207/2207/2207 2271/2271/2271 2270/2270/2270
f 2209/2209/2209 2272/2272/2272 2271/2271/2271
f 2210/2210/2210 2273/2273/2273 2272/2272/2272
f 2211/2211/2211 2274/2274/2274 2273/2273/2273
f 2212/2212/2212 2275/2275/2275 2274/2274/2274
f 2213/2213/2213 2276/2276/2276 2275/2275/2275
f 2215/2215/2215 2277/2277/2277 2276/2276/2276
f 2216/2216/2216 2277/2277/2277 2214/2214/2214
f 2216/2216/2216 2278/2278/2278 2279/2279/2279
f 2217/2217/2217 2280/2280/2280 2278/2278/2278
f 2219/2219/2219 2281/2281/2281 2280/2280/2280
f 2218/2218/2218 2282/2282/2282 2281/2281/2281
f 2220/2220/2220 2283/2283/2283 2282/2282/2282
f 2221/2221/2221 2284/2284/2284 2283/2283/2283
f 2222/2222/2222 2284/2284/2284 2223/2223/2223
f 2224/2224/2224 2285/2285/2285 2222/2222/2222
f 2224/2224/2224 2286/2286/2286 2287/2287/2287
f 2225/2225/2225 2288/2288/2288 2286/2286/2286
f 2226/2226/2226 2289/2289/2289 2288/2288/2288
f 2228/2228/2228 2290/2290/2290 2289/2289/2289
f 2227/2227/2227 2291/2291/2291 2290/2290/2290
f 2231/2231/2231 2291/2291/2291 2229/2229/2229
f 2230/2230/2230 2292/2292/2292 2231/2231/2231
f 2232/2232/2232 2293/2293/2293 2230/2230/2230
f 2233/2233/2233 2294/2294/2294 2232/2232/2232
f 2234/2234/2234 2295/2295/2295 2233/2233/2233
f 2234/2234/2234 2296/2296/2296 2297/2297/2297
f 2236/2236/2236 2296/2296/2296 2235/2235/2235
f 2236/2236/2236 2298/2298/2298 2299/2299/2299
f 2238/2238/2238 2300/2300/2300 2298/2298/2298
f 2237/2237/2237 2301/2301/2301 2300/2300/2300
f 2239/2239/2239 2302/2302/2302 2301/2301/2301
f 2240/2240/2240 2303/2303/2303 2302/2302/2302
f 2241/2241/2241 2304/2304/2304 2303/2303/2303
f 2242/2242/2242 2305/2305/2305 2304/2304/2304
f 2244/2244/2244 2305/2305/2305 2243/2243/2243
f 2244/2244/2244 2306/2306/2306 2307/2307/2307
f 2247/2247/2247 2306/2306/2306 2245/2245/2245
f 2247/2247/2247 2308/2308/2308 2309/2309/2309
f 2248/2248/2248 2308/2308/2308 2246/2246/2246
f 2249/2249/2249 2310/2310/2310 2248/2248/2248
f 2250/2250/2250 2311/2311/2311 2249/2249/2249
f 2251/2251/2251 2312/2312/2312 2250/2250/2250
f 2251/2251/2251 2313/2313/2313 2314/2314/2314
f 2252/2252/2252 2315/2315/2315 2313/2313/2313
f 2253/2253/2253 2315/2315/2315 2254/2254/2254
f 2255/2255/2255 2316/2316/2316 2253/2253/2253
f 2255/2255/2255 2317/2317/2317 2318/2318/2318
f 2256/2256/2256 2319/2319/2319 2317/2317/2317
f 2257/2257/2257 2320/2320/2320 2258/2258/2258
f 2259/2259/2259 2321/2321/2321 2257/2257/2257
f 2261/2261/2261 2322/2322/2322 2259/2259/2259
f 2260/2260/2260 2323/2323/2323 2261/2261/2261
f 2262/2262/2262 2324/2324/2324 2260/2260/2260
f 2263/2263/2263 2325/2325/2325 2262/2262/2262
f 2265/2265/2265 2326/2326/2326 2263/2263/2263
f 2264/2264/2264 2327/2327/2327 2265/2265/2265
f 2264/2264/2264 2328/2328/2328 2329/2329/2329
f 2266/2266/2266 2330/2330/2330 2328/2328/2328
f 2268/2268/2268 2330/2330/2330 2267/2267/2267
f 2269/2269/2269 2331/2331/2331 2268/2268/2268
f 2269/2269/2269 2332/2332/2332 2333/2333/2333
f 2271/2271/2271 2332/2332/2332 2270/2270/2270
f 2271/2271/2271 2334/2334/2334 2335/2335/2335
f 2272/2272/2272 2336/2336/2336 2334/2334/2334
f 2273/2273/2273 2337/2337/2337 2336/2336/2336
f 2274/2274/2274 2338/2338/2338 2337/2337/2337
f 2276/2276/2276 2338/2338/2338 2275/2275/2275
f 2276/2276/2276 2339/2339/2339 2340/2340/2340
f 2279/2279/2279 2339/2339/2339 2277/2277/2277
f 2278/2278/2278 2341/2341/2341 2279/2279/2279
f 2280/2280/2280 2342/2342/2342 2278/2278/2278
f 2281/2281/2281 2343/2343/2343 2280/2280/2280
f 2282/2282/2282 2344/2344/2344 2281/2281/2281
f 2283/2283/2283 2345/2345/2345 2282/2282/2282
f 2284/2284/2284 2346/2346/2346 2283/2283/2283
f 2284/2284/2284 2347/2347/2347 2348/2348/2348
f 2285/2285/2285 2349/2349/2349 2347/2347/2347
f 2286/2286/2286 2349/2349/2349 2287/2287/2287
f 2288/2288/2288 2350/2350/2350 2286/2286/2286
f 2288/2288/2288 2351/2351/2351 2352/2352/2352
f 2290/2290/2290 2351/2351/2351 2289/2289/2289
f 2290/2290/2290 2353/2353/2353 2354/2354/2354
f 2291/2291/2291 2355/2355/2355 2353/2353/2353
f 2292/2292/2292 2356/2356/2356 2355/2355/2355
f 2293/2293/2293 2357/2357/2357 2356/2356/2356
f 2294/2294/2294 2358/2358/2358 2357/2357/2357
f 2295/2295/2295 2359/2359/2359 2358/2358/2358
f 2296/2296/2296 2359/2359/2359 2297/2297/2297
f 2299/2299/2299 2360/2360/2360 2296/2296/2296
f 2299/2299/2299 2361/2361/2361 2362/2362/2362
f 2300/2300/2300 2361/2361/2361 2298/2298/2298
f 2300/2300/2300 2363/2363/2363 2364/2364/2364
f 2301/2301/2301 2365/2365/2365 2363/2363/2363
f 2303/2303/2303 2365/2365/2365 2302/2302/2302
f 2304/2304/2304 2366/2366/2366 2303/2303/2303
f 2305/2305/2305 2367/2367/2367 2304/2304/2304
f 2305/2305/2305 2368/2368/2368 2369/2369/2369
f 2307/2307/2307 2370/2370/2370 2368/2368/2368
f 2309/2309/2309 2370/2370/2370 2306/2306/2306
f 2308/2308/2308 2371/2371/2371 2309/2309/2309
f 2308/2308/2308 2372/2372/2372 2373/2373/2373
f 2311/2311/2311 2372/2372/2372 2310/2310/2310
f 2312/2312/2312 2374/2374/2374 2311/2311/2311
f 2312/2312/2312 2375/2375/2375 2376/2376/2376
f 2314/2314/2314 2377/2377/2377 2375/2375/2375
f 2313/2313/2313 2378/2378/2378 2377/2377/2377
f 2316/2316/2316 2378/2378/2378 2315/2315/2315
f 2318/2318/2318 2379/2379/2379 2316/2316/2316
f 2318/2318/2318 2380/2380/2380 2381/2381/2381
f 2317/2317/2317 2382/2382/2382 2380/2380/2380
f 2320/2320/2320 2383/2383/2383 2384/2384/2384
f 2321/2321/2321 2385/2385/2385 2383/2383/2383
f 2322/2322/2322 2386/2386/2386 2385/2385/2385
f 2323/2323/2323 2387/2387/2387 2386/2386/2386
f 2324/2324/2324 2388/2388/2388 2387/2387/2387
f 2326/2326/2326 2388/2388/2388 2325/2325/2325
f 2327/2327/2327 2389/2389/2389 2326/2326/2326
f 2329/2329/2329 2390/2390/2390 2327/2327/2327
f 2328/2328/2328 2391/2391/2391 2329/2329/2329
f 2330/2330/2330 2392/2392/2392 2328/2328/2328
f 2330/2330/2330 2393/2393/2393 2394/2394/2394
f 2331/2331/2331 2395/2395/2395 2393/2393/2393
f 2332/2332/2332 2395/2395/2395 2333/2333/2333
f 2335/2335/2335 2396/2396/2396 2332/2332/2332
f 2335/2335/2335 2397/2397/2397 2398/2398/2398
f 2336/2336/2336 2397/2397/2397 2334/2334/2334
f 2337/2337/2337 2399/2399/2399 2336/2336/2336
f 2337/2337/2337 2400/2400/2400 2401/2401/2401
f 2340/2340/2340 2400/2400/2400 2338/2338/2338
f 2339/2339/2339 2402/2402/2402 2340/2340/2340
f 2341/2341/2341 2403/2403/2403 2339/2339/2339
f 2341/2341/2341 2404/2404/2404 2405/2405/2405
f 2342/2342/2342 2406/2406/2406 2404/2404/2404
f 2343/2343/2343 2407/2407/2407 2406/2406/2406
f 2345/2345/2345 2407/2407/2407 2344/2344/2344
f 2345/2345/2345 2408/2408/2408 2409/2409/2409
f 2346/2346/2346 2410/2410/2410 2408/2408/2408
f 2348/2348/2348 2411/2411/2411 2410/2410/2410
f 2347/2347/2347 2412/2412/2412 2411/2411/2411
f 2349/2349/2349 2413/2413/2413 2412/2412/2412
f 2352/2352/2352 2413/2413/2413 2350/2350/2350
f 2351/2351/2351 2414/2414/2414 2352/2352/2352
f 2354/2354/2354 2415/2415/2415 2351/2351/2351
f 2353/2353/2353 2416/2416/2416 2354/2354/2354
f 2355/2355/2355 2417/2417/2417 2353/2353/2353
f 2356/2356/2356 2418/2418/2418 2355/2355/2355
f 2357/2357/2357 2419/2419/2419 2356/2356/2356
f 2357/2357/2357 2420/2420/2420 2421/2421/2421
f 2358/2358/2358 2422/2422/2422 2420/2420/2420
f 2359/2359/2359 2423/2423/2423 2422/2422/2422
f 2362/2362/2362 2423/2423/2423 2360/2360/2360
f 2362/2362/2362 2424/2424/2424 2425/2425/2425
f 2364/2364/2364 2424/2424/2424 2361/2361/2361
f 2363/2363/2363 2426/2426/2426 2364/2364/2364
f 2365/2365/2365 2427/2427/2427 2363/2363/2363
f 2366/2366/2366 2428/2428/2428 2365/2365/2365
f 2366/2366/2366 2429/2429/2429 2430/2430/2430
f 2367/2367/2367 2431/2431/2431 2429/2429/2429
f 2368/2368/2368 2431/2431/2431 2369/2369/2369
f 2370/2370/2370 2432/2432/2432 2368/2368/2368
f 2371/2371/2371 2433/2433/2433 2370/2370/2370
f 2373/2373/2373 2434/2434/2434 2371/2371/2371
f 2373/2373/2373 2435/2435/2435 2436/2436/2436
f 2372/2372/2372 2437/2437/2437 2435/2435/2435
f 2376/2376/2376 2437/2437/2437 2374/2374/2374
f 2376/2376/2376 2438/2438/2438 2439/2439/2439
f 2377/2377/2377 2438/2438/2438 2375/2375/2375
f 2378/2378/2378 2440/2440/2440 2377/2377/2377
f 2378/2378/2378 2441/2441/2441 2442/2442/2442
f 2381/2381/2381 2441/2441/2441 2379/2379/2379
f 2381/2381/2381 2443/2443/2443 2444/2444/2444
f 2382/2382/2382 2443/2443/2443 2380/2380/2380
f 2383/2383/2383 2445/2445/2445 2384/2384/2384
f 2385/2385/2385 2446/2446/2446 2383/2383/2383
f 2386/2386/2386 2447/2447/2447 2385/2385/2385
f 2387/2387/2387 2448/2448/2448 2386/2386/2386
f 2388/2388/2388 2449/2449/2449 2387/2387/2387
f 2388/2388/2388 2450/2450/2450 2451/2451/2451
f 2390/2390/2390 2450/2450/2450 2389/2389/2389
f 2391/2391/2391 2452/2452/2452 2390/2390/2390
f 2391/2391/2391 2453/2453/2453 2454/2454/2454
f 2392/2392/2392 2455/2455/2455 2453/2453/2453
f 2393/2393/2393 2455/2455/2455 2394/2394/2394
f 2395/2395/2395 2456/2456/2456 2393/2393/2393
f 2396/2396/2396 2457/2457/2457 2395/2395/2395
f 2398/2398/2398 2458/2458/2458 2396/2396/2396
f 2397/2397/2397 2459/2459/2459 2398/2398/2398
f 2399/2399/2399 2460/2460/2460 2397/2397/2397
f 2399/2399/2399 2461/2461/2461 2462/2462/2462
f 2401/2401/2401 2463/2463/2463 2461/2461/2461
f 2400/2400/2400 2464/2464/2464 2463/2463/2463
f 2402/2402/2402 2465/2465/2465 2464/2464/2464
f 2405/2405/2405 2465/2465/2465 2403/2403/2403
f 2405/2405/2405 2466/2466/2466 2467/2467/2467
f 2406/2406/2406 2466/2466/2466 2404/2404/2404
f 2407/2407/2407 2468/2468/2468 2406/2406/2406
f 2407/2407/2407 2469/2469/2469 2470/2470/2470
f 2408/2408/2408 2469/2469/2469 2409/2409/2409
f 2410/2410/2410 2471/2471/2471 2408/2408/2408
f 2410/2410/2410 2472/2472/2472 2473/2473/2473
f 2412/2412/2412 2472/2472/2472 2411/2411/2411
f 2412/2412/2412 2474/2474/2474 2475/2475/2475
f 2413/2413/2413 2476/2476/2476 2474/2474/2474
f 2415/2415/2415 2476/2476/2476 2414/2414/2414
f 2415/2415/2415 2477/2477/2477 2478/2478/2478
f 2416/2416/2416 2479/2479/2479 2477/2477/2477
f 2418/2418/2418 2479/2479/2479 2417/2417/2417
f 2418/2418/2418 2480/2480/2480 2481/2481/2481
f 2419/2419/2419 2482/2482/2482 2480/2480/2480
f 2420/2420/2420 2482/2482/2482 2421/2421/2421
f 2422/2422/2422 2483/2483/2483 2420/2420/2420
f 2423/2423/2423 2484/2484/2484 2422/2422/2422
f 2425/2425/2425 2485/2485/2485 2423/2423/2423
f 2424/2424/2424 2486/2486/2486 2425/2425/2425
f 2426/2426/2426 2487/2487/2487 2424/2424/2424
f 2427/2427/2427 2488/2488/2488 2426/2426/2426
f 2427/2427/2427 2489/2489/2489 2490/2490/2490
f 2428/2428/2428 2491/2491/2491 2489/2489/2489
f 2430/2430/2430 2492/2492/2492 2491/2491/2491
f 2429/2429/2429 2493/2493/2493 2492/2492/2492
f 2431/2431/2431 2494/2494/2494 2493/2493/2493
f 2432/2432/2432 2495/2495/2495 2494/2494/2494
f 2434/2434/2434 2495/2495/2495 2433/2433/2433
f 2436/2436/2436 2496/2496/2496 2434/2434/2434
f 2435/2435/2435 2497/2497/2497 2436/2436/2436
f 2435/2435/2435 2498/2498/2498 2499/2499/2499
f 2437/2437/2437 2500/2500/2500 2498/2498/2498
f 2439/2439/2439 2501/2501/2501 2500/2500/2500
f 2440/2440/2440 2501/2501/2501 2438/2438/2438
f 2440/2440/2440 2502/2502/2502 2503/2503/2503
f 2441/2441/2441 2502/2502/2502 2442/2442/2442
f 2441/2441/2441 2504/2504/2504 2505/2505/2505
f 2444/2444/2444 2506/2506/2506 2504/2504/2504
f 2443/2443/2443 2507/2507/2507 2506/2506/2506
f 2445/2445/2445 2508/2508/2508 2509/2509/2509
f 2446/2446/2446 2510/2510/2510 2508/2508/2508
f 2447/2447/2447 2511/2511/2511 2510/2510/2510
f 2448/2448/2448 2512/2512/2512 2511/2511/2511
f 2451/2451/2451 2512/2512/2512 2449/2449/2449
f 2451/2451/2451 2513/2513/2513 2514/2514/2514
f 2450/2450/2450 2515/2515/2515 2513/2513/2513
f 2452/2452/2452 2516/2516/2516 2515/2515/2515
f 2454/2454/2454 2517/2517/2517 2516/2516/2516
f 2455/2455/2455 2517/2517/2517 2453/2453/2453
f 2456/2456/2456 2518/2518/2518 2455/2455/2455
f 2456/2456/2456 2519/2519/2519 2520/2520/2520
f 2457/2457/2457 2521/2521/2521 2519/2519/2519
f 2458/2458/2458 2522/2522/2522 2521/2521/2521
f 2459/2459/2459 2523/2523/2523 2522/2522/2522
f 2460/2460/2460 2524/2524/2524 2523/2523/2523
f 2461/2461/2461 2524/2524/2524 2462/2462/2462
f 2463/2463/2463 2525/2525/2525 2461/2461/2461
f 2464/2464/2464 2526/2526/2526 2463/2463/2463
f 2465/2465/2465 2527/2527/2527 2464/2464/2464
f 2467/2467/2467 2528/2528/2528 2465/2465/2465
f 2467/2467/2467 2529/2529/2529 2530/2530/2530
f 2468/2468/2468 2529/2529/2529 2466/2466/2466
f 2470/2470/2470 2531/2531/2531 2468/2468/2468
f 2470/2470/2470 2532/2532/2532 2533/2533/2533
f 2471/2471/2471 2532/2532/2532 2469/2469/2469
f 2473/2473/2473 2534/2534/2534 2471/2471/2471
f 2473/2473/2473 2535/2535/2535 2536/2536/2536
f 2475/2475/2475 2535/2535/2535 2472/2472/2472
f 2474/2474/2474 2537/2537/2537 2475/2475/2475
f 2476/2476/2476 2538/2538/2538 2474/2474/2474
f 2476/2476/2476 2539/2539/2539 2540/2540/2540
f 2478/2478/2478 2541/2541/2541 2539/2539/2539
f 2477/2477/2477 2542/2542/2542 2541/2541/2541
f 2481/2481/2481 2542/2542/2542 2479/2479/2479
f 2481/2481/2481 2543/2543/2543 2544/2544/2544
f 2480/2480/2480 2545/2545/2545 2543/2543/2543
f 2482/2482/2482 2546/2546/2546 2545/2545/2545
f 2483/2483/2483 2547/2547/2547 2546/2546/2546
f 2484/2484/2484 2548/2548/2548 2547/2547/2547
f 2485/2485/2485 2549/2549/2549 2548/2548/2548
f 2486/2486/2486 2550/2550/2550 2549/2549/2549
f 2488/2488/2488 2550/2550/2550 2487/2487/2487
f 2490/2490/2490 2551/2551/2551 2488/2488/2488
f 2490/2490/2490 2552/2552/2552 2553/2553/2553
f 2491/2491/2491 2552/2552/2552 2489/2489/2489
f 2492/2492/2492 2554/2554/2554 2491/2491/2491
f 2493/2493/2493 2555/2555/2555 2492/2492/2492
f 2494/2494/2494 2556/2556/2556 2493/2493/2493
f 2495/2495/2495 2557/2557/2557 2494/2494/2494
f 2495/2495/2495 2558/2558/2558 2559/2559/2559
f 2497/2497/2497 2558/2558/2558 2496/2496/2496
f 2499/2499/2499 2560/2560/2560 2497/2497/2497
f 2499/2499/2499 2561/2561/2561 2562/2562/2562
f 2498/2498/2498 2563/2563/2563 2561/2561/2561
f 2501/2501/2501 2563/2563/2563 2500/2500/2500
f 2503/2503/2503 2564/2564/2564 2501/2501/2501
f 2502/2502/2502 2565/2565/2565 2503/2503/2503
f 2505/2505/2505 2566/2566/2566 2502/2502/2502
f 2505/2505/2505 2567/2567/2567 2568/2568/2568
f 2506/2506/2506 2567/2567/2567 2504/2504/2504
f 2507/2507/2507 2569/2569/2569 2506/2506/2506
f 2509/2509/2509 2570/2570/2570 2571/2571/2571
f 2508/2508/2508 2572/2572/2572 2570/2570/2570
f 2511/2511/2511 2572/2572/2572 2510/2510/2510
f 2512/2512/2512 2573/2573/2573 2511/2511/2511
f 2512/2512/2512 2574/2574/2574 2575/2575/2575
f 2513/2513/2513 2574/2574/2574 2514/2514/2514
f 2515/2515/2515 2576/2576/2576 2513/2513/2513
f 2516/2516/2516 2577/2577/2577 2515/2515/2515
f 2516/2516/2516 2578/2578/2578 2579/2579/2579
f 2517/2517/2517 2580/2580/2580 2578/2578/2578
f 2518/2518/2518 2581/2581/2581 2580/2580/2580
f 2520/2520/2520 2582/2582/2582 2581/2581/2581
f 2521/2521/2521 2582/2582/2582 2519/2519/2519
f 2522/2522/2522 2583/2583/2583 2521/2521/2521
f 2523/2523/2523 2584/2584/2584 2522/2522/2522
f 2524/2524/2524 2585/2585/2585 2523/2523/2523
f 2525/2525/2525 2586/2586/2586 2524/2524/2524
f 2526/2526/2526 2587/2587/2587 2525/2525/2525
f 2527/2527/2527 2588/2588/2588 2526/2526/2526
f 2528/2528/2528 2589/2589/2589 2527/2527/2527
f 2530/2530/2530 2590/2590/2590 2528/2528/2528
f 2529/2529/2529 2591/2591/2591 2530/2530/2530
f 2529/2529/2529 2592/2592/2592 2593/2593/2593
f 2531/2531/2531 2594/2594/2594 2592/2592/2592
f 2532/2532/2532 2594/2594/2594 2533/2533/2533
f 2532/2532/2532 2595/2595/2595 2596/2596/2596
f 2534/2534/2534 2597/2597/2597 2595/2595/2595
f 2536/2536/2536 2598/2598/2598 2597/2597/2597
f 2535/2535/2535 2599/2599/2599 2598/2598/2598
f 2537/2537/2537 2600/2600/2600 2599/2599/2599
f 2540/2540/2540 2600/2600/2600 2538/2538/2538
f 2540/2540/2540 2601/2601/2601 2602/2602/2602
f 2541/2541/2541 2601/2601/2601 2539/2539/2539
f 2542/2542/2542 2603/2603/2603 2541/2541/2541
f 2544/2544/2544 2604/2604/2604 2542/2542/2542
f 2543/2543/2543 2605/2605/2605 2544/2544/2544
f 2545/2545/2545 2606/2606/2606 2543/2543/2543
f 2545/2545/2545 2607/2607/2607 2608/2608/2608
f 2547/2547/2547 2607/2607/2607 2546/2546/2546
f 2548/2548/2548 2609/2609/2609 2547/2547/2547
f 2549/2549/2549 2610/2610/2610 2548/2548/2548
f 2550/2550/2550 2611/2611/2611 2549/2549/2549
f 2550/2550/2550 2612/2612/2612 2613/2613/2613
f 2551/2551/2551 2614/2614/2614 2612/2612/2612
f 2553/2553/2553 2615/2615/2615 2614/2614/2614
f 2554/2554/2554 2615/2615/2615 2552/2552/2552
f 2554/2554/2554 2616/2616/2616 2617/2617/2617
f 2556/2556/2556 2616/2616/2616 2555/2555/2555
f 2556/2556/2556 2618/2618/2618 2619/2619/2619
f 2557/2557/2557 2620/2620/2620 2618/2618/2618
f 2559/2559/2559 2621/2621/2621 2620/2620/2620
f 2558/2558/2558 2622/2622/2622 2621/2621/2621
f 2560/2560/2560 2623/2623/2623 2622/2622/2622
f 2561/2561/2561 2623/2623/2623 2562/2562/2562
f 2563/2563/2563 2624/2624/2624 2561/2561/2561
f 2564/2564/2564 2625/2625/2625 2563/2563/2563
f 2564/2564/2564 2626/2626/2626 2627/2627/2627
f 2565/2565/2565 2628/2628/2628 2626/2626/2626
f 2566/2566/2566 2629/2629/2629 2628/2628/2628
f 2568/2568/2568 2630/2630/2630 2629/2629/2629
f 2569/2569/2569 2630/2630/2630 2567/2567/2567
f 2631/2631/2631 2632/2632/2632 2569/2569/2569
f 2570/2570/2570 2633/2633/2633 2571/2571/2571
f 2572/2572/2572 2634/2634/2634 2570/2570/2570
f 2573/2573/2573 2635/2635/2635 2572/2572/2572
f 2573/2573/2573 2636/2636/2636 2637/2637/2637
f 2574/2574/2574 2636/2636/2636 2575/2575/2575
f 2576/2576/2576 2638/2638/2638 2574/2574/2574
f 2576/2576/2576 2639/2639/2639 2640/2640/2640
f 2577/2577/2577 2641/2641/2641 2639/2639/2639
f 2578/2578/2578 2641/2641/2641 2579/2579/2579
f 2578/2578/2578 2642/2642/2642 2643/2643/2643
f 2580/2580/2580 2644/2644/2644 2642/2642/2642
f 2581/2581/2581 2645/2645/2645 2644/2644/2644
f 2583/2583/2583 2645/2645/2645 2582/2582/2582
f 2583/2583/2583 2646/2646/2646 2647/2647/2647
f 2584/2584/2584 2648/2648/2648 2646/2646/2646
f 2585/2585/2585 2649/2649/2649 2648/2648/2648
f 2586/2586/2586 2650/2650/2650 2649/2649/2649
f 2587/2587/2587 2651/2651/2651 2650/2650/2650
f 2588/2588/2588 2652/2652/2652 2651/2651/2651
f 2589/2589/2589 2653/2653/2653 2652/2652/2652
f 2590/2590/2590 2654/2654/2654 2653/2653/2653
f 2591/2591/2591 2655/2655/2655 2654/2654/2654
f 2593/2593/2593 2656/2656/2656 2655/2655/2655
f 2592/2592/2592 2657/2657/2657 2656/2656/2656
f 2594/2594/2594 2658/2658/2658 2657/2657/2657
f 2595/2595/2595 2658/2658/2658 2596/2596/2596
f 2595/2595/2595 2659/2659/2659 2660/2660/2660
f 2597/2597/2597 2661/2661/2661 2659/2659/2659
f 2599/2599/2599 2661/2661/2661 2598/2598/2598
f 2599/2599/2599 2662/2662/2662 2663/2663/2663
f 2602/2602/2602 2662/2662/2662 2600/2600/2600
f 2601/2601/2601 2664/2664/2664 2602/2602/2602
f 2603/2603/2603 2665/2665/2665 2601/2601/2601
f 2603/2603/2603 2666/2666/2666 2667/2667/2667
f 2604/2604/2604 2668/2668/2668 2666/2666/2666
f 2605/2605/2605 2669/2669/2669 2668/2668/2668
f 2606/2606/2606 2670/2670/2670 2669/2669/2669
f 2607/2607/2607 2670/2670/2670 2608/2608/2608
f 2607/2607/2607 2671/2671/2671 2672/2672/2672
f 2610/2610/2610 2671/2671/2671 2609/2609/2609
f 2610/2610/2610 2673/2673/2673 2674/2674/2674
f 2611/2611/2611 2675/2675/2675 2673/2673/2673
f 2612/2612/2612 2675/2675/2675 2613/2613/2613
f 2614/2614/2614 2676/2676/2676 2612/2612/2612
f 2615/2615/2615 2677/2677/2677 2614/2614/2614
f 2615/2615/2615 2678/2678/2678 2679/2679/2679
f 2617/2617/2617 2680/2680/2680 2678/2678/2678
f 2616/2616/2616 2681/2681/2681 2680/2680/2680
f 2619/2619/2619 2682/2682/2682 2681/2681/2681
f 2618/2618/2618 2683/2683/2683 2682/2682/2682
f 2621/2621/2621 2683/2683/2683 2620/2620/2620
f 2622/2622/2622 2684/2684/2684 2621/2621/2621
f 2622/2622/2622 2685/2685/2685 2686/2686/2686
f 2624/2624/2624 2685/2685/2685 2623/2623/2623
f 2625/2625/2625 2687/2687/2687 2624/2624/2624
f 2627/2627/2627 2688/2688/2688 2625/2625/2625
f 2627/2627/2627 2689/2689/2689 2690/2690/2690
f 2626/2626/2626 2691/2691/2691 2689/2689/2689
f 2628/2628/2628 2692/2692/2692 2691/2691/2691
f 2629/2629/2629 2693/2693/2693 2692/2692/2692
f 2632/2632/2632 2693/2693/2693 2630/2630/2630
f 2694/2694/2694 2695/2695/2695 2632/2632/2632
f 2633/2633/2633 2696/2696/2696 2697/2697/2697
f 2634/2634/2634 2698/2698/2698 2696/2696/2696
f 2637/2637/2637 2698/2698/2698 2635/2635/2635
f 2636/2636/2636 2699/2699/2699 2637/2637/2637
f 2636/2636/2636 2700/2700/2700 2701/2701/2701
f 2638/2638/2638 2702/2702/2702 2700/2700/2700
f 2639/2639/2639 2702/2702/2702 2640/2640/2640
f 2641/2641/2641 2703/2703/2703 2639/2639/2639
f 2641/2641/2641 2704/2704/2704 2705/2705/2705
f 2643/2643/2643 2706/2706/2706 2704/2704/2704
f 2644/2644/2644 2706/2706/2706 2642/2642/2642
f 2644/2644/2644 2707/2707/2707 2708/2708/2708
f 2645/2645/2645 2709/2709/2709 2707/2707/2707
f 2647/2647/2647 2710/2710/2710 2709/2709/2709
f 2646/2646/2646 2711/2711/2711 2710/2710/2710
f 2649/2649/2649 2711/2711/2711 2648/2648/2648
f 2650/2650/2650 2712/2712/2712 2649/2649/2649
f 2651/2651/2651 2713/2713/2713 2650/2650/2650
f 2652/2652/2652 2714/2714/2714 2651/2651/2651
f 2652/2652/2652 2715/2715/2715 2716/2716/2716
f 2653/2653/2653 2717/2717/2717 2715/2715/2715
f 2655/2655/2655 2717/2717/2717 2654/2654/2654
f 2655/2655/2655 2718/2718/2718 2719/2719/2719
f 2656/2656/2656 2720/2720/2720 2718/2718/2718
f 2657/2657/2657 2721/2721/2721 2720/2720/2720
f 2658/2658/2658 2722/2722/2722 2721/2721/2721
f 2659/2659/2659 2722/2722/2722 2660/2660/2660
f 2661/2661/2661 2723/2723/2723 2659/2659/2659
f 2663/2663/2663 2724/2724/2724 2661/2661/2661
f 2663/2663/2663 2725/2725/2725 2726/2726/2726
f 2664/2664/2664 2725/2725/2725 2662/2662/2662
f 2664/2664/2664 2727/2727/2727 2728/2728/2728
f 2665/2665/2665 2729/2729/2729 2727/2727/2727
f 2667/2667/2667 2730/2730/2730 2729/2729/2729
f 2666/2666/2666 2731/2731/2731 2730/2730/2730
f 2669/2669/2669 2731/2731/2731 2668/2668/2668
f 2670/2670/2670 2732/2732/2732 2669/2669/2669
f 2672/2672/2672 2733/2733/2733 2670/2670/2670
f 2671/2671/2671 2734/2734/2734 2672/2672/2672
f 2674/2674/2674 2735/2735/2735 2671/2671/2671
f 2673/2673/2673 2736/2736/2736 2674/2674/2674
f 2675/2675/2675 2737/2737/2737 2673/2673/2673
f 2676/2676/2676 2738/2738/2738 2675/2675/2675
f 2677/2677/2677 2739/2739/2739 2676/2676/2676
f 2677/2677/2677 2740/2740/2740 2741/2741/2741
f 2679/2679/2679 2742/2742/2742 2740/2740/2740
f 2680/2680/2680 2742/2742/2742 2678/2678/2678
f 2681/2681/2681 2743/2743/2743 2680/2680/2680
f 2682/2682/2682 2744/2744/2744 2681/2681/2681
f 2683/2683/2683 2745/2745/2745 2682/2682/2682
f 2683/2683/2683 2746/2746/2746 2747/2747/2747
f 2684/2684/2684 2748/2748/2748 2746/2746/2746
f 2686/2686/2686 2749/2749/2749 2748/2748/2748
f 2685/2685/2685 2750/2750/2750 2749/2749/2749
f 2687/2687/2687 2751/2751/2751 2750/2750/2750
f 2688/2688/2688 2752/2752/2752 2751/2751/2751
f 2690/2690/2690 2753/2753/2753 2752/2752/2752
f 2691/2691/2691 2753/2753/2753 2689/2689/2689
f 2692/2692/2692 2754/2754/2754 2691/2691/2691
f 2692/2692/2692 2755/2755/2755 2756/2756/2756
f 2693/2693/2693 2757/2757/2757 2755/2755/2755
f 2695/2695/2695 2758/2758/2758 2757/2757/2757
f 2696/2696/2696 2759/2759/2759 2697/2697/2697
f 2698/2698/2698 2760/2760/2760 2696/2696/2696
f 2698/2698/2698 2761/2761/2761 2762/2762/2762
f 2701/2701/2701 2761/2761/2761 2699/2699/2699
f 2700/2700/2700 2763/2763/2763 2701/2701/2701
f 2702/2702/2702 2764/2764/2764 2700/2700/2700
f 2703/2703/2703 2765/2765/2765 2702/2702/2702
f 2703/2703/2703 2766/2766/2766 2767/2767/2767
f 2704/2704/2704 2766/2766/2766 2705/2705/2705
f 2706/2706/2706 2768/2768/2768 2704/2704/2704
f 2708/2708/2708 2769/2769/2769 2706/2706/2706
f 2707/2707/2707 2770/2770/2770 2708/2708/2708
f 2709/2709/2709 2771/2771/2771 2707/2707/2707
f 2709/2709/2709 2772/2772/2772 2773/2773/2773
f 2711/2711/2711 2772/2772/2772 2710/2710/2710
f 2712/2712/2712 2774/2774/2774 2711/2711/2711
f 2712/2712/2712 2775/2775/2775 2776/2776/2776
f 2714/2714/2714 2775/2775/2775 2713/2713/2713
f 2714/2714/2714 2777/2777/2777 2778/2778/2778
f 2715/2715/2715 2777/2777/2777 2716/2716/2716
f 2717/2717/2717 2779/2779/2779 2715/2715/2715
f 2719/2719/2719 2780/2780/2780 2717/2717/2717
f 2718/2718/2718 2781/2781/2781 2719/2719/2719
f 2720/2720/2720 2782/2782/2782 2718/2718/2718
f 2721/2721/2721 2783/2783/2783 2720/2720/2720
f 2722/2722/2722 2784/2784/2784 2721/2721/2721
f 2722/2722/2722 2785/2785/2785 2786/2786/2786
f 2723/2723/2723 2787/2787/2787 2785/2785/2785
f 2724/2724/2724 2788/2788/2788 2787/2787/2787
f 2726/2726/2726 2789/2789/2789 2788/2788/2788
f 2725/2725/2725 2790/2790/2790 2789/2789/2789
f 2727/2727/2727 2790/2790/2790 2728/2728/2728
f 2729/2729/2729 2791/2791/2791 2727/2727/2727
f 2730/2730/2730 2792/2792/2792 2729/2729/2729
f 2731/2731/2731 2793/2793/2793 2730/2730/2730
f 2731/2731/2731 2794/2794/2794 2795/2795/2795
f 2732/2732/2732 2796/2796/2796 2794/2794/2794
f 2733/2733/2733 2797/2797/2797 2796/2796/2796
f 2734/2734/2734 2798/2798/2798 2797/2797/2797
f 2735/2735/2735 2799/2799/2799 2798/2798/2798
f 2736/2736/2736 2800/2800/2800 2799/2799/2799
f 2738/2738/2738 2800/2800/2800 2737/2737/2737
f 2739/2739/2739 2801/2801/2801 2738/2738/2738
f 2741/2741/2741 2802/2802/2802 2739/2739/2739
f 2740/2740/2740 2803/2803/2803 2741/2741/2741
f 2742/2742/2742 2804/2804/2804 2740/2740/2740
f 2743/2743/2743 2805/2805/2805 2742/2742/2742
f 2743/2743/2743 2806/2806/2806 2807/2807/2807
f 2744/2744/2744 2808/2808/2808 2806/2806/2806
f 2747/2747/2747 2808/2808/2808 2745/2745/2745
f 2747/2747/2747 2809/2809/2809 2810/2810/2810
f 2746/2746/2746 2811/2811/2811 2809/2809/2809
f 2749/2749/2749 2811/2811/2811 2748/2748/2748
f 2749/2749/2749 2812/2812/2812 2813/2813/2813
f 2751/2751/2751 2812/2812/2812 2750/2750/2750
f 2752/2752/2752 2814/2814/2814 2751/2751/2751
f 2752/2752/2752 2815/2815/2815 2816/2816/2816
f 2754/2754/2754 2815/2815/2815 2753/2753/2753
f 2754/2754/2754 2817/2817/2817 2818/2818/2818
f 2756/2756/2756 2819/2819/2819 2817/2817/2817
f 2757/2757/2757 2819/2819/2819 2755/2755/2755
f 2758/2758/2758 2820/2820/2820 2757/2757/2757
f 2759/2759/2759 2821/2821/2821 2822/2822/2822
f 2760/2760/2760 2823/2823/2823 2821/2821/2821
f 2762/2762/2762 2824/2824/2824 2823/2823/2823
f 2761/2761/2761 2825/2825/2825 2824/2824/2824
f 2763/2763/2763 2826/2826/2826 2825/2825/2825
f 2764/2764/2764 2827/2827/2827 2826/2826/2826
f 2765/2765/2765 2828/2828/2828 2827/2827/2827
f 2766/2766/2766 2828/2828/2828 2767/2767/2767
f 2768/2768/2768 2829/2829/2829 2766/2766/2766
f 2769/2769/2769 2830/2830/2830 2768/2768/2768
f 2769/2769/2769 2831/2831/2831 2832/2832/2832
f 2770/2770/2770 2833/2833/2833 2831/2831/2831
f 2773/2773/2773 2833/2833/2833 2771/2771/2771
f 2772/2772/2772 2834/2834/2834 2773/2773/2773
f 2774/2774/2774 2835/2835/2835 2772/2772/2772
f 2776/2776/2776 2836/2836/2836 2774/2774/2774
f 2776/2776/2776 2837/2837/2837 2838/2838/2838
f 2775/2775/2775 2839/2839/2839 2837/2837/2837
f 2777/2777/2777 2839/2839/2839 2778/2778/2778
f 2777/2777/2777 2840/2840/2840 2841/2841/2841
f 2779/2779/2779 2842/2842/2842 2840/2840/2840
f 2780/2780/2780 2843/2843/2843 2842/2842/2842
f 2782/2782/2782 2843/2843/2843 2781/2781/2781
f 2782/2782/2782 2844/2844/2844 2845/2845/2845
f 2784/2784/2784 2844/2844/2844 2783/2783/2783
f 2784/2784/2784 2846/2846/2846 2847/2847/2847
f 2785/2785/2785 2846/2846/2846 2786/2786/2786
f 2787/2787/2787 2848/2848/2848 2785/2785/2785
f 2788/2788/2788 2849/2849/2849 2787/2787/2787
f 2789/2789/2789 2850/2850/2850 2788/2788/2788
f 2790/2790/2790 2851/2851/2851 2789/2789/2789
f 2790/2790/2790 2852/2852/2852 2853/2853/2853
f 2791/2791/2791 2854/2854/2854 2852/2852/2852
f 2792/2792/2792 2855/2855/2855 2854/2854/2854
f 2793/2793/2793 2856/2856/2856 2855/2855/2855
f 2794/2794/2794 2856/2856/2856 2795/2795/2795
f 2796/2796/2796 2857/2857/2857 2794/2794/2794
f 2797/2797/2797 2858/2858/2858 2796/2796/2796
f 2797/2797/2797 2859/2859/2859 2860/2860/2860
f 2798/2798/2798 2861/2861/2861 2859/2859/2859
f 2800/2800/2800 2861/2861/2861 2799/2799/2799
f 2801/2801/2801 2862/2862/2862 2800/2800/2800
f 2801/2801/2801 2863/2863/2863 2864/2864/2864
f 2802/2802/2802 2865/2865/2865 2863/2863/2863
f 2804/2804/2804 2865/2865/2865 2803/2803/2803
f 2804/2804/2804 2866/2866/2866 2867/2867/2867
f 2807/2807/2807 2866/2866/2866 2805/2805/2805
f 2807/2807/2807 2868/2868/2868 2869/2869/2869
f 2808/2808/2808 2868/2868/2868 2806/2806/2806
f 2808/2808/2808 2870/2870/2870 2871/2871/2871
f 2810/2810/2810 2872/2872/2872 2870/2870/2870
f 2809/2809/2809 2873/2873/2873 2872/2872/2872
f 2811/2811/2811 2874/2874/2874 2873/2873/2873
f 2812/2812/2812 2874/2874/2874 2813/2813/2813
f 2814/2814/2814 2875/2875/2875 2812/2812/2812
f 2816/2816/2816 2876/2876/2876 2814/2814/2814
f 2815/2815/2815 2877/2877/2877 2816/2816/2816
f 2818/2818/2818 2878/2878/2878 2815/2815/2815
f 2817/2817/2817 2879/2879/2879 2818/2818/2818
f 2819/2819/2819 2880/2880/2880 2817/2817/2817
f 2820/2820/2820 2881/2881/2881 2819/2819/2819
f 2882/2882/2882 2883/2883/2883 2820/2820/2820
f 2821/2821/2821 2884/2884/2884 2822/2822/2822
f 2823/2823/2823 2885/2885/2885 2821/2821/2821
f 2824/2824/2824 2886/2886/2886 2823/2823/2823
f 2824/2824/2824 2887/2887/2887 2888/2888/2888
f 2825/2825/2825 2889/2889/2889 2887/2887/2887
f 2827/2827/2827 2889/2889/2889 2826/2826/2826
f 2827/2827/2827 2890/2890/2890 2891/2891/2891
f 2828/2828/2828 2892/2892/2892 2890/2890/2890
f 2829/2829/2829 2893/2893/2893 2892/2892/2892
f 2830/2830/2830 2894/2894/2894 2893/2893/2893
f 2831/2831/2831 2894/2894/2894 2832/2832/2832
f 2833/2833/2833 2895/2895/2895 2831/2831/2831
f 2834/2834/2834 2896/2896/2896 2833/2833/2833
f 2834/2834/2834 2897/2897/2897 2898/2898/2898
f 2835/2835/2835 2899/2899/2899 2897/2897/2897
f 2838/2838/2838 2899/2899/2899 2836/2836/2836
f 2837/2837/2837 2900/2900/2900 2838/2838/2838
f 2837/2837/2837 2901/2901/2901 2902/2902/2902
f 2841/2841/2841 2901/2901/2901 2839/2839/2839
f 2840/2840/2840 2903/2903/2903 2841/2841/2841
f 2842/2842/2842 2904/2904/2904 2840/2840/2840
f 2842/2842/2842 2905/2905/2905 2906/2906/2906
f 2845/2845/2845 2905/2905/2905 2843/2843/2843
f 2845/2845/2845 2907/2907/2907 2908/2908/2908
f 2847/2847/2847 2907/2907/2907 2844/2844/2844
f 2846/2846/2846 2909/2909/2909 2847/2847/2847
f 2848/2848/2848 2910/2910/2910 2846/2846/2846
f 2848/2848/2848 2911/2911/2911 2912/2912/2912
f 2849/2849/2849 2913/2913/2913 2911/2911/2911
f 2851/2851/2851 2913/2913/2913 2850/2850/2850
f 2851/2851/2851 2914/2914/2914 2915/2915/2915
f 2853/2853/2853 2916/2916/2916 2914/2914/2914
f 2852/2852/2852 2917/2917/2917 2916/2916/2916
f 2855/2855/2855 2917/2917/2917 2854/2854/2854
f 2856/2856/2856 2918/2918/2918 2855/2855/2855
f 2857/2857/2857 2919/2919/2919 2856/2856/2856
f 2857/2857/2857 2920/2920/2920 2921/2921/2921
f 2858/2858/2858 2922/2922/2922 2920/2920/2920
f 2859/2859/2859 2922/2922/2922 2860/2860/2860
f 2861/2861/2861 2923/2923/2923 2859/2859/2859
f 2861/2861/2861 2924/2924/2924 2925/2925/2925
f 2862/2862/2862 2926/2926/2926 2924/2924/2924
f 2864/2864/2864 2927/2927/2927 2926/2926/2926
f 2865/2865/2865 2927/2927/2927 2863/2863/2863
f 2865/2865/2865 2928/2928/2928 2929/2929/2929
f 2867/2867/2867 2930/2930/2930 2928/2928/2928
f 2869/2869/2869 2930/2930/2930 2866/2866/2866
f 2869/2869/2869 2931/2931/2931 2932/2932/2932
f 2871/2871/2871 2931/2931/2931 2868/2868/2868
f 2870/2870/2870 2933/2933/2933 2871/2871/2871
f 2872/2872/2872 2934/2934/2934 2870/2870/2870
f 2873/2873/2873 2935/2935/2935 2872/2872/2872
f 2873/2873/2873 2936/2936/2936 2937/2937/2937
f 2874/2874/2874 2938/2938/2938 2936/2936/2936
f 2875/2875/2875 2939/2939/2939 2938/2938/2938
f 2876/2876/2876 2940/2940/2940 2939/2939/2939
f 2877/2877/2877 2941/2941/2941 2940/2940/2940
f 2878/2878/2878 2942/2942/2942 2941/2941/2941
f 2880/2880/2880 2942/2942/2942 2879/2879/2879
f 2880/2880/2880 2943/2943/2943 2944/2944/2944
f 2881/2881/2881 2945/2945/2945 2943/2943/2943
f 2883/2883/2883 2946/2946/2946 2945/2945/2945
f 2885/2885/2885 2947/2947/2947 2884/2884/2884
f 2886/2886/2886 2948/2948/2948 2885/2885/2885
f 2888/2888/2888 2949/2949/2949 2886/2886/2886
f 2887/2887/2887 2950/2950/2950 2888/2888/2888
f 2887/2887/2887 2951/2951/2951 2952/2952/2952
f 2889/2889/2889 2953/2953/2953 2951/2951/2951
f 2890/2890/2890 2953/2953/2953 2891/2891/2891
f 2892/2892/2892 2954/2954/2954 2890/2890/2890
f 2893/2893/2893 2955/2955/2955 2892/2892/2892
f 2894/2894/2894 2956/2956/2956 2893/2893/2893
f 2895/2895/2895 2957/2957/2957 2894/2894/2894
f 2895/2895/2895 2958/2958/2958 2959/2959/2959
f 2898/2898/2898 2958/2958/2958 2896/2896/2896
f 2897/2897/2897 2960/2960/2960 2898/2898/2898
f 2897/2897/2897 2961/2961/2961 2962/2962/2962
f 2900/2900/2900 2961/2961/2961 2899/2899/2899
f 2902/2902/2902 2963/2963/2963 2900/2900/2900
f 2902/2902/2902 2964/2964/2964 2965/2965/2965
f 2903/2903/2903 2964/2964/2964 2901/2901/2901
f 2903/2903/2903 2966/2966/2966 2967/2967/2967
f 2906/2906/2906 2966/2966/2966 2904/2904/2904
f 2905/2905/2905 2968/2968/2968 2906/2906/2906
f 2908/2908/2908 2969/2969/2969 2905/2905/2905
f 2907/2907/2907 2970/2970/2970 2908/2908/2908
f 2909/2909/2909 2971/2971/2971 2907/2907/2907
f 2910/2910/2910 2972/2972/2972 2909/2909/2909
f 2910/2910/2910 2973/2973/2973 2974/2974/2974
f 2912/2912/2912 2975/2975/2975 2973/2973/2973
f 2911/2911/2911 2976/2976/2976 2975/2975/2975
f 2913/2913/2913 2977/2977/2977 2976/2976/2976
f 2914/2914/2914 2977/2977/2977 2915/2915/2915
f 2916/2916/2916 2978/2978/2978 2914/2914/2914
f 2917/2917/2917 2979/2979/2979 2916/2916/2916
f 2918/2918/2918 2980/2980/2980 2917/2917/2917
f 2918/2918/2918 2981/2981/2981 2982/2982/2982
f 2919/2919/2919 2983/2983/2983 2981/2981/2981
f 2920/2920/2920 2983/2983/2983 2921/2921/2921
f 2920/2920/2920 2984/2984/2984 2985/2985/2985
f 2923/2923/2923 2984/2984/2984 2922/2922/2922
f 2925/2925/2925 2986/2986/2986 2923/2923/2923
f 2925/2925/2925 2987/2987/2987 2988/2988/2988
f 2924/2924/2924 2989/2989/2989 2987/2987/2987
f 2926/2926/2926 2990/2990/2990 2989/2989/2989
f 2927/2927/2927 2991/2991/2991 2990/2990/2990
f 2929/2929/2929 2992/2992/2992 2991/2991/2991
f 2928/2928/2928 2993/2993/2993 2992/2992/2992
f 2930/2930/2930 2994/2994/2994 2993/2993/2993
f 2932/2932/2932 2995/2995/2995 2994/2994/2994
f 2931/2931/2931 2996/2996/2996 2995/2995/2995
f 2933/2933/2933 2997/2997/2997 2996/2996/2996
f 2935/2935/2935 2997/2997/2997 2934/2934/2934
f 2935/2935/2935 2998/2998/2998 2999/2999/2999
f 2937/2937/2937 3000/3000/3000 2998/2998/2998
f 2936/2936/2936 3001/3001/3001 3000/3000/3000
f 2938/2938/2938 3002/3002/3002 3001/3001/3001
f 2939/2939/2939 3003/3003/3003 3002/3002/3002
f 2941/2941/2941 3003/3003/3003 2940/2940/2940
f 2941/2941/2941 3004/3004/3004 3005/3005/3005
f 2942/2942/2942 3006/3006/3006 3004/3004/3004
f 2944/2944/2944 3007/3007/3007 3006/3006/3006
f 2945/2945/2945 3007/3007/3007 2943/2943/2943
f 2946/2946/2946 3008/3008/3008 2945/2945/2945
f 2948/2948/2948 3009/3009/3009 2947/2947/2947
f 2948/2948/2948 3010/3010/3010 3011/3011/3011
f 2949/2949/2949 3012/3012/3012 3010/3010/3010
f 2952/2952/2952 3012/3012/3012 2950/2950/2950
f 2951/2951/2951 3013/3013/3013 2952/2952/2952
f 2953/2953/2953 3014/3014/3014 2951/2951/2951
f 2953/2953/2953 3015/3015/3015 3016/3016/3016
f 2955/2955/2955 3015/3015/3015 2954/2954/2954
f 2955/2955/2955 3017/3017/3017 3018/3018/3018
f 2956/2956/2956 3019/3019/3019 3017/3017/3017
f 2957/2957/2957 3020/3020/3020 3019/3019/3019
f 2958/2958/2958 3020/3020/3020 2959/2959/2959
f 2960/2960/2960 3021/3021/3021 2958/2958/2958
f 2962/2962/2962 3022/3022/3022 2960/2960/2960
f 2961/2961/2961 3023/3023/3023 2962/2962/2962
f 2961/2961/2961 3024/3024/3024 3025/3025/3025
f 2965/2965/2965 3024/3024/3024 2963/2963/2963
f 2964/2964/2964 3026/3026/3026 2965/2965/2965
f 2964/2964/2964 3027/3027/3027 3028/3028/3028
f 2966/2966/2966 3027/3027/3027 2967/2967/2967
f 2968/2968/2968 3029/3029/3029 2966/2966/2966
f 2969/2969/2969 3030/3030/3030 2968/2968/2968
f 2970/2970/2970 3031/3031/3031 2969/2969/2969
f 2971/2971/2971 3032/3032/3032 2970/2970/2970
f 2971/2971/2971 3033/3033/3033 3034/3034/3034
f 2972/2972/2972 3035/3035/3035 3033/3033/3033
f 2974/2974/2974 3036/3036/3036 3035/3035/3035
f 2975/2975/2975 3036/3036/3036 2973/2973/2973
f 2976/2976/2976 3037/3037/3037 2975/2975/2975
f 2977/2977/2977 3038/3038/3038 2976/2976/2976
f 2978/2978/2978 3039/3039/3039 2977/2977/2977
f 2979/2979/2979 3040/3040/3040 2978/2978/2978
f 2979/2979/2979 3041/3041/3041 3042/3042/3042
f 2980/2980/2980 3043/3043/3043 3041/3041/3041
f 2981/2981/2981 3043/3043/3043 2982/2982/2982
f 2983/2983/2983 3044/3044/3044 2981/2981/2981
f 2985/2985/2985 3045/3045/3045 2983/2983/2983
f 2984/2984/2984 3046/3046/3046 2985/2985/2985
f 2984/2984/2984 3047/3047/3047 3048/3048/3048
f 2986/2986/2986 3049/3049/3049 3047/3047/3047
f 2987/2987/2987 3049/3049/3049 2988/2988/2988
f 2989/2989/2989 3050/3050/3050 2987/2987/2987
f 2990/2990/2990 3051/3051/3051 2989/2989/2989
f 2991/2991/2991 3052/3052/3052 2990/2990/2990
f 2992/2992/2992 3053/3053/3053 2991/2991/2991
f 2992/2992/2992 3054/3054/3054 3055/3055/3055
f 2993/2993/2993 3056/3056/3056 3054/3054/3054
f 2995/2995/2995 3056/3056/3056 2994/2994/2994
f 2996/2996/2996 3057/3057/3057 2995/2995/2995
f 2997/2997/2997 3058/3058/3058 2996/2996/2996
f 2997/2997/2997 3059/3059/3059 3060/3060/3060
f 2999/2999/2999 3061/3061/3061 3059/3059/3059
f 3000/3000/3000 3061/3061/3061 2998/2998/2998
f 3001/3001/3001 3062/3062/3062 3000/3000/3000
f 3002/3002/3002 3063/3063/3063 3001/3001/3001
f 3003/3003/3003 3064/3064/3064 3002/3002/3002
f 3005/3005/3005 3065/3065/3065 3003/3003/3003
f 3005/3005/3005 3066/3066/3066 3067/3067/3067
f 3006/3006/3006 3066/3066/3066 3004/3004/3004
f 3007/3007/3007 3068/3068/3068 3006/3006/3006
f 3008/3008/3008 3069/3069/3069 3007/3007/3007
f 3008/3008/3008 3070/3070/3070 3071/3071/3071
f 3011/3011/3011 3072/3072/3072 3009/3009/3009
f 3010/3010/3010 3073/3073/3073 3011/3011/3011
f 3010/3010/3010 3074/3074/3074 3075/3075/3075
f 3012/3012/3012 3076/3076/3076 3074/3074/3074
f 3013/3013/3013 3077/3077/3077 3076/3076/3076
f 3014/3014/3014 3078/3078/3078 3077/3077/3077
f 3015/3015/3015 3078/3078/3078 3016/3016/3016
f 3018/3018/3018 3079/3079/3079 3015/3015/3015
f 3018/3018/3018 3080/3080/3080 3081/3081/3081
f 3017/3017/3017 3082/3082/3082 3080/3080/3080
f 3019/3019/3019 3083/3083/3083 3082/3082/3082
f 3020/3020/3020 3084/3084/3084 3083/3083/3083
f 3021/3021/3021 3085/3085/3085 3084/3084/3084
f 3022/3022/3022 3086/3086/3086 3085/3085/3085
f 3025/3025/3025 3086/3086/3086 3023/3023/3023
f 3024/3024/3024 3087/3087/3087 3025/3025/3025
f 3024/3024/3024 3088/3088/3088 3089/3089/3089
f 3026/3026/3026 3090/3090/3090 3088/3088/3088
f 3027/3027/3027 3090/3090/3090 3028/3028/3028
f 3029/3029/3029 3091/3091/3091 3027/3027/3027
f 3029/3029/3029 3092/3092/3092 3093/3093/3093
f 3031/3031/3031 3092/3092/3092 3030/3030/3030
f 3032/3032/3032 3094/3094/3094 3031/3031/3031
f 3034/3034/3034 3095/3095/3095 3032/3032/3032
f 3033/3033/3033 3096/3096/3096 3034/3034/3034
f 3035/3035/3035 3097/3097/3097 3033/3033/3033
f 3036/3036/3036 3098/3098/3098 3035/3035/3035
f 3037/3037/3037 3099/3099/3099 3036/3036/3036
f 3037/3037/3037 3100/3100/3100 3101/3101/3101
f 3038/3038/3038 3102/3102/3102 3100/3100/3100
f 3040/3040/3040 3102/3102/3102 3039/3039/3039
f 3040/3040/3040 3103/3103/3103 3104/3104/3104
f 3041/3041/3041 3103/3103/3103 3042/3042/3042
f 3043/3043/3043 3105/3105/3105 3041/3041/3041
f 3044/3044/3044 3106/3106/3106 3043/3043/3043
f 3045/3045/3045 3107/3107/3107 3044/3044/3044
f 3045/3045/3045 3108/3108/3108 3109/3109/3109
f 3046/3046/3046 3110/3110/3110 3108/3108/3108
f 3048/3048/3048 3111/3111/3111 3110/3110/3110
f 3049/3049/3049 3111/3111/3111 3047/3047/3047
f 3049/3049/3049 3112/3112/3112 3113/3113/3113
f 3051/3051/3051 3112/3112/3112 3050/3050/3050
f 3051/3051/3051 3114/3114/3114 3115/3115/3115
f 3052/3052/3052 3116/3116/3116 3114/3114/3114
f 3053/3053/3053 3117/3117/3117 3116/3116/3116
f 3054/3054/3054 3117/3117/3117 3055/3055/3055
f 3056/3056/3056 3118/3118/3118 3054/3054/3054
f 3056/3056/3056 3119/3119/3119 3120/3120/3120
f 3057/3057/3057 3121/3121/3121 3119/3119/3119
f 3058/3058/3058 3122/3122/3122 3121/3121/3121
f 3059/3059/3059 3122/3122/3122 3060/3060/3060
f 3059/3059/3059 3123/3123/3123 3124/3124/3124
f 3062/3062/3062 3123/3123/3123 3061/3061/3061
f 3063/3063/3063 3125/3125/3125 3062/3062/3062
f 3064/3064/3064 3126/3126/3126 3063/3063/3063
f 3064/3064/3064 3127/3127/3127 3128/3128/3128
f 3067/3067/3067 3127/3127/3127 3065/3065/3065
f 3066/3066/3066 3129/3129/3129 3067/3067/3067
f 3068/3068/3068 3130/3130/3130 3066/3066/3066
f 3069/3069/3069 3131/3131/3131 3068/3068/3068
f 3069/3069/3069 3132/3132/3132 3133/3133/3133
f 3070/3070/3070 3132/3132/3132 3071/3071/3071
f 3072/3072/3072 3134/3134/3134 3135/3135/3135
f 3073/3073/3073 3136/3136/3136 3134/3134/3134
f 3074/3074/3074 3136/3136/3136 3075/3075/3075
f 3076/3076/3076 3137/3137/3137 3074/3074/3074
f 3077/3077/3077 3138/3138/3138 3076/3076/3076
f 3077/3077/3077 3139/3139/3139 3140/3140/3140
f 3078/3078/3078 3141/3141/3141 3139/3139/3139
f 3081/3081/3081 3141/3141/3141 3079/3079/3079
f 3080/3080/3080 3142/3142/3142 3081/3081/3081
f 3082/3082/3082 3143/3143/3143 3080/3080/3080
f 3083/3083/3083 3144/3144/3144 3082/3082/3082
f 3084/3084/3084 3145/3145/3145 3083/3083/3083
f 3084/3084/3084 3146/3146/3146 3147/3147/3147
f 3086/3086/3086 3146/3146/3146 3085/3085/3085
f 3087/3087/3087 3148/3148/3148 3086/3086/3086
f 3087/3087/3087 3149/3149/3149 3150/3150/3150
f 3089/3089/3089 3151/3151/3151 3149/3149/3149
f 3088/3088/3088 3152/3152/3152 3151/3151/3151
f 3090/3090/3090 3153/3153/3153 3152/3152/3152
f 3091/3091/3091 3154/3154/3154 3153/3153/3153
f 3092/3092/3092 3154/3154/3154 3093/3093/3093
f 3092/3092/3092 3155/3155/3155 3156/3156/3156
f 3095/3095/3095 3155/3155/3155 3094/3094/3094
f 3096/3096/3096 3157/3157/3157 3095/3095/3095
f 3096/3096/3096 3158/3158/3158 3159/3159/3159
f 3098/3098/3098 3158/3158/3158 3097/3097/3097
f 3098/3098/3098 3160/3160/3160 3161/3161/3161
f 3099/3099/3099 3162/3162/3162 3160/3160/3160
f 3101/3101/3101 3163/3163/3163 3162/3162/3162
f 3100/3100/3100 3164/3164/3164 3163/3163/3163
f 3102/3102/3102 3165/3165/3165 3164/3164/3164
f 3104/3104/3104 3166/3166/3166 3165/3165/3165
f 3105/3105/3105 3166/3166/3166 3103/3103/3103
f 3106/3106/3106 3167/3167/3167 3105/3105/3105
f 3107/3107/3107 3168/3168/3168 3106/3106/3106
f 3109/3109/3109 3169/3169/3169 3107/3107/3107
f 3109/3109/3109 3170/3170/3170 3171/3171/3171
f 3110/3110/3110 3170/3170/3170 3108/3108/3108
f 3111/3111/3111 3172/3172/3172 3110/3110/3110
f 3111/3111/3111 3173/3173/3173 3174/3174/3174
f 3113/3113/3113 3175/3175/3175 3173/3173/3173
f 3112/3112/3112 3176/3176/3176 3175/3175/3175
f 3114/3114/3114 3176/3176/3176 3115/3115/3115
f 3114/3114/3114 3177/3177/3177 3178/3178/3178
f 3117/3117/3117 3177/3177/3177 3116/3116/3116
f 3118/3118/3118 3179/3179/3179 3117/3117/3117
f 3118/3118/3118 3180/3180/3180 3181/3181/3181
f 3120/3120/3120 3182/3182/3182 3180/3180/3180
f 3119/3119/3119 3183/3183/3183 3182/3182/3182
f 3121/3121/3121 3184/3184/3184 3183/3183/3183
f 3122/3122/3122 3185/3185/3185 3184/3184/3184
f 3123/3123/3123 3185/3185/3185 3124/3124/3124
f 3123/3123/3123 3186/3186/3186 3187/3187/3187
f 3125/3125/3125 3188/3188/3188 3186/3186/3186
f 3126/3126/3126 3189/3189/3189 3188/3188/3188
f 3128/3128/3128 3190/3190/3190 3189/3189/3189
f 3129/3129/3129 3190/3190/3190 3127/3127/3127
f 3129/3129/3129 3191/3191/3191 3192/3192/3192
f 3130/3130/3130 3193/3193/3193 3191/3191/3191
f 3131/3131/3131 3194/3194/3194 3193/3193/3193
f 3132/3132/3132 3194/3194/3194 3133/3133/3133
f 3195/3195/3195 3196/3196/3196 3132/3132/3132
f 3134/3134/3134 3197/3197/3197 3135/3135/3135
f 3134/3134/3134 3198/3198/3198 3199/3199/3199
f 3136/3136/3136 3200/3200/3200 3198/3198/3198
f 3138/3138/3138 3200/3200/3200 3137/3137/3137
f 3138/3138/3138 3201/3201/3201 3202/3202/3202
f 3139/3139/3139 3201/3201/3201 3140/3140/3140
f 3139/3139/3139 3203/3203/3203 3204/3204/3204
f 3141/3141/3141 3205/3205/3205 3203/3203/3203
f 3142/3142/3142 3206/3206/3206 3205/3205/3205
f 3143/3143/3143 3207/3207/3207 3206/3206/3206
f 3144/3144/3144 3208/3208/3208 3207/3207/3207
f 3147/3147/3147 3208/3208/3208 3145/3145/3145
f 3147/3147/3147 3209/3209/3209 3210/3210/3210
f 3146/3146/3146 3211/3211/3211 3209/3209/3209
f 3148/3148/3148 3212/3212/3212 3211/3211/3211
f 3150/3150/3150 3213/3213/3213 3212/3212/3212
f 3151/3151/3151 3213/3213/3213 3149/3149/3149
f 3151/3151/3151 3214/3214/3214 3215/3215/3215
f 3152/3152/3152 3216/3216/3216 3214/3214/3214
f 3153/3153/3153 3217/3217/3217 3216/3216/3216
f 3154/3154/3154 3218/3218/3218 3217/3217/3217
f 3155/3155/3155 3218/3218/3218 3156/3156/3156
f 3155/3155/3155 3219/3219/3219 3220/3220/3220
f 3159/3159/3159 3219/3219/3219 3157/3157/3157
f 3159/3159/3159 3221/3221/3221 3222/3222/3222
f 3158/3158/3158 3223/3223/3223 3221/3221/3221
f 3161/3161/3161 3224/3224/3224 3223/3223/3223
f 3162/3162/3162 3224/3224/3224 3160/3160/3160
f 3162/3162/3162 3225/3225/3225 3226/3226/3226
f 3164/3164/3164 3225/3225/3225 3163/3163/3163
f 3165/3165/3165 3227/3227/3227 3164/3164/3164
f 3166/3166/3166 3228/3228/3228 3165/3165/3165
f 3166/3166/3166 3229/3229/3229 3230/3230/3230
f 3167/3167/3167 3231/3231/3231 3229/3229/3229
f 3168/3168/3168 3232/3232/3232 3231/3231/3231
f 3171/3171/3171 3232/3232/3232 3169/3169/3169
f 3170/3170/3170 3233/3233/3233 3171/3171/3171
f 3172/3172/3172 3234/3234/3234 3170/3170/3170
f 3172/3172/3172 3235/3235/3235 3236/3236/3236
f 3173/3173/3173 3235/3235/3235 3174/3174/3174
f 3175/3175/3175 3237/3237/3237 3173/3173/3173
f 3176/3176/3176 3238/3238/3238 3175/3175/3175
f 3178/3178/3178 3239/3239/3239 3176/3176/3176
f 3178/3178/3178 3240/3240/3240 3241/3241/3241
f 3179/3179/3179 3240/3240/3240 3177/3177/3177
f 3179/3179/3179 3242/3242/3242 3243/3243/3243
f 3181/3181/3181 3244/3244/3244 3242/3242/3242
f 3182/3182/3182 3244/3244/3244 3180/3180/3180
f 3183/3183/3183 3245/3245/3245 3182/3182/3182
f 3184/3184/3184 3246/3246/3246 3183/3183/3183
f 3185/3185/3185 3247/3247/3247 3184/3184/3184
f 3187/3187/3187 3248/3248/3248 3185/3185/3185
f 3186/3186/3186 3249/3249/3249 3187/3187/3187
f 3188/3188/3188 3250/3250/3250 3186/3186/3186
f 3189/3189/3189 3251/3251/3251 3188/3188/3188
f 3190/3190/3190 3252/3252/3252 3189/3189/3189
f 3190/3190/3190 3253/3253/3253 3254/3254/3254
f 3191/3191/3191 3253/3253/3253 3192/3192/3192
f 3191/3191/3191 3255/3255/3255 3256/3256/3256
f 3194/3194/3194 3255/3255/3255 3193/3193/3193
f 3194/3194/3194 3257/3257/3257 3258/3258/3258
f 3196/3196/3196 3259/3259/3259 3257/3257/3257
f 3197/3197/3197 3260/3260/3260 3261/3261/3261
f 3199/3199/3199 3262/3262/3262 3260/3260/3260
f 3198/3198/3198 3263/3263/3263 3262/3262/3262
f 3200/3200/3200 3264/3264/3264 3263/3263/3263
f 3202/3202/3202 3265/3265/3265 3264/3264/3264
f 3204/3204/3204 3265/3265/3265 3201/3201/3201
f 3203/3203/3203 3266/3266/3266 3204/3204/3204
f 3205/3205/3205 3267/3267/3267 3203/3203/3203
f 3206/3206/3206 3268/3268/3268 3205/3205/3205
f 3207/3207/3207 3269/3269/3269 3206/3206/3206
f 3208/3208/3208 3270/3270/3270 3207/3207/3207
f 3210/3210/3210 3271/3271/3271 3208/3208/3208
f 3209/3209/3209 3272/3272/3272 3210/3210/3210
f 3211/3211/3211 3273/3273/3273 3209/3209/3209
f 3212/3212/3212 3274/3274/3274 3211/3211/3211
f 3213/3213/3213 3275/3275/3275 3212/3212/3212
f 3215/3215/3215 3276/3276/3276 3213/3213/3213
f 3214/3214/3214 3277/3277/3277 3215/3215/3215
f 3216/3216/3216 3278/3278/3278 3214/3214/3214
f 3217/3217/3217 3279/3279/3279 3216/3216/3216
f 3218/3218/3218 3280/3280/3280 3217/3217/3217
f 3220/3220/3220 3281/3281/3281 3218/3218/3218
f 3220/3220/3220 3282/3282/3282 3283/3283/3283
f 3219/3219/3219 3284/3284/3284 3282/3282/3282
f 3221/3221/3221 3284/3284/3284 3222/3222/3222
f 3223/3223/3223 3285/3285/3285 3221/3221/3221
f 3223/3223/3223 3286/3286/3286 3287/3287/3287
f 3226/3226/3226 3286/3286/3286 3224/3224/3224
f 3225/3225/3225 3288/3288/3288 3226/3226/3226
f 3227/3227/3227 3289/3289/3289 3225/3225/3225
f 3227/3227/3227 3290/3290/3290 3291/3291/3291
f 3228/3228/3228 3292/3292/3292 3290/3290/3290
f 3230/3230/3230 3293/3293/3293 3292/3292/3292
f 3229/3229/3229 3294/3294/3294 3293/3293/3293
f 3232/3232/3232 3294/3294/3294 3231/3231/3231
f 3233/3233/3233 3295/3295/3295 3232/3232/3232
f 3233/3233/3233 3296/3296/3296 3297/3297/3297
f 3236/3236/3236 3296/3296/3296 3234/3234/3234
f 3236/3236/3236 3298/3298/3298 3299/3299/3299
f 3237/3237/3237 3298/3298/3298 3235/3235/3235
f 3238/3238/3238 3300/3300/3300 3237/3237/3237
f 3238/3238/3238 3301/3301/3301 3302/3302/3302
f 3239/3239/3239 3303/3303/3303 3301/3301/3301
f 3240/3240/3240 3303/3303/3303 3241/3241/3241
f 3240/3240/3240 3304/3304/3304 3305/3305/3305
f 3243/3243/3243 3306/3306/3306 3304/3304/3304
f 3244/3244/3244 3306/3306/3306 3242/3242/3242
f 3245/3245/3245 3307/3307/3307 3244/3244/3244
f 3245/3245/3245 3308/3308/3308 3309/3309/3309
f 3246/3246/3246 3310/3310/3310 3308/3308/3308
f 3248/3248/3248 3310/3310/3310 3247/3247/3247
f 3249/3249/3249 3311/3311/3311 3248/3248/3248
f 3249/3249/3249 3312/3312/3312 3313/3313/3313
f 3250/3250/3250 3314/3314/3314 3312/3312/3312
f 3251/3251/3251 3315/3315/3315 3314/3314/3314
f 3252/3252/3252 3316/3316/3316 3315/3315/3315
f 3253/3253/3253 3316/3316/3316 3254/3254/3254
f 3256/3256/3256 3317/3317/3317 3253/3253/3253
f 3255/3255/3255 3318/3318/3318 3256/3256/3256
f 3258/3258/3258 3319/3319/3319 3255/3255/3255
f 3257/3257/3257 3320/3320/3320 3258/3258/3258
f 3257/3257/3257 3321/3321/3321 3322/3322/3322
f 3260/3260/3260 3323/3323/3323 3261/3261/3261
f 3262/3262/3262 3324/3324/3324 3260/3260/3260
f 3263/3263/3263 3325/3325/3325 3262/3262/3262
f 3263/3263/3263 3326/3326/3326 3327/3327/3327
f 3265/3265/3265 3326/3326/3326 3264/3264/3264
f 3266/3266/3266 3328/3328/3328 3265/3265/3265
f 3266/3266/3266 3329/3329/3329 3330/3330/3330
f 3267/3267/3267 3331/3331/3331 3329/3329/3329
f 3268/3268/3268 3332/3332/3332 3331/3331/3331
f 3270/3270/3270 3332/3332/3332 3269/3269/3269
f 3271/3271/3271 3333/3333/3333 3270/3270/3270
f 3272/3272/3272 3334/3334/3334 3271/3271/3271
f 3272/3272/3272 3335/3335/3335 3336/3336/3336
f 3274/3274/3274 3335/3335/3335 3273/3273/3273
f 3275/3275/3275 3337/3337/3337 3274/3274/3274
f 3276/3276/3276 3338/3338/3338 3275/3275/3275
f 3277/3277/3277 3339/3339/3339 3276/3276/3276
f 3277/3277/3277 3340/3340/3340 3341/3341/3341
f 3278/3278/3278 3342/3342/3342 3340/3340/3340
f 3279/3279/3279 3343/3343/3343 3342/3342/3342
f 3281/3281/3281 3343/3343/3343 3280/3280/3280
f 3281/3281/3281 3344/3344/3344 3345/3345/3345
f 3283/3283/3283 3346/3346/3346 3344/3344/3344
f 3284/3284/3284 3346/3346/3346 3282/3282/3282
f 3284/3284/3284 3347/3347/3347 3348/3348/3348
f 3287/3287/3287 3347/3347/3347 3285/3285/3285
f 3286/3286/3286 3349/3349/3349 3287/3287/3287
f 3286/3286/3286 3350/3350/3350 3351/3351/3351
f 3288/3288/3288 3352/3352/3352 3350/3350/3350
f 3291/3291/3291 3352/3352/3352 3289/3289/3289
f 3290/3290/3290 3353/3353/3353 3291/3291/3291
f 3290/3290/3290 3354/3354/3354 3355/3355/3355
f 3293/3293/3293 3354/3354/3354 3292/3292/3292
f 3294/3294/3294 3356/3356/3356 3293/3293/3293
f 3295/3295/3295 3357/3357/3357 3294/3294/3294
f 3295/3295/3295 3358/3358/3358 3359/3359/3359
f 3297/3297/3297 3360/3360/3360 3358/3358/3358
f 3299/3299/3299 3360/3360/3360 3296/3296/3296
f 3299/3299/3299 3361/3361/3361 3362/3362/3362
f 3298/3298/3298 3363/3363/3363 3361/3361/3361
f 3300/3300/3300 3364/3364/3364 3363/3363/3363
f 3302/3302/3302 3365/3365/3365 3364/3364/3364
f 3303/3303/3303 3365/3365/3365 3301/3301/3301
f 3305/3305/3305 3366/3366/3366 3303/3303/3303
f 3304/3304/3304 3367/3367/3367 3305/3305/3305
f 3306/3306/3306 3368/3368/3368 3304/3304/3304
f 3306/3306/3306 3369/3369/3369 3370/3370/3370
f 3307/3307/3307 3371/3371/3371 3369/3369/3369
f 3309/3309/3309 3372/3372/3372 3371/3371/3371
f 3308/3308/3308 3373/3373/3373 3372/3372/3372
f 3310/3310/3310 3374/3374/3374 3373/3373/3373
f 3311/3311/3311 3375/3375/3375 3374/3374/3374
f 3313/3313/3313 3376/3376/3376 3375/3375/3375
f 3314/3314/3314 3376/3376/3376 3312/3312/3312
f 3315/3315/3315 3377/3377/3377 3314/3314/3314
f 3316/3316/3316 3378/3378/3378 3315/3315/3315
f 3316/3316/3316 3379/3379/3379 3380/3380/3380
f 3317/3317/3317 3381/3381/3381 3379/3379/3379
f 3319/3319/3319 3381/3381/3381 3318/3318/3318
f 3320/3320/3320 3382/3382/3382 3319/3319/3319
f 3322/3322/3322 3383/3383/3383 3320/3320/3320
f 3321/3321/3321 3384/3384/3384 3322/3322/3322
f 3323/3323/3323 3385/3385/3385 3386/3386/3386
f 3325/3325/3325 3385/3385/3385 3324/3324/3324
f 3327/3327/3327 3387/3387/3387 3325/3325/3325
f 3327/3327/3327 3388/3388/3388 3389/3389/3389
f 3326/3326/3326 3390/3390/3390 3388/3388/3388
f 3328/3328/3328 3391/3391/3391 3390/3390/3390
f 3330/3330/3330 3392/3392/3392 3391/3391/3391
f 3329/3329/3329 3393/3393/3393 3392/3392/3392
f 3332/3332/3332 3393/3393/3393 3331/3331/3331
f 3333/3333/3333 3394/3394/3394 3332/3332/3332
f 3334/3334/3334 3395/3395/3395 3333/3333/3333
f 3336/3336/3336 3396/3396/3396 3334/3334/3334
f 3335/3335/3335 3397/3397/3397 3336/3336/3336
f 3337/3337/3337 3398/3398/3398 3335/3335/3335
f 3337/3337/3337 3399/3399/3399 3400/3400/3400
f 3338/3338/3338 3401/3401/3401 3399/3399/3399
f 3339/3339/3339 3402/3402/3402 3401/3401/3401
f 3341/3341/3341 3403/3403/3403 3402/3402/3402
f 3342/3342/3342 3403/3403/3403 3340/3340/3340
f 3343/3343/3343 3404/3404/3404 3342/3342/3342
f 3343/3343/3343 3405/3405/3405 3406/3406/3406
f 3344/3344/3344 3405/3405/3405 3345/3345/3345
f 3346/3346/3346 3407/3407/3407 3344/3344/3344
f 3346/3346/3346 3408/3408/3408 3409/3409/3409
f 3348/3348/3348 3410/3410/3410 3408/3408/3408
f 3347/3347/3347 3411/3411/3411 3410/3410/3410
f 3349/3349/3349 3412/3412/3412 3411/3411/3411
f 3351/3351/3351 3413/3413/3413 3412/3412/3412
f 3352/3352/3352 3413/3413/3413 3350/3350/3350
f 3352/3352/3352 3414/3414/3414 3415/3415/3415
f 3355/3355/3355 3414/3414/3414 3353/3353/3353
f 3355/3355/3355 3416/3416/3416 3417/3417/3417
f 3356/3356/3356 3416/3416/3416 3354/3354/3354
f 3356/3356/3356 3418/3418/3418 3419/3419/3419
f 3359/3359/3359 3418/3418/3418 3357/3357/3357
f 3358/3358/3358 3420/3420/3420 3359/3359/3359
f 3360/3360/3360 3421/3421/3421 3358/3358/3358
f 3362/3362/3362 3422/3422/3422 3360/3360/3360
f 3362/3362/3362 3423/3423/3423 3424/3424/3424
f 3363/3363/3363 3423/3423/3423 3361/3361/3361
f 3364/3364/3364 3425/3425/3425 3363/3363/3363
f 3365/3365/3365 3426/3426/3426 3364/3364/3364
f 3366/3366/3366 3427/3427/3427 3365/3365/3365
f 3366/3366/3366 3428/3428/3428 3429/3429/3429
f 3367/3367/3367 3430/3430/3430 3428/3428/3428
f 3368/3368/3368 3431/3431/3431 3430/3430/3430
f 3370/3370/3370 3432/3432/3432 3431/3431/3431
f 3369/3369/3369 3433/3433/3433 3432/3432/3432
f 3372/3372/3372 3433/3433/3433 3371/3371/3371
f 3373/3373/3373 3434/3434/3434 3372/3372/3372
f 3374/3374/3374 3435/3435/3435 3373/3373/3373
f 3374/3374/3374 3436/3436/3436 3437/3437/3437
f 3375/3375/3375 3438/3438/3438 3436/3436/3436
f 3377/3377/3377 3438/3438/3438 3376/3376/3376
f 3378/3378/3378 3439/3439/3439 3377/3377/3377
f 3380/3380/3380 3440/3440/3440 3378/3378/3378
f 3380/3380/3380 3441/3441/3441 3442/3442/3442
f 3381/3381/3381 3441/3441/3441 3379/3379/3379
f 3382/3382/3382 3443/3443/3443 3381/3381/3381
f 3382/3382/3382 3444/3444/3444 3445/3445/3445
f 3383/3383/3383 3446/3446/3446 3444/3444/3444
f 3384/3384/3384 3447/3447/3447 3446/3446/3446
f 3386/3386/3386 3448/3448/3448 3449/3449/3449
f 3385/3385/3385 3450/3450/3450 3448/3448/3448
f 3387/3387/3387 3451/3451/3451 3450/3450/3450
f 3388/3388/3388 3451/3451/3451 3389/3389/3389
f 3388/3388/3388 3452/3452/3452 3453/3453/3453
f 3391/3391/3391 3452/3452/3452 3390/3390/3390
f 3391/3391/3391 3454/3454/3454 3455/3455/3455
f 3392/3392/3392 3456/3456/3456 3454/3454/3454
f 3393/3393/3393 3457/3457/3457 3456/3456/3456
f 3395/3395/3395 3457/3457/3457 3394/3394/3394
f 3396/3396/3396 3458/3458/3458 3395/3395/3395
f 3397/3397/3397 3459/3459/3459 3396/3396/3396
f 3398/3398/3398 3460/3460/3460 3397/3397/3397
f 3398/3398/3398 3461/3461/3461 3462/3462/3462
f 3399/3399/3399 3461/3461/3461 3400/3400/3400
f 3401/3401/3401 3463/3463/3463 3399/3399/3399
f 3401/3401/3401 3464/3464/3464 3465/3465/3465
f 3403/3403/3403 3464/3464/3464 3402/3402/3402
f 3403/3403/3403 3466/3466/3466 3467/3467/3467
f 3404/3404/3404 3468/3468/3468 3466/3466/3466
f 3406/3406/3406 3469/3469/3469 3468/3468/3468
f 3407/3407/3407 3469/3469/3469 3405/3405/3405
f 3409/3409/3409 3470/3470/3470 3407/3407/3407
f 3409/3409/3409 3471/3471/3471 3472/3472/3472
f 3410/3410/3410 3471/3471/3471 3408/3408/3408
f 3410/3410/3410 3473/3473/3473 3474/3474/3474
f 3412/3412/3412 3473/3473/3473 3411/3411/3411
f 3413/3413/3413 3475/3475/3475 3412/3412/3412
f 3413/3413/3413 3476/3476/3476 3477/3477/3477
f 3415/3415/3415 3478/3478/3478 3476/3476/3476
f 3417/3417/3417 3478/3478/3478 3414/3414/3414
f 3417/3417/3417 3479/3479/3479 3480/3480/3480
f 3419/3419/3419 3479/3479/3479 3416/3416/3416
f 3418/3418/3418 3481/3481/3481 3419/3419/3419
f 3420/3420/3420 3482/3482/3482 3418/3418/3418
f 3420/3420/3420 3483/3483/3483 3484/3484/3484
f 3421/3421/3421 3485/3485/3485 3483/3483/3483
f 3424/3424/3424 3485/3485/3485 3422/3422/3422
f 3423/3423/3423 3486/3486/3486 3424/3424/3424
f 3423/3423/3423 3487/3487/3487 3488/3488/3488
f 3425/3425/3425 3489/3489/3489 3487/3487/3487
f 3427/3427/3427 3489/3489/3489 3426/3426/3426
f 3427/3427/3427 3490/3490/3490 3491/3491/3491
f 3429/3429/3429 3492/3492/3492 3490/3490/3490
f 3428/3428/3428 3493/3493/3493 3492/3492/3492
f 3431/3431/3431 3493/3493/3493 3430/3430/3430
f 3432/3432/3432 3494/3494/3494 3431/3431/3431
f 3433/3433/3433 3495/3495/3495 3432/3432/3432
f 3434/3434/3434 3496/3496/3496 3433/3433/3433
f 3435/3435/3435 3497/3497/3497 3434/3434/3434
f 3435/3435/3435 3498/3498/3498 3499/3499/3499
f 3437/3437/3437 3500/3500/3500 3498/3498/3498
f 3436/3436/3436 3501/3501/3501 3500/3500/3500
f 3438/3438/3438 3502/3502/3502 3501/3501/3501
f 3439/3439/3439 3503/3503/3503 3502/3502/3502
f 3442/3442/3442 3503/3503/3503 3440/3440/3440
f 3441/3441/3441 3504/3504/3504 3442/3442/3442
f 3441/3441/3441 3505/3505/3505 3506/3506/3506
f 3445/3445/3445 3505/3505/3505 3443/3443/3443
f 3444/3444/3444 3507/3507/3507 3445/3445/3445
f 3444/3444/3444 3508/3508/3508 3509/3509/3509
f 3446/3446/3446 3510/3510/3510 3508/3508/3508
f 3448/3448/3448 3511/3511/3511 3449/3449/3449
f 3450/3450/3450 3512/3512/3512 3448/3448/3448
f 3451/3451/3451 3513/3513/3513 3450/3450/3450
f 3453/3453/3453 3514/3514/3514 3451/3451/3451
f 3452/3452/3452 3515/3515/3515 3453/3453/3453
f 3455/3455/3455 3516/3516/3516 3452/3452/3452
f 3454/3454/3454 3517/3517/3517 3455/3455/3455
f 3454/3454/3454 3518/3518/3518 3519/3519/3519
f 3457/3457/3457 3518/3518/3518 3456/3456/3456
f 3457/3457/3457 3520/3520/3520 3521/3521/3521
f 3458/3458/3458 3522/3522/3522 3520/3520/3520
f 3459/3459/3459 3523/3523/3523 3522/3522/3522
f 3462/3462/3462 3523/3523/3523 3460/3460/3460
f 3461/3461/3461 3524/3524/3524 3462/3462/3462
f 3461/3461/3461 3525/3525/3525 3526/3526/3526
f 3465/3465/3465 3525/3525/3525 3463/3463/3463
f 3464/3464/3464 3527/3527/3527 3465/3465/3465
f 3467/3467/3467 3528/3528/3528 3464/3464/3464
f 3466/3466/3466 3529/3529/3529 3467/3467/3467
f 3468/3468/3468 3530/3530/3530 3466/3466/3466
f 3469/3469/3469 3531/3531/3531 3468/3468/3468
f 3469/3469/3469 3532/3532/3532 3533/3533/3533
f 3470/3470/3470 3534/3534/3534 3532/3532/3532
f 3471/3471/3471 3534/3534/3534 3472/3472/3472
f 3474/3474/3474 3535/3535/3535 3471/3471/3471
f 3473/3473/3473 3536/3536/3536 3474/3474/3474
f 3475/3475/3475 3537/3537/3537 3473/3473/3473
f 3475/3475/3475 3538/3538/3538 3539/3539/3539
f 3476/3476/3476 3538/3538/3538 3477/3477/3477
f 3478/3478/3478 3540/3540/3540 3476/3476/3476
f 3478/3478/3478 3541/3541/3541 3542/3542/3542
f 3479/3479/3479 3541/3541/3541 3480/3480/3480
f 3481/3481/3481 3543/3543/3543 3479/3479/3479
f 3482/3482/3482 3544/3544/3544 3481/3481/3481
f 3482/3482/3482 3545/3545/3545 3546/3546/3546
f 3483/3483/3483 3545/3545/3545 3484/3484/3484
f 3483/3483/3483 3547/3547/3547 3548/3548/3548
f 3485/3485/3485 3549/3549/3549 3547/3547/3547
f 3488/3488/3488 3549/3549/3549 3486/3486/3486
f 3487/3487/3487 3550/3550/3550 3488/3488/3488
f 3487/3487/3487 3551/3551/3551 3552/3552/3552
f 3489/3489/3489 3553/3553/3553 3551/3551/3551
f 3490/3490/3490 3553/3553/3553 3491/3491/3491
f 3490/3490/3490 3554/3554/3554 3555/3555/3555
f 3492/3492/3492 3556/3556/3556 3554/3554/3554
f 3493/3493/3493 3557/3557/3557 3556/3556/3556
f 3494/3494/3494 3558/3558/3558 3557/3557/3557
f 3496/3496/3496 3558/3558/3558 3495/3495/3495
f 3496/3496/3496 3559/3559/3559 3560/3560/3560
f 3497/3497/3497 3561/3561/3561 3559/3559/3559
f 3498/3498/3498 3561/3561/3561 3499/3499/3499
f 3498/3498/3498 3562/3562/3562 3563/3563/3563
f 3500/3500/3500 3564/3564/3564 3562/3562/3562
f 3501/3501/3501 3565/3565/3565 3564/3564/3564
f 3503/3503/3503 3565/3565/3565 3502/3502/3502
f 3504/3504/3504 3566/3566/3566 3503/3503/3503
f 3504/3504/3504 3567/3567/3567 3568/3568/3568
f 3505/3505/3505 3567/3567/3567 3506/3506/3506
f 3505/3505/3505 3569/3569/3569 3570/3570/3570
f 3507/3507/3507 3571/3571/3571 3569/3569/3569
f 3508/3508/3508 3571/3571/3571 3509/3509/3509
f 3508/3508/3508 3572/3572/3572 3573/3573/3573
f 3511/3511/3511 3574/3574/3574 3575/3575/3575
f 3512/3512/3512 3576/3576/3576 3574/3574/3574
f 3513/3513/3513 3577/3577/3577 3576/3576/3576
f 3515/3515/3515 3577/3577/3577 3514/3514/3514
f 3516/3516/3516 3578/3578/3578 3515/3515/3515
f 3516/3516/3516 3579/3579/3579 3580/3580/3580
f 3519/3519/3519 3579/3579/3579 3517/3517/3517
f 3519/3519/3519 3581/3581/3581 3582/3582/3582
f 3521/3521/3521 3581/3581/3581 3518/3518/3518
f 3520/3520/3520 3583/3583/3583 3521/3521/3521
f 3522/3522/3522 3584/3584/3584 3520/3520/3520
f 3523/3523/3523 3585/3585/3585 3522/3522/3522
f 3523/3523/3523 3586/3586/3586 3587/3587/3587
f 3526/3526/3526 3586/3586/3586 3524/3524/3524
f 3525/3525/3525 3588/3588/3588 3526/3526/3526
f 3527/3527/3527 3589/3589/3589 3525/3525/3525
f 3528/3528/3528 3590/3590/3590 3527/3527/3527
f 3529/3529/3529 3591/3591/3591 3528/3528/3528
f 3529/3529/3529 3592/3592/3592 3593/3593/3593
f 3530/3530/3530 3594/3594/3594 3592/3592/3592
f 3533/3533/3533 3594/3594/3594 3531/3531/3531
f 3532/3532/3532 3595/3595/3595 3533/3533/3533
f 3532/3532/3532 3596/3596/3596 3597/3597/3597
f 3535/3535/3535 3596/3596/3596 3534/3534/3534
f 3535/3535/3535 3598/3598/3598 3599/3599/3599
f 3536/3536/3536 3600/3600/3600 3598/3598/3598
f 3539/3539/3539 3600/3600/3600 3537/3537/3537
f 3538/3538/3538 3601/3601/3601 3539/3539/3539
f 3538/3538/3538 3602/3602/3602 3603/3603/3603
f 3542/3542/3542 3602/3602/3602 3540/3540/3540
f 3541/3541/3541 3604/3604/3604 3542/3542/3542
f 3543/3543/3543 3605/3605/3605 3541/3541/3541
f 3543/3543/3543 3606/3606/3606 3607/3607/3607
f 3544/3544/3544 3608/3608/3608 3606/3606/3606
f 3545/3545/3545 3608/3608/3608 3546/3546/3546
f 3548/3548/3548 3609/3609/3609 3545/3545/3545
f 3547/3547/3547 3610/3610/3610 3548/3548/3548
f 3549/3549/3549 3611/3611/3611 3547/3547/3547
f 3549/3549/3549 3612/3612/3612 3613/3613/3613
f 3552/3552/3552 3612/3612/3612 3550/3550/3550
f 3551/3551/3551 3614/3614/3614 3552/3552/3552
f 3553/3553/3553 3615/3615/3615 3551/3551/3551
f 3555/3555/3555 3616/3616/3616 3553/3553/3553
f 3555/3555/3555 3617/3617/3617 3618/3618/3618
f 3556/3556/3556 3617/3617/3617 3554/3554/3554
f 3557/3557/3557 3619/3619/3619 3556/3556/3556
f 3558/3558/3558 3620/3620/3620 3557/3557/3557
f 3560/3560/3560 3621/3621/3621 3558/3558/3558
f 3559/3559/3559 3622/3622/3622 3560/3560/3560
f 3559/3559/3559 3623/3623/3623 3624/3624/3624
f 3563/3563/3563 3623/3623/3623 3561/3561/3561
f 3562/3562/3562 3625/3625/3625 3563/3563/3563
f 3564/3564/3564 3626/3626/3626 3562/3562/3562
f 3565/3565/3565 3627/3627/3627 3564/3564/3564
f 3566/3566/3566 3628/3628/3628 3565/3565/3565
f 3566/3566/3566 3629/3629/3629 3630/3630/3630
f 3568/3568/3568 3631/3631/3631 3629/3629/3629
f 3567/3567/3567 3632/3632/3632 3631/3631/3631
f 3569/3569/3569 3632/3632/3632 3570/3570/3570
f 3571/3571/3571 3633/3633/3633 3569/3569/3569
f 3573/3573/3573 3634/3634/3634 3571/3571/3571
f 3573/3573/3573 3635/3635/3635 3636/3636/3636
f 3575/3575/3575 3637/3637/3637 3638/3638/3638
f 3576/3576/3576 3637/3637/3637 3574/3574/3574
f 3577/3577/3577 3639/3639/3639 3576/3576/3576
f 3577/3577/3577 3640/3640/3640 3641/3641/3641
f 3578/3578/3578 3642/3642/3642 3640/3640/3640
f 3579/3579/3579 3642/3642/3642 3580/3580/3580
f 3582/3582/3582 3643/3643/3643 3579/3579/3579
f 3582/3582/3582 3644/3644/3644 3645/3645/3645
f 3581/3581/3581 3646/3646/3646 3644/3644/3644
f 3584/3584/3584 3646/3646/3646 3583/3583/3583
f 3584/3584/3584 3647/3647/3647 3648/3648/3648
f 3585/3585/3585 3649/3649/3649 3647/3647/3647
f 3587/3587/3587 3650/3650/3650 3649/3649/3649
f 3586/3586/3586 3651/3651/3651 3650/3650/3650
f 3588/3588/3588 3652/3652/3652 3651/3651/3651
f 3589/3589/3589 3653/3653/3653 3652/3652/3652
f 3590/3590/3590 3654/3654/3654 3653/3653/3653
f 3591/3591/3591 3655/3655/3655 3654/3654/3654
f 3592/3592/3592 3655/3655/3655 3593/3593/3593
f 3592/3592/3592 3656/3656/3656 3657/3657/3657
f 3595/3595/3595 3656/3656/3656 3594/3594/3594
f 3597/3597/3597 3658/3658/3658 3595/3595/3595
f 3596/3596/3596 3659/3659/3659 3597/3597/3597
f 3596/3596/3596 3660/3660/3660 3661/3661/3661
f 3599/3599/3599 3662/3662/3662 3660/3660/3660
f 3598/3598/3598 3663/3663/3663 3662/3662/3662
f 3600/3600/3600 3664/3664/3664 3663/3663/3663
f 3601/3601/3601 3665/3665/3665 3664/3664/3664
f 3603/3603/3603 3666/3666/3666 3665/3665/3665
f 3602/3602/3602 3667/3667/3667 3666/3666/3666
f 3605/3605/3605 3667/3667/3667 3604/3604/3604
f 3605/3605/3605 3668/3668/3668 3669/3669/3669
f 3606/3606/3606 3668/3668/3668 3607/3607/3607
f 3608/3608/3608 3670/3670/3670 3606/3606/3606
f 3609/3609/3609 3671/3671/3671 3608/3608/3608
f 3609/3609/3609 3672/3672/3672 3673/3673/3673
f 3610/3610/3610 3674/3674/3674 3672/3672/3672
f 3613/3613/3613 3674/3674/3674 3611/3611/3611
f 3612/3612/3612 3675/3675/3675 3613/3613/3613
f 3614/3614/3614 3676/3676/3676 3612/3612/3612
f 3614/3614/3614 3677/3677/3677 3678/3678/3678
f 3615/3615/3615 3679/3679/3679 3677/3677/3677
f 3618/3618/3618 3679/3679/3679 3616/3616/3616
f 3618/3618/3618 3680/3680/3680 3681/3681/3681
f 3619/3619/3619 3680/3680/3680 3617/3617/3617
f 3619/3619/3619 3682/3682/3682 3683/3683/3683
f 3620/3620/3620 3684/3684/3684 3682/3682/3682
f 3621/3621/3621 3685/3685/3685 3684/3684/3684
f 3624/3624/3624 3685/3685/3685 3622/3622/3622
f 3624/3624/3624 3686/3686/3686 3687/3687/3687
f 3623/3623/3623 3688/3688/3688 3686/3686/3686
f 3625/3625/3625 3689/3689/3689 3688/3688/3688
f 3626/3626/3626 3690/3690/3690 3689/3689/3689
f 3628/3628/3628 3690/3690/3690 3627/3627/3627
f 3628/3628/3628 3691/3691/3691 3692/3692/3692
f 3630/3630/3630 3693/3693/3693 3691/3691/3691
f 3629/3629/3629 3694/3694/3694 3693/3693/3693
f 3632/3632/3632 3694/3694/3694 3631/3631/3631
f 3632/3632/3632 3695/3695/3695 3696/3696/3696
f 3633/3633/3633 3697/3697/3697 3695/3695/3695
f 3634/3634/3634 3698/3698/3698 3697/3697/3697
f 3635/3635/3635 3698/3698/3698 3636/3636/3636
f 3637/3637/3637 3699/3699/3699 3638/3638/3638
f 3639/3639/3639 3700/3700/3700 3637/3637/3637
f 3639/3639/3639 3701/3701/3701 3702/3702/3702
f 3640/3640/3640 3701/3701/3701 3641/3641/3641
f 3642/3642/3642 3703/3703/3703 3640/3640/3640
f 3643/3643/3643 3704/3704/3704 3642/3642/3642
f 3645/3645/3645 3705/3705/3705 3643/3643/3643
f 3644/3644/3644 3706/3706/3706 3645/3645/3645
f 3646/3646/3646 3707/3707/3707 3644/3644/3644
f 3648/3648/3648 3708/3708/3708 3646/3646/3646
f 3647/3647/3647 3709/3709/3709 3648/3648/3648
f 3649/3649/3649 3710/3710/3710 3647/3647/3647
f 3650/3650/3650 3711/3711/3711 3649/3649/3649
f 3651/3651/3651 3712/3712/3712 3650/3650/3650
f 3652/3652/3652 3713/3713/3713 3651/3651/3651
f 3653/3653/3653 3714/3714/3714 3652/3652/3652
f 3654/3654/3654 3715/3715/3715 3653/3653/3653
f 3655/3655/3655 3716/3716/3716 3654/3654/3654
f 3657/3657/3657 3717/3717/3717 3655/3655/3655
f 3656/3656/3656 3718/3718/3718 3657/3657/3657
f 3656/3656/3656 3719/3719/3719 3720/3720/3720
f 3658/3658/3658 3721/3721/3721 3719/3719/3719
f 3661/3661/3661 3721/3721/3721 3659/3659/3659
f 3660/3660/3660 3722/3722/3722 3661/3661/3661
f 3662/3662/3662 3723/3723/3723 3660/3660/3660
f 3663/3663/3663 3724/3724/3724 3662/3662/3662
f 3663/3663/3663 3725/3725/3725 3726/3726/3726
f 3664/3664/3664 3727/3727/3727 3725/3725/3725
f 3666/3666/3666 3727/3727/3727 3665/3665/3665
f 3667/3667/3667 3728/3728/3728 3666/3666/3666
f 3669/3669/3669 3729/3729/3729 3667/3667/3667
f 3669/3669/3669 3730/3730/3730 3731/3731/3731
f 3670/3670/3670 3730/3730/3730 3668/3668/3668
f 3670/3670/3670 3732/3732/3732 3733/3733/3733
f 3671/3671/3671 3734/3734/3734 3732/3732/3732
f 3672/3672/3672 3734/3734/3734 3673/3673/3673
f 3674/3674/3674 3735/3735/3735 3672/3672/3672
f 3675/3675/3675 3736/3736/3736 3674/3674/3674
f 3675/3675/3675 3737/3737/3737 3738/3738/3738
f 3676/3676/3676 3739/3739/3739 3737/3737/3737
f 3678/3678/3678 3740/3740/3740 3739/3739/3739
f 3677/3677/3677 3741/3741/3741 3740/3740/3740
f 3681/3681/3681 3741/3741/3741 3679/3679/3679
f 3681/3681/3681 3742/3742/3742 3743/3743/3743
f 3683/3683/3683 3742/3742/3742 3680/3680/3680
f 3682/3682/3682 3744/3744/3744 3683/3683/3683
f 3682/3682/3682 3745/3745/3745 3746/3746/3746
f 3685/3685/3685 3745/3745/3745 3684/3684/3684
f 3687/3687/3687 3747/3747/3747 3685/3685/3685
f 3686/3686/3686 3748/3748/3748 3687/3687/3687
f 3688/3688/3688 3749/3749/3749 3686/3686/3686
f 3689/3689/3689 3750/3750/3750 3688/3688/3688
f 3690/3690/3690 3751/3751/3751 3689/3689/3689
f 3692/3692/3692 3752/3752/3752 3690/3690/3690
f 3692/3692/3692 3753/3753/3753 3754/3754/3754
f 3691/3691/3691 3755/3755/3755 3753/3753/3753
f 3693/3693/3693 3756/3756/3756 3755/3755/3755
f 3696/3696/3696 3756/3756/3756 3694/3694/3694
f 3695/3695/3695 3757/3757/3757 3696/3696/3696
f 3697/3697/3697 3758/3758/3758 3695/3695/3695
f 3698/3698/3698 3759/3759/3759 3697/3697/3697
f 3698/3698/3698 3760/3760/3760 3761/3761/3761
f 3699/3699/3699 3762/3762/3762 3763/3763/3763
f 3700/3700/3700 3764/3764/3764 3762/3762/3762
f 3702/3702/3702 3765/3765/3765 3764/3764/3764
f 3701/3701/3701 3766/3766/3766 3765/3765/3765
f 3704/3704/3704 3766/3766/3766 3703/3703/3703
f 3704/3704/3704 3767/3767/3767 3768/3768/3768
f 3705/3705/3705 3769/3769/3769 3767/3767/3767
f 3706/3706/3706 3770/3770/3770 3769/3769/3769
f 3707/3707/3707 3771/3771/3771 3770/3770/3770
f 3708/3708/3708 3772/3772/3772 3771/3771/3771
f 3709/3709/3709 3773/3773/3773 3772/3772/3772
f 3710/3710/3710 3774/3774/3774 3773/3773/3773
f 3711/3711/3711 3775/3775/3775 3774/3774/3774
f 3712/3712/3712 3776/3776/3776 3775/3775/3775
f 3713/3713/3713 3777/3777/3777 3776/3776/3776
f 3714/3714/3714 3778/3778/3778 3777/3777/3777
f 3715/3715/3715 3779/3779/3779 3778/3778/3778
f 3717/3717/3717 3779/3779/3779 3716/3716/3716
f 3717/3717/3717 3780/3780/3780 3781/3781/3781
f 3718/3718/3718 3782/3782/3782 3780/3780/3780
f 3719/3719/3719 3782/3782/3782 3720/3720/3720
f 3721/3721/3721 3783/3783/3783 3719/3719/3719
f 3721/3721/3721 3784/3784/3784 3785/3785/3785
f 3723/3723/3723 3784/3784/3784 3722/3722/3722
f 3723/3723/3723 3786/3786/3786 3787/3787/3787
f 3726/3726/3726 3786/3786/3786 3724/3724/3724
f 3725/3725/3725 3788/3788/3788 3726/3726/3726
f 3725/3725/3725 3789/3789/3789 3790/3790/3790
f 3727/3727/3727 3791/3791/3791 3789/3789/3789
f 3729/3729/3729 3791/3791/3791 3728/3728/3728
f 3731/3731/3731 3792/3792/3792 3729/3729/3729
f 3730/3730/3730 3793/3793/3793 3731/3731/3731
f 3730/3730/3730 3794/3794/3794 3795/3795/3795
f 3732/3732/3732 3794/3794/3794 3733/3733/3733
f 3734/3734/3734 3796/3796/3796 3732/3732/3732
f 3734/3734/3734 3797/3797/3797 3798/3798/3798
f 3735/3735/3735 3799/3799/3799 3797/3797/3797
f 3738/3738/3738 3799/3799/3799 3736/3736/3736
f 3738/3738/3738 3800/3800/3800 3801/3801/3801
f 3737/3737/3737 3802/3802/3802 3800/3800/3800
f 3740/3740/3740 3802/3802/3802 3739/3739/3739
f 3740/3740/3740 3803/3803/3803 3804/3804/3804
f 3741/3741/3741 3805/3805/3805 3803/3803/3803
f 3742/3742/3742 3805/3805/3805 3743/3743/3743
f 3744/3744/3744 3806/3806/3806 3742/3742/3742
f 3744/3744/3744 3807/3807/3807 3808/3808/3808
f 3746/3746/3746 3809/3809/3809 3807/3807/3807
f 3745/3745/3745 3810/3810/3810 3809/3809/3809
f 3748/3748/3748 3810/3810/3810 3747/3747/3747
f 3748/3748/3748 3811/3811/3811 3812/3812/3812
f 3749/3749/3749 3813/3813/3813 3811/3811/3811
f 3750/3750/3750 3814/3814/3814 3813/3813/3813
f 3751/3751/3751 3815/3815/3815 3814/3814/3814
f 3754/3754/3754 3815/3815/3815 3752/3752/3752
f 3754/3754/3754 3816/3816/3816 3817/3817/3817
f 3755/3755/3755 3816/3816/3816 3753/3753/3753
f 3755/3755/3755 3818/3818/3818 3819/3819/3819
f 3756/3756/3756 3820/3820/3820 3818/3818/3818
f 3758/3758/3758 3820/3820/3820 3757/3757/3757
f 3759/3759/3759 3821/3821/3821 3758/3758/3758
f 3759/3759/3759 3822/3822/3822 3823/3823/3823
f 3760/3760/3760 3822/3822/3822 3761/3761/3761
f 3762/3762/3762 3824/3824/3824 3763/3763/3763
f 3764/3764/3764 3825/3825/3825 3762/3762/3762
f 3765/3765/3765 3826/3826/3826 3764/3764/3764
f 3766/3766/3766 3827/3827/3827 3765/3765/3765
f 3766/3766/3766 3828/3828/3828 3829/3829/3829
f 3768/3768/3768 3830/3830/3830 3828/3828/3828
f 3767/3767/3767 3831/3831/3831 3830/3830/3830
f 3769/3769/3769 3832/3832/3832 3831/3831/3831
f 3771/3771/3771 3832/3832/3832 3770/3770/3770
f 3771/3771/3771 3833/3833/3833 3834/3834/3834
f 3772/3772/3772 3835/3835/3835 3833/3833/3833
f 3774/3774/3774 3835/3835/3835 3773/3773/3773
f 3774/3774/3774 3836/3836/3836 3837/3837/3837
f 3776/3776/3776 3836/3836/3836 3775/3775/3775
f 3776/3776/3776 3838/3838/3838 3839/3839/3839
f 3778/3778/3778 3838/3838/3838 3777/3777/3777
f 3778/3778/3778 3840/3840/3840 3841/3841/3841
f 3779/3779/3779 3842/3842/3842 3840/3840/3840
f 3780/3780/3780 3842/3842/3842 3781/3781/3781
f 3780/3780/3780 3843/3843/3843 3844/3844/3844
f 3782/3782/3782 3845/3845/3845 3843/3843/3843
f 3785/3785/3785 3845/3845/3845 3783/3783/3783
f 3785/3785/3785 3846/3846/3846 3847/3847/3847
f 3784/3784/3784 3848/3848/3848 3846/3846/3846
f 3787/3787/3787 3849/3849/3849 3848/3848/3848
f 3786/3786/3786 3850/3850/3850 3849/3849/3849
f 3788/3788/3788 3851/3851/3851 3850/3850/3850
f 3789/3789/3789 3851/3851/3851 3790/3790/3790
f 3791/3791/3791 3852/3852/3852 3789/3789/3789
f 3791/3791/3791 3853/3853/3853 3854/3854/3854
f 3792/3792/3792 3855/3855/3855 3853/3853/3853
f 3793/3793/3793 3856/3856/3856 3855/3855/3855
f 3794/3794/3794 3856/3856/3856 3795/3795/3795
f 3794/3794/3794 3857/3857/3857 3858/3858/3858
f 3798/3798/3798 3857/3857/3857 3796/3796/3796
f 3797/3797/3797 3859/3859/3859 3798/3798/3798
f 3799/3799/3799 3860/3860/3860 3797/3797/3797
f 3801/3801/3801 3861/3861/3861 3799/3799/3799
f 3800/3800/3800 3862/3862/3862 3801/3801/3801
f 3802/3802/3802 3863/3863/3863 3800/3800/3800
f 3804/3804/3804 3864/3864/3864 3802/3802/3802
f 3803/3803/3803 3865/3865/3865 3804/3804/3804
f 3805/3805/3805 3866/3866/3866 3803/3803/3803
f 3806/3806/3806 3867/3867/3867 3805/3805/3805
f 3808/3808/3808 3868/3868/3868 3806/3806/3806
f 3808/3808/3808 3869/3869/3869 3870/3870/3870
f 3809/3809/3809 3869/3869/3869 3807/3807/3807
f 3810/3810/3810 3871/3871/3871 3809/3809/3809
f 3810/3810/3810 3872/3872/3872 3873/3873/3873
f 3812/3812/3812 3874/3874/3874 3872/3872/3872
f 3813/3813/3813 3874/3874/3874 3811/3811/3811
f 3813/3813/3813 3875/3875/3875 3876/3876/3876
f 3815/3815/3815 3875/3875/3875 3814/3814/3814
f 3815/3815/3815 3877/3877/3877 3878/3878/3878
f 3816/3816/3816 3877/3877/3877 3817/3817/3817
f 3819/3819/3819 3879/3879/3879 3816/3816/3816
f 3818/3818/3818 3880/3880/3880 3819/3819/3819
f 3820/3820/3820 3881/3881/3881 3818/3818/3818
f 3821/3821/3821 3882/3882/3882 3820/3820/3820
f 3821/3821/3821 3883/3883/3883 3884/3884/3884
f 3823/3823/3823 3885/3885/3885 3883/3883/3883
f 3886/3886/3886 3885/3885/3885 3822/3822/3822
f 3824/3824/3824 3887/3887/3887 3888/3888/3888
f 3825/3825/3825 3889/3889/3889 3887/3887/3887
f 3826/3826/3826 3890/3890/3890 3889/3889/3889
f 3829/3829/3829 3890/3890/3890 3827/3827/3827
f 3829/3829/3829 3891/3891/3891 3892/3892/3892
f 3830/3830/3830 3891/3891/3891 3828/3828/3828
f 3831/3831/3831 3893/3893/3893 3830/3830/3830
f 3832/3832/3832 3894/3894/3894 3831/3831/3831
f 3832/3832/3832 3895/3895/3895 3896/3896/3896
f 3833/3833/3833 3895/3895/3895 3834/3834/3834
f 3835/3835/3835 3897/3897/3897 3833/3833/3833
f 3837/3837/3837 3898/3898/3898 3835/3835/3835
f 3837/3837/3837 3899/3899/3899 3900/3900/3900
f 3839/3839/3839 3899/3899/3899 3836/3836/3836
f 3838/3838/3838 3901/3901/3901 3839/3839/3839
f 3841/3841/3841 3902/3902/3902 3838/3838/3838
f 3840/3840/3840 3903/3903/3903 3841/3841/3841
f 3840/3840/3840 3904/3904/3904 3905/3905/3905
f 3844/3844/3844 3904/3904/3904 3842/3842/3842
f 3843/3843/3843 3906/3906/3906 3844/3844/3844
f 3843/3843/3843 3907/3907/3907 3908/3908/3908
f 3847/3847/3847 3907/3907/3907 3845/3845/3845
f 3846/3846/3846 3909/3909/3909 3847/3847/3847
f 3846/3846/3846 3910/3910/3910 3911/3911/3911
f 3849/3849/3849 3910/3910/3910 3848/3848/3848
f 3850/3850/3850 3912/3912/3912 3849/3849/3849
f 3850/3850/3850 3913/3913/3913 3914/3914/3914
f 3851/3851/3851 3915/3915/3915 3913/3913/3913
f 3852/3852/3852 3916/3916/3916 3915/3915/3915
f 3853/3853/3853 3916/3916/3916 3854/3854/3854
f 3855/3855/3855 3917/3917/3917 3853/3853/3853
f 3855/3855/3855 3918/3918/3918 3919/3919/3919
f 3856/3856/3856 3920/3920/3920 3918/3918/3918
f 3858/3858/3858 3921/3921/3921 3920/3920/3920
f 3859/3859/3859 3921/3921/3921 3857/3857/3857
f 3859/3859/3859 3922/3922/3922 3923/3923/3923
f 3861/3861/3861 3922/3922/3922 3860/3860/3860
f 3861/3861/3861 3924/3924/3924 3925/3925/3925
f 3862/3862/3862 3926/3926/3926 3924/3924/3924
f 3863/3863/3863 3927/3927/3927 3926/3926/3926
f 3864/3864/3864 3928/3928/3928 3927/3927/3927
f 3865/3865/3865 3929/3929/3929 3928/3928/3928
f 3866/3866/3866 3930/3930/3930 3929/3929/3929
f 3867/3867/3867 3931/3931/3931 3930/3930/3930
f 3868/3868/3868 3932/3932/3932 3931/3931/3931
f 3870/3870/3870 3933/3933/3933 3932/3932/3932
f 3869/3869/3869 3934/3934/3934 3933/3933/3933
f 3871/3871/3871 3935/3935/3935 3934/3934/3934
f 3873/3873/3873 3936/3936/3936 3935/3935/3935
f 3874/3874/3874 3936/3936/3936 3872/3872/3872
f 3876/3876/3876 3937/3937/3937 3874/3874/3874
f 3876/3876/3876 3938/3938/3938 3939/3939/3939
f 3875/3875/3875 3940/3940/3940 3938/3938/3938
f 3878/3878/3878 3941/3941/3941 3940/3940/3940
f 3877/3877/3877 3942/3942/3942 3941/3941/3941
f 3879/3879/3879 3943/3943/3943 3942/3942/3942
f 3880/3880/3880 3944/3944/3944 3943/3943/3943
f 3881/3881/3881 3945/3945/3945 3944/3944/3944
f 3884/3884/3884 3945/3945/3945 3882/3882/3882
f 3883/3883/3883 3946/3946/3946 3884/3884/3884
f 3883/3883/3883 3947/3947/3947 3948/3948/3948
f 3885/3885/3885 3949/3949/3949 3947/3947/3947
f 3950/3950/3950 3951/3951/3951 3952/3952/3952
f 3950/3950/3950 5/5/5 1/1/1
f 3953/3953/3953 5/5/5 3954/3954/3954
f 3955/3955/3955 4/4/4 3953/3953/3953
f 3956/3956/3956 6/6/6 3955/3955/3955
f 3957/3957/3957 10/10/10 3956/3956/3956
f 3958/3958/3958 12/12/12 3957/3957/3957
f 3958/3958/3958 17/17/17 14/14/14
f 3959/3959/3959 17/17/17 3960/3960/3960
f 3961/3961/3961 16/16/16 3959/3959/3959
f 3962/3962/3962 21/21/21 3961/3961/3961
f 3963/3963/3963 20/20/20 3962/3962/3962
f 3964/3964/3964 24/24/24 3963/3963/3963
f 3965/3965/3965 26/26/26 3964/3964/3964
f 3966/3966/3966 28/28/28 3965/3965/3965
f 3966/3966/3966 33/33/33 30/30/30
f 3967/3967/3967 33/33/33 3968/3968/3968
f 3969/3969/3969 32/32/32 3967/3967/3967
f 3970/3970/3970 34/34/34 3969/3969/3969
f 3970/3970/3970 40/40/40 36/36/36
f 3971/3971/3971 40/40/40 3972/3972/3972
f 3971/3971/3971 44/44/44 42/42/42
f 3973/3973/3973 44/44/44 3974/3974/3974
f 3975/3975/3975 46/46/46 3973/3973/3973
f 3976/3976/3976 48/48/48 3975/3975/3975
f 3977/3977/3977 51/51/51 3976/3976/3976
f 3978/3978/3978 50/50/50 3977/3977/3977
f 3978/3978/3978 57/57/57 52/52/52
f 3979/3979/3979 56/56/56 57/57/57
f 3980/3980/3980 56/56/56 3981/3981/3981
f 3982/3982/3982 58/58/58 3980/3980/3980
f 3982/3982/3982 62/62/62 63/63/63
f 3983/3983/3983 62/62/62 3984/3984/3984
f 3983/3983/3983 69/69/69 66/66/66
f 3985/3985/3985 68/68/68 69/69/69
f 3986/3986/3986 72/72/72 68/68/68
f 3987/3987/3987 72/72/72 3988/3988/3988
f 3987/3987/3987 74/74/74 75/75/75
f 3989/3989/3989 74/74/74 3990/3990/3990
f 3989/3989/3989 78/78/78 76/76/76
f 3991/3991/3991 82/82/82 78/78/78
f 3992/3992/3992 82/82/82 3993/3993/3993
f 3994/3994/3994 85/85/85 3992/3992/3992
f 3994/3994/3994 89/89/89 84/84/84
f 3995/3995/3995 89/89/89 3996/3996/3996
f 3995/3995/3995 90/90/90 88/88/88
f 3997/3997/3997 92/92/92 90/90/90
f 3998/3998/3998 96/96/96 92/92/92
f 3999/3999/3999 98/98/98 96/96/96
f 4000/4000/4000 101/101/101 98/98/98
f 4001/4001/4001 101/101/101 4002/4002/4002
f 4001/4001/4001 102/102/102 100/100/100
f 4003/4003/4003 104/104/104 102/102/102
f 4004/4004/4004 106/106/106 104/104/104
f 4005/4005/4005 108/108/108 106/106/106
f 4006/4006/4006 113/113/113 108/108/108
f 4007/4007/4007 112/112/112 113/113/113
f 4008/4008/4008 114/114/114 112/112/112
f 4009/4009/4009 116/116/116 114/114/114
f 4010/4010/4010 116/116/116 4011/4011/4011
f 4012/4012/4012 121/121/121 4010/4010/4010
f 4012/4012/4012 122/122/122 120/120/120
f 4013/4013/4013 122/122/122 4014/4014/4014
f 4013/4013/4013 4015/4015/4015 124/124/124
f 4015/4015/4015 187/187/187 124/124/124
f 187/187/187 4016/4016/4016 4017/4017/4017
f 4017/4017/4017 4018/4018/4018 251/251/251
f 4018/4018/4018 376/376/376 251/251/251
f 4019/4019/4019 4020/4020/4020 376/376/376
f 4020/4020/4020 4021/4021/4021 439/439/439
f 4021/4021/4021 563/563/563 439/439/439
f 563/563/563 4022/4022/4022 626/626/626
f 626/626/626 4023/4023/4023 4024/4024/4024
f 4024/4024/4024 4025/4025/4025 690/690/690
f 4025/4025/4025 4026/4026/4026 690/690/690
f 4026/4026/4026 4027/4027/4027 815/815/815
f 815/815/815 4028/4028/4028 940/940/940
f 940/940/940 4029/4029/4029 4030/4030/4030
f 4029/4029/4029 1003/1003/1003 4030/4030/4030
f 1003/1003/1003 4031/4031/4031 1127/1127/1127
f 4031/4031/4031 4032/4032/4032 1127/1127/1127
f 4033/4033/4033 1190/1190/1190 4032/4032/4032
f 4034/4034/4034 4035/4035/4035 1190/1190/1190
f 4035/4035/4035 4036/4036/4036 1315/1315/1315
f 4036/4036/4036 1440/1440/1440 1315/1315/1315
f 1440/1440/1440 4037/4037/4037 4038/4038/4038
f 4037/4037/4037 1504/1504/1504 4038/4038/4038
f 4039/4039/4039 4040/4040/4040 1504/1504/1504
f 4041/4041/4041 1629/1629/1629 4040/4040/4040
f 1629/1629/1629 4042/4042/4042 4043/4043/4043
f 4042/4042/4042 1754/1754/1754 4043/4043/4043
f 1754/1754/1754 4044/4044/4044 1816/1816/1816
f 1816/1816/1816 4045/4045/4045 1942/1942/1942
f 4045/4045/4045 2005/2005/2005 1942/1942/1942
f 2005/2005/2005 4046/4046/4046 2068/2068/2068
f 4046/4046/4046 2130/2130/2130 2068/2068/2068
f 4047/4047/4047 4048/4048/4048 2130/2130/2130
f 4048/4048/4048 4049/4049/4049 2194/2194/2194
f 4049/4049/4049 4050/4050/4050 2194/2194/2194
f 4051/4051/4051 2319/2319/2319 4050/4050/4050
f 2319/2319/2319 4052/4052/4052 2382/2382/2382
f 4052/4052/4052 4053/4053/4053 2382/2382/2382
f 4053/4053/4053 4054/4054/4054 2507/2507/2507
f 2507/2507/2507 4055/4055/4055 2631/2631/2631
f 4055/4055/4055 2694/2694/2694 2631/2631/2631
f 2694/2694/2694 4056/4056/4056 4057/4057/4057
f 4056/4056/4056 2758/2758/2758 4057/4057/4057
f 4058/4058/4058 2882/2882/2882 2758/2758/2758
f 4059/4059/4059 4060/4060/4060 2882/2882/2882
f 4061/4061/4061 2946/2946/2946 4060/4060/4060
f 4062/4062/4062 4063/4063/4063 2946/2946/2946
f 4064/4064/4064 3070/3070/3070 4063/4063/4063
f 4065/4065/4065 3195/3195/3195 3070/3070/3070
f 3195/3195/3195 4066/4066/4066 4067/4067/4067
f 4066/4066/4066 3259/3259/3259 4067/4067/4067
f 4068/4068/4068 3321/3321/3321 3259/3259/3259
f 4069/4069/4069 4070/4070/4070 3321/3321/3321
f 4071/4071/4071 3447/3447/3447 4070/4070/4070
f 4072/4072/4072 3510/3510/3510 3447/3447/3447
f 4073/4073/4073 3572/3572/3572 3510/3510/3510
f 4074/4074/4074 3635/3635/3635 3572/3572/3572
f 4075/4075/4075 4076/4076/4076 3635/3635/3635
f 4077/4077/4077 3760/3760/3760 4076/4076/4076
f 3760/3760/3760 4078/4078/4078 3886/3886/3886
f 3886/3886/3886 4079/4079/4079 4080/4080/4080
f 4080/4080/4080 4081/4081/4081 3949/3949/3949
f 4081/4081/4081 4082/4082/4082 3949/3949/3949
f 3949/3949/3949 4083/4083/4083 3947/3947/3947
f 3947/3947/3947 4084/4084/4084 3948/3948/3948
f 3948/3948/3948 4085/4085/4085 3946/3946/3946
f 3946/3946/3946 4086/4086/4086 3945/3945/3945
f 3945/3945/3945 4087/4087/4087 3944/3944/3944
f 3944/3944/3944 4088/4088/4088 3943/3943/3943
f 3943/3943/3943 4089/4089/4089 3942/3942/3942
f 3942/3942/3942 4090/4090/4090 3941/3941/3941
f 3941/3941/3941 4091/4091/4091 3940/3940/3940
f 3940/3940/3940 4092/4092/4092 3938/3938/3938
f 3938/3938/3938 4093/4093/4093 3939/3939/3939
f 3937/3937/3937 4093/4093/4093 4094/4094/4094
f 3937/3937/3937 4095/4095/4095 3936/3936/3936
f 3936/3936/3936 4096/4096/4096 3935/3935/3935
f 3935/3935/3935 4097/4097/4097 3934/3934/3934
f 3934/3934/3934 4098/4098/4098 3933/3933/3933
f 3933/3933/3933 4099/4099/4099 3932/3932/3932
f 3932/3932/3932 4100/4100/4100 3931/3931/3931
f 3930/3930/3930 4100/4100/4100 4101/4101/4101
f 3929/3929/3929 4101/4101/4101 4102/4102/4102
f 3928/3928/3928 4102/4102/4102 4103/4103/4103
f 3927/3927/3927 4103/4103/4103 4104/4104/4104
f 3927/3927/3927 4105/4105/4105 3926/3926/3926
f 3926/3926/3926 4106/4106/4106 3924/3924/3924
f 3925/3925/3925 4106/4106/4106 4107/4107/4107
f 3922/3922/3922 4107/4107/4107 4108/4108/4108
f 3923/3923/3923 4108/4108/4108 4109/4109/4109
f 3923/3923/3923 4110/4110/4110 3921/3921/3921
f 3920/3920/3920 4110/4110/4110 4111/4111/4111
f 3918/3918/3918 4111/4111/4111 4112/4112/4112
f 3919/3919/3919 4112/4112/4112 4113/4113/4113
f 3917/3917/3917 4113/4113/4113 4114/4114/4114
f 3916/3916/3916 4114/4114/4114 4115/4115/4115
f 3915/3915/3915 4115/4115/4115 4116/4116/4116
f 3915/3915/3915 4117/4117/4117 3913/3913/3913
f 3914/3914/3914 4117/4117/4117 4118/4118/4118
f 3912/3912/3912 4118/4118/4118 4119/4119/4119
f 3912/3912/3912 4120/4120/4120 3910/3910/3910
f 3911/3911/3911 4120/4120/4120 4121/4121/4121
f 3909/3909/3909 4121/4121/4121 4122/4122/4122
f 3907/3907/3907 4122/4122/4122 4123/4123/4123
f 3907/3907/3907 4124/4124/4124 3908/3908/3908
f 3906/3906/3906 4124/4124/4124 4125/4125/4125
f 3904/3904/3904 4125/4125/4125 4126/4126/4126
f 3905/3905/3905 4126/4126/4126 4127/4127/4127
f 3903/3903/3903 4127/4127/4127 4128/4128/4128
f 3902/3902/3902 4128/4128/4128 4129/4129/4129
f 3901/3901/3901 4129/4129/4129 4130/4130/4130
f 3899/3899/3899 4130/4130/4130 4131/4131/4131
f 3900/3900/3900 4131/4131/4131 4132/4132/4132
f 3898/3898/3898 4132/4132/4132 4133/4133/4133
f 3897/3897/3897 4133/4133/4133 4134/4134/4134
f 3895/3895/3895 4134/4134/4134 4135/4135/4135
f 3896/3896/3896 4135/4135/4135 4136/4136/4136
f 3894/3894/3894 4136/4136/4136 4137/4137/4137
f 3893/3893/3893 4137/4137/4137 4138/4138/4138
f 3891/3891/3891 4138/4138/4138 4139/4139/4139
f 3892/3892/3892 4139/4139/4139 4140/4140/4140
f 3892/3892/3892 4141/4141/4141 3890/3890/3890
f 3889/3889/3889 4141/4141/4141 4142/4142/4142
f 3889/3889/3889 4143/4143/4143 3887/3887/3887
f 3888/3888/3888 4143/4143/4143 4144/4144/4144
f 4145/4145/4145 4144/4144/4144 4146/4146/4146
f 4147/4147/4147 3888/3888/3888 4145/4145/4145
f 3763/3763/3763 4147/4147/4147 4148/4148/4148
f 4149/4149/4149 3763/3763/3763 4148/4148/4148
f 4150/4150/4150 3699/3699/3699 4149/4149/4149
f 4151/4151/4151 3638/3638/3638 4150/4150/4150
f 4152/4152/4152 3575/3575/3575 4151/4151/4151
f 3449/3449/3449 4152/4152/4152 4153/4153/4153
f 3386/3386/3386 4153/4153/4153 4154/4154/4154
f 4155/4155/4155 3386/3386/3386 4154/4154/4154
f 3261/3261/3261 4155/4155/4155 4156/4156/4156
f 4157/4157/4157 3261/3261/3261 4156/4156/4156
f 3135/3135/3135 4157/4157/4157 4158/4158/4158
f 4159/4159/4159 3135/3135/3135 4158/4158/4158
f 3009/3009/3009 4159/4159/4159 4160/4160/4160
f 2947/2947/2947 4160/4160/4160 4161/4161/4161
f 2884/2884/2884 4161/4161/4161 4162/4162/4162
f 2822/2822/2822 4162/4162/4162 4163/4163/4163
f 2759/2759/2759 4163/4163/4163 4164/4164/4164
f 4165/4165/4165 2759/2759/2759 4164/4164/4164
f 2633/2633/2633 4165/4165/4165 4166/4166/4166
f 4167/4167/4167 2633/2633/2633 4166/4166/4166
f 4168/4168/4168 2571/2571/2571 4167/4167/4167
f 2445/2445/2445 4168/4168/4168 4169/4169/4169
f 2384/2384/2384 4169/4169/4169 4170/4170/4170
f 4171/4171/4171 2384/2384/2384 4170/4170/4170
f 2258/2258/2258 4171/4171/4171 4172/4172/4172
f 2196/2196/2196 4172/4172/4172 4173/4173/4173
f 4174/4174/4174 2196/2196/2196 4173/4173/4173
f 2069/2069/2069 4174/4174/4174 4175/4175/4175
f 2006/2006/2006 4175/4175/4175 4176/4176/4176
f 4177/4177/4177 2006/2006/2006 4176/4176/4176
f 1881/1881/1881 4177/4177/4177 4178/4178/4178
f 4179/4179/4179 1881/1881/1881 4178/4178/4178
f 4180/4180/4180 1818/1818/1818 4179/4179/4179
f 4181/4181/4181 1755/1755/1755 4180/4180/4180
f 1631/1631/1631 4181/4181/4181 4182/4182/4182
f 4183/4183/4183 1631/1631/1631 4182/4182/4182
f 1506/1506/1506 4183/4183/4183 4184/4184/4184
f 4185/4185/4185 1506/1506/1506 4184/4184/4184
f 4186/4186/4186 1442/1442/1442 4185/4185/4185
f 1318/1318/1318 4186/4186/4186 4187/4187/4187
f 4188/4188/4188 1318/1318/1318 4187/4187/4187
f 4189/4189/4189 1255/1255/1255 4188/4188/4188
f 4190/4190/4190 1192/1192/1192 4189/4189/4189
f 4191/4191/4191 1129/1129/1129 4190/4190/4190
f 4192/4192/4192 1067/1067/1067 4191/4191/4191
f 942/942/942 4192/4192/4192 4193/4193/4193
f 4194/4194/4194 942/942/942 4193/4193/4193
f 816/816/816 4194/4194/4194 4195/4195/4195
f 754/754/754 4195/4195/4195 4196/4196/4196
f 4197/4197/4197 754/754/754 4196/4196/4196
f 628/628/628 4197/4197/4197 4198/4198/4198
f 565/565/565 4198/4198/4198 4199/4199/4199
f 503/503/503 4199/4199/4199 4200/4200/4200
f 441/441/441 4200/4200/4200 4201/4201/4201
f 377/377/377 4201/4201/4201 4202/4202/4202
f 315/315/315 4202/4202/4202 4203/4203/4203
f 4204/4204/4204 315/315/315 4203/4203/4203
f 190/190/190 4204/4204/4204 4205/4205/4205
f 127/127/127 4205/4205/4205 4206/4206/4206
f 4207/4207/4207 127/127/127 4206/4206/4206
f 1/1/1 4207/4207/4207 3951/3951/3951
f 1/1/1 5/5/5 2/2/2
f 4/4/4 7/7/7 2/2/2
f 6/6/6 9/9/9 7/7/7
f 6/6/6 10/10/10 8/8/8
f 10/10/10 12/12/12 11/11/11
f 12/12/12 14/14/14 13/13/13
f 14/14/14 17/17/17 15/15/15
f 16/16/16 19/19/19 15/15/15
f 16/16/16 21/21/21 18/18/18
f 20/20/20 23/23/23 18/18/18
f 20/20/20 24/24/24 22/22/22
f 24/24/24 26/26/26 25/25/25
f 26/26/26 28/28/28 27/27/27
f 28/28/28 30/30/30 29/29/29
f 30/30/30 33/33/33 31/31/31
f 32/32/32 35/35/35 31/31/31
f 34/34/34 37/37/37 35/35/35
f 36/36/36 39/39/39 37/37/37
f 36/36/36 40/40/40 38/38/38
f 40/40/40 42/42/42 41/41/41
f 42/42/42 44/44/44 43/43/43
f 44/44/44 46/46/46 45/45/45
f 46/46/46 48/48/48 47/47/47
f 48/48/48 51/51/51 49/49/49
f 50/50/50 53/53/53 49/49/49
f 52/52/52 55/55/55 53/53/53
f 52/52/52 57/57/57 54/54/54
f 56/56/56 59/59/59 54/54/54
f 58/58/58 61/61/61 59/59/59
f 58/58/58 63/63/63 60/60/60
f 62/62/62 65/65/65 60/60/60
f 62/62/62 66/66/66 64/64/64
f 66/66/66 69/69/69 67/67/67
f 68/68/68 71/71/71 67/67/67
f 68/68/68 72/72/72 70/70/70
f 72/72/72 75/75/75 73/73/73
f 74/74/74 77/77/77 73/73/73
f 76/76/76 79/79/79 77/77/77
f 78/78/78 81/81/81 79/79/79
f 78/78/78 82/82/82 80/80/80
f 82/82/82 85/85/85 83/83/83
f 84/84/84 87/87/87 83/83/83
f 84/84/84 89/89/89 86/86/86
f 88/88/88 91/91/91 86/86/86
f 90/90/90 93/93/93 91/91/91
f 92/92/92 95/95/95 93/93/93
f 92/92/92 96/96/96 94/94/94
f 96/96/96 98/98/98 97/97/97
f 98/98/98 101/101/101 99/99/99
f 100/100/100 103/103/103 99/99/99
f 102/102/102 105/105/105 103/103/103
f 104/104/104 107/107/107 105/105/105
f 106/106/106 109/109/109 107/107/107
f 108/108/108 111/111/111 109/109/109
f 108/108/108 113/113/113 110/110/110
f 112/112/112 115/115/115 110/110/110
f 114/114/114 117/117/117 115/115/115
f 116/116/116 119/119/119 117/117/117
f 116/116/116 121/121/121 118/118/118
f 120/120/120 123/123/123 118/118/118
f 122/122/122 125/125/125 123/123/123
f 124/124/124 187/187/187 125/125/125
f 3/3/3 2/2/2 126/126/126
f 2/2/2 7/7/7 128/128/128
f 7/7/7 9/9/9 129/129/129
f 9/9/9 8/8/8 130/130/130
f 11/11/11 131/131/131 130/130/130
f 13/13/13 132/132/132 131/131/131
f 15/15/15 133/133/133 132/132/132
f 19/19/19 134/134/134 133/133/133
f 18/18/18 136/136/136 134/134/134
f 18/18/18 23/23/23 135/135/135
f 22/22/22 137/137/137 135/135/135
f 25/25/25 138/138/138 137/137/137
f 27/27/27 140/140/140 138/138/138
f 27/27/27 29/29/29 139/139/139
f 29/29/29 31/31/31 141/141/141
f 31/31/31 35/35/35 142/142/142
f 35/35/35 37/37/37 143/143/143
f 37/37/37 39/39/39 144/144/144
f 38/38/38 145/145/145 144/144/144
f 41/41/41 146/146/146 145/145/145
f 43/43/43 148/148/148 146/146/146
f 43/43/43 45/45/45 147/147/147
f 47/47/47 150/150/150 147/147/147
f 47/47/47 49/49/49 149/149/149
f 49/49/49 53/53/53 151/151/151
f 55/55/55 152/152/152 151/151/151
f 54/54/54 154/154/154 152/152/152
f 54/54/54 59/59/59 153/153/153
f 59/59/59 61/61/61 155/155/155
f 60/60/60 156/156/156 155/155/155
f 65/65/65 158/158/158 156/156/156
f 65/65/65 64/64/64 157/157/157
f 64/64/64 67/67/67 159/159/159
f 71/71/71 160/160/160 159/159/159
f 70/70/70 162/162/162 160/160/160
f 70/70/70 73/73/73 161/161/161
f 73/73/73 77/77/77 163/163/163
f 79/79/79 164/164/164 163/163/163
f 81/81/81 166/166/166 164/164/164
f 81/81/81 80/80/80 165/165/165
f 83/83/83 167/167/167 165/165/165
f 87/87/87 168/168/168 167/167/167
f 86/86/86 170/170/170 168/168/168
f 86/86/86 91/91/91 169/169/169
f 91/91/91 93/93/93 171/171/171
f 95/95/95 172/172/172 171/171/171
f 94/94/94 173/173/173 172/172/172
f 97/97/97 174/174/174 173/173/173
f 99/99/99 176/176/176 174/174/174
f 99/99/99 103/103/103 175/175/175
f 103/103/103 105/105/105 177/177/177
f 107/107/107 179/179/179 177/177/177
f 107/107/107 109/109/109 178/178/178
f 111/111/111 181/181/181 178/178/178
f 111/111/111 110/110/110 180/180/180
f 110/110/110 115/115/115 182/182/182
f 115/115/115 117/117/117 183/183/183
f 117/117/117 119/119/119 184/184/184
f 118/118/118 186/186/186 184/184/184
f 118/118/118 123/123/123 185/185/185
f 125/125/125 188/188/188 185/185/185
f 187/187/187 4017/4017/4017 188/188/188
f 127/127/127 126/126/126 189/189/189
f 128/128/128 191/191/191 189/189/189
f 129/129/129 193/193/193 191/191/191
f 129/129/129 130/130/130 192/192/192
f 130/130/130 131/131/131 194/194/194
f 131/131/131 132/132/132 195/195/195
f 132/132/132 133/133/133 196/196/196
f 133/133/133 134/134/134 197/197/197
f 134/134/134 136/136/136 198/198/198
f 135/135/135 199/199/199 198/198/198
f 137/137/137 200/200/200 199/199/199
f 138/138/138 202/202/202 200/200/200
f 138/138/138 140/140/140 201/201/201
f 139/139/139 203/203/203 201/201/201
f 141/141/141 204/204/204 203/203/203
f 142/142/142 205/205/205 204/204/204
f 143/143/143 206/206/206 205/205/205
f 144/144/144 208/208/208 206/206/206
f 144/144/144 145/145/145 207/207/207
f 146/146/146 209/209/209 207/207/207
f 148/148/148 211/211/211 209/209/209
f 148/148/148 147/147/147 210/210/210
f 147/147/147 150/150/150 212/212/212
f 150/150/150 149/149/149 213/213/213
f 151/151/151 214/214/214 213/213/213
f 152/152/152 216/216/216 214/214/214
f 152/152/152 154/154/154 215/215/215
f 153/153/153 218/218/218 215/215/215
f 153/153/153 155/155/155 217/217/217
f 155/155/155 156/156/156 219/219/219
f 158/158/158 220/220/220 219/219/219
f 157/157/157 221/221/221 220/220/220
f 159/159/159 222/222/222 221/221/221
f 160/160/160 224/224/224 222/222/222
f 160/160/160 162/162/162 223/223/223
f 161/161/161 226/226/226 223/223/223
f 161/161/161 163/163/163 225/225/225
f 163/163/163 164/164/164 227/227/227
f 166/166/166 228/228/228 227/227/227
f 165/165/165 230/230/230 228/228/228
f 165/165/165 167/167/167 229/229/229
f 167/167/167 168/168/168 231/231/231
f 168/168/168 170/170/170 232/232/232
f 169/169/169 233/233/233 232/232/232
f 171/171/171 235/235/235 233/233/233
f 171/171/171 172/172/172 234/234/234
f 173/173/173 237/237/237 234/234/234
f 173/173/173 174/174/174 236/236/236
f 176/176/176 238/238/238 236/236/236
f 175/175/175 240/240/240 238/238/238
f 175/175/175 177/177/177 239/239/239
f 179/179/179 242/242/242 239/239/239
f 179/179/179 178/178/178 241/241/241
f 181/181/181 243/243/243 241/241/241
f 180/180/180 245/245/245 243/243/243
f 180/180/180 182/182/182 244/244/244
f 183/183/183 246/246/246 244/244/244
f 184/184/184 248/248/248 246/246/246
f 184/184/184 186/186/186 247/247/247
f 186/186/186 185/185/185 249/249/249
f 185/185/185 188/188/188 250/250/250
f 188/188/188 4017/4017/4017 251/251/251
f 189/189/189 253/253/253 252/252/252
f 191/191/191 255/255/255 253/253/253
f 191/191/191 193/193/193 254/254/254
f 193/193/193 192/192/192 256/256/256
f 192/192/192 194/194/194 257/257/257
f 195/195/195 258/258/258 257/257/257
f 196/196/196 260/260/260 258/258/258
f 196/196/196 197/197/197 259/259/259
f 197/197/197 198/198/198 261/261/261
f 199/199/199 263/263/263 261/261/261
f 199/199/199 200/200/200 262/262/262
f 200/200/200 202/202/202 264/264/264
f 201/201/201 265/265/265 264/264/264
f 203/203/203 266/266/266 265/265/265
f 204/204/204 268/268/268 266/266/266
f 204/204/204 205/205/205 267/267/267
f 205/205/205 206/206/206 269/269/269
f 208/208/208 271/271/271 269/269/269
f 208/208/208 207/207/207 270/270/270
f 207/207/207 209/209/209 272/272/272
f 211/211/211 274/274/274 272/272/272
f 211/211/211 210/210/210 273/273/273
f 210/210/210 212/212/212 275/275/275
f 213/213/213 277/277/277 275/275/275
f 213/213/213 214/214/214 276/276/276
f 214/214/214 216/216/216 278/278/278
f 215/215/215 279/279/279 278/278/278
f 218/218/218 280/280/280 279/279/279
f 217/217/217 282/282/282 280/280/280
f 217/217/217 219/219/219 281/281/281
f 219/219/219 220/220/220 283/283/283
f 221/221/221 285/285/285 283/283/283
f 221/221/221 222/222/222 284/284/284
f 224/224/224 286/286/286 284/284/284
f 223/223/223 288/288/288 286/286/286
f 223/223/223 226/226/226 287/287/287
f 226/226/226 225/225/225 289/289/289
f 225/225/225 227/227/227 290/290/290
f 227/227/227 228/228/228 291/291/291
f 230/230/230 293/293/293 291/291/291
f 230/230/230 229/229/229 292/292/292
f 231/231/231 295/295/295 292/292/292
f 231/231/231 232/232/232 294/294/294
f 233/233/233 297/297/297 294/294/294
f 233/233/233 235/235/235 296/296/296
f 235/235/235 234/234/234 298/298/298
f 237/237/237 300/300/300 298/298/298
f 237/237/237 236/236/236 299/299/299
f 236/236/236 238/238/238 301/301/301
f 238/238/238 240/240/240 302/302/302
f 239/239/239 303/303/303 302/302/302
f 242/242/242 304/304/304 303/303/303
f 241/241/241 305/305/305 304/304/304
f 243/243/243 306/306/306 305/305/305
f 245/245/245 308/308/308 306/306/306
f 245/245/245 244/244/244 307/307/307
f 244/244/244 246/246/246 309/309/309
f 248/248/248 310/310/310 309/309/309
f 247/247/247 312/312/312 310/310/310
f 247/247/247 249/249/249 311/311/311
f 249/249/249 250/250/250 313/313/313
f 251/251/251 376/376/376 313/313/313
f 252/252/252 253/253/253 314/314/314
f 253/253/253 255/255/255 316/316/316
f 254/254/254 317/317/317 316/316/316
f 256/256/256 318/318/318 317/317/317
f 257/257/257 320/320/320 318/318/318
f 257/257/257 258/258/258 319/319/319
f 260/260/260 321/321/321 319/319/319
f 259/259/259 322/322/322 321/321/321
f 261/261/261 323/323/323 322/322/322
f 263/263/263 324/324/324 323/323/323
f 262/262/262 326/326/326 324/324/324
f 262/262/262 264/264/264 325/325/325
f 264/264/264 265/265/265 327/327/327
f 266/266/266 328/328/328 327/327/327
f 268/268/268 329/329/329 328/328/328
f 267/267/267 330/330/330 329/329/329
f 269/269/269 331/331/331 330/330/330
f 271/271/271 333/333/333 331/331/331
f 271/271/271 270/270/270 332/332/332
f 272/272/272 335/335/335 332/332/332
f 272/272/272 274/274/274 334/334/334
f 273/273/273 336/336/336 334/334/334
f 275/275/275 337/337/337 336/336/336
f 277/277/277 339/339/339 337/337/337
f 277/277/277 276/276/276 338/338/338
f 278/278/278 340/340/340 338/338/338
f 279/279/279 341/341/341 340/340/340
f 280/280/280 343/343/343 341/341/341
f 280/280/280 282/282/282 342/342/342
f 281/281/281 345/345/345 342/342/342
f 281/281/281 283/283/283 344/344/344
f 285/285/285 347/347/347 344/344/344
f 285/285/285 284/284/284 346/346/346
f 284/284/284 286/286/286 348/348/348
f 286/286/286 288/288/288 349/349/349
f 287/287/287 350/350/350 349/349/349
f 289/289/289 351/351/351 350/350/350
f 290/290/290 353/353/353 351/351/351
f 290/290/290 291/291/291 352/352/352
f 293/293/293 354/354/354 352/352/352
f 292/292/292 356/356/356 354/354/354
f 292/292/292 295/295/295 355/355/355
f 295/295/295 294/294/294 357/357/357
f 297/297/297 359/359/359 357/357/357
f 297/297/297 296/296/296 358/358/358
f 296/296/296 298/298/298 360/360/360
f 298/298/298 300/300/300 361/361/361
f 300/300/300 299/299/299 362/362/362
f 301/301/301 363/363/363 362/362/362
f 302/302/302 364/364/364 363/363/363
f 303/303/303 366/366/366 364/364/364
f 303/303/303 304/304/304 365/365/365
f 304/304/304 305/305/305 367/367/367
f 306/306/306 368/368/368 367/367/367
f 308/308/308 369/369/369 368/368/368
f 307/307/307 371/371/371 369/369/369
f 307/307/307 309/309/309 370/370/370
f 310/310/310 373/373/373 370/370/370
f 310/310/310 312/312/312 372/372/372
f 311/311/311 375/375/375 372/372/372
f 311/311/311 313/313/313 374/374/374
f 376/376/376 4020/4020/4020 374/374/374
f 314/314/314 378/378/378 377/377/377
f 316/316/316 379/379/379 378/378/378
f 317/317/317 381/381/381 379/379/379
f 317/317/317 318/318/318 380/380/380
f 318/318/318 320/320/320 382/382/382
f 319/319/319 384/384/384 382/382/382
f 319/319/319 321/321/321 383/383/383
f 321/321/321 322/322/322 385/385/385
f 322/322/322 323/323/323 386/386/386
f 323/323/323 324/324/324 387/387/387
f 326/326/326 389/389/389 387/387/387
f 326/326/326 325/325/325 388/388/388
f 327/327/327 391/391/391 388/388/388
f 327/327/327 328/328/328 390/390/390
f 329/329/329 393/393/393 390/390/390
f 329/329/329 330/330/330 392/392/392
f 331/331/331 395/395/395 392/392/392
f 331/331/331 333/333/333 394/394/394
f 332/332/332 396/396/396 394/394/394
f 335/335/335 398/398/398 396/396/396
f 335/335/335 334/334/334 397/397/397
f 336/336/336 399/399/399 397/397/397
f 337/337/337 400/400/400 399/399/399
f 339/339/339 401/401/401 400/400/400
f 338/338/338 402/402/402 401/401/401
f 340/340/340 403/403/403 402/402/402
f 341/341/341 404/404/404 403/403/403
f 343/343/343 405/405/405 404/404/404
f 342/342/342 407/407/407 405/405/405
f 342/342/342 345/345/345 406/406/406
f 345/345/345 344/344/344 408/408/408
f 347/347/347 409/409/409 408/408/408
f 346/346/346 410/410/410 409/409/409
f 348/348/348 411/411/411 410/410/410
f 349/349/349 412/412/412 411/411/411
f 350/350/350 414/414/414 412/412/412
f 350/350/350 351/351/351 413/413/413
f 353/353/353 416/416/416 413/413/413
f 353/353/353 352/352/352 415/415/415
f 352/352/352 354/354/354 417/417/417
f 354/354/354 356/356/356 418/418/418
f 355/355/355 420/420/420 418/418/418
f 355/355/355 357/357/357 419/419/419
f 359/359/359 421/421/421 419/419/419
f 358/358/358 423/423/423 421/421/421
f 358/358/358 360/360/360 422/422/422
f 360/360/360 361/361/361 424/424/424
f 361/361/361 362/362/362 425/425/425
f 362/362/362 363/363/363 426/426/426
f 363/363/363 364/364/364 427/427/427
f 366/366/366 429/429/429 427/427/427
f 366/366/366 365/365/365 428/428/428
f 365/365/365 367/367/367 430/430/430
f 367/367/367 368/368/368 431/431/431
f 368/368/368 369/369/369 432/432/432
f 371/371/371 433/433/433 432/432/432
f 370/370/370 435/435/435 433/433/433
f 370/370/370 373/373/373 434/434/434
f 372/372/372 437/437/437 434/434/434
f 372/372/372 375/375/375 436/436/436
f 375/375/375 374/374/374 438/438/438
f 374/374/374 4020/4020/4020 439/439/439
f 377/377/377 378/378/378 440/440/440
f 379/379/379 442/442/442 440/440/440
f 381/381/381 444/444/444 442/442/442
f 381/381/381 380/380/380 443/443/443
f 382/382/382 445/445/445 443/443/443
f 384/384/384 447/447/447 445/445/445
f 384/384/384 383/383/383 446/446/446
f 385/385/385 448/448/448 446/446/446
f 386/386/386 449/449/449 448/448/448
f 387/387/387 451/451/451 449/449/449
f 387/387/387 389/389/389 450/450/450
f 388/388/388 452/452/452 450/450/450
f 391/391/391 453/453/453 452/452/452
f 390/390/390 454/454/454 453/453/453
f 393/393/393 456/456/456 454/454/454
f 393/393/393 392/392/392 455/455/455
f 392/392/392 395/395/395 457/457/457
f 395/395/395 394/394/394 458/458/458
f 394/394/394 396/396/396 459/459/459
f 396/396/396 398/398/398 460/460/460
f 397/397/397 461/461/461 460/460/460
f 399/399/399 462/462/462 461/461/461
f 400/400/400 464/464/464 462/462/462
f 400/400/400 401/401/401 463/463/463
f 401/401/401 402/402/402 465/465/465
f 402/402/402 403/403/403 466/466/466
f 403/403/403 404/404/404 467/467/467
f 404/404/404 405/405/405 468/468/468
f 407/407/407 470/470/470 468/468/468
f 407/407/407 406/406/406 469/469/469
f 406/406/406 408/408/408 471/471/471
f 409/409/409 472/472/472 471/471/471
f 410/410/410 474/474/474 472/472/472
f 410/410/410 411/411/411 473/473/473
f 411/411/411 412/412/412 475/475/475
f 414/414/414 477/477/477 475/475/475
f 414/414/414 413/413/413 476/476/476
f 416/416/416 478/478/478 476/476/476
f 415/415/415 479/479/479 478/478/478
f 417/417/417 480/480/480 479/479/479
f 418/418/418 481/481/481 480/480/480
f 420/420/420 482/482/482 481/481/481
f 419/419/419 483/483/483 482/482/482
f 421/421/421 484/484/484 483/483/483
f 423/423/423 485/485/485 484/484/484
f 422/422/422 486/486/486 485/485/485
f 424/424/424 487/487/487 486/486/486
f 425/425/425 488/488/488 487/487/487
f 426/426/426 490/490/490 488/488/488
f 426/426/426 427/427/427 489/489/489
f 427/427/427 429/429/429 491/491/491
f 428/428/428 493/493/493 491/491/491
f 428/428/428 430/430/430 492/492/492
f 431/431/431 494/494/494 492/492/492
f 432/432/432 495/495/495 494/494/494
f 433/433/433 497/497/497 495/495/495
f 433/433/433 435/435/435 496/496/496
f 435/435/435 434/434/434 498/498/498
f 437/437/437 499/499/499 498/498/498
f 436/436/436 500/500/500 499/499/499
f 438/438/438 501/501/501 500/500/500
f 439/439/439 563/563/563 501/501/501
f 441/441/441 440/440/440 502/502/502
f 440/440/440 442/442/442 504/504/504
f 442/442/442 444/444/444 505/505/505
f 443/443/443 506/506/506 505/505/505
f 445/445/445 508/508/508 506/506/506
f 445/445/445 447/447/447 507/507/507
f 446/446/446 509/509/509 507/507/507
f 448/448/448 511/511/511 509/509/509
f 448/448/448 449/449/449 510/510/510
f 449/449/449 451/451/451 512/512/512
f 451/451/451 450/450/450 513/513/513
f 450/450/450 452/452/452 514/514/514
f 452/452/452 453/453/453 515/515/515
f 453/453/453 454/454/454 516/516/516
f 456/456/456 518/518/518 516/516/516
f 456/456/456 455/455/455 517/517/517
f 457/457/457 519/519/519 517/517/517
f 458/458/458 520/520/520 519/519/519
f 459/459/459 521/521/521 520/520/520
f 460/460/460 522/522/522 521/521/521
f 461/461/461 524/524/524 522/522/522
f 461/461/461 462/462/462 523/523/523
f 462/462/462 464/464/464 525/525/525
f 463/463/463 526/526/526 525/525/525
f 465/465/465 528/528/528 526/526/526
f 465/465/465 466/466/466 527/527/527
f 467/467/467 530/530/530 527/527/527
f 467/467/467 468/468/468 529/529/529
f 468/468/468 470/470/470 531/531/531
f 469/469/469 533/533/533 531/531/531
f 469/469/469 471/471/471 532/532/532
f 471/471/471 472/472/472 534/534/534
f 472/472/472 474/474/474 535/535/535
f 473/473/473 536/536/536 535/535/535
f 475/475/475 538/538/538 536/536/536
f 475/475/475 477/477/477 537/537/537
f 476/476/476 539/539/539 537/537/537
f 478/478/478 541/541/541 539/539/539
f 478/478/478 479/479/479 540/540/540
f 480/480/480 542/542/542 540/540/540
f 481/481/481 544/544/544 542/542/542
f 481/481/481 482/482/482 543/543/543
f 482/482/482 483/483/483 545/545/545
f 484/484/484 547/547/547 545/545/545
f 484/484/484 485/485/485 546/546/546
f 485/485/485 486/486/486 548/548/548
f 486/486/486 487/487/487 549/549/549
f 488/488/488 550/550/550 549/549/549
f 490/490/490 552/552/552 550/550/550
f 490/490/490 489/489/489 551/551/551
f 491/491/491 553/553/553 551/551/551
f 493/493/493 555/555/555 553/553/553
f 493/493/493 492/492/492 554/554/554
f 494/494/494 556/556/556 554/554/554
f 495/495/495 558/558/558 556/556/556
f 495/495/495 497/497/497 557/557/557
f 496/496/496 559/559/559 557/557/557
f 498/498/498 560/560/560 559/559/559
f 499/499/499 561/561/561 560/560/560
f 500/500/500 562/562/562 561/561/561
f 501/501/501 564/564/564 562/562/562
f 563/563/563 626/626/626 564/564/564
f 502/502/502 566/566/566 565/565/565
f 504/504/504 567/567/567 566/566/566
f 505/505/505 569/569/569 567/567/567
f 505/505/505 506/506/506 568/568/568
f 508/508/508 571/571/571 568/568/568
f 508/508/508 507/507/507 570/570/570
f 507/507/507 509/509/509 572/572/572
f 509/509/509 511/511/511 573/573/573
f 510/510/510 574/574/574 573/573/573
f 512/512/512 575/575/575 574/574/574
f 513/513/513 576/576/576 575/575/575
f 514/514/514 577/577/577 576/576/576
f 515/515/515 579/579/579 577/577/577
f 515/515/515 516/516/516 578/578/578
f 516/516/516 518/518/518 580/580/580
f 518/518/518 517/517/517 581/581/581
f 517/517/517 519/519/519 582/582/582
f 520/520/520 584/584/584 582/582/582
f 520/520/520 521/521/521 583/583/583
f 521/521/521 522/522/522 585/585/585
f 522/522/522 524/524/524 586/586/586
f 524/524/524 523/523/523 587/587/587
f 523/523/523 525/525/525 588/588/588
f 526/526/526 590/590/590 588/588/588
f 526/526/526 528/528/528 589/589/589
f 527/527/527 591/591/591 589/589/589
f 530/530/530 593/593/593 591/591/591
f 530/530/530 529/529/529 592/592/592
f 531/531/531 594/594/594 592/592/592
f 533/533/533 595/595/595 594/594/594
f 532/532/532 597/597/597 595/595/595
f 532/532/532 534/534/534 596/596/596
f 534/534/534 535/535/535 598/598/598
f 535/535/535 536/536/536 599/599/599
f 538/538/538 601/601/601 599/599/599
f 538/538/538 537/537/537 600/600/600
f 537/537/537 539/539/539 602/602/602
f 541/541/541 603/603/603 602/602/602
f 540/540/540 604/604/604 603/603/603
f 542/542/542 605/605/605 604/604/604
f 544/544/544 606/606/606 605/605/605
f 543/543/543 608/608/608 606/606/606
f 543/543/543 545/545/545 607/607/607
f 545/545/545 547/547/547 609/609/609
f 547/547/547 546/546/546 610/610/610
f 548/548/548 612/612/612 610/610/610
f 548/548/548 549/549/549 611/611/611
f 549/549/549 550/550/550 613/613/613
f 552/552/552 615/615/615 613/613/613
f 552/552/552 551/551/551 614/614/614
f 551/551/551 553/553/553 616/616/616
f 553/553/553 555/555/555 617/617/617
f 555/555/555 554/554/554 618/618/618
f 554/554/554 556/556/556 619/619/619
f 558/558/558 620/620/620 619/619/619
f 557/557/557 622/622/622 620/620/620
f 557/557/557 559/559/559 621/621/621
f 559/559/559 560/560/560 623/623/623
f 561/561/561 624/624/624 623/623/623
f 562/562/562 625/625/625 624/624/624
f 564/564/564 627/627/627 625/625/625
f 626/626/626 4024/4024/4024 627/627/627
f 566/566/566 630/630/630 628/628/628
f 566/566/566 567/567/567 629/629/629
f 569/569/569 632/632/632 629/629/629
f 569/569/569 568/568/568 631/631/631
f 568/568/568 571/571/571 633/633/633
f 571/571/571 570/570/570 634/634/634
f 570/570/570 572/572/572 635/635/635
f 573/573/573 637/637/637 635/635/635
f 573/573/573 574/574/574 636/636/636
f 574/574/574 575/575/575 638/638/638
f 576/576/576 639/639/639 638/638/638
f 577/577/577 641/641/641 639/639/639
f 577/577/577 579/579/579 640/640/640
f 579/579/579 578/578/578 642/642/642
f 580/580/580 643/643/643 642/642/642
f 581/581/581 645/645/645 643/643/643
f 581/581/581 582/582/582 644/644/644
f 584/584/584 646/646/646 644/644/644
f 583/583/583 647/647/647 646/646/646
f 585/585/585 649/649/649 647/647/647
f 585/585/585 586/586/586 648/648/648
f 587/587/587 650/650/650 648/648/648
f 588/588/588 651/651/651 650/650/650
f 590/590/590 653/653/653 651/651/651
f 590/590/590 589/589/589 652/652/652
f 591/591/591 655/655/655 652/652/652
f 591/591/591 593/593/593 654/654/654
f 593/593/593 592/592/592 656/656/656
f 592/592/592 594/594/594 657/657/657
f 594/594/594 595/595/595 658/658/658
f 597/597/597 660/660/660 658/658/658
f 597/597/597 596/596/596 659/659/659
f 598/598/598 662/662/662 659/659/659
f 598/598/598 599/599/599 661/661/661
f 601/601/601 663/663/663 661/661/661
f 600/600/600 664/664/664 663/663/663
f 602/602/602 665/665/665 664/664/664
f 603/603/603 667/667/667 665/665/665
f 603/603/603 604/604/604 666/666/666
f 605/605/605 669/669/669 666/666/666
f 605/605/605 606/606/606 668/668/668
f 608/608/608 671/671/671 668/668/668
f 608/608/608 607/607/607 670/670/670
f 607/607/607 609/609/609 672/672/672
f 610/610/610 673/673/673 672/672/672
f 612/612/612 675/675/675 673/673/673
f 612/612/612 611/611/611 674/674/674
f 613/613/613 676/676/676 674/674/674
f 615/615/615 677/677/677 676/676/676
f 614/614/614 678/678/678 677/677/677
f 616/616/616 680/680/680 678/678/678
f 616/616/616 617/617/617 679/679/679
f 618/618/618 681/681/681 679/679/679
f 619/619/619 683/683/683 681/681/681
f 619/619/619 620/620/620 682/682/682
f 620/620/620 622/622/622 684/684/684
f 621/621/621 686/686/686 684/684/684
f 621/621/621 623/623/623 685/685/685
f 624/624/624 688/688/688 685/685/685
f 624/624/624 625/625/625 687/687/687
f 625/625/625 627/627/627 689/689/689
f 627/627/627 4024/4024/4024 690/690/690
f 630/630/630 693/693/693 691/691/691
f 630/630/630 629/629/629 692/692/692
f 629/629/629 632/632/632 694/694/694
f 631/631/631 695/695/695 694/694/694
f 633/633/633 696/696/696 695/695/695
f 634/634/634 697/697/697 696/696/696
f 635/635/635 698/698/698 697/697/697
f 637/637/637 699/699/699 698/698/698
f 636/636/636 700/700/700 699/699/699
f 638/638/638 702/702/702 700/700/700
f 638/638/638 639/639/639 701/701/701
f 639/639/639 641/641/641 703/703/703
f 641/641/641 640/640/640 704/704/704
f 640/640/640 642/642/642 705/705/705
f 643/643/643 706/706/706 705/705/705
f 645/645/645 707/707/707 706/706/706
f 644/644/644 708/708/708 707/707/707
f 646/646/646 710/710/710 708/708/708
f 646/646/646 647/647/647 709/709/709
f 647/647/647 649/649/649 711/711/711
f 648/648/648 712/712/712 711/711/711
f 650/650/650 713/713/713 712/712/712
f 651/651/651 714/714/714 713/713/713
f 653/653/653 716/716/716 714/714/714
f 653/653/653 652/652/652 715/715/715
f 655/655/655 717/717/717 715/715/715
f 654/654/654 718/718/718 717/717/717
f 656/656/656 719/719/719 718/718/718
f 657/657/657 720/720/720 719/719/719
f 658/658/658 721/721/721 720/720/720
f 660/660/660 723/723/723 721/721/721
f 660/660/660 659/659/659 722/722/722
f 662/662/662 724/724/724 722/722/722
f 661/661/661 726/726/726 724/724/724
f 661/661/661 663/663/663 725/725/725
f 664/664/664 728/728/728 725/725/725
f 664/664/664 665/665/665 727/727/727
f 667/667/667 730/730/730 727/727/727
f 667/667/667 666/666/666 729/729/729
f 666/666/666 669/669/669 731/731/731
f 669/669/669 668/668/668 732/732/732
f 668/668/668 671/671/671 733/733/733
f 671/671/671 670/670/670 734/734/734
f 672/672/672 735/735/735 734/734/734
f 673/673/673 736/736/736 735/735/735
f 675/675/675 738/738/738 736/736/736
f 675/675/675 674/674/674 737/737/737
f 674/674/674 676/676/676 739/739/739
f 677/677/677 740/740/740 739/739/739
f 678/678/678 741/741/741 740/740/740
f 680/680/680 742/742/742 741/741/741
f 679/679/679 743/743/743 742/742/742
f 681/681/681 744/744/744 743/743/743
f 683/683/683 745/745/745 744/744/744
f 682/682/682 746/746/746 745/745/745
f 684/684/684 748/748/748 746/746/746
f 684/684/684 686/686/686 747/747/747
f 685/685/685 749/749/749 747/747/747
f 688/688/688 751/751/751 749/749/749
f 688/688/688 687/687/687 750/750/750
f 689/689/689 752/752/752 750/750/750
f 690/690/690 4026/4026/4026 752/752/752
f 691/691/691 693/693/693 753/753/753
f 693/693/693 692/692/692 755/755/755
f 694/694/694 756/756/756 755/755/755
f 695/695/695 757/757/757 756/756/756
f 696/696/696 758/758/758 757/757/757
f 697/697/697 759/759/759 758/758/758
f 698/698/698 760/760/760 759/759/759
f 699/699/699 762/762/762 760/760/760
f 699/699/699 700/700/700 761/761/761
f 700/700/700 702/702/702 763/763/763
f 701/701/701 764/764/764 763/763/763
f 703/703/703 765/765/765 764/764/764
f 704/704/704 766/766/766 765/765/765
f 705/705/705 767/767/767 766/766/766
f 706/706/706 769/769/769 767/767/767
f 706/706/706 707/707/707 768/768/768
f 707/707/707 708/708/708 770/770/770
f 708/708/708 710/710/710 771/771/771
f 709/709/709 772/772/772 771/771/771
f 711/711/711 774/774/774 772/772/772
f 711/711/711 712/712/712 773/773/773
f 712/712/712 713/713/713 775/775/775
f 713/713/713 714/714/714 776/776/776
f 716/716/716 777/777/777 776/776/776
f 715/715/715 778/778/778 777/777/777
f 717/717/717 780/780/780 778/778/778
f 717/717/717 718/718/718 779/779/779
f 718/718/718 719/719/719 781/781/781
f 720/720/720 782/782/782 781/781/781
f 721/721/721 784/784/784 782/782/782
f 721/721/721 723/723/723 783/783/783
f 723/723/723 722/722/722 785/785/785
f 724/724/724 787/787/787 785/785/785
f 724/724/724 726/726/726 786/786/786
f 725/725/725 789/789/789 786/786/786
f 725/725/725 728/728/728 788/788/788
f 728/728/728 727/727/727 790/790/790
f 730/730/730 791/791/791 790/790/790
f 729/729/729 793/793/793 791/791/791
f 729/729/729 731/731/731 792/792/792
f 732/732/732 794/794/794 792/792/792
f 733/733/733 796/796/796 794/794/794
f 733/733/733 734/734/734 795/795/795
f 734/734/734 735/735/735 797/797/797
f 735/735/735 736/736/736 798/798/798
f 736/736/736 738/738/738 799/799/799
f 738/738/738 737/737/737 800/800/800
f 737/737/737 739/739/739 801/801/801
f 739/739/739 740/740/740 802/802/802
f 740/740/740 741/741/741 803/803/803
f 741/741/741 742/742/742 804/804/804
f 743/743/743 805/805/805 804/804/804
f 744/744/744 807/807/807 805/805/805
f 744/744/744 745/745/745 806/806/806
f 745/745/745 746/746/746 808/808/808
f 746/746/746 748/748/748 809/809/809
f 748/748/748 747/747/747 810/810/810
f 747/747/747 749/749/749 811/811/811
f 751/751/751 813/813/813 811/811/811
f 751/751/751 750/750/750 812/812/812
f 750/750/750 752/752/752 814/814/814
f 752/752/752 4026/4026/4026 815/815/815
f 753/753/753 817/817/817 816/816/816
f 755/755/755 818/818/818 817/817/817
f 756/756/756 820/820/820 818/818/818
f 756/756/756 757/757/757 819/819/819
f 757/757/757 758/758/758 821/821/821
f 758/758/758 759/759/759 822/822/822
f 759/759/759 760/760/760 823/823/823
f 762/762/762 824/824/824 823/823/823
f 761/761/761 826/826/826 824/824/824
f 761/761/761 763/763/763 825/825/825
f 764/764/764 828/828/828 825/825/825
f 764/764/764 765/765/765 827/827/827
f 765/765/765 766/766/766 829/829/829
f 767/767/767 830/830/830 829/829/829
f 769/769/769 832/832/832 830/830/830
f 769/769/769 768/768/768 831/831/831
f 768/768/768 770/770/770 833/833/833
f 770/770/770 771/771/771 834/834/834
f 772/772/772 835/835/835 834/834/834
f 774/774/774 837/837/837 835/835/835
f 774/774/774 773/773/773 836/836/836
f 773/773/773 775/775/775 838/838/838
f 775/775/775 776/776/776 839/839/839
f 777/777/777 841/841/841 839/839/839
f 777/777/777 778/778/778 840/840/840
f 780/780/780 843/843/843 840/840/840
f 780/780/780 779/779/779 842/842/842
f 779/779/779 781/781/781 844/844/844
f 781/781/781 782/782/782 845/845/845
f 782/782/782 784/784/784 846/846/846
f 784/784/784 783/783/783 847/847/847
f 785/785/785 848/848/848 847/847/847
f 787/787/787 850/850/850 848/848/848
f 787/787/787 786/786/786 849/849/849
f 789/789/789 851/851/851 849/849/849
f 788/788/788 853/853/853 851/851/851
f 788/788/788 790/790/790 852/852/852
f 791/791/791 854/854/854 852/852/852
f 793/793/793 856/856/856 854/854/854
f 793/793/793 792/792/792 855/855/855
f 794/794/794 857/857/857 855/855/855
f 796/796/796 859/859/859 857/857/857
f 796/796/796 795/795/795 858/858/858
f 797/797/797 860/860/860 858/858/858
f 798/798/798 861/861/861 860/860/860
f 799/799/799 863/863/863 861/861/861
f 799/799/799 800/800/800 862/862/862
f 801/801/801 865/865/865 862/862/862
f 801/801/801 802/802/802 864/864/864
f 802/802/802 803/803/803 866/866/866
f 803/803/803 804/804/804 867/867/867
f 804/804/804 805/805/805 868/868/868
f 805/805/805 807/807/807 869/869/869
f 807/807/807 806/806/806 870/870/870
f 806/806/806 808/808/808 871/871/871
f 809/809/809 872/872/872 871/871/871
f 810/810/810 873/873/873 872/872/872
f 811/811/811 874/874/874 873/873/873
f 813/813/813 875/875/875 874/874/874
f 812/812/812 876/876/876 875/875/875
f 814/814/814 877/877/877 876/876/876
f 815/815/815 940/940/940 877/877/877
f 817/817/817 880/880/880 878/878/878
f 817/817/817 818/818/818 879/879/879
f 818/818/818 820/820/820 881/881/881
f 819/819/819 883/883/883 881/881/881
f 819/819/819 821/821/821 882/882/882
f 822/822/822 885/885/885 882/882/882
f 822/822/822 823/823/823 884/884/884
f 823/823/823 824/824/824 886/886/886
f 824/824/824 826/826/826 887/887/887
f 826/826/826 825/825/825 888/888/888
f 828/828/828 889/889/889 888/888/888
f 827/827/827 891/891/891 889/889/889
f 827/827/827 829/829/829 890/890/890
f 830/830/830 893/893/893 890/890/890
f 830/830/830 832/832/832 892/892/892
f 831/831/831 894/894/894 892/892/892
f 833/833/833 895/895/895 894/894/894
f 834/834/834 896/896/896 895/895/895
f 835/835/835 898/898/898 896/896/896
f 835/835/835 837/837/837 897/897/897
f 836/836/836 899/899/899 897/897/897
f 838/838/838 900/900/900 899/899/899
f 839/839/839 901/901/901 900/900/900
f 841/841/841 903/903/903 901/901/901
f 841/841/841 840/840/840 902/902/902
f 843/843/843 905/905/905 902/902/902
f 843/843/843 842/842/842 904/904/904
f 844/844/844 906/906/906 904/904/904
f 845/845/845 907/907/907 906/906/906
f 846/846/846 909/909/909 907/907/907
f 846/846/846 847/847/847 908/908/908
f 848/848/848 911/911/911 908/908/908
f 848/848/848 850/850/850 910/910/910
f 850/850/850 849/849/849 912/912/912
f 849/849/849 851/851/851 913/913/913
f 853/853/853 915/915/915 913/913/913
f 853/853/853 852/852/852 914/914/914
f 854/854/854 917/917/917 914/914/914
f 854/854/854 856/856/856 916/916/916
f 856/856/856 855/855/855 918/918/918
f 855/855/855 857/857/857 919/919/919
f 857/857/857 859/859/859 920/920/920
f 858/858/858 921/921/921 920/920/920
f 860/860/860 922/922/922 921/921/921
f 861/861/861 923/923/923 922/922/922
f 863/863/863 925/925/925 923/923/923
f 863/863/863 862/862/862 924/924/924
f 865/865/865 927/927/927 924/924/924
f 865/865/865 864/864/864 926/926/926
f 866/866/866 929/929/929 926/926/926
f 866/866/866 867/867/867 928/928/928
f 867/867/867 868/868/868 930/930/930
f 869/869/869 931/931/931 930/930/930
f 870/870/870 932/932/932 931/931/931
f 871/871/871 933/933/933 932/932/932
f 872/872/872 934/934/934 933/933/933
f 873/873/873 936/936/936 934/934/934
f 873/873/873 874/874/874 935/935/935
f 875/875/875 938/938/938 935/935/935
f 875/875/875 876/876/876 937/937/937
f 876/876/876 877/877/877 939/939/939
f 940/940/940 4030/4030/4030 939/939/939
f 878/878/878 880/880/880 941/941/941
f 880/880/880 879/879/879 943/943/943
f 881/881/881 944/944/944 943/943/943
f 883/883/883 946/946/946 944/944/944
f 883/883/883 882/882/882 945/945/945
f 885/885/885 947/947/947 945/945/945
f 884/884/884 948/948/948 947/947/947
f 886/886/886 950/950/950 948/948/948
f 886/886/886 887/887/887 949/949/949
f 888/888/888 951/951/951 949/949/949
f 889/889/889 952/952/952 951/951/951
f 891/891/891 954/954/954 952/952/952
f 891/891/891 890/890/890 953/953/953
f 893/893/893 955/955/955 953/953/953
f 892/892/892 956/956/956 955/955/955
f 894/894/894 958/958/958 956/956/956
f 894/894/894 895/895/895 957/957/957
f 895/895/895 896/896/896 959/959/959
f 898/898/898 960/960/960 959/959/959
f 897/897/897 961/961/961 960/960/960
f 899/899/899 963/963/963 961/961/961
f 899/899/899 900/900/900 962/962/962
f 900/900/900 901/901/901 964/964/964
f 903/903/903 966/966/966 964/964/964
f 903/903/903 902/902/902 965/965/965
f 905/905/905 967/967/967 965/965/965
f 904/904/904 968/968/968 967/967/967
f 906/906/906 970/970/970 968/968/968
f 906/906/906 907/907/907 969/969/969
f 907/907/907 909/909/909 971/971/971
f 909/909/909 908/908/908 972/972/972
f 911/911/911 973/973/973 972/972/972
f 910/910/910 974/974/974 973/973/973
f 912/912/912 976/976/976 974/974/974
f 912/912/912 913/913/913 975/975/975
f 913/913/913 915/915/915 977/977/977
f 915/915/915 914/914/914 978/978/978
f 914/914/914 917/917/917 979/979/979
f 917/917/917 916/916/916 980/980/980
f 918/918/918 981/981/981 980/980/980
f 919/919/919 983/983/983 981/981/981
f 919/919/919 920/920/920 982/982/982
f 921/921/921 985/985/985 982/982/982
f 921/921/921 922/922/922 984/984/984
f 922/922/922 923/923/923 986/986/986
f 923/923/923 925/925/925 987/987/987
f 925/925/925 924/924/924 988/988/988
f 927/927/927 990/990/990 988/988/988
f 927/927/927 926/926/926 989/989/989
f 926/926/926 929/929/929 991/991/991
f 928/928/928 993/993/993 991/991/991
f 928/928/928 930/930/930 992/992/992
f 931/931/931 994/994/994 992/992/992
f 932/932/932 996/996/996 994/994/994
f 932/932/932 933/933/933 995/995/995
f 933/933/933 934/934/934 997/997/997
f 934/934/934 936/936/936 998/998/998
f 936/936/936 935/935/935 999/999/999
f 935/935/935 938/938/938 1000/1000/1000
f 938/938/938 937/937/937 1001/1001/1001
f 937/937/937 939/939/939 1002/1002/1002
f 939/939/939 4030/4030/4030 1003/1003/1003
f 941/941/941 1006/1006/1006 1004/1004/1004
f 941/941/941 943/943/943 1005/1005/1005
f 943/943/943 944/944/944 1007/1007/1007
f 944/944/944 946/946/946 1008/1008/1008
f 945/945/945 1009/1009/1009 1008/1008/1008
f 947/947/947 1011/1011/1011 1009/1009/1009
f 947/947/947 948/948/948 1010/1010/1010
f 948/948/948 950/950/950 1012/1012/1012
f 949/949/949 1014/1014/1014 1012/1012/1012
f 949/949/949 951/951/951 1013/1013/1013
f 951/951/951 952/952/952 1015/1015/1015
f 954/954/954 1016/1016/1016 1015/1015/1015
f 953/953/953 1018/1018/1018 1016/1016/1016
f 953/953/953 955/955/955 1017/1017/1017
f 956/956/956 1020/1020/1020 1017/1017/1017
f 956/956/956 958/958/958 1019/1019/1019
f 958/958/958 957/957/957 1021/1021/1021
f 959/959/959 1023/1023/1023 1021/1021/1021
f 959/959/959 960/960/960 1022/1022/1022
f 960/960/960 961/961/961 1024/1024/1024
f 963/963/963 1026/1026/1026 1024/1024/1024
f 963/963/963 962/962/962 1025/1025/1025
f 962/962/962 964/964/964 1027/1027/1027
f 964/964/964 966/966/966 1028/1028/1028
f 966/966/966 965/965/965 1029/1029/1029
f 967/967/967 1030/1030/1030 1029/1029/1029
f 968/968/968 1032/1032/1032 1030/1030/1030
f 968/968/968 970/970/970 1031/1031/1031
f 969/969/969 1033/1033/1033 1031/1031/1031
f 971/971/971 1035/1035/1035 1033/1033/1033
f 971/971/971 972/972/972 1034/1034/1034
f 972/972/972 973/973/973 1036/1036/1036
f 974/974/974 1038/1038/1038 1036/1036/1036
f 974/974/974 976/976/976 1037/1037/1037
f 975/975/975 1039/1039/1039 1037/1037/1037
f 977/977/977 1041/1041/1041 1039/1039/1039
f 977/977/977 978/978/978 1040/1040/1040
f 979/979/979 1042/1042/1042 1040/1040/1040
f 980/980/980 1044/1044/1044 1042/1042/1042
f 980/980/980 981/981/981 1043/1043/1043
f 983/983/983 1046/1046/1046 1043/1043/1043
f 983/983/983 982/982/982 1045/1045/1045
f 985/985/985 1048/1048/1048 1045/1045/1045
f 985/985/985 984/984/984 1047/1047/1047
f 986/986/986 1049/1049/1049 1047/1047/1047
f 987/987/987 1050/1050/1050 1049/1049/1049
f 988/988/988 1051/1051/1051 1050/1050/1050
f 990/990/990 1052/1052/1052 1051/1051/1051
f 989/989/989 1053/1053/1053 1052/1052/1052
f 991/991/991 1054/1054/1054 1053/1053/1053
f 993/993/993 1055/1055/1055 1054/1054/1054
f 992/992/992 1056/1056/1056 1055/1055/1055
f 994/994/994 1058/1058/1058 1056/1056/1056
f 994/994/994 996/996/996 1057/1057/1057
f 995/995/995 1059/1059/1059 1057/1057/1057
f 997/997/997 1060/1060/1060 1059/1059/1059
f 998/998/998 1062/1062/1062 1060/1060/1060
f 998/998/998 999/999/999 1061/1061/1061
f 1000/1000/1000 1064/1064/1064 1061/1061/1061
f 1000/1000/1000 1001/1001/1001 1063/1063/1063
f 1001/1001/1001 1002/1002/1002 1065/1065/1065
f 1003/1003/1003 1127/1127/1127 1065/1065/1065
f 1004/1004/1004 1006/1006/1006 1066/1066/1066
f 1006/1006/1006 1005/1005/1005 1068/1068/1068
f 1007/1007/1007 1069/1069/1069 1068/1068/1068
f 1008/1008/1008 1070/1070/1070 1069/1069/1069
f 1009/1009/1009 1072/1072/1072 1070/1070/1070
f 1009/1009/1009 1011/1011/1011 1071/1071/1071
f 1011/1011/1011 1010/1010/1010 1073/1073/1073
f 1010/1010/1010 1012/1012/1012 1074/1074/1074
f 1014/1014/1014 1076/1076/1076 1074/1074/1074
f 1014/1014/1014 1013/1013/1013 1075/1075/1075
f 1013/1013/1013 1015/1015/1015 1077/1077/1077
f 1015/1015/1015 1016/1016/1016 1078/1078/1078
f 1016/1016/1016 1018/1018/1018 1079/1079/1079
f 1017/1017/1017 1080/1080/1080 1079/1079/1079
f 1020/1020/1020 1082/1082/1082 1080/1080/1080
f 1020/1020/1020 1019/1019/1019 1081/1081/1081
f 1019/1019/1019 1021/1021/1021 1083/1083/1083
f 1021/1021/1021 1023/1023/1023 1084/1084/1084
f 1022/1022/1022 1086/1086/1086 1084/1084/1084
f 1022/1022/1022 1024/1024/1024 1085/1085/1085
f 1024/1024/1024 1026/1026/1026 1087/1087/1087
f 1025/1025/1025 1088/1088/1088 1087/1087/1087
f 1027/1027/1027 1089/1089/1089 1088/1088/1088
f 1028/1028/1028 1090/1090/1090 1089/1089/1089
f 1029/1029/1029 1091/1091/1091 1090/1090/1090
f 1030/1030/1030 1093/1093/1093 1091/1091/1091
f 1030/1030/1030 1032/1032/1032 1092/1092/1092
f 1032/1032/1032 1031/1031/1031 1094/1094/1094
f 1033/1033/1033 1095/1095/1095 1094/1094/1094
f 1035/1035/1035 1097/1097/1097 1095/1095/1095
f 1035/1035/1035 1034/1034/1034 1096/1096/1096
f 1036/1036/1036 1099/1099/1099 1096/1096/1096
f 1036/1036/1036 1038/1038/1038 1098/1098/1098
f 1037/1037/1037 1100/1100/1100 1098/1098/1098
f 1039/1039/1039 1102/1102/1102 1100/1100/1100
f 1039/1039/1039 1041/1041/1041 1101/1101/1101
f 1041/1041/1041 1040/1040/1040 1103/1103/1103
f 1040/1040/1040 1042/1042/1042 1104/1104/1104
f 1042/1042/1042 1044/1044/1044 1105/1105/1105
f 1044/1044/1044 1043/1043/1043 1106/1106/1106
f 1046/1046/1046 1107/1107/1107 1106/1106/1106
f 1045/1045/1045 1108/1108/1108 1107/1107/1107
f 1048/1048/1048 1110/1110/1110 1108/1108/1108
f 1048/1048/1048 1047/1047/1047 1109/1109/1109
f 1049/1049/1049 1111/1111/1111 1109/1109/1109
f 1050/1050/1050 1112/1112/1112 1111/1111/1111
f 1051/1051/1051 1114/1114/1114 1112/1112/1112
f 1051/1051/1051 1052/1052/1052 1113/1113/1113
f 1052/1052/1052 1053/1053/1053 1115/1115/1115
f 1053/1053/1053 1054/1054/1054 1116/1116/1116
f 1054/1054/1054 1055/1055/1055 1117/1117/1117
f 1056/1056/1056 1119/1119/1119 1117/1117/1117
f 1056/1056/1056 1058/1058/1058 1118/1118/1118
f 1058/1058/1058 1057/1057/1057 1120/1120/1120
f 1059/1059/1059 1121/1121/1121 1120/1120/1120
f 1060/1060/1060 1123/1123/1123 1121/1121/1121
f 1060/1060/1060 1062/1062/1062 1122/1122/1122
f 1062/1062/1062 1061/1061/1061 1124/1124/1124
f 1064/1064/1064 1126/1126/1126 1124/1124/1124
f 1064/1064/1064 1063/1063/1063 1125/1125/1125
f 1065/1065/1065 1128/1128/1128 1125/1125/1125
f 1127/1127/1127 4032/4032/4032 1128/1128/1128
f 1066/1066/1066 1130/1130/1130 1129/1129/1129
f 1068/1068/1068 1132/1132/1132 1130/1130/1130
f 1068/1068/1068 1069/1069/1069 1131/1131/1131
f 1070/1070/1070 1133/1133/1133 1131/1131/1131
f 1072/1072/1072 1134/1134/1134 1133/1133/1133
f 1071/1071/1071 1135/1135/1135 1134/1134/1134
f 1073/1073/1073 1136/1136/1136 1135/1135/1135
f 1074/1074/1074 1137/1137/1137 1136/1136/1136
f 1076/1076/1076 1139/1139/1139 1137/1137/1137
f 1076/1076/1076 1075/1075/1075 1138/1138/1138
f 1077/1077/1077 1140/1140/1140 1138/1138/1138
f 1078/1078/1078 1142/1142/1142 1140/1140/1140
f 1078/1078/1078 1079/1079/1079 1141/1141/1141
f 1079/1079/1079 1080/1080/1080 1143/1143/1143
f 1080/1080/1080 1082/1082/1082 1144/1144/1144
f 1082/1082/1082 1081/1081/1081 1145/1145/1145
f 1081/1081/1081 1083/1083/1083 1146/1146/1146
f 1084/1084/1084 1147/1147/1147 1146/1146/1146
f 1086/1086/1086 1148/1148/1148 1147/1147/1147
f 1085/1085/1085 1149/1149/1149 1148/1148/1148
f 1087/1087/1087 1151/1151/1151 1149/1149/1149
f 1087/1087/1087 1088/1088/1088 1150/1150/1150
f 1088/1088/1088 1089/1089/1089 1152/1152/1152
f 1089/1089/1089 1090/1090/1090 1153/1153/1153
f 1090/1090/1090 1091/1091/1091 1154/1154/1154
f 1093/1093/1093 1155/1155/1155 1154/1154/1154
f 1092/1092/1092 1157/1157/1157 1155/1155/1155
f 1092/1092/1092 1094/1094/1094 1156/1156/1156
f 1094/1094/1094 1095/1095/1095 1158/1158/1158
f 1097/1097/1097 1160/1160/1160 1158/1158/1158
f 1097/1097/1097 1096/1096/1096 1159/1159/1159
f 1099/1099/1099 1162/1162/1162 1159/1159/1159
f 1099/1099/1099 1098/1098/1098 1161/1161/1161
f 1100/1100/1100 1164/1164/1164 1161/1161/1161
f 1100/1100/1100 1102/1102/1102 1163/1163/1163
f 1101/1101/1101 1165/1165/1165 1163/1163/1163
f 1103/1103/1103 1166/1166/1166 1165/1165/1165
f 1104/1104/1104 1167/1167/1167 1166/1166/1166
f 1105/1105/1105 1168/1168/1168 1167/1167/1167
f 1106/1106/1106 1169/1169/1169 1168/1168/1168
f 1107/1107/1107 1170/1170/1170 1169/1169/1169
f 1108/1108/1108 1171/1171/1171 1170/1170/1170
f 1110/1110/1110 1172/1172/1172 1171/1171/1171
f 1109/1109/1109 1174/1174/1174 1172/1172/1172
f 1109/1109/1109 1111/1111/1111 1173/1173/1173
f 1111/1111/1111 1112/1112/1112 1175/1175/1175
f 1114/1114/1114 1177/1177/1177 1175/1175/1175
f 1114/1114/1114 1113/1113/1113 1176/1176/1176
f 1115/1115/1115 1178/1178/1178 1176/1176/1176
f 1116/1116/1116 1180/1180/1180 1178/1178/1178
f 1116/1116/1116 1117/1117/1117 1179/1179/1179
f 1119/1119/1119 1181/1181/1181 1179/1179/1179
f 1118/1118/1118 1182/1182/1182 1181/1181/1181
f 1120/1120/1120 1184/1184/1184 1182/1182/1182
f 1120/1120/1120 1121/1121/1121 1183/1183/1183
f 1123/1123/1123 1185/1185/1185 1183/1183/1183
f 1122/1122/1122 1187/1187/1187 1185/1185/1185
f 1122/1122/1122 1124/1124/1124 1186/1186/1186
f 1126/1126/1126 1189/1189/1189 1186/1186/1186
f 1126/1126/1126 1125/1125/1125 1188/1188/1188
f 1128/1128/1128 1191/1191/1191 1188/1188/1188
f 1128/1128/1128 4032/4032/4032 1190/1190/1190
f 1130/1130/1130 1194/1194/1194 1192/1192/1192
f 1130/1130/1130 1132/1132/1132 1193/1193/1193
f 1132/1132/1132 1131/1131/1131 1195/1195/1195
f 1131/1131/1131 1133/1133/1133 1196/1196/1196
f 1133/1133/1133 1134/1134/1134 1197/1197/1197
f 1134/1134/1134 1135/1135/1135 1198/1198/1198
f 1136/1136/1136 1200/1200/1200 1198/1198/1198
f 1136/1136/1136 1137/1137/1137 1199/1199/1199
f 1137/1137/1137 1139/1139/1139 1201/1201/1201
f 1138/1138/1138 1202/1202/1202 1201/1201/1201
f 1140/1140/1140 1203/1203/1203 1202/1202/1202
f 1142/1142/1142 1204/1204/1204 1203/1203/1203
f 1141/1141/1141 1205/1205/1205 1204/1204/1204
f 1143/1143/1143 1206/1206/1206 1205/1205/1205
f 1144/1144/1144 1207/1207/1207 1206/1206/1206
f 1145/1145/1145 1209/1209/1209 1207/1207/1207
f 1145/1145/1145 1146/1146/1146 1208/1208/1208
f 1147/1147/1147 1211/1211/1211 1208/1208/1208
f 1147/1147/1147 1148/1148/1148 1210/1210/1210
f 1148/1148/1148 1149/1149/1149 1212/1212/1212
f 1151/1151/1151 1214/1214/1214 1212/1212/1212
f 1151/1151/1151 1150/1150/1150 1213/1213/1213
f 1152/1152/1152 1215/1215/1215 1213/1213/1213
f 1153/1153/1153 1217/1217/1217 1215/1215/1215
f 1153/1153/1153 1154/1154/1154 1216/1216/1216
f 1154/1154/1154 1155/1155/1155 1218/1218/1218
f 1157/1157/1157 1220/1220/1220 1218/1218/1218
f 1157/1157/1157 1156/1156/1156 1219/1219/1219
f 1156/1156/1156 1158/1158/1158 1221/1221/1221
f 1158/1158/1158 1160/1160/1160 1222/1222/1222
f 1160/1160/1160 1159/1159/1159 1223/1223/1223
f 1162/1162/1162 1225/1225/1225 1223/1223/1223
f 1162/1162/1162 1161/1161/1161 1224/1224/1224
f 1164/1164/1164 1226/1226/1226 1224/1224/1224
f 1163/1163/1163 1227/1227/1227 1226/1226/1226
f 1165/1165/1165 1228/1228/1228 1227/1227/1227
f 1166/1166/1166 1229/1229/1229 1228/1228/1228
f 1167/1167/1167 1230/1230/1230 1229/1229/1229
f 1168/1168/1168 1232/1232/1232 1230/1230/1230
f 1168/1168/1168 1169/1169/1169 1231/1231/1231
f 1170/1170/1170 1234/1234/1234 1231/1231/1231
f 1170/1170/1170 1171/1171/1171 1233/1233/1233
f 1171/1171/1171 1172/1172/1172 1235/1235/1235
f 1174/1174/1174 1236/1236/1236 1235/1235/1235
f 1173/1173/1173 1238/1238/1238 1236/1236/1236
f 1173/1173/1173 1175/1175/1175 1237/1237/1237
f 1175/1175/1175 1177/1177/1177 1239/1239/1239
f 1176/1176/1176 1240/1240/1240 1239/1239/1239
f 1178/1178/1178 1242/1242/1242 1240/1240/1240
f 1178/1178/1178 1180/1180/1180 1241/1241/1241
f 1179/1179/1179 1243/1243/1243 1241/1241/1241
f 1181/1181/1181 1245/1245/1245 1243/1243/1243
f 1181/1181/1181 1182/1182/1182 1244/1244/1244
f 1184/1184/1184 1247/1247/1247 1244/1244/1244
f 1184/1184/1184 1183/1183/1183 1246/1246/1246
f 1185/1185/1185 1249/1249/1249 1246/1246/1246
f 1185/1185/1185 1187/1187/1187 1248/1248/1248
f 1186/1186/1186 1250/1250/1250 1248/1248/1248
f 1189/1189/1189 1252/1252/1252 1250/1250/1250
f 1189/1189/1189 1188/1188/1188 1251/1251/1251
f 1191/1191/1191 1253/1253/1253 1251/1251/1251
f 1190/1190/1190 4035/4035/4035 1253/1253/1253
f 1192/1192/1192 1194/1194/1194 1254/1254/1254
f 1193/1193/1193 1256/1256/1256 1254/1254/1254
f 1195/1195/1195 1257/1257/1257 1256/1256/1256
f 1196/1196/1196 1258/1258/1258 1257/1257/1257
f 1197/1197/1197 1259/1259/1259 1258/1258/1258
f 1198/1198/1198 1261/1261/1261 1259/1259/1259
f 1198/1198/1198 1200/1200/1200 1260/1260/1260
f 1200/1200/1200 1199/1199/1199 1262/1262/1262
f 1201/1201/1201 1263/1263/1263 1262/1262/1262
f 1202/1202/1202 1265/1265/1265 1263/1263/1263
f 1202/1202/1202 1203/1203/1203 1264/1264/1264
f 1203/1203/1203 1204/1204/1204 1266/1266/1266
f 1204/1204/1204 1205/1205/1205 1267/1267/1267
f 1205/1205/1205 1206/1206/1206 1268/1268/1268
f 1206/1206/1206 1207/1207/1207 1269/1269/1269
f 1209/1209/1209 1270/1270/1270 1269/1269/1269
f 1208/1208/1208 1271/1271/1271 1270/1270/1270
f 1211/1211/1211 1272/1272/1272 1271/1271/1271
f 1210/1210/1210 1274/1274/1274 1272/1272/1272
f 1210/1210/1210 1212/1212/1212 1273/1273/1273
f 1212/1212/1212 1214/1214/1214 1275/1275/1275
f 1213/1213/1213 1276/1276/1276 1275/1275/1275
f 1215/1215/1215 1277/1277/1277 1276/1276/1276
f 1217/1217/1217 1278/1278/1278 1277/1277/1277
f 1216/1216/1216 1279/1279/1279 1278/1278/1278
f 1218/1218/1218 1280/1280/1280 1279/1279/1279
f 1220/1220/1220 1281/1281/1281 1280/1280/1280
f 1219/1219/1219 1282/1282/1282 1281/1281/1281
f 1221/1221/1221 1283/1283/1283 1282/1282/1282
f 1222/1222/1222 1284/1284/1284 1283/1283/1283
f 1223/1223/1223 1285/1285/1285 1284/1284/1284
f 1225/1225/1225 1287/1287/1287 1285/1285/1285
f 1225/1225/1225 1224/1224/1224 1286/1286/1286
f 1224/1224/1224 1226/1226/1226 1288/1288/1288
f 1226/1226/1226 1227/1227/1227 1289/1289/1289
f 1227/1227/1227 1228/1228/1228 1290/1290/1290
f 1228/1228/1228 1229/1229/1229 1291/1291/1291
f 1230/1230/1230 1292/1292/1292 1291/1291/1291
f 1232/1232/1232 1294/1294/1294 1292/1292/1292
f 1232/1232/1232 1231/1231/1231 1293/1293/1293
f 1234/1234/1234 1296/1296/1296 1293/1293/1293
f 1234/1234/1234 1233/1233/1233 1295/1295/1295
f 1235/1235/1235 1298/1298/1298 1295/1295/1295
f 1235/1235/1235 1236/1236/1236 1297/1297/1297
f 1238/1238/1238 1299/1299/1299 1297/1297/1297
f 1237/1237/1237 1300/1300/1300 1299/1299/1299
f 1239/1239/1239 1302/1302/1302 1300/1300/1300
f 1239/1239/1239 1240/1240/1240 1301/1301/1301
f 1242/1242/1242 1304/1304/1304 1301/1301/1301
f 1242/1242/1242 1241/1241/1241 1303/1303/1303
f 1241/1241/1241 1243/1243/1243 1305/1305/1305
f 1243/1243/1243 1245/1245/1245 1306/1306/1306
f 1245/1245/1245 1244/1244/1244 1307/1307/1307
f 1244/1244/1244 1247/1247/1247 1308/1308/1308
f 1246/1246/1246 1309/1309/1309 1308/1308/1308
f 1249/1249/1249 1311/1311/1311 1309/1309/1309
f 1249/1249/1249 1248/1248/1248 1310/1310/1310
f 1248/1248/1248 1250/1250/1250 1312/1312/1312
f 1250/1250/1250 1252/1252/1252 1313/1313/1313
f 1252/1252/1252 1251/1251/1251 1314/1314/1314
f 1253/1253/1253 1316/1316/1316 1314/1314/1314
f 1253/1253/1253 4035/4035/4035 1315/1315/1315
f 1255/1255/1255 1254/1254/1254 1317/1317/1317
f 1254/1254/1254 1256/1256/1256 1319/1319/1319
f 1256/1256/1256 1257/1257/1257 1320/1320/1320
f 1257/1257/1257 1258/1258/1258 1321/1321/1321
f 1258/1258/1258 1259/1259/1259 1322/1322/1322
f 1261/1261/1261 1323/1323/1323 1322/1322/1322
f 1260/1260/1260 1324/1324/1324 1323/1323/1323
f 1262/1262/1262 1326/1326/1326 1324/1324/1324
f 1262/1262/1262 1263/1263/1263 1325/1325/1325
f 1263/1263/1263 1265/1265/1265 1327/1327/1327
f 1265/1265/1265 1264/1264/1264 1328/1328/1328
f 1266/1266/1266 1330/1330/1330 1328/1328/1328
f 1266/1266/1266 1267/1267/1267 1329/1329/1329
f 1268/1268/1268 1331/1331/1331 1329/1329/1329
f 1269/1269/1269 1333/1333/1333 1331/1331/1331
f 1269/1269/1269 1270/1270/1270 1332/1332/1332
f 1270/1270/1270 1271/1271/1271 1334/1334/1334
f 1271/1271/1271 1272/1272/1272 1335/1335/1335
f 1272/1272/1272 1274/1274/1274 1336/1336/1336
f 1274/1274/1274 1273/1273/1273 1337/1337/1337
f 1275/1275/1275 1338/1338/1338 1337/1337/1337
f 1276/1276/1276 1340/1340/1340 1338/1338/1338
f 1276/1276/1276 1277/1277/1277 1339/1339/1339
f 1278/1278/1278 1342/1342/1342 1339/1339/1339
f 1278/1278/1278 1279/1279/1279 1341/1341/1341
f 1280/1280/1280 1344/1344/1344 1341/1341/1341
f 1280/1280/1280 1281/1281/1281 1343/1343/1343
f 1281/1281/1281 1282/1282/1282 1345/1345/1345
f 1282/1282/1282 1283/1283/1283 1346/1346/1346
f 1284/1284/1284 1347/1347/1347 1346/1346/1346
f 1285/1285/1285 1349/1349/1349 1347/1347/1347
f 1285/1285/1285 1287/1287/1287 1348/1348/1348
f 1287/1287/1287 1286/1286/1286 1350/1350/1350
f 1288/1288/1288 1351/1351/1351 1350/1350/1350
f 1289/1289/1289 1352/1352/1352 1351/1351/1351
f 1290/1290/1290 1354/1354/1354 1352/1352/1352
f 1290/1290/1290 1291/1291/1291 1353/1353/1353
f 1291/1291/1291 1292/1292/1292 1355/1355/1355
f 1292/1292/1292 1294/1294/1294 1356/1356/1356
f 1294/1294/1294 1293/1293/1293 1357/1357/1357
f 1293/1293/1293 1296/1296/1296 1358/1358/1358
f 1296/1296/1296 1295/1295/1295 1359/1359/1359
f 1298/1298/1298 1361/1361/1361 1359/1359/1359
f 1298/1298/1298 1297/1297/1297 1360/1360/1360
f 1297/1297/1297 1299/1299/1299 1362/1362/1362
f 1299/1299/1299 1300/1300/1300 1363/1363/1363
f 1302/1302/1302 1365/1365/1365 1363/1363/1363
f 1302/1302/1302 1301/1301/1301 1364/1364/1364
f 1301/1301/1301 1304/1304/1304 1366/1366/1366
f 1303/1303/1303 1367/1367/1367 1366/1366/1366
f 1305/1305/1305 1368/1368/1368 1367/1367/1367
f 1306/1306/1306 1369/1369/1369 1368/1368/1368
f 1307/1307/1307 1371/1371/1371 1369/1369/1369
f 1307/1307/1307 1308/1308/1308 1370/1370/1370
f 1308/1308/1308 1309/1309/1309 1372/1372/1372
f 1311/1311/1311 1373/1373/1373 1372/1372/1372
f 1310/1310/1310 1374/1374/1374 1373/1373/1373
f 1312/1312/1312 1375/1375/1375 1374/1374/1374
f 1313/1313/1313 1377/1377/1377 1375/1375/1375
f 1313/1313/1313 1314/1314/1314 1376/1376/1376
f 1314/1314/1314 1316/1316/1316 1378/1378/1378
f 1315/1315/1315 1440/1440/1440 1378/1378/1378
f 1317/1317/1317 1381/1381/1381 1379/1379/1379
f 1317/1317/1317 1319/1319/1319 1380/1380/1380
f 1319/1319/1319 1320/1320/1320 1382/1382/1382
f 1321/1321/1321 1383/1383/1383 1382/1382/1382
f 1322/1322/1322 1385/1385/1385 1383/1383/1383
f 1322/1322/1322 1323/1323/1323 1384/1384/1384
f 1323/1323/1323 1324/1324/1324 1386/1386/1386
f 1324/1324/1324 1326/1326/1326 1387/1387/1387
f 1325/1325/1325 1388/1388/1388 1387/1387/1387
f 1327/1327/1327 1389/1389/1389 1388/1388/1388
f 1328/1328/1328 1390/1390/1390 1389/1389/1389
f 1330/1330/1330 1392/1392/1392 1390/1390/1390
f 1330/1330/1330 1329/1329/1329 1391/1391/1391
f 1329/1329/1329 1331/1331/1331 1393/1393/1393
f 1331/1331/1331 1333/1333/1333 1394/1394/1394
f 1333/1333/1333 1332/1332/1332 1395/1395/1395
f 1334/1334/1334 1396/1396/1396 1395/1395/1395
f 1335/1335/1335 1398/1398/1398 1396/1396/1396
f 1335/1335/1335 1336/1336/1336 1397/1397/1397
f 1336/1336/1336 1337/1337/1337 1399/1399/1399
f 1337/1337/1337 1338/1338/1338 1400/1400/1400
f 1340/1340/1340 1402/1402/1402 1400/1400/1400
f 1340/1340/1340 1339/1339/1339 1401/1401/1401
f 1342/1342/1342 1404/1404/1404 1401/1401/1401
f 1342/1342/1342 1341/1341/1341 1403/1403/1403
f 1344/1344/1344 1405/1405/1405 1403/1403/1403
f 1343/1343/1343 1407/1407/1407 1405/1405/1405
f 1343/1343/1343 1345/1345/1345 1406/1406/1406
f 1346/1346/1346 1408/1408/1408 1406/1406/1406
f 1347/1347/1347 1410/1410/1410 1408/1408/1408
f 1347/1347/1347 1349/1349/1349 1409/1409/1409
f 1348/1348/1348 1411/1411/1411 1409/1409/1409
f 1350/1350/1350 1412/1412/1412 1411/1411/1411
f 1351/1351/1351 1413/1413/1413 1412/1412/1412
f 1352/1352/1352 1415/1415/1415 1413/1413/1413
f 1352/1352/1352 1354/1354/1354 1414/1414/1414
f 1353/1353/1353 1417/1417/1417 1414/1414/1414
f 1353/1353/1353 1355/1355/1355 1416/1416/1416
f 1356/1356/1356 1418/1418/1418 1416/1416/1416
f 1357/1357/1357 1419/1419/1419 1418/1418/1418
f 1358/1358/1358 1420/1420/1420 1419/1419/1419
f 1359/1359/1359 1422/1422/1422 1420/1420/1420
f 1359/1359/1359 1361/1361/1361 1421/1421/1421
f 1360/1360/1360 1423/1423/1423 1421/1421/1421
f 1362/1362/1362 1425/1425/1425 1423/1423/1423
f 1362/1362/1362 1363/1363/1363 1424/1424/1424
f 1365/1365/1365 1426/1426/1426 1424/1424/1424
f 1364/1364/1364 1427/1427/1427 1426/1426/1426
f 1366/1366/1366 1428/1428/1428 1427/1427/1427
f 1367/1367/1367 1430/1430/1430 1428/1428/1428
f 1367/1367/1367 1368/1368/1368 1429/1429/1429
f 1368/1368/1368 1369/1369/1369 1431/1431/1431
f 1371/1371/1371 1433/1433/1433 1431/1431/1431
f 1371/1371/1371 1370/1370/1370 1432/1432/1432
f 1370/1370/1370 1372/1372/1372 1434/1434/1434
f 1372/1372/1372 1373/1373/1373 1435/1435/1435
f 1373/1373/1373 1374/1374/1374 1436/1436/1436
f 1375/1375/1375 1437/1437/1437 1436/1436/1436
f 1377/1377/1377 1438/1438/1438 1437/1437/1437
f 1376/1376/1376 1439/1439/1439 1438/1438/1438
f 1378/1378/1378 1441/1441/1441 1439/1439/1439
f 1440/1440/1440 4038/4038/4038 1441/1441/1441
f 1381/1381/1381 1443/1443/1443 1442/1442/1442
f 1380/1380/1380 1444/1444/1444 1443/1443/1443
f 1382/1382/1382 1446/1446/1446 1444/1444/1444
f 1382/1382/1382 1383/1383/1383 1445/1445/1445
f 1383/1383/1383 1385/1385/1385 1447/1447/1447
f 1384/1384/1384 1448/1448/1448 1447/1447/1447
f 1386/1386/1386 1449/1449/1449 1448/1448/1448
f 1387/1387/1387 1450/1450/1450 1449/1449/1449
f 1388/1388/1388 1452/1452/1452 1450/1450/1450
f 1388/1388/1388 1389/1389/1389 1451/1451/1451
f 1390/1390/1390 1454/1454/1454 1451/1451/1451
f 1390/1390/1390 1392/1392/1392 1453/1453/1453
f 1391/1391/1391 1455/1455/1455 1453/1453/1453
f 1393/1393/1393 1456/1456/1456 1455/1455/1455
f 1394/1394/1394 1457/1457/1457 1456/1456/1456
f 1395/1395/1395 1458/1458/1458 1457/1457/1457
f 1396/1396/1396 1460/1460/1460 1458/1458/1458
f 1396/1396/1396 1398/1398/1398 1459/1459/1459
f 1397/1397/1397 1461/1461/1461 1459/1459/1459
f 1399/1399/1399 1463/1463/1463 1461/1461/1461
f 1399/1399/1399 1400/1400/1400 1462/1462/1462
f 1402/1402/1402 1464/1464/1464 1462/1462/1462
f 1401/1401/1401 1466/1466/1466 1464/1464/1464
f 1401/1401/1401 1404/1404/1404 1465/1465/1465
f 1403/1403/1403 1467/1467/1467 1465/1465/1465
f 1405/1405/1405 1468/1468/1468 1467/1467/1467
f 1407/1407/1407 1469/1469/1469 1468/1468/1468
f 1406/1406/1406 1471/1471/1471 1469/1469/1469
f 1406/1406/1406 1408/1408/1408 1470/1470/1470
f 1408/1408/1408 1410/1410/1410 1472/1472/1472
f 1409/1409/1409 1474/1474/1474 1472/1472/1472
f 1409/1409/1409 1411/1411/1411 1473/1473/1473
f 1411/1411/1411 1412/1412/1412 1475/1475/1475
f 1413/1413/1413 1477/1477/1477 1475/1475/1475
f 1413/1413/1413 1415/1415/1415 1476/1476/1476
f 1415/1415/1415 1414/1414/1414 1478/1478/1478
f 1414/1414/1414 1417/1417/1417 1479/1479/1479
f 1416/1416/1416 1480/1480/1480 1479/1479/1479
f 1418/1418/1418 1482/1482/1482 1480/1480/1480
f 1418/1418/1418 1419/1419/1419 1481/1481/1481
f 1420/1420/1420 1483/1483/1483 1481/1481/1481
f 1422/1422/1422 1485/1485/1485 1483/1483/1483
f 1422/1422/1422 1421/1421/1421 1484/1484/1484
f 1423/1423/1423 1486/1486/1486 1484/1484/1484
f 1425/1425/1425 1488/1488/1488 1486/1486/1486
f 1425/1425/1425 1424/1424/1424 1487/1487/1487
f 1424/1424/1424 1426/1426/1426 1489/1489/1489
f 1426/1426/1426 1427/1427/1427 1490/1490/1490
f 1427/1427/1427 1428/1428/1428 1491/1491/1491
f 1428/1428/1428 1430/1430/1430 1492/1492/1492
f 1429/1429/1429 1494/1494/1494 1492/1492/1492
f 1429/1429/1429 1431/1431/1431 1493/1493/1493
f 1431/1431/1431 1433/1433/1433 1495/1495/1495
f 1432/1432/1432 1496/1496/1496 1495/1495/1495
f 1434/1434/1434 1497/1497/1497 1496/1496/1496
f 1435/1435/1435 1498/1498/1498 1497/1497/1497
f 1436/1436/1436 1500/1500/1500 1498/1498/1498
f 1436/1436/1436 1437/1437/1437 1499/1499/1499
f 1437/1437/1437 1438/1438/1438 1501/1501/1501
f 1438/1438/1438 1439/1439/1439 1502/1502/1502
f 1439/1439/1439 1441/1441/1441 1503/1503/1503
f 1441/1441/1441 4038/4038/4038 1504/1504/1504
f 1442/1442/1442 1443/1443/1443 1505/1505/1505
f 1443/1443/1443 1444/1444/1444 1507/1507/1507
f 1444/1444/1444 1446/1446/1446 1508/1508/1508
f 1446/1446/1446 1445/1445/1445 1509/1509/1509
f 1447/1447/1447 1510/1510/1510 1509/1509/1509
f 1448/1448/1448 1512/1512/1512 1510/1510/1510
f 1448/1448/1448 1449/1449/1449 1511/1511/1511
f 1449/1449/1449 1450/1450/1450 1513/1513/1513
f 1452/1452/1452 1515/1515/1515 1513/1513/1513
f 1452/1452/1452 1451/1451/1451 1514/1514/1514
f 1451/1451/1451 1454/1454/1454 1516/1516/1516
f 1454/1454/1454 1453/1453/1453 1517/1517/1517
f 1453/1453/1453 1455/1455/1455 1518/1518/1518
f 1455/1455/1455 1456/1456/1456 1519/1519/1519
f 1456/1456/1456 1457/1457/1457 1520/1520/1520
f 1457/1457/1457 1458/1458/1458 1521/1521/1521
f 1460/1460/1460 1523/1523/1523 1521/1521/1521
f 1460/1460/1460 1459/1459/1459 1522/1522/1522
f 1461/1461/1461 1524/1524/1524 1522/1522/1522
f 1463/1463/1463 1525/1525/1525 1524/1524/1524
f 1462/1462/1462 1527/1527/1527 1525/1525/1525
f 1462/1462/1462 1464/1464/1464 1526/1526/1526
f 1464/1464/1464 1466/1466/1466 1528/1528/1528
f 1466/1466/1466 1465/1465/1465 1529/1529/1529
f 1467/1467/1467 1531/1531/1531 1529/1529/1529
f 1467/1467/1467 1468/1468/1468 1530/1530/1530
f 1469/1469/1469 1532/1532/1532 1530/1530/1530
f 1471/1471/1471 1534/1534/1534 1532/1532/1532
f 1471/1471/1471 1470/1470/1470 1533/1533/1533
f 1472/1472/1472 1535/1535/1535 1533/1533/1533
f 1474/1474/1474 1536/1536/1536 1535/1535/1535
f 1473/1473/1473 1538/1538/1538 1536/1536/1536
f 1473/1473/1473 1475/1475/1475 1537/1537/1537
f 1477/1477/1477 1539/1539/1539 1537/1537/1537
f 1476/1476/1476 1540/1540/1540 1539/1539/1539
f 1478/1478/1478 1541/1541/1541 1540/1540/1540
f 1479/1479/1479 1542/1542/1542 1541/1541/1541
f 1480/1480/1480 1543/1543/1543 1542/1542/1542
f 1482/1482/1482 1545/1545/1545 1543/1543/1543
f 1482/1482/1482 1481/1481/1481 1544/1544/1544
f 1481/1481/1481 1483/1483/1483 1546/1546/1546
f 1483/1483/1483 1485/1485/1485 1547/1547/1547
f 1485/1485/1485 1484/1484/1484 1548/1548/1548
f 1486/1486/1486 1549/1549/1549 1548/1548/1548
f 1488/1488/1488 1550/1550/1550 1549/1549/1549
f 1487/1487/1487 1551/1551/1551 1550/1550/1550
f 1489/1489/1489 1553/1553/1553 1551/1551/1551
f 1489/1489/1489 1490/1490/1490 1552/1552/1552
f 1490/1490/1490 1491/1491/1491 1554/1554/1554
f 1491/1491/1491 1492/1492/1492 1555/1555/1555
f 1494/1494/1494 1557/1557/1557 1555/1555/1555
f 1494/1494/1494 1493/1493/1493 1556/1556/1556
f 1493/1493/1493 1495/1495/1495 1558/1558/1558
f 1495/1495/1495 1496/1496/1496 1559/1559/1559
f 1496/1496/1496 1497/1497/1497 1560/1560/1560
f 1497/1497/1497 1498/1498/1498 1561/1561/1561
f 1498/1498/1498 1500/1500/1500 1562/1562/1562
f 1500/1500/1500 1499/1499/1499 1563/1563/1563
f 1501/1501/1501 1564/1564/1564 1563/1563/1563
f 1502/1502/1502 1565/1565/1565 1564/1564/1564
f 1503/1503/1503 1566/1566/1566 1565/1565/1565
f 1504/1504/1504 4040/4040/4040 1566/1566/1566
f 1505/1505/1505 1568/1568/1568 1567/1567/1567
f 1507/1507/1507 1569/1569/1569 1568/1568/1568
f 1508/1508/1508 1570/1570/1570 1569/1569/1569
f 1509/1509/1509 1571/1571/1571 1570/1570/1570
f 1510/1510/1510 1573/1573/1573 1571/1571/1571
f 1510/1510/1510 1512/1512/1512 1572/1572/1572
f 1512/1512/1512 1511/1511/1511 1574/1574/1574
f 1511/1511/1511 1513/1513/1513 1575/1575/1575
f 1513/1513/1513 1515/1515/1515 1576/1576/1576
f 1515/1515/1515 1514/1514/1514 1577/1577/1577
f 1516/1516/1516 1578/1578/1578 1577/1577/1577
f 1517/1517/1517 1579/1579/1579 1578/1578/1578
f 1518/1518/1518 1580/1580/1580 1579/1579/1579
f 1519/1519/1519 1581/1581/1581 1580/1580/1580
f 1520/1520/1520 1583/1583/1583 1581/1581/1581
f 1520/1520/1520 1521/1521/1521 1582/1582/1582
f 1523/1523/1523 1584/1584/1584 1582/1582/1582
f 1522/1522/1522 1586/1586/1586 1584/1584/1584
f 1522/1522/1522 1524/1524/1524 1585/1585/1585
f 1524/1524/1524 1525/1525/1525 1587/1587/1587
f 1525/1525/1525 1527/1527/1527 1588/1588/1588
f 1526/1526/1526 1589/1589/1589 1588/1588/1588
f 1528/1528/1528 1590/1590/1590 1589/1589/1589
f 1529/1529/1529 1591/1591/1591 1590/1590/1590
f 1531/1531/1531 1593/1593/1593 1591/1591/1591
f 1531/1531/1531 1530/1530/1530 1592/1592/1592
f 1530/1530/1530 1532/1532/1532 1594/1594/1594
f 1534/1534/1534 1595/1595/1595 1594/1594/1594
f 1533/1533/1533 1597/1597/1597 1595/1595/1595
f 1533/1533/1533 1535/1535/1535 1596/1596/1596
f 1535/1535/1535 1536/1536/1536 1598/1598/1598
f 1538/1538/1538 1600/1600/1600 1598/1598/1598
f 1538/1538/1538 1537/1537/1537 1599/1599/1599
f 1537/1537/1537 1539/1539/1539 1601/1601/1601
f 1539/1539/1539 1540/1540/1540 1602/1602/1602
f 1540/1540/1540 1541/1541/1541 1603/1603/1603
f 1542/1542/1542 1604/1604/1604 1603/1603/1603
f 1543/1543/1543 1606/1606/1606 1604/1604/1604
f 1543/1543/1543 1545/1545/1545 1605/1605/1605
f 1545/1545/1545 1544/1544/1544 1607/1607/1607
f 1546/1546/1546 1608/1608/1608 1607/1607/1607
f 1547/1547/1547 1609/1609/1609 1608/1608/1608
f 1548/1548/1548 1611/1611/1611 1609/1609/1609
f 1548/1548/1548 1549/1549/1549 1610/1610/1610
f 1549/1549/1549 1550/1550/1550 1612/1612/1612
f 1551/1551/1551 1613/1613/1613 1612/1612/1612
f 1553/1553/1553 1614/1614/1614 1613/1613/1613
f 1552/1552/1552 1615/1615/1615 1614/1614/1614
f 1554/1554/1554 1616/1616/1616 1615/1615/1615
f 1555/1555/1555 1617/1617/1617 1616/1616/1616
f 1557/1557/1557 1618/1618/1618 1617/1617/1617
f 1556/1556/1556 1619/1619/1619 1618/1618/1618
f 1558/1558/1558 1621/1621/1621 1619/1619/1619
f 1558/1558/1558 1559/1559/1559 1620/1620/1620
f 1560/1560/1560 1622/1622/1622 1620/1620/1620
f 1561/1561/1561 1623/1623/1623 1622/1622/1622
f 1562/1562/1562 1624/1624/1624 1623/1623/1623
f 1563/1563/1563 1626/1626/1626 1624/1624/1624
f 1563/1563/1563 1564/1564/1564 1625/1625/1625
f 1565/1565/1565 1628/1628/1628 1625/1625/1625
f 1565/1565/1565 1566/1566/1566 1627/1627/1627
f 1566/1566/1566 4040/4040/4040 1629/1629/1629
f 1567/1567/1567 1568/1568/1568 1630/1630/1630
f 1568/1568/1568 1569/1569/1569 1632/1632/1632
f 1569/1569/1569 1570/1570/1570 1633/1633/1633
f 1570/1570/1570 1571/1571/1571 1634/1634/1634
f 1571/1571/1571 1573/1573/1573 1635/1635/1635
f 1572/1572/1572 1636/1636/1636 1635/1635/1635
f 1574/1574/1574 1638/1638/1638 1636/1636/1636
f 1574/1574/1574 1575/1575/1575 1637/1637/1637
f 1576/1576/1576 1640/1640/1640 1637/1637/1637
f 1576/1576/1576 1577/1577/1577 1639/1639/1639
f 1577/1577/1577 1578/1578/1578 1641/1641/1641
f 1578/1578/1578 1579/1579/1579 1642/1642/1642
f 1580/1580/1580 1643/1643/1643 1642/1642/1642
f 1581/1581/1581 1644/1644/1644 1643/1643/1643
f 1583/1583/1583 1646/1646/1646 1644/1644/1644
f 1583/1583/1583 1582/1582/1582 1645/1645/1645
f 1582/1582/1582 1584/1584/1584 1647/1647/1647
f 1584/1584/1584 1586/1586/1586 1648/1648/1648
f 1586/1586/1586 1585/1585/1585 1649/1649/1649
f 1587/1587/1587 1651/1651/1651 1649/1649/1649
f 1587/1587/1587 1588/1588/1588 1650/1650/1650
f 1589/1589/1589 1653/1653/1653 1650/1650/1650
f 1589/1589/1589 1590/1590/1590 1652/1652/1652
f 1590/1590/1590 1591/1591/1591 1654/1654/1654
f 1591/1591/1591 1593/1593/1593 1655/1655/1655
f 1593/1593/1593 1592/1592/1592 1656/1656/1656
f 1592/1592/1592 1594/1594/1594 1657/1657/1657
f 1595/1595/1595 1658/1658/1658 1657/1657/1657
f 1597/1597/1597 1659/1659/1659 1658/1658/1658
f 1596/1596/1596 1660/1660/1660 1659/1659/1659
f 1598/1598/1598 1662/1662/1662 1660/1660/1660
f 1598/1598/1598 1600/1600/1600 1661/1661/1661
f 1599/1599/1599 1663/1663/1663 1661/1661/1661
f 1601/1601/1601 1664/1664/1664 1663/1663/1663
f 1602/1602/1602 1666/1666/1666 1664/1664/1664
f 1602/1602/1602 1603/1603/1603 1665/1665/1665
f 1603/1603/1603 1604/1604/1604 1667/1667/1667
f 1606/1606/1606 1668/1668/1668 1667/1667/1667
f 1605/1605/1605 1669/1669/1669 1668/1668/1668
f 1607/1607/1607 1671/1671/1671 1669/1669/1669
f 1607/1607/1607 1608/1608/1608 1670/1670/1670
f 1608/1608/1608 1609/1609/1609 1672/1672/1672
f 1609/1609/1609 1611/1611/1611 1673/1673/1673
f 1610/1610/1610 1674/1674/1674 1673/1673/1673
f 1612/1612/1612 1675/1675/1675 1674/1674/1674
f 1613/1613/1613 1677/1677/1677 1675/1675/1675
f 1613/1613/1613 1614/1614/1614 1676/1676/1676
f 1614/1614/1614 1615/1615/1615 1678/1678/1678
f 1615/1615/1615 1616/1616/1616 1679/1679/1679
f 1616/1616/1616 1617/1617/1617 1680/1680/1680
f 1617/1617/1617 1618/1618/1618 1681/1681/1681
f 1618/1618/1618 1619/1619/1619 1682/1682/1682
f 1619/1619/1619 1621/1621/1621 1683/1683/1683
f 1621/1621/1621 1620/1620/1620 1684/1684/1684
f 1622/1622/1622 1686/1686/1686 1684/1684/1684
f 1622/1622/1622 1623/1623/1623 1685/1685/1685
f 1624/1624/1624 1687/1687/1687 1685/1685/1685
f 1626/1626/1626 1688/1688/1688 1687/1687/1687
f 1625/1625/1625 1689/1689/1689 1688/1688/1688
f 1628/1628/1628 1690/1690/1690 1689/1689/1689
f 1627/1627/1627 1691/1691/1691 1690/1690/1690
f 1629/1629/1629 4043/4043/4043 1691/1691/1691
f 1630/1630/1630 1694/1694/1694 1692/1692/1692
f 1630/1630/1630 1632/1632/1632 1693/1693/1693
f 1633/1633/1633 1695/1695/1695 1693/1693/1693
f 1634/1634/1634 1697/1697/1697 1695/1695/1695
f 1634/1634/1634 1635/1635/1635 1696/1696/1696
f 1636/1636/1636 1698/1698/1698 1696/1696/1696
f 1638/1638/1638 1700/1700/1700 1698/1698/1698
f 1638/1638/1638 1637/1637/1637 1699/1699/1699
f 1640/1640/1640 1701/1701/1701 1699/1699/1699
f 1639/1639/1639 1702/1702/1702 1701/1701/1701
f 1641/1641/1641 1704/1704/1704 1702/1702/1702
f 1641/1641/1641 1642/1642/1642 1703/1703/1703
f 1642/1642/1642 1643/1643/1643 1705/1705/1705
f 1644/1644/1644 1706/1706/1706 1705/1705/1705
f 1646/1646/1646 1707/1707/1707 1706/1706/1706
f 1645/1645/1645 1708/1708/1708 1707/1707/1707
f 1647/1647/1647 1710/1710/1710 1708/1708/1708
f 1647/1647/1647 1648/1648/1648 1709/1709/1709
f 1649/1649/1649 1711/1711/1711 1709/1709/1709
f 1651/1651/1651 1713/1713/1713 1711/1711/1711
f 1651/1651/1651 1650/1650/1650 1712/1712/1712
f 1650/1650/1650 1653/1653/1653 1714/1714/1714
f 1652/1652/1652 1715/1715/1715 1714/1714/1714
f 1654/1654/1654 1716/1716/1716 1715/1715/1715
f 1655/1655/1655 1718/1718/1718 1716/1716/1716
f 1655/1655/1655 1656/1656/1656 1717/1717/1717
f 1656/1656/1656 1657/1657/1657 1719/1719/1719
f 1657/1657/1657 1658/1658/1658 1720/1720/1720
f 1658/1658/1658 1659/1659/1659 1721/1721/1721
f 1660/1660/1660 1722/1722/1722 1721/1721/1721
f 1662/1662/1662 1724/1724/1724 1722/1722/1722
f 1662/1662/1662 1661/1661/1661 1723/1723/1723
f 1663/1663/1663 1726/1726/1726 1723/1723/1723
f 1663/1663/1663 1664/1664/1664 1725/1725/1725
f 1664/1664/1664 1666/1666/1666 1727/1727/1727
f 1665/1665/1665 1728/1728/1728 1727/1727/1727
f 1667/1667/1667 1730/1730/1730 1728/1728/1728
f 1667/1667/1667 1668/1668/1668 1729/1729/1729
f 1668/1668/1668 1669/1669/1669 1731/1731/1731
f 1669/1669/1669 1671/1671/1671 1732/1732/1732
f 1670/1670/1670 1733/1733/1733 1732/1732/1732
f 1672/1672/1672 1735/1735/1735 1733/1733/1733
f 1672/1672/1672 1673/1673/1673 1734/1734/1734
f 1674/1674/1674 1736/1736/1736 1734/1734/1734
f 1675/1675/1675 1737/1737/1737 1736/1736/1736
f 1677/1677/1677 1739/1739/1739 1737/1737/1737
f 1677/1677/1677 1676/1676/1676 1738/1738/1738
f 1676/1676/1676 1678/1678/1678 1740/1740/1740
f 1679/1679/1679 1741/1741/1741 1740/1740/1740
f 1680/1680/1680 1742/1742/1742 1741/1741/1741
f 1681/1681/1681 1744/1744/1744 1742/1742/1742
f 1681/1681/1681 1682/1682/1682 1743/1743/1743
f 1682/1682/1682 1683/1683/1683 1745/1745/1745
f 1683/1683/1683 1684/1684/1684 1746/1746/1746
f 1684/1684/1684 1686/1686/1686 1747/1747/1747
f 1686/1686/1686 1685/1685/1685 1748/1748/1748
f 1687/1687/1687 1749/1749/1749 1748/1748/1748
f 1688/1688/1688 1751/1751/1751 1749/1749/1749
f 1688/1688/1688 1689/1689/1689 1750/1750/1750
f 1689/1689/1689 1690/1690/1690 1752/1752/1752
f 1690/1690/1690 1691/1691/1691 1753/1753/1753
f 1691/1691/1691 4043/4043/4043 1754/1754/1754
f 1694/1694/1694 1756/1756/1756 1755/1755/1755
f 1693/1693/1693 1757/1757/1757 1756/1756/1756
f 1695/1695/1695 1758/1758/1758 1757/1757/1757
f 1697/1697/1697 1759/1759/1759 1758/1758/1758
f 1696/1696/1696 1760/1760/1760 1759/1759/1759
f 1698/1698/1698 1761/1761/1761 1760/1760/1760
f 1700/1700/1700 1762/1762/1762 1761/1761/1761
f 1699/1699/1699 1763/1763/1763 1762/1762/1762
f 1701/1701/1701 1765/1765/1765 1763/1763/1763
f 1701/1701/1701 1702/1702/1702 1764/1764/1764
f 1704/1704/1704 1767/1767/1767 1764/1764/1764
f 1704/1704/1704 1703/1703/1703 1766/1766/1766
f 1705/1705/1705 1768/1768/1768 1766/1766/1766
f 1706/1706/1706 1769/1769/1769 1768/1768/1768
f 1707/1707/1707 1770/1770/1770 1769/1769/1769
f 1708/1708/1708 1771/1771/1771 1770/1770/1770
f 1710/1710/1710 1772/1772/1772 1771/1771/1771
f 1709/1709/1709 1774/1774/1774 1772/1772/1772
f 1709/1709/1709 1711/1711/1711 1773/1773/1773
f 1711/1711/1711 1713/1713/1713 1775/1775/1775
f 1712/1712/1712 1776/1776/1776 1775/1775/1775
f 1714/1714/1714 1777/1777/1777 1776/1776/1776
f 1715/1715/1715 1779/1779/1779 1777/1777/1777
f 1715/1715/1715 1716/1716/1716 1778/1778/1778
f 1718/1718/1718 1780/1780/1780 1778/1778/1778
f 1717/1717/1717 1781/1781/1781 1780/1780/1780
f 1719/1719/1719 1783/1783/1783 1781/1781/1781
f 1719/1719/1719 1720/1720/1720 1782/1782/1782
f 1720/1720/1720 1721/1721/1721 1784/1784/1784
f 1721/1721/1721 1722/1722/1722 1785/1785/1785
f 1722/1722/1722 1724/1724/1724 1786/1786/1786
f 1723/1723/1723 1787/1787/1787 1786/1786/1786
f 1726/1726/1726 1789/1789/1789 1787/1787/1787
f 1726/1726/1726 1725/1725/1725 1788/1788/1788
f 1727/1727/1727 1791/1791/1791 1788/1788/1788
f 1727/1727/1727 1728/1728/1728 1790/1790/1790
f 1728/1728/1728 1730/1730/1730 1792/1792/1792
f 1730/1730/1730 1729/1729/1729 1793/1793/1793
f 1729/1729/1729 1731/1731/1731 1794/1794/1794
f 1731/1731/1731 1732/1732/1732 1795/1795/1795
f 1732/1732/1732 1733/1733/1733 1796/1796/1796
f 1733/1733/1733 1735/1735/1735 1797/1797/1797
f 1734/1734/1734 1799/1799/1799 1797/1797/1797
f 1734/1734/1734 1736/1736/1736 1798/1798/1798
f 1736/1736/1736 1737/1737/1737 1800/1800/1800
f 1737/1737/1737 1739/1739/1739 1801/1801/1801
f 1738/1738/1738 1802/1802/1802 1801/1801/1801
f 1740/1740/1740 1803/1803/1803 1802/1802/1802
f 1741/1741/1741 1804/1804/1804 1803/1803/1803
f 1742/1742/1742 1805/1805/1805 1804/1804/1804
f 1744/1744/1744 1806/1806/1806 1805/1805/1805
f 1743/1743/1743 1807/1807/1807 1806/1806/1806
f 1745/1745/1745 1809/1809/1809 1807/1807/1807
f 1745/1745/1745 1746/1746/1746 1808/1808/1808
f 1747/1747/1747 1810/1810/1810 1808/1808/1808
f 1748/1748/1748 1812/1812/1812 1810/1810/1810
f 1748/1748/1748 1749/1749/1749 1811/1811/1811
f 1749/1749/1749 1751/1751/1751 1813/1813/1813
f 1750/1750/1750 1815/1815/1815 1813/1813/1813
f 1750/1750/1750 1752/1752/1752 1814/1814/1814
f 1753/1753/1753 1817/1817/1817 1814/1814/1814
f 1753/1753/1753 1754/1754/1754 1816/1816/1816
f 1756/1756/1756 1820/1820/1820 1818/1818/1818
f 1756/1756/1756 1757/1757/1757 1819/1819/1819
f 1757/1757/1757 1758/1758/1758 1821/1821/1821
f 1758/1758/1758 1759/1759/1759 1822/1822/1822
f 1759/1759/1759 1760/1760/1760 1823/1823/1823
f 1761/1761/1761 1824/1824/1824 1823/1823/1823
f 1762/1762/1762 1826/1826/1826 1824/1824/1824
f 1762/1762/1762 1763/1763/1763 1825/1825/1825
f 1765/1765/1765 1827/1827/1827 1825/1825/1825
f 1764/1764/1764 1828/1828/1828 1827/1827/1827
f 1767/1767/1767 1829/1829/1829 1828/1828/1828
f 1766/1766/1766 1830/1830/1830 1829/1829/1829
f 1768/1768/1768 1831/1831/1831 1830/1830/1830
f 1769/1769/1769 1833/1833/1833 1831/1831/1831
f 1769/1769/1769 1770/1770/1770 1832/1832/1832
f 1770/1770/1770 1771/1771/1771 1834/1834/1834
f 1771/1771/1771 1772/1772/1772 1835/1835/1835
f 1774/1774/1774 1837/1837/1837 1835/1835/1835
f 1774/1774/1774 1773/1773/1773 1836/1836/1836
f 1773/1773/1773 1775/1775/1775 1838/1838/1838
f 1775/1775/1775 1776/1776/1776 1839/1839/1839
f 1777/1777/1777 1841/1841/1841 1839/1839/1839
f 1777/1777/1777 1779/1779/1779 1840/1840/1840
f 1779/1779/1779 1778/1778/1778 1842/1842/1842
f 1780/1780/1780 1843/1843/1843 1842/1842/1842
f 1781/1781/1781 1844/1844/1844 1843/1843/1843
f 1783/1783/1783 1845/1845/1845 1844/1844/1844
f 1782/1782/1782 1846/1846/1846 1845/1845/1845
f 1784/1784/1784 1848/1848/1848 1846/1846/1846
f 1784/1784/1784 1785/1785/1785 1847/1847/1847
f 1786/1786/1786 1850/1850/1850 1847/1847/1847
f 1786/1786/1786 1787/1787/1787 1849/1849/1849
f 1787/1787/1787 1789/1789/1789 1851/1851/1851
f 1789/1789/1789 1788/1788/1788 1852/1852/1852
f 1791/1791/1791 1854/1854/1854 1852/1852/1852
f 1791/1791/1791 1790/1790/1790 1853/1853/1853
f 1790/1790/1790 1792/1792/1792 1855/1855/1855
f 1792/1792/1792 1793/1793/1793 1856/1856/1856
f 1794/1794/1794 1857/1857/1857 1856/1856/1856
f 1795/1795/1795 1858/1858/1858 1857/1857/1857
f 1796/1796/1796 1859/1859/1859 1858/1858/1858
f 1797/1797/1797 1861/1861/1861 1859/1859/1859
f 1797/1797/1797 1799/1799/1799 1860/1860/1860
f 1798/1798/1798 1862/1862/1862 1860/1860/1860
f 1800/1800/1800 1863/1863/1863 1862/1862/1862
f 1801/1801/1801 1864/1864/1864 1863/1863/1863
f 1802/1802/1802 1866/1866/1866 1864/1864/1864
f 1802/1802/1802 1803/1803/1803 1865/1865/1865
f 1803/1803/1803 1804/1804/1804 1867/1867/1867
f 1804/1804/1804 1805/1805/1805 1868/1868/1868
f 1806/1806/1806 1869/1869/1869 1868/1868/1868
f 1807/1807/1807 1870/1870/1870 1869/1869/1869
f 1809/1809/1809 1872/1872/1872 1870/1870/1870
f 1809/1809/1809 1808/1808/1808 1871/1871/1871
f 1808/1808/1808 1810/1810/1810 1873/1873/1873
f 1810/1810/1810 1812/1812/1812 1874/1874/1874
f 1812/1812/1812 1811/1811/1811 1875/1875/1875
f 1811/1811/1811 1813/1813/1813 1876/1876/1876
f 1815/1815/1815 1877/1877/1877 1876/1876/1876
f 1814/1814/1814 1878/1878/1878 1877/1877/1877
f 1817/1817/1817 1879/1879/1879 1878/1878/1878
f 1816/1816/1816 1942/1942/1942 1879/1879/1879
f 1818/1818/1818 1820/1820/1820 1880/1880/1880
f 1819/1819/1819 1883/1883/1883 1880/1880/1880
f 1819/1819/1819 1821/1821/1821 1882/1882/1882
f 1821/1821/1821 1822/1822/1822 1884/1884/1884
f 1822/1822/1822 1823/1823/1823 1885/1885/1885
f 1823/1823/1823 1824/1824/1824 1886/1886/1886
f 1824/1824/1824 1826/1826/1826 1887/1887/1887
f 1825/1825/1825 1888/1888/1888 1887/1887/1887
f 1827/1827/1827 1890/1890/1890 1888/1888/1888
f 1827/1827/1827 1828/1828/1828 1889/1889/1889
f 1829/1829/1829 1892/1892/1892 1889/1889/1889
f 1829/1829/1829 1830/1830/1830 1891/1891/1891
f 1830/1830/1830 1831/1831/1831 1893/1893/1893
f 1833/1833/1833 1894/1894/1894 1893/1893/1893
f 1832/1832/1832 1896/1896/1896 1894/1894/1894
f 1832/1832/1832 1834/1834/1834 1895/1895/1895
f 1834/1834/1834 1835/1835/1835 1897/1897/1897
f 1837/1837/1837 1898/1898/1898 1897/1897/1897
f 1836/1836/1836 1899/1899/1899 1898/1898/1898
f 1838/1838/1838 1900/1900/1900 1899/1899/1899
f 1839/1839/1839 1901/1901/1901 1900/1900/1900
f 1841/1841/1841 1902/1902/1902 1901/1901/1901
f 1840/1840/1840 1903/1903/1903 1902/1902/1902
f 1842/1842/1842 1904/1904/1904 1903/1903/1903
f 1843/1843/1843 1906/1906/1906 1904/1904/1904
f 1843/1843/1843 1844/1844/1844 1905/1905/1905
f 1844/1844/1844 1845/1845/1845 1907/1907/1907
f 1845/1845/1845 1846/1846/1846 1908/1908/1908
f 1848/1848/1848 1909/1909/1909 1908/1908/1908
f 1847/1847/1847 1910/1910/1910 1909/1909/1909
f 1850/1850/1850 1912/1912/1912 1910/1910/1910
f 1850/1850/1850 1849/1849/1849 1911/1911/1911
f 1849/1849/1849 1851/1851/1851 1913/1913/1913
f 1852/1852/1852 1914/1914/1914 1913/1913/1913
f 1854/1854/1854 1915/1915/1915 1914/1914/1914
f 1853/1853/1853 1916/1916/1916 1915/1915/1915
f 1855/1855/1855 1917/1917/1917 1916/1916/1916
f 1856/1856/1856 1919/1919/1919 1917/1917/1917
f 1856/1856/1856 1857/1857/1857 1918/1918/1918
f 1858/1858/1858 1921/1921/1921 1918/1918/1918
f 1858/1858/1858 1859/1859/1859 1920/1920/1920
f 1861/1861/1861 1922/1922/1922 1920/1920/1920
f 1860/1860/1860 1923/1923/1923 1922/1922/1922
f 1862/1862/1862 1925/1925/1925 1923/1923/1923
f 1862/1862/1862 1863/1863/1863 1924/1924/1924
f 1864/1864/1864 1926/1926/1926 1924/1924/1924
f 1866/1866/1866 1928/1928/1928 1926/1926/1926
f 1866/1866/1866 1865/1865/1865 1927/1927/1927
f 1865/1865/1865 1867/1867/1867 1929/1929/1929
f 1868/1868/1868 1931/1931/1931 1929/1929/1929
f 1868/1868/1868 1869/1869/1869 1930/1930/1930
f 1869/1869/1869 1870/1870/1870 1932/1932/1932
f 1872/1872/1872 1934/1934/1934 1932/1932/1932
f 1872/1872/1872 1871/1871/1871 1933/1933/1933
f 1873/1873/1873 1935/1935/1935 1933/1933/1933
f 1874/1874/1874 1936/1936/1936 1935/1935/1935
f 1875/1875/1875 1937/1937/1937 1936/1936/1936
f 1876/1876/1876 1939/1939/1939 1937/1937/1937
f 1876/1876/1876 1877/1877/1877 1938/1938/1938
f 1878/1878/1878 1941/1941/1941 1938/1938/1938
f 1878/1878/1878 1879/1879/1879 1940/1940/1940
f 1942/1942/1942 2005/2005/2005 1940/1940/1940
f 1881/1881/1881 1880/1880/1880 1943/1943/1943
f 1880/1880/1880 1883/1883/1883 1945/1945/1945
f 1882/1882/1882 1946/1946/1946 1945/1945/1945
f 1884/1884/1884 1947/1947/1947 1946/1946/1946
f 1885/1885/1885 1949/1949/1949 1947/1947/1947
f 1885/1885/1885 1886/1886/1886 1948/1948/1948
f 1886/1886/1886 1887/1887/1887 1950/1950/1950
f 1887/1887/1887 1888/1888/1888 1951/1951/1951
f 1888/1888/1888 1890/1890/1890 1952/1952/1952
f 1890/1890/1890 1889/1889/1889 1953/1953/1953
f 1889/1889/1889 1892/1892/1892 1954/1954/1954
f 1892/1892/1892 1891/1891/1891 1955/1955/1955
f 1891/1891/1891 1893/1893/1893 1956/1956/1956
f 1893/1893/1893 1894/1894/1894 1957/1957/1957
f 1894/1894/1894 1896/1896/1896 1958/1958/1958
f 1896/1896/1896 1895/1895/1895 1959/1959/1959
f 1895/1895/1895 1897/1897/1897 1960/1960/1960
f 1898/1898/1898 1961/1961/1961 1960/1960/1960
f 1899/1899/1899 1962/1962/1962 1961/1961/1961
f 1900/1900/1900 1963/1963/1963 1962/1962/1962
f 1901/1901/1901 1965/1965/1965 1963/1963/1963
f 1901/1901/1901 1902/1902/1902 1964/1964/1964
f 1902/1902/1902 1903/1903/1903 1966/1966/1966
f 1903/1903/1903 1904/1904/1904 1967/1967/1967
f 1904/1904/1904 1906/1906/1906 1968/1968/1968
f 1905/1905/1905 1969/1969/1969 1968/1968/1968
f 1907/1907/1907 1971/1971/1971 1969/1969/1969
f 1907/1907/1907 1908/1908/1908 1970/1970/1970
f 1909/1909/1909 1972/1972/1972 1970/1970/1970
f 1910/1910/1910 1974/1974/1974 1972/1972/1972
f 1910/1910/1910 1912/1912/1912 1973/1973/1973
f 1911/1911/1911 1976/1976/1976 1973/1973/1973
f 1911/1911/1911 1913/1913/1913 1975/1975/1975
f 1913/1913/1913 1914/1914/1914 1977/1977/1977
f 1915/1915/1915 1978/1978/1978 1977/1977/1977
f 1916/1916/1916 1979/1979/1979 1978/1978/1978
f 1917/1917/1917 1980/1980/1980 1979/1979/1979
f 1919/1919/1919 1982/1982/1982 1980/1980/1980
f 1919/1919/1919 1918/1918/1918 1981/1981/1981
f 1921/1921/1921 1983/1983/1983 1981/1981/1981
f 1920/1920/1920 1985/1985/1985 1983/1983/1983
f 1920/1920/1920 1922/1922/1922 1984/1984/1984
f 1922/1922/1922 1923/1923/1923 1986/1986/1986
f 1925/1925/1925 1988/1988/1988 1986/1986/1986
f 1925/1925/1925 1924/1924/1924 1987/1987/1987
f 1926/1926/1926 1989/1989/1989 1987/1987/1987
f 1928/1928/1928 1990/1990/1990 1989/1989/1989
f 1927/1927/1927 1991/1991/1991 1990/1990/1990
f 1929/1929/1929 1992/1992/1992 1991/1991/1991
f 1931/1931/1931 1993/1993/1993 1992/1992/1992
f 1930/1930/1930 1994/1994/1994 1993/1993/1993
f 1932/1932/1932 1995/1995/1995 1994/1994/1994
f 1934/1934/1934 1997/1997/1997 1995/1995/1995
f 1934/1934/1934 1933/1933/1933 1996/1996/1996
f 1935/1935/1935 1998/1998/1998 1996/1996/1996
f 1936/1936/1936 2000/2000/2000 1998/1998/1998
f 1936/1936/1936 1937/1937/1937 1999/1999/1999
f 1939/1939/1939 2001/2001/2001 1999/1999/1999
f 1938/1938/1938 2003/2003/2003 2001/2001/2001
f 1938/1938/1938 1941/1941/1941 2002/2002/2002
f 1941/1941/1941 1940/1940/1940 2004/2004/2004
f 2005/2005/2005 2068/2068/2068 2004/2004/2004
f 1943/1943/1943 2007/2007/2007 2006/2006/2006
f 1945/1945/1945 2008/2008/2008 2007/2007/2007
f 1946/1946/1946 2009/2009/2009 2008/2008/2008
f 1947/1947/1947 2010/2010/2010 2009/2009/2009
f 1949/1949/1949 2011/2011/2011 2010/2010/2010
f 1948/1948/1948 2013/2013/2013 2011/2011/2011
f 1948/1948/1948 1950/1950/1950 2012/2012/2012
f 1951/1951/1951 2014/2014/2014 2012/2012/2012
f 1952/1952/1952 2015/2015/2015 2014/2014/2014
f 1953/1953/1953 2016/2016/2016 2015/2015/2015
f 1954/1954/1954 2017/2017/2017 2016/2016/2016
f 1955/1955/1955 2018/2018/2018 2017/2017/2017
f 1956/1956/1956 2019/2019/2019 2018/2018/2018
f 1957/1957/1957 2020/2020/2020 2019/2019/2019
f 1958/1958/1958 2021/2021/2021 2020/2020/2020
f 1959/1959/1959 2022/2022/2022 2021/2021/2021
f 1960/1960/1960 2023/2023/2023 2022/2022/2022
f 1961/1961/1961 2025/2025/2025 2023/2023/2023
f 1961/1961/1961 1962/1962/1962 2024/2024/2024
f 1962/1962/1962 1963/1963/1963 2026/2026/2026
f 1963/1963/1963 1965/1965/1965 2027/2027/2027
f 1964/1964/1964 2028/2028/2028 2027/2027/2027
f 1966/1966/1966 2029/2029/2029 2028/2028/2028
f 1967/1967/1967 2030/2030/2030 2029/2029/2029
f 1968/1968/1968 2031/2031/2031 2030/2030/2030
f 1969/1969/1969 2032/2032/2032 2031/2031/2031
f 1971/1971/1971 2033/2033/2033 2032/2032/2032
f 1970/1970/1970 2035/2035/2035 2033/2033/2033
f 1970/1970/1970 1972/1972/1972 2034/2034/2034
f 1974/1974/1974 2036/2036/2036 2034/2034/2034
f 1973/1973/1973 2038/2038/2038 2036/2036/2036
f 1973/1973/1973 1976/1976/1976 2037/2037/2037
f 1975/1975/1975 2039/2039/2039 2037/2037/2037
f 1977/1977/1977 2041/2041/2041 2039/2039/2039
f 1977/1977/1977 1978/1978/1978 2040/2040/2040
f 1979/1979/1979 2043/2043/2043 2040/2040/2040
f 1979/1979/1979 1980/1980/1980 2042/2042/2042
f 1980/1980/1980 1982/1982/1982 2044/2044/2044
f 1982/1982/1982 1981/1981/1981 2045/2045/2045
f 1981/1981/1981 1983/1983/1983 2046/2046/2046
f 1983/1983/1983 1985/1985/1985 2047/2047/2047
f 1984/1984/1984 2049/2049/2049 2047/2047/2047
f 1984/1984/1984 1986/1986/1986 2048/2048/2048
f 1986/1986/1986 1988/1988/1988 2050/2050/2050
f 1987/1987/1987 2052/2052/2052 2050/2050/2050
f 1987/1987/1987 1989/1989/1989 2051/2051/2051
f 1989/1989/1989 1990/1990/1990 2053/2053/2053
f 1990/1990/1990 1991/1991/1991 2054/2054/2054
f 1991/1991/1991 1992/1992/1992 2055/2055/2055
f 1992/1992/1992 1993/1993/1993 2056/2056/2056
f 1994/1994/1994 2058/2058/2058 2056/2056/2056
f 1994/1994/1994 1995/1995/1995 2057/2057/2057
f 1995/1995/1995 1997/1997/1997 2059/2059/2059
f 1996/1996/1996 2061/2061/2061 2059/2059/2059
f 1996/1996/1996 1998/1998/1998 2060/2060/2060
f 1998/1998/1998 2000/2000/2000 2062/2062/2062
f 2000/2000/2000 1999/1999/1999 2063/2063/2063
f 1999/1999/1999 2001/2001/2001 2064/2064/2064
f 2001/2001/2001 2003/2003/2003 2065/2065/2065
f 2003/2003/2003 2002/2002/2002 2066/2066/2066
f 2002/2002/2002 2004/2004/2004 2067/2067/2067
f 2068/2068/2068 2130/2130/2130 2067/2067/2067
f 2007/2007/2007 2071/2071/2071 2069/2069/2069
f 2007/2007/2007 2008/2008/2008 2070/2070/2070
f 2009/2009/2009 2073/2073/2073 2070/2070/2070
f 2009/2009/2009 2010/2010/2010 2072/2072/2072
f 2011/2011/2011 2074/2074/2074 2072/2072/2072
f 2013/2013/2013 2075/2075/2075 2074/2074/2074
f 2012/2012/2012 2077/2077/2077 2075/2075/2075
f 2012/2012/2012 2014/2014/2014 2076/2076/2076
f 2014/2014/2014 2015/2015/2015 2078/2078/2078
f 2016/2016/2016 2080/2080/2080 2078/2078/2078
f 2016/2016/2016 2017/2017/2017 2079/2079/2079
f 2017/2017/2017 2018/2018/2018 2081/2081/2081
f 2019/2019/2019 2082/2082/2082 2081/2081/2081
f 2020/2020/2020 2083/2083/2083 2082/2082/2082
f 2021/2021/2021 2085/2085/2085 2083/2083/2083
f 2021/2021/2021 2022/2022/2022 2084/2084/2084
f 2022/2022/2022 2023/2023/2023 2086/2086/2086
f 2023/2023/2023 2025/2025/2025 2087/2087/2087
f 2025/2025/2025 2024/2024/2024 2088/2088/2088
f 2024/2024/2024 2026/2026/2026 2089/2089/2089
f 2026/2026/2026 2027/2027/2027 2090/2090/2090
f 2027/2027/2027 2028/2028/2028 2091/2091/2091
f 2028/2028/2028 2029/2029/2029 2092/2092/2092
f 2029/2029/2029 2030/2030/2030 2093/2093/2093
f 2030/2030/2030 2031/2031/2031 2094/2094/2094
f 2031/2031/2031 2032/2032/2032 2095/2095/2095
f 2032/2032/2032 2033/2033/2033 2096/2096/2096
f 2035/2035/2035 2097/2097/2097 2096/2096/2096
f 2034/2034/2034 2099/2099/2099 2097/2097/2097
f 2034/2034/2034 2036/2036/2036 2098/2098/2098
f 2038/2038/2038 2100/2100/2100 2098/2098/2098
f 2037/2037/2037 2101/2101/2101 2100/2100/2100
f 2039/2039/2039 2102/2102/2102 2101/2101/2101
f 2041/2041/2041 2104/2104/2104 2102/2102/2102
f 2041/2041/2041 2040/2040/2040 2103/2103/2103
f 2040/2040/2040 2043/2043/2043 2105/2105/2105
f 2043/2043/2043 2042/2042/2042 2106/2106/2106
f 2042/2042/2042 2044/2044/2044 2107/2107/2107
f 2044/2044/2044 2045/2045/2045 2108/2108/2108
f 2046/2046/2046 2109/2109/2109 2108/2108/2108
f 2047/2047/2047 2110/2110/2110 2109/2109/2109
f 2049/2049/2049 2111/2111/2111 2110/2110/2110
f 2048/2048/2048 2113/2113/2113 2111/2111/2111
f 2048/2048/2048 2050/2050/2050 2112/2112/2112
f 2052/2052/2052 2114/2114/2114 2112/2112/2112
f 2051/2051/2051 2116/2116/2116 2114/2114/2114
f 2051/2051/2051 2053/2053/2053 2115/2115/2115
f 2054/2054/2054 2117/2117/2117 2115/2115/2115
f 2055/2055/2055 2119/2119/2119 2117/2117/2117
f 2055/2055/2055 2056/2056/2056 2118/2118/2118
f 2058/2058/2058 2121/2121/2121 2118/2118/2118
f 2058/2058/2058 2057/2057/2057 2120/2120/2120
f 2059/2059/2059 2122/2122/2122 2120/2120/2120
f 2061/2061/2061 2123/2123/2123 2122/2122/2122
f 2060/2060/2060 2125/2125/2125 2123/2123/2123
f 2060/2060/2060 2062/2062/2062 2124/2124/2124
f 2062/2062/2062 2063/2063/2063 2126/2126/2126
f 2064/2064/2064 2127/2127/2127 2126/2126/2126
f 2065/2065/2065 2128/2128/2128 2127/2127/2127
f 2066/2066/2066 2129/2129/2129 2128/2128/2128
f 2067/2067/2067 2131/2131/2131 2129/2129/2129
f 2130/2130/2130 4048/4048/4048 2131/2131/2131
f 2071/2071/2071 2134/2134/2134 2132/2132/2132
f 2071/2071/2071 2070/2070/2070 2133/2133/2133
f 2073/2073/2073 2135/2135/2135 2133/2133/2133
f 2072/2072/2072 2136/2136/2136 2135/2135/2135
f 2074/2074/2074 2138/2138/2138 2136/2136/2136
f 2074/2074/2074 2075/2075/2075 2137/2137/2137
f 2075/2075/2075 2077/2077/2077 2139/2139/2139
f 2077/2077/2077 2076/2076/2076 2140/2140/2140
f 2078/2078/2078 2142/2142/2142 2140/2140/2140
f 2078/2078/2078 2080/2080/2080 2141/2141/2141
f 2080/2080/2080 2079/2079/2079 2143/2143/2143
f 2081/2081/2081 2144/2144/2144 2143/2143/2143
f 2082/2082/2082 2145/2145/2145 2144/2144/2144
f 2083/2083/2083 2146/2146/2146 2145/2145/2145
f 2085/2085/2085 2147/2147/2147 2146/2146/2146
f 2084/2084/2084 2149/2149/2149 2147/2147/2147
f 2084/2084/2084 2086/2086/2086 2148/2148/2148
f 2086/2086/2086 2087/2087/2087 2150/2150/2150
f 2088/2088/2088 2151/2151/2151 2150/2150/2150
f 2089/2089/2089 2152/2152/2152 2151/2151/2151
f 2090/2090/2090 2154/2154/2154 2152/2152/2152
f 2090/2090/2090 2091/2091/2091 2153/2153/2153
f 2092/2092/2092 2155/2155/2155 2153/2153/2153
f 2093/2093/2093 2157/2157/2157 2155/2155/2155
f 2093/2093/2093 2094/2094/2094 2156/2156/2156
f 2094/2094/2094 2095/2095/2095 2158/2158/2158
f 2096/2096/2096 2160/2160/2160 2158/2158/2158
f 2096/2096/2096 2097/2097/2097 2159/2159/2159
f 2097/2097/2097 2099/2099/2099 2161/2161/2161
f 2099/2099/2099 2098/2098/2098 2162/2162/2162
f 2098/2098/2098 2100/2100/2100 2163/2163/2163
f 2101/2101/2101 2164/2164/2164 2163/2163/2163
f 2102/2102/2102 2165/2165/2165 2164/2164/2164
f 2104/2104/2104 2166/2166/2166 2165/2165/2165
f 2103/2103/2103 2167/2167/2167 2166/2166/2166
f 2105/2105/2105 2168/2168/2168 2167/2167/2167
f 2106/2106/2106 2169/2169/2169 2168/2168/2168
f 2107/2107/2107 2170/2170/2170 2169/2169/2169
f 2108/2108/2108 2171/2171/2171 2170/2170/2170
f 2109/2109/2109 2173/2173/2173 2171/2171/2171
f 2109/2109/2109 2110/2110/2110 2172/2172/2172
f 2110/2110/2110 2111/2111/2111 2174/2174/2174
f 2113/2113/2113 2175/2175/2175 2174/2174/2174
f 2112/2112/2112 2176/2176/2176 2175/2175/2175
f 2114/2114/2114 2177/2177/2177 2176/2176/2176
f 2116/2116/2116 2178/2178/2178 2177/2177/2177
f 2115/2115/2115 2180/2180/2180 2178/2178/2178
f 2115/2115/2115 2117/2117/2117 2179/2179/2179
f 2119/2119/2119 2182/2182/2182 2179/2179/2179
f 2119/2119/2119 2118/2118/2118 2181/2181/2181
f 2121/2121/2121 2184/2184/2184 2181/2181/2181
f 2121/2121/2121 2120/2120/2120 2183/2183/2183
f 2122/2122/2122 2186/2186/2186 2183/2183/2183
f 2122/2122/2122 2123/2123/2123 2185/2185/2185
f 2123/2123/2123 2125/2125/2125 2187/2187/2187
f 2124/2124/2124 2188/2188/2188 2187/2187/2187
f 2126/2126/2126 2189/2189/2189 2188/2188/2188
f 2127/2127/2127 2191/2191/2191 2189/2189/2189
f 2127/2127/2127 2128/2128/2128 2190/2190/2190
f 2128/2128/2128 2129/2129/2129 2192/2192/2192
f 2129/2129/2129 2131/2131/2131 2193/2193/2193
f 2131/2131/2131 4048/4048/4048 2194/2194/2194
f 2132/2132/2132 2134/2134/2134 2195/2195/2195
f 2133/2133/2133 2198/2198/2198 2195/2195/2195
f 2133/2133/2133 2135/2135/2135 2197/2197/2197
f 2135/2135/2135 2136/2136/2136 2199/2199/2199
f 2138/2138/2138 2201/2201/2201 2199/2199/2199
f 2138/2138/2138 2137/2137/2137 2200/2200/2200
f 2137/2137/2137 2139/2139/2139 2202/2202/2202
f 2140/2140/2140 2204/2204/2204 2202/2202/2202
f 2140/2140/2140 2142/2142/2142 2203/2203/2203
f 2141/2141/2141 2205/2205/2205 2203/2203/2203
f 2143/2143/2143 2206/2206/2206 2205/2205/2205
f 2144/2144/2144 2208/2208/2208 2206/2206/2206
f 2144/2144/2144 2145/2145/2145 2207/2207/2207
f 2145/2145/2145 2146/2146/2146 2209/2209/2209
f 2146/2146/2146 2147/2147/2147 2210/2210/2210
f 2149/2149/2149 2211/2211/2211 2210/2210/2210
f 2148/2148/2148 2212/2212/2212 2211/2211/2211
f 2150/2150/2150 2213/2213/2213 2212/2212/2212
f 2151/2151/2151 2215/2215/2215 2213/2213/2213
f 2151/2151/2151 2152/2152/2152 2214/2214/2214
f 2154/2154/2154 2216/2216/2216 2214/2214/2214
f 2153/2153/2153 2217/2217/2217 2216/2216/2216
f 2155/2155/2155 2219/2219/2219 2217/2217/2217
f 2155/2155/2155 2157/2157/2157 2218/2218/2218
f 2156/2156/2156 2220/2220/2220 2218/2218/2218
f 2158/2158/2158 2221/2221/2221 2220/2220/2220
f 2160/2160/2160 2223/2223/2223 2221/2221/2221
f 2160/2160/2160 2159/2159/2159 2222/2222/2222
f 2159/2159/2159 2161/2161/2161 2224/2224/2224
f 2162/2162/2162 2225/2225/2225 2224/2224/2224
f 2163/2163/2163 2226/2226/2226 2225/2225/2225
f 2164/2164/2164 2228/2228/2228 2226/2226/2226
f 2164/2164/2164 2165/2165/2165 2227/2227/2227
f 2166/2166/2166 2229/2229/2229 2227/2227/2227
f 2167/2167/2167 2231/2231/2231 2229/2229/2229
f 2167/2167/2167 2168/2168/2168 2230/2230/2230
f 2168/2168/2168 2169/2169/2169 2232/2232/2232
f 2169/2169/2169 2170/2170/2170 2233/2233/2233
f 2171/2171/2171 2234/2234/2234 2233/2233/2233
f 2173/2173/2173 2235/2235/2235 2234/2234/2234
f 2172/2172/2172 2236/2236/2236 2235/2235/2235
f 2174/2174/2174 2238/2238/2238 2236/2236/2236
f 2174/2174/2174 2175/2175/2175 2237/2237/2237
f 2175/2175/2175 2176/2176/2176 2239/2239/2239
f 2176/2176/2176 2177/2177/2177 2240/2240/2240
f 2177/2177/2177 2178/2178/2178 2241/2241/2241
f 2180/2180/2180 2242/2242/2242 2241/2241/2241
f 2179/2179/2179 2243/2243/2243 2242/2242/2242
f 2182/2182/2182 2244/2244/2244 2243/2243/2243
f 2181/2181/2181 2245/2245/2245 2244/2244/2244
f 2184/2184/2184 2247/2247/2247 2245/2245/2245
f 2184/2184/2184 2183/2183/2183 2246/2246/2246
f 2186/2186/2186 2248/2248/2248 2246/2246/2246
f 2185/2185/2185 2249/2249/2249 2248/2248/2248
f 2187/2187/2187 2250/2250/2250 2249/2249/2249
f 2188/2188/2188 2251/2251/2251 2250/2250/2250
f 2189/2189/2189 2252/2252/2252 2251/2251/2251
f 2191/2191/2191 2254/2254/2254 2252/2252/2252
f 2191/2191/2191 2190/2190/2190 2253/2253/2253
f 2192/2192/2192 2255/2255/2255 2253/2253/2253
f 2193/2193/2193 2256/2256/2256 2255/2255/2255
f 2194/2194/2194 4050/4050/4050 2256/2256/2256
f 2196/2196/2196 2195/2195/2195 2257/2257/2257
f 2195/2195/2195 2198/2198/2198 2259/2259/2259
f 2197/2197/2197 2261/2261/2261 2259/2259/2259
f 2197/2197/2197 2199/2199/2199 2260/2260/2260
f 2199/2199/2199 2201/2201/2201 2262/2262/2262
f 2200/2200/2200 2263/2263/2263 2262/2262/2262
f 2202/2202/2202 2265/2265/2265 2263/2263/2263
f 2202/2202/2202 2204/2204/2204 2264/2264/2264
f 2204/2204/2204 2203/2203/2203 2266/2266/2266
f 2203/2203/2203 2205/2205/2205 2267/2267/2267
f 2205/2205/2205 2206/2206/2206 2268/2268/2268
f 2206/2206/2206 2208/2208/2208 2269/2269/2269
f 2208/2208/2208 2207/2207/2207 2270/2270/2270
f 2207/2207/2207 2209/2209/2209 2271/2271/2271
f 2209/2209/2209 2210/2210/2210 2272/2272/2272
f 2210/2210/2210 2211/2211/2211 2273/2273/2273
f 2211/2211/2211 2212/2212/2212 2274/2274/2274
f 2212/2212/2212 2213/2213/2213 2275/2275/2275
f 2213/2213/2213 2215/2215/2215 2276/2276/2276
f 2215/2215/2215 2214/2214/2214 2277/2277/2277
f 2216/2216/2216 2279/2279/2279 2277/2277/2277
f 2216/2216/2216 2217/2217/2217 2278/2278/2278
f 2217/2217/2217 2219/2219/2219 2280/2280/2280
f 2219/2219/2219 2218/2218/2218 2281/2281/2281
f 2218/2218/2218 2220/2220/2220 2282/2282/2282
f 2220/2220/2220 2221/2221/2221 2283/2283/2283
f 2221/2221/2221 2223/2223/2223 2284/2284/2284
f 2222/2222/2222 2285/2285/2285 2284/2284/2284
f 2224/2224/2224 2287/2287/2287 2285/2285/2285
f 2224/2224/2224 2225/2225/2225 2286/2286/2286
f 2225/2225/2225 2226/2226/2226 2288/2288/2288
f 2226/2226/2226 2228/2228/2228 2289/2289/2289
f 2228/2228/2228 2227/2227/2227 2290/2290/2290
f 2227/2227/2227 2229/2229/2229 2291/2291/2291
f 2231/2231/2231 2292/2292/2292 2291/2291/2291
f 2230/2230/2230 2293/2293/2293 2292/2292/2292
f 2232/2232/2232 2294/2294/2294 2293/2293/2293
f 2233/2233/2233 2295/2295/2295 2294/2294/2294
f 2234/2234/2234 2297/2297/2297 2295/2295/2295
f 2234/2234/2234 2235/2235/2235 2296/2296/2296
f 2236/2236/2236 2299/2299/2299 2296/2296/2296
f 2236/2236/2236 2238/2238/2238 2298/2298/2298
f 2238/2238/2238 2237/2237/2237 2300/2300/2300
f 2237/2237/2237 2239/2239/2239 2301/2301/2301
f 2239/2239/2239 2240/2240/2240 2302/2302/2302
f 2240/2240/2240 2241/2241/2241 2303/2303/2303
f 2241/2241/2241 2242/2242/2242 2304/2304/2304
f 2242/2242/2242 2243/2243/2243 2305/2305/2305
f 2244/2244/2244 2307/2307/2307 2305/2305/2305
f 2244/2244/2244 2245/2245/2245 2306/2306/2306
f 2247/2247/2247 2309/2309/2309 2306/2306/2306
f 2247/2247/2247 2246/2246/2246 2308/2308/2308
f 2248/2248/2248 2310/2310/2310 2308/2308/2308
f 2249/2249/2249 2311/2311/2311 2310/2310/2310
f 2250/2250/2250 2312/2312/2312 2311/2311/2311
f 2251/2251/2251 2314/2314/2314 2312/2312/2312
f 2251/2251/2251 2252/2252/2252 2313/2313/2313
f 2252/2252/2252 2254/2254/2254 2315/2315/2315
f 2253/2253/2253 2316/2316/2316 2315/2315/2315
f 2255/2255/2255 2318/2318/2318 2316/2316/2316
f 2255/2255/2255 2256/2256/2256 2317/2317/2317
f 2256/2256/2256 4050/4050/4050 2319/2319/2319
f 2257/2257/2257 2321/2321/2321 2320/2320/2320
f 2259/2259/2259 2322/2322/2322 2321/2321/2321
f 2261/2261/2261 2323/2323/2323 2322/2322/2322
f 2260/2260/2260 2324/2324/2324 2323/2323/2323
f 2262/2262/2262 2325/2325/2325 2324/2324/2324
f 2263/2263/2263 2326/2326/2326 2325/2325/2325
f 2265/2265/2265 2327/2327/2327 2326/2326/2326
f 2264/2264/2264 2329/2329/2329 2327/2327/2327
f 2264/2264/2264 2266/2266/2266 2328/2328/2328
f 2266/2266/2266 2267/2267/2267 2330/2330/2330
f 2268/2268/2268 2331/2331/2331 2330/2330/2330
f 2269/2269/2269 2333/2333/2333 2331/2331/2331
f 2269/2269/2269 2270/2270/2270 2332/2332/2332
f 2271/2271/2271 2335/2335/2335 2332/2332/2332
f 2271/2271/2271 2272/2272/2272 2334/2334/2334
f 2272/2272/2272 2273/2273/2273 2336/2336/2336
f 2273/2273/2273 2274/2274/2274 2337/2337/2337
f 2274/2274/2274 2275/2275/2275 2338/2338/2338
f 2276/2276/2276 2340/2340/2340 2338/2338/2338
f 2276/2276/2276 2277/2277/2277 2339/2339/2339
f 2279/2279/2279 2341/2341/2341 2339/2339/2339
f 2278/2278/2278 2342/2342/2342 2341/2341/2341
f 2280/2280/2280 2343/2343/2343 2342/2342/2342
f 2281/2281/2281 2344/2344/2344 2343/2343/2343
f 2282/2282/2282 2345/2345/2345 2344/2344/2344
f 2283/2283/2283 2346/2346/2346 2345/2345/2345
f 2284/2284/2284 2348/2348/2348 2346/2346/2346
f 2284/2284/2284 2285/2285/2285 2347/2347/2347
f 2285/2285/2285 2287/2287/2287 2349/2349/2349
f 2286/2286/2286 2350/2350/2350 2349/2349/2349
f 2288/2288/2288 2352/2352/2352 2350/2350/2350
f 2288/2288/2288 2289/2289/2289 2351/2351/2351
f 2290/2290/2290 2354/2354/2354 2351/2351/2351
f 2290/2290/2290 2291/2291/2291 2353/2353/2353
f 2291/2291/2291 2292/2292/2292 2355/2355/2355
f 2292/2292/2292 2293/2293/2293 2356/2356/2356
f 2293/2293/2293 2294/2294/2294 2357/2357/2357
f 2294/2294/2294 2295/2295/2295 2358/2358/2358
f 2295/2295/2295 2297/2297/2297 2359/2359/2359
f 2296/2296/2296 2360/2360/2360 2359/2359/2359
f 2299/2299/2299 2362/2362/2362 2360/2360/2360
f 2299/2299/2299 2298/2298/2298 2361/2361/2361
f 2300/2300/2300 2364/2364/2364 2361/2361/2361
f 2300/2300/2300 2301/2301/2301 2363/2363/2363
f 2301/2301/2301 2302/2302/2302 2365/2365/2365
f 2303/2303/2303 2366/2366/2366 2365/2365/2365
f 2304/2304/2304 2367/2367/2367 2366/2366/2366
f 2305/2305/2305 2369/2369/2369 2367/2367/2367
f 2305/2305/2305 2307/2307/2307 2368/2368/2368
f 2307/2307/2307 2306/2306/2306 2370/2370/2370
f 2309/2309/2309 2371/2371/2371 2370/2370/2370
f 2308/2308/2308 2373/2373/2373 2371/2371/2371
f 2308/2308/2308 2310/2310/2310 2372/2372/2372
f 2311/2311/2311 2374/2374/2374 2372/2372/2372
f 2312/2312/2312 2376/2376/2376 2374/2374/2374
f 2312/2312/2312 2314/2314/2314 2375/2375/2375
f 2314/2314/2314 2313/2313/2313 2377/2377/2377
f 2313/2313/2313 2315/2315/2315 2378/2378/2378
f 2316/2316/2316 2379/2379/2379 2378/2378/2378
f 2318/2318/2318 2381/2381/2381 2379/2379/2379
f 2318/2318/2318 2317/2317/2317 2380/2380/2380
f 2317/2317/2317 2319/2319/2319 2382/2382/2382
f 2320/2320/2320 2321/2321/2321 2383/2383/2383
f 2321/2321/2321 2322/2322/2322 2385/2385/2385
f 2322/2322/2322 2323/2323/2323 2386/2386/2386
f 2323/2323/2323 2324/2324/2324 2387/2387/2387
f 2324/2324/2324 2325/2325/2325 2388/2388/2388
f 2326/2326/2326 2389/2389/2389 2388/2388/2388
f 2327/2327/2327 2390/2390/2390 2389/2389/2389
f 2329/2329/2329 2391/2391/2391 2390/2390/2390
f 2328/2328/2328 2392/2392/2392 2391/2391/2391
f 2330/2330/2330 2394/2394/2394 2392/2392/2392
f 2330/2330/2330 2331/2331/2331 2393/2393/2393
f 2331/2331/2331 2333/2333/2333 2395/2395/2395
f 2332/2332/2332 2396/2396/2396 2395/2395/2395
f 2335/2335/2335 2398/2398/2398 2396/2396/2396
f 2335/2335/2335 2334/2334/2334 2397/2397/2397
f 2336/2336/2336 2399/2399/2399 2397/2397/2397
f 2337/2337/2337 2401/2401/2401 2399/2399/2399
f 2337/2337/2337 2338/2338/2338 2400/2400/2400
f 2340/2340/2340 2402/2402/2402 2400/2400/2400
f 2339/2339/2339 2403/2403/2403 2402/2402/2402
f 2341/2341/2341 2405/2405/2405 2403/2403/2403
f 2341/2341/2341 2342/2342/2342 2404/2404/2404
f 2342/2342/2342 2343/2343/2343 2406/2406/2406
f 2343/2343/2343 2344/2344/2344 2407/2407/2407
f 2345/2345/2345 2409/2409/2409 2407/2407/2407
f 2345/2345/2345 2346/2346/2346 2408/2408/2408
f 2346/2346/2346 2348/2348/2348 2410/2410/2410
f 2348/2348/2348 2347/2347/2347 2411/2411/2411
f 2347/2347/2347 2349/2349/2349 2412/2412/2412
f 2349/2349/2349 2350/2350/2350 2413/2413/2413
f 2352/2352/2352 2414/2414/2414 2413/2413/2413
f 2351/2351/2351 2415/2415/2415 2414/2414/2414
f 2354/2354/2354 2416/2416/2416 2415/2415/2415
f 2353/2353/2353 2417/2417/2417 2416/2416/2416
f 2355/2355/2355 2418/2418/2418 2417/2417/2417
f 2356/2356/2356 2419/2419/2419 2418/2418/2418
f 2357/2357/2357 2421/2421/2421 2419/2419/2419
f 2357/2357/2357 2358/2358/2358 2420/2420/2420
f 2358/2358/2358 2359/2359/2359 2422/2422/2422
f 2359/2359/2359 2360/2360/2360 2423/2423/2423
f 2362/2362/2362 2425/2425/2425 2423/2423/2423
f 2362/2362/2362 2361/2361/2361 2424/2424/2424
f 2364/2364/2364 2426/2426/2426 2424/2424/2424
f 2363/2363/2363 2427/2427/2427 2426/2426/2426
f 2365/2365/2365 2428/2428/2428 2427/2427/2427
f 2366/2366/2366 2430/2430/2430 2428/2428/2428
f 2366/2366/2366 2367/2367/2367 2429/2429/2429
f 2367/2367/2367 2369/2369/2369 2431/2431/2431
f 2368/2368/2368 2432/2432/2432 2431/2431/2431
f 2370/2370/2370 2433/2433/2433 2432/2432/2432
f 2371/2371/2371 2434/2434/2434 2433/2433/2433
f 2373/2373/2373 2436/2436/2436 2434/2434/2434
f 2373/2373/2373 2372/2372/2372 2435/2435/2435
f 2372/2372/2372 2374/2374/2374 2437/2437/2437
f 2376/2376/2376 2439/2439/2439 2437/2437/2437
f 2376/2376/2376 2375/2375/2375 2438/2438/2438
f 2377/2377/2377 2440/2440/2440 2438/2438/2438
f 2378/2378/2378 2442/2442/2442 2440/2440/2440
f 2378/2378/2378 2379/2379/2379 2441/2441/2441
f 2381/2381/2381 2444/2444/2444 2441/2441/2441
f 2381/2381/2381 2380/2380/2380 2443/2443/2443
f 2382/2382/2382 4053/4053/4053 2443/2443/2443
f 2383/2383/2383 2446/2446/2446 2445/2445/2445
f 2385/2385/2385 2447/2447/2447 2446/2446/2446
f 2386/2386/2386 2448/2448/2448 2447/2447/2447
f 2387/2387/2387 2449/2449/2449 2448/2448/2448
f 2388/2388/2388 2451/2451/2451 2449/2449/2449
f 2388/2388/2388 2389/2389/2389 2450/2450/2450
f 2390/2390/2390 2452/2452/2452 2450/2450/2450
f 2391/2391/2391 2454/2454/2454 2452/2452/2452
f 2391/2391/2391 2392/2392/2392 2453/2453/2453
f 2392/2392/2392 2394/2394/2394 2455/2455/2455
f 2393/2393/2393 2456/2456/2456 2455/2455/2455
f 2395/2395/2395 2457/2457/2457 2456/2456/2456
f 2396/2396/2396 2458/2458/2458 2457/2457/2457
f 2398/2398/2398 2459/2459/2459 2458/2458/2458
f 2397/2397/2397 2460/2460/2460 2459/2459/2459
f 2399/2399/2399 2462/2462/2462 2460/2460/2460
f 2399/2399/2399 2401/2401/2401 2461/2461/2461
f 2401/2401/2401 2400/2400/2400 2463/2463/2463
f 2400/2400/2400 2402/2402/2402 2464/2464/2464
f 2402/2402/2402 2403/2403/2403 2465/2465/2465
f 2405/2405/2405 2467/2467/2467 2465/2465/2465
f 2405/2405/2405 2404/2404/2404 2466/2466/2466
f 2406/2406/2406 2468/2468/2468 2466/2466/2466
f 2407/2407/2407 2470/2470/2470 2468/2468/2468
f 2407/2407/2407 2409/2409/2409 2469/2469/2469
f 2408/2408/2408 2471/2471/2471 2469/2469/2469
f 2410/2410/2410 2473/2473/2473 2471/2471/2471
f 2410/2410/2410 2411/2411/2411 2472/2472/2472
f 2412/2412/2412 2475/2475/2475 2472/2472/2472
f 2412/2412/2412 2413/2413/2413 2474/2474/2474
f 2413/2413/2413 2414/2414/2414 2476/2476/2476
f 2415/2415/2415 2478/2478/2478 2476/2476/2476
f 2415/2415/2415 2416/2416/2416 2477/2477/2477
f 2416/2416/2416 2417/2417/2417 2479/2479/2479
f 2418/2418/2418 2481/2481/2481 2479/2479/2479
f 2418/2418/2418 2419/2419/2419 2480/2480/2480
f 2419/2419/2419 2421/2421/2421 2482/2482/2482
f 2420/2420/2420 2483/2483/2483 2482/2482/2482
f 2422/2422/2422 2484/2484/2484 2483/2483/2483
f 2423/2423/2423 2485/2485/2485 2484/2484/2484
f 2425/2425/2425 2486/2486/2486 2485/2485/2485
f 2424/2424/2424 2487/2487/2487 2486/2486/2486
f 2426/2426/2426 2488/2488/2488 2487/2487/2487
f 2427/2427/2427 2490/2490/2490 2488/2488/2488
f 2427/2427/2427 2428/2428/2428 2489/2489/2489
f 2428/2428/2428 2430/2430/2430 2491/2491/2491
f 2430/2430/2430 2429/2429/2429 2492/2492/2492
f 2429/2429/2429 2431/2431/2431 2493/2493/2493
f 2431/2431/2431 2432/2432/2432 2494/2494/2494
f 2432/2432/2432 2433/2433/2433 2495/2495/2495
f 2434/2434/2434 2496/2496/2496 2495/2495/2495
f 2436/2436/2436 2497/2497/2497 2496/2496/2496
f 2435/2435/2435 2499/2499/2499 2497/2497/2497
f 2435/2435/2435 2437/2437/2437 2498/2498/2498
f 2437/2437/2437 2439/2439/2439 2500/2500/2500
f 2439/2439/2439 2438/2438/2438 2501/2501/2501
f 2440/2440/2440 2503/2503/2503 2501/2501/2501
f 2440/2440/2440 2442/2442/2442 2502/2502/2502
f 2441/2441/2441 2505/2505/2505 2502/2502/2502
f 2441/2441/2441 2444/2444/2444 2504/2504/2504
f 2444/2444/2444 2443/2443/2443 2506/2506/2506
f 2443/2443/2443 4053/4053/4053 2507/2507/2507
f 2445/2445/2445 2446/2446/2446 2508/2508/2508
f 2446/2446/2446 2447/2447/2447 2510/2510/2510
f 2447/2447/2447 2448/2448/2448 2511/2511/2511
f 2448/2448/2448 2449/2449/2449 2512/2512/2512
f 2451/2451/2451 2514/2514/2514 2512/2512/2512
f 2451/2451/2451 2450/2450/2450 2513/2513/2513
f 2450/2450/2450 2452/2452/2452 2515/2515/2515
f 2452/2452/2452 2454/2454/2454 2516/2516/2516
f 2454/2454/2454 2453/2453/2453 2517/2517/2517
f 2455/2455/2455 2518/2518/2518 2517/2517/2517
f 2456/2456/2456 2520/2520/2520 2518/2518/2518
f 2456/2456/2456 2457/2457/2457 2519/2519/2519
f 2457/2457/2457 2458/2458/2458 2521/2521/2521
f 2458/2458/2458 2459/2459/2459 2522/2522/2522
f 2459/2459/2459 2460/2460/2460 2523/2523/2523
f 2460/2460/2460 2462/2462/2462 2524/2524/2524
f 2461/2461/2461 2525/2525/2525 2524/2524/2524
f 2463/2463/2463 2526/2526/2526 2525/2525/2525
f 2464/2464/2464 2527/2527/2527 2526/2526/2526
f 2465/2465/2465 2528/2528/2528 2527/2527/2527
f 2467/2467/2467 2530/2530/2530 2528/2528/2528
f 2467/2467/2467 2466/2466/2466 2529/2529/2529
f 2468/2468/2468 2531/2531/2531 2529/2529/2529
f 2470/2470/2470 2533/2533/2533 2531/2531/2531
f 2470/2470/2470 2469/2469/2469 2532/2532/2532
f 2471/2471/2471 2534/2534/2534 2532/2532/2532
f 2473/2473/2473 2536/2536/2536 2534/2534/2534
f 2473/2473/2473 2472/2472/2472 2535/2535/2535
f 2475/2475/2475 2537/2537/2537 2535/2535/2535
f 2474/2474/2474 2538/2538/2538 2537/2537/2537
f 2476/2476/2476 2540/2540/2540 2538/2538/2538
f 2476/2476/2476 2478/2478/2478 2539/2539/2539
f 2478/2478/2478 2477/2477/2477 2541/2541/2541
f 2477/2477/2477 2479/2479/2479 2542/2542/2542
f 2481/2481/2481 2544/2544/2544 2542/2542/2542
f 2481/2481/2481 2480/2480/2480 2543/2543/2543
f 2480/2480/2480 2482/2482/2482 2545/2545/2545
f 2482/2482/2482 2483/2483/2483 2546/2546/2546
f 2483/2483/2483 2484/2484/2484 2547/2547/2547
f 2484/2484/2484 2485/2485/2485 2548/2548/2548
f 2485/2485/2485 2486/2486/2486 2549/2549/2549
f 2486/2486/2486 2487/2487/2487 2550/2550/2550
f 2488/2488/2488 2551/2551/2551 2550/2550/2550
f 2490/2490/2490 2553/2553/2553 2551/2551/2551
f 2490/2490/2490 2489/2489/2489 2552/2552/2552
f 2491/2491/2491 2554/2554/2554 2552/2552/2552
f 2492/2492/2492 2555/2555/2555 2554/2554/2554
f 2493/2493/2493 2556/2556/2556 2555/2555/2555
f 2494/2494/2494 2557/2557/2557 2556/2556/2556
f 2495/2495/2495 2559/2559/2559 2557/2557/2557
f 2495/2495/2495 2496/2496/2496 2558/2558/2558
f 2497/2497/2497 2560/2560/2560 2558/2558/2558
f 2499/2499/2499 2562/2562/2562 2560/2560/2560
f 2499/2499/2499 2498/2498/2498 2561/2561/2561
f 2498/2498/2498 2500/2500/2500 2563/2563/2563
f 2501/2501/2501 2564/2564/2564 2563/2563/2563
f 2503/2503/2503 2565/2565/2565 2564/2564/2564
f 2502/2502/2502 2566/2566/2566 2565/2565/2565
f 2505/2505/2505 2568/2568/2568 2566/2566/2566
f 2505/2505/2505 2504/2504/2504 2567/2567/2567
f 2506/2506/2506 2569/2569/2569 2567/2567/2567
f 2507/2507/2507 2631/2631/2631 2569/2569/2569
f 2509/2509/2509 2508/2508/2508 2570/2570/2570
f 2508/2508/2508 2510/2510/2510 2572/2572/2572
f 2511/2511/2511 2573/2573/2573 2572/2572/2572
f 2512/2512/2512 2575/2575/2575 2573/2573/2573
f 2512/2512/2512 2514/2514/2514 2574/2574/2574
f 2513/2513/2513 2576/2576/2576 2574/2574/2574
f 2515/2515/2515 2577/2577/2577 2576/2576/2576
f 2516/2516/2516 2579/2579/2579 2577/2577/2577
f 2516/2516/2516 2517/2517/2517 2578/2578/2578
f 2517/2517/2517 2518/2518/2518 2580/2580/2580
f 2518/2518/2518 2520/2520/2520 2581/2581/2581
f 2520/2520/2520 2519/2519/2519 2582/2582/2582
f 2521/2521/2521 2583/2583/2583 2582/2582/2582
f 2522/2522/2522 2584/2584/2584 2583/2583/2583
f 2523/2523/2523 2585/2585/2585 2584/2584/2584
f 2524/2524/2524 2586/2586/2586 2585/2585/2585
f 2525/2525/2525 2587/2587/2587 2586/2586/2586
f 2526/2526/2526 2588/2588/2588 2587/2587/2587
f 2527/2527/2527 2589/2589/2589 2588/2588/2588
f 2528/2528/2528 2590/2590/2590 2589/2589/2589
f 2530/2530/2530 2591/2591/2591 2590/2590/2590
f 2529/2529/2529 2593/2593/2593 2591/2591/2591
f 2529/2529/2529 2531/2531/2531 2592/2592/2592
f 2531/2531/2531 2533/2533/2533 2594/2594/2594
f 2532/2532/2532 2596/2596/2596 2594/2594/2594
f 2532/2532/2532 2534/2534/2534 2595/2595/2595
f 2534/2534/2534 2536/2536/2536 2597/2597/2597
f 2536/2536/2536 2535/2535/2535 2598/2598/2598
f 2535/2535/2535 2537/2537/2537 2599/2599/2599
f 2537/2537/2537 2538/2538/2538 2600/2600/2600
f 2540/2540/2540 2602/2602/2602 2600/2600/2600
f 2540/2540/2540 2539/2539/2539 2601/2601/2601
f 2541/2541/2541 2603/2603/2603 2601/2601/2601
f 2542/2542/2542 2604/2604/2604 2603/2603/2603
f 2544/2544/2544 2605/2605/2605 2604/2604/2604
f 2543/2543/2543 2606/2606/2606 2605/2605/2605
f 2545/2545/2545 2608/2608/2608 2606/2606/2606
f 2545/2545/2545 2546/2546/2546 2607/2607/2607
f 2547/2547/2547 2609/2609/2609 2607/2607/2607
f 2548/2548/2548 2610/2610/2610 2609/2609/2609
f 2549/2549/2549 2611/2611/2611 2610/2610/2610
f 2550/2550/2550 2613/2613/2613 2611/2611/2611
f 2550/2550/2550 2551/2551/2551 2612/2612/2612
f 2551/2551/2551 2553/2553/2553 2614/2614/2614
f 2553/2553/2553 2552/2552/2552 2615/2615/2615
f 2554/2554/2554 2617/2617/2617 2615/2615/2615
f 2554/2554/2554 2555/2555/2555 2616/2616/2616
f 2556/2556/2556 2619/2619/2619 2616/2616/2616
f 2556/2556/2556 2557/2557/2557 2618/2618/2618
f 2557/2557/2557 2559/2559/2559 2620/2620/2620
f 2559/2559/2559 2558/2558/2558 2621/2621/2621
f 2558/2558/2558 2560/2560/2560 2622/2622/2622
f 2560/2560/2560 2562/2562/2562 2623/2623/2623
f 2561/2561/2561 2624/2624/2624 2623/2623/2623
f 2563/2563/2563 2625/2625/2625 2624/2624/2624
f 2564/2564/2564 2627/2627/2627 2625/2625/2625
f 2564/2564/2564 2565/2565/2565 2626/2626/2626
f 2565/2565/2565 2566/2566/2566 2628/2628/2628
f 2566/2566/2566 2568/2568/2568 2629/2629/2629
f 2568/2568/2568 2567/2567/2567 2630/2630/2630
f 2569/2569/2569 2632/2632/2632 2630/2630/2630
f 2631/2631/2631 2694/2694/2694 2632/2632/2632
f 2570/2570/2570 2634/2634/2634 2633/2633/2633
f 2572/2572/2572 2635/2635/2635 2634/2634/2634
f 2573/2573/2573 2637/2637/2637 2635/2635/2635
f 2573/2573/2573 2575/2575/2575 2636/2636/2636
f 2574/2574/2574 2638/2638/2638 2636/2636/2636
f 2576/2576/2576 2640/2640/2640 2638/2638/2638
f 2576/2576/2576 2577/2577/2577 2639/2639/2639
f 2577/2577/2577 2579/2579/2579 2641/2641/2641
f 2578/2578/2578 2643/2643/2643 2641/2641/2641
f 2578/2578/2578 2580/2580/2580 2642/2642/2642
f 2580/2580/2580 2581/2581/2581 2644/2644/2644
f 2581/2581/2581 2582/2582/2582 2645/2645/2645
f 2583/2583/2583 2647/2647/2647 2645/2645/2645
f 2583/2583/2583 2584/2584/2584 2646/2646/2646
f 2584/2584/2584 2585/2585/2585 2648/2648/2648
f 2585/2585/2585 2586/2586/2586 2649/2649/2649
f 2586/2586/2586 2587/2587/2587 2650/2650/2650
f 2587/2587/2587 2588/2588/2588 2651/2651/2651
f 2588/2588/2588 2589/2589/2589 2652/2652/2652
f 2589/2589/2589 2590/2590/2590 2653/2653/2653
f 2590/2590/2590 2591/2591/2591 2654/2654/2654
f 2591/2591/2591 2593/2593/2593 2655/2655/2655
f 2593/2593/2593 2592/2592/2592 2656/2656/2656
f 2592/2592/2592 2594/2594/2594 2657/2657/2657
f 2594/2594/2594 2596/2596/2596 2658/2658/2658
f 2595/2595/2595 2660/2660/2660 2658/2658/2658
f 2595/2595/2595 2597/2597/2597 2659/2659/2659
f 2597/2597/2597 2598/2598/2598 2661/2661/2661
f 2599/2599/2599 2663/2663/2663 2661/2661/2661
f 2599/2599/2599 2600/2600/2600 2662/2662/2662
f 2602/2602/2602 2664/2664/2664 2662/2662/2662
f 2601/2601/2601 2665/2665/2665 2664/2664/2664
f 2603/2603/2603 2667/2667/2667 2665/2665/2665
f 2603/2603/2603 2604/2604/2604 2666/2666/2666
f 2604/2604/2604 2605/2605/2605 2668/2668/2668
f 2605/2605/2605 2606/2606/2606 2669/2669/2669
f 2606/2606/2606 2608/2608/2608 2670/2670/2670
f 2607/2607/2607 2672/2672/2672 2670/2670/2670
f 2607/2607/2607 2609/2609/2609 2671/2671/2671
f 2610/2610/2610 2674/2674/2674 2671/2671/2671
f 2610/2610/2610 2611/2611/2611 2673/2673/2673
f 2611/2611/2611 2613/2613/2613 2675/2675/2675
f 2612/2612/2612 2676/2676/2676 2675/2675/2675
f 2614/2614/2614 2677/2677/2677 2676/2676/2676
f 2615/2615/2615 2679/2679/2679 2677/2677/2677
f 2615/2615/2615 2617/2617/2617 2678/2678/2678
f 2617/2617/2617 2616/2616/2616 2680/2680/2680
f 2616/2616/2616 2619/2619/2619 2681/2681/2681
f 2619/2619/2619 2618/2618/2618 2682/2682/2682
f 2618/2618/2618 2620/2620/2620 2683/2683/2683
f 2621/2621/2621 2684/2684/2684 2683/2683/2683
f 2622/2622/2622 2686/2686/2686 2684/2684/2684
f 2622/2622/2622 2623/2623/2623 2685/2685/2685
f 2624/2624/2624 2687/2687/2687 2685/2685/2685
f 2625/2625/2625 2688/2688/2688 2687/2687/2687
f 2627/2627/2627 2690/2690/2690 2688/2688/2688
f 2627/2627/2627 2626/2626/2626 2689/2689/2689
f 2626/2626/2626 2628/2628/2628 2691/2691/2691
f 2628/2628/2628 2629/2629/2629 2692/2692/2692
f 2629/2629/2629 2630/2630/2630 2693/2693/2693
f 2632/2632/2632 2695/2695/2695 2693/2693/2693
f 2694/2694/2694 4057/4057/4057 2695/2695/2695
f 2633/2633/2633 2634/2634/2634 2696/2696/2696
f 2634/2634/2634 2635/2635/2635 2698/2698/2698
f 2637/2637/2637 2699/2699/2699 2698/2698/2698
f 2636/2636/2636 2701/2701/2701 2699/2699/2699
f 2636/2636/2636 2638/2638/2638 2700/2700/2700
f 2638/2638/2638 2640/2640/2640 2702/2702/2702
f 2639/2639/2639 2703/2703/2703 2702/2702/2702
f 2641/2641/2641 2705/2705/2705 2703/2703/2703
f 2641/2641/2641 2643/2643/2643 2704/2704/2704
f 2643/2643/2643 2642/2642/2642 2706/2706/2706
f 2644/2644/2644 2708/2708/2708 2706/2706/2706
f 2644/2644/2644 2645/2645/2645 2707/2707/2707
f 2645/2645/2645 2647/2647/2647 2709/2709/2709
f 2647/2647/2647 2646/2646/2646 2710/2710/2710
f 2646/2646/2646 2648/2648/2648 2711/2711/2711
f 2649/2649/2649 2712/2712/2712 2711/2711/2711
f 2650/2650/2650 2713/2713/2713 2712/2712/2712
f 2651/2651/2651 2714/2714/2714 2713/2713/2713
f 2652/2652/2652 2716/2716/2716 2714/2714/2714
f 2652/2652/2652 2653/2653/2653 2715/2715/2715
f 2653/2653/2653 2654/2654/2654 2717/2717/2717
f 2655/2655/2655 2719/2719/2719 2717/2717/2717
f 2655/2655/2655 2656/2656/2656 2718/2718/2718
f 2656/2656/2656 2657/2657/2657 2720/2720/2720
f 2657/2657/2657 2658/2658/2658 2721/2721/2721
f 2658/2658/2658 2660/2660/2660 2722/2722/2722
f 2659/2659/2659 2723/2723/2723 2722/2722/2722
f 2661/2661/2661 2724/2724/2724 2723/2723/2723
f 2663/2663/2663 2726/2726/2726 2724/2724/2724
f 2663/2663/2663 2662/2662/2662 2725/2725/2725
f 2664/2664/2664 2728/2728/2728 2725/2725/2725
f 2664/2664/2664 2665/2665/2665 2727/2727/2727
f 2665/2665/2665 2667/2667/2667 2729/2729/2729
f 2667/2667/2667 2666/2666/2666 2730/2730/2730
f 2666/2666/2666 2668/2668/2668 2731/2731/2731
f 2669/2669/2669 2732/2732/2732 2731/2731/2731
f 2670/2670/2670 2733/2733/2733 2732/2732/2732
f 2672/2672/2672 2734/2734/2734 2733/2733/2733
f 2671/2671/2671 2735/2735/2735 2734/2734/2734
f 2674/2674/2674 2736/2736/2736 2735/2735/2735
f 2673/2673/2673 2737/2737/2737 2736/2736/2736
f 2675/2675/2675 2738/2738/2738 2737/2737/2737
f 2676/2676/2676 2739/2739/2739 2738/2738/2738
f 2677/2677/2677 2741/2741/2741 2739/2739/2739
f 2677/2677/2677 2679/2679/2679 2740/2740/2740
f 2679/2679/2679 2678/2678/2678 2742/2742/2742
f 2680/2680/2680 2743/2743/2743 2742/2742/2742
f 2681/2681/2681 2744/2744/2744 2743/2743/2743
f 2682/2682/2682 2745/2745/2745 2744/2744/2744
f 2683/2683/2683 2747/2747/2747 2745/2745/2745
f 2683/2683/2683 2684/2684/2684 2746/2746/2746
f 2684/2684/2684 2686/2686/2686 2748/2748/2748
f 2686/2686/2686 2685/2685/2685 2749/2749/2749
f 2685/2685/2685 2687/2687/2687 2750/2750/2750
f 2687/2687/2687 2688/2688/2688 2751/2751/2751
f 2688/2688/2688 2690/2690/2690 2752/2752/2752
f 2690/2690/2690 2689/2689/2689 2753/2753/2753
f 2691/2691/2691 2754/2754/2754 2753/2753/2753
f 2692/2692/2692 2756/2756/2756 2754/2754/2754
f 2692/2692/2692 2693/2693/2693 2755/2755/2755
f 2693/2693/2693 2695/2695/2695 2757/2757/2757
f 2695/2695/2695 4057/4057/4057 2758/2758/2758
f 2696/2696/2696 2760/2760/2760 2759/2759/2759
f 2698/2698/2698 2762/2762/2762 2760/2760/2760
f 2698/2698/2698 2699/2699/2699 2761/2761/2761
f 2701/2701/2701 2763/2763/2763 2761/2761/2761
f 2700/2700/2700 2764/2764/2764 2763/2763/2763
f 2702/2702/2702 2765/2765/2765 2764/2764/2764
f 2703/2703/2703 2767/2767/2767 2765/2765/2765
f 2703/2703/2703 2705/2705/2705 2766/2766/2766
f 2704/2704/2704 2768/2768/2768 2766/2766/2766
f 2706/2706/2706 2769/2769/2769 2768/2768/2768
f 2708/2708/2708 2770/2770/2770 2769/2769/2769
f 2707/2707/2707 2771/2771/2771 2770/2770/2770
f 2709/2709/2709 2773/2773/2773 2771/2771/2771
f 2709/2709/2709 2710/2710/2710 2772/2772/2772
f 2711/2711/2711 2774/2774/2774 2772/2772/2772
f 2712/2712/2712 2776/2776/2776 2774/2774/2774
f 2712/2712/2712 2713/2713/2713 2775/2775/2775
f 2714/2714/2714 2778/2778/2778 2775/2775/2775
f 2714/2714/2714 2716/2716/2716 2777/2777/2777
f 2715/2715/2715 2779/2779/2779 2777/2777/2777
f 2717/2717/2717 2780/2780/2780 2779/2779/2779
f 2719/2719/2719 2781/2781/2781 2780/2780/2780
f 2718/2718/2718 2782/2782/2782 2781/2781/2781
f 2720/2720/2720 2783/2783/2783 2782/2782/2782
f 2721/2721/2721 2784/2784/2784 2783/2783/2783
f 2722/2722/2722 2786/2786/2786 2784/2784/2784
f 2722/2722/2722 2723/2723/2723 2785/2785/2785
f 2723/2723/2723 2724/2724/2724 2787/2787/2787
f 2724/2724/2724 2726/2726/2726 2788/2788/2788
f 2726/2726/2726 2725/2725/2725 2789/2789/2789
f 2725/2725/2725 2728/2728/2728 2790/2790/2790
f 2727/2727/2727 2791/2791/2791 2790/2790/2790
f 2729/2729/2729 2792/2792/2792 2791/2791/2791
f 2730/2730/2730 2793/2793/2793 2792/2792/2792
f 2731/2731/2731 2795/2795/2795 2793/2793/2793
f 2731/2731/2731 2732/2732/2732 2794/2794/2794
f 2732/2732/2732 2733/2733/2733 2796/2796/2796
f 2733/2733/2733 2734/2734/2734 2797/2797/2797
f 2734/2734/2734 2735/2735/2735 2798/2798/2798
f 2735/2735/2735 2736/2736/2736 2799/2799/2799
f 2736/2736/2736 2737/2737/2737 2800/2800/2800
f 2738/2738/2738 2801/2801/2801 2800/2800/2800
f 2739/2739/2739 2802/2802/2802 2801/2801/2801
f 2741/2741/2741 2803/2803/2803 2802/2802/2802
f 2740/2740/2740 2804/2804/2804 2803/2803/2803
f 2742/2742/2742 2805/2805/2805 2804/2804/2804
f 2743/2743/2743 2807/2807/2807 2805/2805/2805
f 2743/2743/2743 2744/2744/2744 2806/2806/2806
f 2744/2744/2744 2745/2745/2745 2808/2808/2808
f 2747/2747/2747 2810/2810/2810 2808/2808/2808
f 2747/2747/2747 2746/2746/2746 2809/2809/2809
f 2746/2746/2746 2748/2748/2748 2811/2811/2811
f 2749/2749/2749 2813/2813/2813 2811/2811/2811
f 2749/2749/2749 2750/2750/2750 2812/2812/2812
f 2751/2751/2751 2814/2814/2814 2812/2812/2812
f 2752/2752/2752 2816/2816/2816 2814/2814/2814
f 2752/2752/2752 2753/2753/2753 2815/2815/2815
f 2754/2754/2754 2818/2818/2818 2815/2815/2815
f 2754/2754/2754 2756/2756/2756 2817/2817/2817
f 2756/2756/2756 2755/2755/2755 2819/2819/2819
f 2757/2757/2757 2820/2820/2820 2819/2819/2819
f 2758/2758/2758 2882/2882/2882 2820/2820/2820
f 2759/2759/2759 2760/2760/2760 2821/2821/2821
f 2760/2760/2760 2762/2762/2762 2823/2823/2823
f 2762/2762/2762 2761/2761/2761 2824/2824/2824
f 2761/2761/2761 2763/2763/2763 2825/2825/2825
f 2763/2763/2763 2764/2764/2764 2826/2826/2826
f 2764/2764/2764 2765/2765/2765 2827/2827/2827
f 2765/2765/2765 2767/2767/2767 2828/2828/2828
f 2766/2766/2766 2829/2829/2829 2828/2828/2828
f 2768/2768/2768 2830/2830/2830 2829/2829/2829
f 2769/2769/2769 2832/2832/2832 2830/2830/2830
f 2769/2769/2769 2770/2770/2770 2831/2831/2831
f 2770/2770/2770 2771/2771/2771 2833/2833/2833
f 2773/2773/2773 2834/2834/2834 2833/2833/2833
f 2772/2772/2772 2835/2835/2835 2834/2834/2834
f 2774/2774/2774 2836/2836/2836 2835/2835/2835
f 2776/2776/2776 2838/2838/2838 2836/2836/2836
f 2776/2776/2776 2775/2775/2775 2837/2837/2837
f 2775/2775/2775 2778/2778/2778 2839/2839/2839
f 2777/2777/2777 2841/2841/2841 2839/2839/2839
f 2777/2777/2777 2779/2779/2779 2840/2840/2840
f 2779/2779/2779 2780/2780/2780 2842/2842/2842
f 2780/2780/2780 2781/2781/2781 2843/2843/2843
f 2782/2782/2782 2845/2845/2845 2843/2843/2843
f 2782/2782/2782 2783/2783/2783 2844/2844/2844
f 2784/2784/2784 2847/2847/2847 2844/2844/2844
f 2784/2784/2784 2786/2786/2786 2846/2846/2846
f 2785/2785/2785 2848/2848/2848 2846/2846/2846
f 2787/2787/2787 2849/2849/2849 2848/2848/2848
f 2788/2788/2788 2850/2850/2850 2849/2849/2849
f 2789/2789/2789 2851/2851/2851 2850/2850/2850
f 2790/2790/2790 2853/2853/2853 2851/2851/2851
f 2790/2790/2790 2791/2791/2791 2852/2852/2852
f 2791/2791/2791 2792/2792/2792 2854/2854/2854
f 2792/2792/2792 2793/2793/2793 2855/2855/2855
f 2793/2793/2793 2795/2795/2795 2856/2856/2856
f 2794/2794/2794 2857/2857/2857 2856/2856/2856
f 2796/2796/2796 2858/2858/2858 2857/2857/2857
f 2797/2797/2797 2860/2860/2860 2858/2858/2858
f 2797/2797/2797 2798/2798/2798 2859/2859/2859
f 2798/2798/2798 2799/2799/2799 2861/2861/2861
f 2800/2800/2800 2862/2862/2862 2861/2861/2861
f 2801/2801/2801 2864/2864/2864 2862/2862/2862
f 2801/2801/2801 2802/2802/2802 2863/2863/2863
f 2802/2802/2802 2803/2803/2803 2865/2865/2865
f 2804/2804/2804 2867/2867/2867 2865/2865/2865
f 2804/2804/2804 2805/2805/2805 2866/2866/2866
f 2807/2807/2807 2869/2869/2869 2866/2866/2866
f 2807/2807/2807 2806/2806/2806 2868/2868/2868
f 2808/2808/2808 2871/2871/2871 2868/2868/2868
f 2808/2808/2808 2810/2810/2810 2870/2870/2870
f 2810/2810/2810 2809/2809/2809 2872/2872/2872
f 2809/2809/2809 2811/2811/2811 2873/2873/2873
f 2811/2811/2811 2813/2813/2813 2874/2874/2874
f 2812/2812/2812 2875/2875/2875 2874/2874/2874
f 2814/2814/2814 2876/2876/2876 2875/2875/2875
f 2816/2816/2816 2877/2877/2877 2876/2876/2876
f 2815/2815/2815 2878/2878/2878 2877/2877/2877
f 2818/2818/2818 2879/2879/2879 2878/2878/2878
f 2817/2817/2817 2880/2880/2880 2879/2879/2879
f 2819/2819/2819 2881/2881/2881 2880/2880/2880
f 2820/2820/2820 2883/2883/2883 2881/2881/2881
f 2882/2882/2882 4060/4060/4060 2883/2883/2883
f 2821/2821/2821 2885/2885/2885 2884/2884/2884
f 2823/2823/2823 2886/2886/2886 2885/2885/2885
f 2824/2824/2824 2888/2888/2888 2886/2886/2886
f 2824/2824/2824 2825/2825/2825 2887/2887/2887
f 2825/2825/2825 2826/2826/2826 2889/2889/2889
f 2827/2827/2827 2891/2891/2891 2889/2889/2889
f 2827/2827/2827 2828/2828/2828 2890/2890/2890
f 2828/2828/2828 2829/2829/2829 2892/2892/2892
f 2829/2829/2829 2830/2830/2830 2893/2893/2893
f 2830/2830/2830 2832/2832/2832 2894/2894/2894
f 2831/2831/2831 2895/2895/2895 2894/2894/2894
f 2833/2833/2833 2896/2896/2896 2895/2895/2895
f 2834/2834/2834 2898/2898/2898 2896/2896/2896
f 2834/2834/2834 2835/2835/2835 2897/2897/2897
f 2835/2835/2835 2836/2836/2836 2899/2899/2899
f 2838/2838/2838 2900/2900/2900 2899/2899/2899
f 2837/2837/2837 2902/2902/2902 2900/2900/2900
f 2837/2837/2837 2839/2839/2839 2901/2901/2901
f 2841/2841/2841 2903/2903/2903 2901/2901/2901
f 2840/2840/2840 2904/2904/2904 2903/2903/2903
f 2842/2842/2842 2906/2906/2906 2904/2904/2904
f 2842/2842/2842 2843/2843/2843 2905/2905/2905
f 2845/2845/2845 2908/2908/2908 2905/2905/2905
f 2845/2845/2845 2844/2844/2844 2907/2907/2907
f 2847/2847/2847 2909/2909/2909 2907/2907/2907
f 2846/2846/2846 2910/2910/2910 2909/2909/2909
f 2848/2848/2848 2912/2912/2912 2910/2910/2910
f 2848/2848/2848 2849/2849/2849 2911/2911/2911
f 2849/2849/2849 2850/2850/2850 2913/2913/2913
f 2851/2851/2851 2915/2915/2915 2913/2913/2913
f 2851/2851/2851 2853/2853/2853 2914/2914/2914
f 2853/2853/2853 2852/2852/2852 2916/2916/2916
f 2852/2852/2852 2854/2854/2854 2917/2917/2917
f 2855/2855/2855 2918/2918/2918 2917/2917/2917
f 2856/2856/2856 2919/2919/2919 2918/2918/2918
f 2857/2857/2857 2921/2921/2921 2919/2919/2919
f 2857/2857/2857 2858/2858/2858 2920/2920/2920
f 2858/2858/2858 2860/2860/2860 2922/2922/2922
f 2859/2859/2859 2923/2923/2923 2922/2922/2922
f 2861/2861/2861 2925/2925/2925 2923/2923/2923
f 2861/2861/2861 2862/2862/2862 2924/2924/2924
f 2862/2862/2862 2864/2864/2864 2926/2926/2926
f 2864/2864/2864 2863/2863/2863 2927/2927/2927
f 2865/2865/2865 2929/2929/2929 2927/2927/2927
f 2865/2865/2865 2867/2867/2867 2928/2928/2928
f 2867/2867/2867 2866/2866/2866 2930/2930/2930
f 2869/2869/2869 2932/2932/2932 2930/2930/2930
f 2869/2869/2869 2868/2868/2868 2931/2931/2931
f 2871/2871/2871 2933/2933/2933 2931/2931/2931
f 2870/2870/2870 2934/2934/2934 2933/2933/2933
f 2872/2872/2872 2935/2935/2935 2934/2934/2934
f 2873/2873/2873 2937/2937/2937 2935/2935/2935
f 2873/2873/2873 2874/2874/2874 2936/2936/2936
f 2874/2874/2874 2875/2875/2875 2938/2938/2938
f 2875/2875/2875 2876/2876/2876 2939/2939/2939
f 2876/2876/2876 2877/2877/2877 2940/2940/2940
f 2877/2877/2877 2878/2878/2878 2941/2941/2941
f 2878/2878/2878 2879/2879/2879 2942/2942/2942
f 2880/2880/2880 2944/2944/2944 2942/2942/2942
f 2880/2880/2880 2881/2881/2881 2943/2943/2943
f 2881/2881/2881 2883/2883/2883 2945/2945/2945
f 2883/2883/2883 4060/4060/4060 2946/2946/2946
f 2885/2885/2885 2948/2948/2948 2947/2947/2947
f 2886/2886/2886 2949/2949/2949 2948/2948/2948
f 2888/2888/2888 2950/2950/2950 2949/2949/2949
f 2887/2887/2887 2952/2952/2952 2950/2950/2950
f 2887/2887/2887 2889/2889/2889 2951/2951/2951
f 2889/2889/2889 2891/2891/2891 2953/2953/2953
f 2890/2890/2890 2954/2954/2954 2953/2953/2953
f 2892/2892/2892 2955/2955/2955 2954/2954/2954
f 2893/2893/2893 2956/2956/2956 2955/2955/2955
f 2894/2894/2894 2957/2957/2957 2956/2956/2956
f 2895/2895/2895 2959/2959/2959 2957/2957/2957
f 2895/2895/2895 2896/2896/2896 2958/2958/2958
f 2898/2898/2898 2960/2960/2960 2958/2958/2958
f 2897/2897/2897 2962/2962/2962 2960/2960/2960
f 2897/2897/2897 2899/2899/2899 2961/2961/2961
f 2900/2900/2900 2963/2963/2963 2961/2961/2961
f 2902/2902/2902 2965/2965/2965 2963/2963/2963
f 2902/2902/2902 2901/2901/2901 2964/2964/2964
f 2903/2903/2903 2967/2967/2967 2964/2964/2964
f 2903/2903/2903 2904/2904/2904 2966/2966/2966
f 2906/2906/2906 2968/2968/2968 2966/2966/2966
f 2905/2905/2905 2969/2969/2969 2968/2968/2968
f 2908/2908/2908 2970/2970/2970 2969/2969/2969
f 2907/2907/2907 2971/2971/2971 2970/2970/2970
f 2909/2909/2909 2972/2972/2972 2971/2971/2971
f 2910/2910/2910 2974/2974/2974 2972/2972/2972
f 2910/2910/2910 2912/2912/2912 2973/2973/2973
f 2912/2912/2912 2911/2911/2911 2975/2975/2975
f 2911/2911/2911 2913/2913/2913 2976/2976/2976
f 2913/2913/2913 2915/2915/2915 2977/2977/2977
f 2914/2914/2914 2978/2978/2978 2977/2977/2977
f 2916/2916/2916 2979/2979/2979 2978/2978/2978
f 2917/2917/2917 2980/2980/2980 2979/2979/2979
f 2918/2918/2918 2982/2982/2982 2980/2980/2980
f 2918/2918/2918 2919/2919/2919 2981/2981/2981
f 2919/2919/2919 2921/2921/2921 2983/2983/2983
f 2920/2920/2920 2985/2985/2985 2983/2983/2983
f 2920/2920/2920 2922/2922/2922 2984/2984/2984
f 2923/2923/2923 2986/2986/2986 2984/2984/2984
f 2925/2925/2925 2988/2988/2988 2986/2986/2986
f 2925/2925/2925 2924/2924/2924 2987/2987/2987
f 2924/2924/2924 2926/2926/2926 2989/2989/2989
f 2926/2926/2926 2927/2927/2927 2990/2990/2990
f 2927/2927/2927 2929/2929/2929 2991/2991/2991
f 2929/2929/2929 2928/2928/2928 2992/2992/2992
f 2928/2928/2928 2930/2930/2930 2993/2993/2993
f 2930/2930/2930 2932/2932/2932 2994/2994/2994
f 2932/2932/2932 2931/2931/2931 2995/2995/2995
f 2931/2931/2931 2933/2933/2933 2996/2996/2996
f 2933/2933/2933 2934/2934/2934 2997/2997/2997
f 2935/2935/2935 2999/2999/2999 2997/2997/2997
f 2935/2935/2935 2937/2937/2937 2998/2998/2998
f 2937/2937/2937 2936/2936/2936 3000/3000/3000
f 2936/2936/2936 2938/2938/2938 3001/3001/3001
f 2938/2938/2938 2939/2939/2939 3002/3002/3002
f 2939/2939/2939 2940/2940/2940 3003/3003/3003
f 2941/2941/2941 3005/3005/3005 3003/3003/3003
f 2941/2941/2941 2942/2942/2942 3004/3004/3004
f 2942/2942/2942 2944/2944/2944 3006/3006/3006
f 2944/2944/2944 2943/2943/2943 3007/3007/3007
f 2945/2945/2945 3008/3008/3008 3007/3007/3007
f 2946/2946/2946 4063/4063/4063 3008/3008/3008
f 2948/2948/2948 3011/3011/3011 3009/3009/3009
f 2948/2948/2948 2949/2949/2949 3010/3010/3010
f 2949/2949/2949 2950/2950/2950 3012/3012/3012
f 2952/2952/2952 3013/3013/3013 3012/3012/3012
f 2951/2951/2951 3014/3014/3014 3013/3013/3013
f 2953/2953/2953 3016/3016/3016 3014/3014/3014
f 2953/2953/2953 2954/2954/2954 3015/3015/3015
f 2955/2955/2955 3018/3018/3018 3015/3015/3015
f 2955/2955/2955 2956/2956/2956 3017/3017/3017
f 2956/2956/2956 2957/2957/2957 3019/3019/3019
f 2957/2957/2957 2959/2959/2959 3020/3020/3020
f 2958/2958/2958 3021/3021/3021 3020/3020/3020
f 2960/2960/2960 3022/3022/3022 3021/3021/3021
f 2962/2962/2962 3023/3023/3023 3022/3022/3022
f 2961/2961/2961 3025/3025/3025 3023/3023/3023
f 2961/2961/2961 2963/2963/2963 3024/3024/3024
f 2965/2965/2965 3026/3026/3026 3024/3024/3024
f 2964/2964/2964 3028/3028/3028 3026/3026/3026
f 2964/2964/2964 2967/2967/2967 3027/3027/3027
f 2966/2966/2966 3029/3029/3029 3027/3027/3027
f 2968/2968/2968 3030/3030/3030 3029/3029/3029
f 2969/2969/2969 3031/3031/3031 3030/3030/3030
f 2970/2970/2970 3032/3032/3032 3031/3031/3031
f 2971/2971/2971 3034/3034/3034 3032/3032/3032
f 2971/2971/2971 2972/2972/2972 3033/3033/3033
f 2972/2972/2972 2974/2974/2974 3035/3035/3035
f 2974/2974/2974 2973/2973/2973 3036/3036/3036
f 2975/2975/2975 3037/3037/3037 3036/3036/3036
f 2976/2976/2976 3038/3038/3038 3037/3037/3037
f 2977/2977/2977 3039/3039/3039 3038/3038/3038
f 2978/2978/2978 3040/3040/3040 3039/3039/3039
f 2979/2979/2979 3042/3042/3042 3040/3040/3040
f 2979/2979/2979 2980/2980/2980 3041/3041/3041
f 2980/2980/2980 2982/2982/2982 3043/3043/3043
f 2981/2981/2981 3044/3044/3044 3043/3043/3043
f 2983/2983/2983 3045/3045/3045 3044/3044/3044
f 2985/2985/2985 3046/3046/3046 3045/3045/3045
f 2984/2984/2984 3048/3048/3048 3046/3046/3046
f 2984/2984/2984 2986/2986/2986 3047/3047/3047
f 2986/2986/2986 2988/2988/2988 3049/3049/3049
f 2987/2987/2987 3050/3050/3050 3049/3049/3049
f 2989/2989/2989 3051/3051/3051 3050/3050/3050
f 2990/2990/2990 3052/3052/3052 3051/3051/3051
f 2991/2991/2991 3053/3053/3053 3052/3052/3052
f 2992/2992/2992 3055/3055/3055 3053/3053/3053
f 2992/2992/2992 2993/2993/2993 3054/3054/3054
f 2993/2993/2993 2994/2994/2994 3056/3056/3056
f 2995/2995/2995 3057/3057/3057 3056/3056/3056
f 2996/2996/2996 3058/3058/3058 3057/3057/3057
f 2997/2997/2997 3060/3060/3060 3058/3058/3058
f 2997/2997/2997 2999/2999/2999 3059/3059/3059
f 2999/2999/2999 2998/2998/2998 3061/3061/3061
f 3000/3000/3000 3062/3062/3062 3061/3061/3061
f 3001/3001/3001 3063/3063/3063 3062/3062/3062
f 3002/3002/3002 3064/3064/3064 3063/3063/3063
f 3003/3003/3003 3065/3065/3065 3064/3064/3064
f 3005/3005/3005 3067/3067/3067 3065/3065/3065
f 3005/3005/3005 3004/3004/3004 3066/3066/3066
f 3006/3006/3006 3068/3068/3068 3066/3066/3066
f 3007/3007/3007 3069/3069/3069 3068/3068/3068
f 3008/3008/3008 3071/3071/3071 3069/3069/3069
f 3008/3008/3008 4063/4063/4063 3070/3070/3070
f 3011/3011/3011 3073/3073/3073 3072/3072/3072
f 3010/3010/3010 3075/3075/3075 3073/3073/3073
f 3010/3010/3010 3012/3012/3012 3074/3074/3074
f 3012/3012/3012 3013/3013/3013 3076/3076/3076
f 3013/3013/3013 3014/3014/3014 3077/3077/3077
f 3014/3014/3014 3016/3016/3016 3078/3078/3078
f 3015/3015/3015 3079/3079/3079 3078/3078/3078
f 3018/3018/3018 3081/3081/3081 3079/3079/3079
f 3018/3018/3018 3017/3017/3017 3080/3080/3080
f 3017/3017/3017 3019/3019/3019 3082/3082/3082
f 3019/3019/3019 3020/3020/3020 3083/3083/3083
f 3020/3020/3020 3021/3021/3021 3084/3084/3084
f 3021/3021/3021 3022/3022/3022 3085/3085/3085
f 3022/3022/3022 3023/3023/3023 3086/3086/3086
f 3025/3025/3025 3087/3087/3087 3086/3086/3086
f 3024/3024/3024 3089/3089/3089 3087/3087/3087
f 3024/3024/3024 3026/3026/3026 3088/3088/3088
f 3026/3026/3026 3028/3028/3028 3090/3090/3090
f 3027/3027/3027 3091/3091/3091 3090/3090/3090
f 3029/3029/3029 3093/3093/3093 3091/3091/3091
f 3029/3029/3029 3030/3030/3030 3092/3092/3092
f 3031/3031/3031 3094/3094/3094 3092/3092/3092
f 3032/3032/3032 3095/3095/3095 3094/3094/3094
f 3034/3034/3034 3096/3096/3096 3095/3095/3095
f 3033/3033/3033 3097/3097/3097 3096/3096/3096
f 3035/3035/3035 3098/3098/3098 3097/3097/3097
f 3036/3036/3036 3099/3099/3099 3098/3098/3098
f 3037/3037/3037 3101/3101/3101 3099/3099/3099
f 3037/3037/3037 3038/3038/3038 3100/3100/3100
f 3038/3038/3038 3039/3039/3039 3102/3102/3102
f 3040/3040/3040 3104/3104/3104 3102/3102/3102
f 3040/3040/3040 3042/3042/3042 3103/3103/3103
f 3041/3041/3041 3105/3105/3105 3103/3103/3103
f 3043/3043/3043 3106/3106/3106 3105/3105/3105
f 3044/3044/3044 3107/3107/3107 3106/3106/3106
f 3045/3045/3045 3109/3109/3109 3107/3107/3107
f 3045/3045/3045 3046/3046/3046 3108/3108/3108
f 3046/3046/3046 3048/3048/3048 3110/3110/3110
f 3048/3048/3048 3047/3047/3047 3111/3111/3111
f 3049/3049/3049 3113/3113/3113 3111/3111/3111
f 3049/3049/3049 3050/3050/3050 3112/3112/3112
f 3051/3051/3051 3115/3115/3115 3112/3112/3112
f 3051/3051/3051 3052/3052/3052 3114/3114/3114
f 3052/3052/3052 3053/3053/3053 3116/3116/3116
f 3053/3053/3053 3055/3055/3055 3117/3117/3117
f 3054/3054/3054 3118/3118/3118 3117/3117/3117
f 3056/3056/3056 3120/3120/3120 3118/3118/3118
f 3056/3056/3056 3057/3057/3057 3119/3119/3119
f 3057/3057/3057 3058/3058/3058 3121/3121/3121
f 3058/3058/3058 3060/3060/3060 3122/3122/3122
f 3059/3059/3059 3124/3124/3124 3122/3122/3122
f 3059/3059/3059 3061/3061/3061 3123/3123/3123
f 3062/3062/3062 3125/3125/3125 3123/3123/3123
f 3063/3063/3063 3126/3126/3126 3125/3125/3125
f 3064/3064/3064 3128/3128/3128 3126/3126/3126
f 3064/3064/3064 3065/3065/3065 3127/3127/3127
f 3067/3067/3067 3129/3129/3129 3127/3127/3127
f 3066/3066/3066 3130/3130/3130 3129/3129/3129
f 3068/3068/3068 3131/3131/3131 3130/3130/3130
f 3069/3069/3069 3133/3133/3133 3131/3131/3131
f 3069/3069/3069 3071/3071/3071 3132/3132/3132
f 3070/3070/3070 3195/3195/3195 3132/3132/3132
f 3072/3072/3072 3073/3073/3073 3134/3134/3134
f 3073/3073/3073 3075/3075/3075 3136/3136/3136
f 3074/3074/3074 3137/3137/3137 3136/3136/3136
f 3076/3076/3076 3138/3138/3138 3137/3137/3137
f 3077/3077/3077 3140/3140/3140 3138/3138/3138
f 3077/3077/3077 3078/3078/3078 3139/3139/3139
f 3078/3078/3078 3079/3079/3079 3141/3141/3141
f 3081/3081/3081 3142/3142/3142 3141/3141/3141
f 3080/3080/3080 3143/3143/3143 3142/3142/3142
f 3082/3082/3082 3144/3144/3144 3143/3143/3143
f 3083/3083/3083 3145/3145/3145 3144/3144/3144
f 3084/3084/3084 3147/3147/3147 3145/3145/3145
f 3084/3084/3084 3085/3085/3085 3146/3146/3146
f 3086/3086/3086 3148/3148/3148 3146/3146/3146
f 3087/3087/3087 3150/3150/3150 3148/3148/3148
f 3087/3087/3087 3089/3089/3089 3149/3149/3149
f 3089/3089/3089 3088/3088/3088 3151/3151/3151
f 3088/3088/3088 3090/3090/3090 3152/3152/3152
f 3090/3090/3090 3091/3091/3091 3153/3153/3153
f 3091/3091/3091 3093/3093/3093 3154/3154/3154
f 3092/3092/3092 3156/3156/3156 3154/3154/3154
f 3092/3092/3092 3094/3094/3094 3155/3155/3155
f 3095/3095/3095 3157/3157/3157 3155/3155/3155
f 3096/3096/3096 3159/3159/3159 3157/3157/3157
f 3096/3096/3096 3097/3097/3097 3158/3158/3158
f 3098/3098/3098 3161/3161/3161 3158/3158/3158
f 3098/3098/3098 3099/3099/3099 3160/3160/3160
f 3099/3099/3099 3101/3101/3101 3162/3162/3162
f 3101/3101/3101 3100/3100/3100 3163/3163/3163
f 3100/3100/3100 3102/3102/3102 3164/3164/3164
f 3102/3102/3102 3104/3104/3104 3165/3165/3165
f 3104/3104/3104 3103/3103/3103 3166/3166/3166
f 3105/3105/3105 3167/3167/3167 3166/3166/3166
f 3106/3106/3106 3168/3168/3168 3167/3167/3167
f 3107/3107/3107 3169/3169/3169 3168/3168/3168
f 3109/3109/3109 3171/3171/3171 3169/3169/3169
f 3109/3109/3109 3108/3108/3108 3170/3170/3170
f 3110/3110/3110 3172/3172/3172 3170/3170/3170
f 3111/3111/3111 3174/3174/3174 3172/3172/3172
f 3111/3111/3111 3113/3113/3113 3173/3173/3173
f 3113/3113/3113 3112/3112/3112 3175/3175/3175
f 3112/3112/3112 3115/3115/3115 3176/3176/3176
f 3114/3114/3114 3178/3178/3178 3176/3176/3176
f 3114/3114/3114 3116/3116/3116 3177/3177/3177
f 3117/3117/3117 3179/3179/3179 3177/3177/3177
f 3118/3118/3118 3181/3181/3181 3179/3179/3179
f 3118/3118/3118 3120/3120/3120 3180/3180/3180
f 3120/3120/3120 3119/3119/3119 3182/3182/3182
f 3119/3119/3119 3121/3121/3121 3183/3183/3183
f 3121/3121/3121 3122/3122/3122 3184/3184/3184
f 3122/3122/3122 3124/3124/3124 3185/3185/3185
f 3123/3123/3123 3187/3187/3187 3185/3185/3185
f 3123/3123/3123 3125/3125/3125 3186/3186/3186
f 3125/3125/3125 3126/3126/3126 3188/3188/3188
f 3126/3126/3126 3128/3128/3128 3189/3189/3189
f 3128/3128/3128 3127/3127/3127 3190/3190/3190
f 3129/3129/3129 3192/3192/3192 3190/3190/3190
f 3129/3129/3129 3130/3130/3130 3191/3191/3191
f 3130/3130/3130 3131/3131/3131 3193/3193/3193
f 3131/3131/3131 3133/3133/3133 3194/3194/3194
f 3132/3132/3132 3196/3196/3196 3194/3194/3194
f 3195/3195/3195 4067/4067/4067 3196/3196/3196
f 3134/3134/3134 3199/3199/3199 3197/3197/3197
f 3134/3134/3134 3136/3136/3136 3198/3198/3198
f 3136/3136/3136 3137/3137/3137 3200/3200/3200
f 3138/3138/3138 3202/3202/3202 3200/3200/3200
f 3138/3138/3138 3140/3140/3140 3201/3201/3201
f 3139/3139/3139 3204/3204/3204 3201/3201/3201
f 3139/3139/3139 3141/3141/3141 3203/3203/3203
f 3141/3141/3141 3142/3142/3142 3205/3205/3205
f 3142/3142/3142 3143/3143/3143 3206/3206/3206
f 3143/3143/3143 3144/3144/3144 3207/3207/3207
f 3144/3144/3144 3145/3145/3145 3208/3208/3208
f 3147/3147/3147 3210/3210/3210 3208/3208/3208
f 3147/3147/3147 3146/3146/3146 3209/3209/3209
f 3146/3146/3146 3148/3148/3148 3211/3211/3211
f 3148/3148/3148 3150/3150/3150 3212/3212/3212
f 3150/3150/3150 3149/3149/3149 3213/3213/3213
f 3151/3151/3151 3215/3215/3215 3213/3213/3213
f 3151/3151/3151 3152/3152/3152 3214/3214/3214
f 3152/3152/3152 3153/3153/3153 3216/3216/3216
f 3153/3153/3153 3154/3154/3154 3217/3217/3217
f 3154/3154/3154 3156/3156/3156 3218/3218/3218
f 3155/3155/3155 3220/3220/3220 3218/3218/3218
f 3155/3155/3155 3157/3157/3157 3219/3219/3219
f 3159/3159/3159 3222/3222/3222 3219/3219/3219
f 3159/3159/3159 3158/3158/3158 3221/3221/3221
f 3158/3158/3158 3161/3161/3161 3223/3223/3223
f 3161/3161/3161 3160/3160/3160 3224/3224/3224
f 3162/3162/3162 3226/3226/3226 3224/3224/3224
f 3162/3162/3162 3163/3163/3163 3225/3225/3225
f 3164/3164/3164 3227/3227/3227 3225/3225/3225
f 3165/3165/3165 3228/3228/3228 3227/3227/3227
f 3166/3166/3166 3230/3230/3230 3228/3228/3228
f 3166/3166/3166 3167/3167/3167 3229/3229/3229
f 3167/3167/3167 3168/3168/3168 3231/3231/3231
f 3168/3168/3168 3169/3169/3169 3232/3232/3232
f 3171/3171/3171 3233/3233/3233 3232/3232/3232
f 3170/3170/3170 3234/3234/3234 3233/3233/3233
f 3172/3172/3172 3236/3236/3236 3234/3234/3234
f 3172/3172/3172 3174/3174/3174 3235/3235/3235
f 3173/3173/3173 3237/3237/3237 3235/3235/3235
f 3175/3175/3175 3238/3238/3238 3237/3237/3237
f 3176/3176/3176 3239/3239/3239 3238/3238/3238
f 3178/3178/3178 3241/3241/3241 3239/3239/3239
f 3178/3178/3178 3177/3177/3177 3240/3240/3240
f 3179/3179/3179 3243/3243/3243 3240/3240/3240
f 3179/3179/3179 3181/3181/3181 3242/3242/3242
f 3181/3181/3181 3180/3180/3180 3244/3244/3244
f 3182/3182/3182 3245/3245/3245 3244/3244/3244
f 3183/3183/3183 3246/3246/3246 3245/3245/3245
f 3184/3184/3184 3247/3247/3247 3246/3246/3246
f 3185/3185/3185 3248/3248/3248 3247/3247/3247
f 3187/3187/3187 3249/3249/3249 3248/3248/3248
f 3186/3186/3186 3250/3250/3250 3249/3249/3249
f 3188/3188/3188 3251/3251/3251 3250/3250/3250
f 3189/3189/3189 3252/3252/3252 3251/3251/3251
f 3190/3190/3190 3254/3254/3254 3252/3252/3252
f 3190/3190/3190 3192/3192/3192 3253/3253/3253
f 3191/3191/3191 3256/3256/3256 3253/3253/3253
f 3191/3191/3191 3193/3193/3193 3255/3255/3255
f 3194/3194/3194 3258/3258/3258 3255/3255/3255
f 3194/3194/3194 3196/3196/3196 3257/3257/3257
f 3196/3196/3196 4067/4067/4067 3259/3259/3259
f 3197/3197/3197 3199/3199/3199 3260/3260/3260
f 3199/3199/3199 3198/3198/3198 3262/3262/3262
f 3198/3198/3198 3200/3200/3200 3263/3263/3263
f 3200/3200/3200 3202/3202/3202 3264/3264/3264
f 3202/3202/3202 3201/3201/3201 3265/3265/3265
f 3204/3204/3204 3266/3266/3266 3265/3265/3265
f 3203/3203/3203 3267/3267/3267 3266/3266/3266
f 3205/3205/3205 3268/3268/3268 3267/3267/3267
f 3206/3206/3206 3269/3269/3269 3268/3268/3268
f 3207/3207/3207 3270/3270/3270 3269/3269/3269
f 3208/3208/3208 3271/3271/3271 3270/3270/3270
f 3210/3210/3210 3272/3272/3272 3271/3271/3271
f 3209/3209/3209 3273/3273/3273 3272/3272/3272
f 3211/3211/3211 3274/3274/3274 3273/3273/3273
f 3212/3212/3212 3275/3275/3275 3274/3274/3274
f 3213/3213/3213 3276/3276/3276 3275/3275/3275
f 3215/3215/3215 3277/3277/3277 3276/3276/3276
f 3214/3214/3214 3278/3278/3278 3277/3277/3277
f 3216/3216/3216 3279/3279/3279 3278/3278/3278
f 3217/3217/3217 3280/3280/3280 3279/3279/3279
f 3218/3218/3218 3281/3281/3281 3280/3280/3280
f 3220/3220/3220 3283/3283/3283 3281/3281/3281
f 3220/3220/3220 3219/3219/3219 3282/3282/3282
f 3219/3219/3219 3222/3222/3222 3284/3284/3284
f 3221/3221/3221 3285/3285/3285 3284/3284/3284
f 3223/3223/3223 3287/3287/3287 3285/3285/3285
f 3223/3223/3223 3224/3224/3224 3286/3286/3286
f 3226/3226/3226 3288/3288/3288 3286/3286/3286
f 3225/3225/3225 3289/3289/3289 3288/3288/3288
f 3227/3227/3227 3291/3291/3291 3289/3289/3289
f 3227/3227/3227 3228/3228/3228 3290/3290/3290
f 3228/3228/3228 3230/3230/3230 3292/3292/3292
f 3230/3230/3230 3229/3229/3229 3293/3293/3293
f 3229/3229/3229 3231/3231/3231 3294/3294/3294
f 3232/3232/3232 3295/3295/3295 3294/3294/3294
f 3233/3233/3233 3297/3297/3297 3295/3295/3295
f 3233/3233/3233 3234/3234/3234 3296/3296/3296
f 3236/3236/3236 3299/3299/3299 3296/3296/3296
f 3236/3236/3236 3235/3235/3235 3298/3298/3298
f 3237/3237/3237 3300/3300/3300 3298/3298/3298
f 3238/3238/3238 3302/3302/3302 3300/3300/3300
f 3238/3238/3238 3239/3239/3239 3301/3301/3301
f 3239/3239/3239 3241/3241/3241 3303/3303/3303
f 3240/3240/3240 3305/3305/3305 3303/3303/3303
f 3240/3240/3240 3243/3243/3243 3304/3304/3304
f 3243/3243/3243 3242/3242/3242 3306/3306/3306
f 3244/3244/3244 3307/3307/3307 3306/3306/3306
f 3245/3245/3245 3309/3309/3309 3307/3307/3307
f 3245/3245/3245 3246/3246/3246 3308/3308/3308
f 3246/3246/3246 3247/3247/3247 3310/3310/3310
f 3248/3248/3248 3311/3311/3311 3310/3310/3310
f 3249/3249/3249 3313/3313/3313 3311/3311/3311
f 3249/3249/3249 3250/3250/3250 3312/3312/3312
f 3250/3250/3250 3251/3251/3251 3314/3314/3314
f 3251/3251/3251 3252/3252/3252 3315/3315/3315
f 3252/3252/3252 3254/3254/3254 3316/3316/3316
f 3253/3253/3253 3317/3317/3317 3316/3316/3316
f 3256/3256/3256 3318/3318/3318 3317/3317/3317
f 3255/3255/3255 3319/3319/3319 3318/3318/3318
f 3258/3258/3258 3320/3320/3320 3319/3319/3319
f 3257/3257/3257 3322/3322/3322 3320/3320/3320
f 3257/3257/3257 3259/3259/3259 3321/3321/3321
f 3260/3260/3260 3324/3324/3324 3323/3323/3323
f 3262/3262/3262 3325/3325/3325 3324/3324/3324
f 3263/3263/3263 3327/3327/3327 3325/3325/3325
f 3263/3263/3263 3264/3264/3264 3326/3326/3326
f 3265/3265/3265 3328/3328/3328 3326/3326/3326
f 3266/3266/3266 3330/3330/3330 3328/3328/3328
f 3266/3266/3266 3267/3267/3267 3329/3329/3329
f 3267/3267/3267 3268/3268/3268 3331/3331/3331
f 3268/3268/3268 3269/3269/3269 3332/3332/3332
f 3270/3270/3270 3333/3333/3333 3332/3332/3332
f 3271/3271/3271 3334/3334/3334 3333/3333/3333
f 3272/3272/3272 3336/3336/3336 3334/3334/3334
f 3272/3272/3272 3273/3273/3273 3335/3335/3335
f 3274/3274/3274 3337/3337/3337 3335/3335/3335
f 3275/3275/3275 3338/3338/3338 3337/3337/3337
f 3276/3276/3276 3339/3339/3339 3338/3338/3338
f 3277/3277/3277 3341/3341/3341 3339/3339/3339
f 3277/3277/3277 3278/3278/3278 3340/3340/3340
f 3278/3278/3278 3279/3279/3279 3342/3342/3342
f 3279/3279/3279 3280/3280/3280 3343/3343/3343
f 3281/3281/3281 3345/3345/3345 3343/3343/3343
f 3281/3281/3281 3283/3283/3283 3344/3344/3344
f 3283/3283/3283 3282/3282/3282 3346/3346/3346
f 3284/3284/3284 3348/3348/3348 3346/3346/3346
f 3284/3284/3284 3285/3285/3285 3347/3347/3347
f 3287/3287/3287 3349/3349/3349 3347/3347/3347
f 3286/3286/3286 3351/3351/3351 3349/3349/3349
f 3286/3286/3286 3288/3288/3288 3350/3350/3350
f 3288/3288/3288 3289/3289/3289 3352/3352/3352
f 3291/3291/3291 3353/3353/3353 3352/3352/3352
f 3290/3290/3290 3355/3355/3355 3353/3353/3353
f 3290/3290/3290 3292/3292/3292 3354/3354/3354
f 3293/3293/3293 3356/3356/3356 3354/3354/3354
f 3294/3294/3294 3357/3357/3357 3356/3356/3356
f 3295/3295/3295 3359/3359/3359 3357/3357/3357
f 3295/3295/3295 3297/3297/3297 3358/3358/3358
f 3297/3297/3297 3296/3296/3296 3360/3360/3360
f 3299/3299/3299 3362/3362/3362 3360/3360/3360
f 3299/3299/3299 3298/3298/3298 3361/3361/3361
f 3298/3298/3298 3300/3300/3300 3363/3363/3363
f 3300/3300/3300 3302/3302/3302 3364/3364/3364
f 3302/3302/3302 3301/3301/3301 3365/3365/3365
f 3303/3303/3303 3366/3366/3366 3365/3365/3365
f 3305/3305/3305 3367/3367/3367 3366/3366/3366
f 3304/3304/3304 3368/3368/3368 3367/3367/3367
f 3306/3306/3306 3370/3370/3370 3368/3368/3368
f 3306/3306/3306 3307/3307/3307 3369/3369/3369
f 3307/3307/3307 3309/3309/3309 3371/3371/3371
f 3309/3309/3309 3308/3308/3308 3372/3372/3372
f 3308/3308/3308 3310/3310/3310 3373/3373/3373
f 3310/3310/3310 3311/3311/3311 3374/3374/3374
f 3311/3311/3311 3313/3313/3313 3375/3375/3375
f 3313/3313/3313 3312/3312/3312 3376/3376/3376
f 3314/3314/3314 3377/3377/3377 3376/3376/3376
f 3315/3315/3315 3378/3378/3378 3377/3377/3377
f 3316/3316/3316 3380/3380/3380 3378/3378/3378
f 3316/3316/3316 3317/3317/3317 3379/3379/3379
f 3317/3317/3317 3318/3318/3318 3381/3381/3381
f 3319/3319/3319 3382/3382/3382 3381/3381/3381
f 3320/3320/3320 3383/3383/3383 3382/3382/3382
f 3322/3322/3322 3384/3384/3384 3383/3383/3383
f 3321/3321/3321 4070/4070/4070 3384/3384/3384
f 3323/3323/3323 3324/3324/3324 3385/3385/3385
f 3325/3325/3325 3387/3387/3387 3385/3385/3385
f 3327/3327/3327 3389/3389/3389 3387/3387/3387
f 3327/3327/3327 3326/3326/3326 3388/3388/3388
f 3326/3326/3326 3328/3328/3328 3390/3390/3390
f 3328/3328/3328 3330/3330/3330 3391/3391/3391
f 3330/3330/3330 3329/3329/3329 3392/3392/3392
f 3329/3329/3329 3331/3331/3331 3393/3393/3393
f 3332/3332/3332 3394/3394/3394 3393/3393/3393
f 3333/3333/3333 3395/3395/3395 3394/3394/3394
f 3334/3334/3334 3396/3396/3396 3395/3395/3395
f 3336/3336/3336 3397/3397/3397 3396/3396/3396
f 3335/3335/3335 3398/3398/3398 3397/3397/3397
f 3337/3337/3337 3400/3400/3400 3398/3398/3398
f 3337/3337/3337 3338/3338/3338 3399/3399/3399
f 3338/3338/3338 3339/3339/3339 3401/3401/3401
f 3339/3339/3339 3341/3341/3341 3402/3402/3402
f 3341/3341/3341 3340/3340/3340 3403/3403/3403
f 3342/3342/3342 3404/3404/3404 3403/3403/3403
f 3343/3343/3343 3406/3406/3406 3404/3404/3404
f 3343/3343/3343 3345/3345/3345 3405/3405/3405
f 3344/3344/3344 3407/3407/3407 3405/3405/3405
f 3346/3346/3346 3409/3409/3409 3407/3407/3407
f 3346/3346/3346 3348/3348/3348 3408/3408/3408
f 3348/3348/3348 3347/3347/3347 3410/3410/3410
f 3347/3347/3347 3349/3349/3349 3411/3411/3411
f 3349/3349/3349 3351/3351/3351 3412/3412/3412
f 3351/3351/3351 3350/3350/3350 3413/3413/3413
f 3352/3352/3352 3415/3415/3415 3413/3413/3413
f 3352/3352/3352 3353/3353/3353 3414/3414/3414
f 3355/3355/3355 3417/3417/3417 3414/3414/3414
f 3355/3355/3355 3354/3354/3354 3416/3416/3416
f 3356/3356/3356 3419/3419/3419 3416/3416/3416
f 3356/3356/3356 3357/3357/3357 3418/3418/3418
f 3359/3359/3359 3420/3420/3420 3418/3418/3418
f 3358/3358/3358 3421/3421/3421 3420/3420/3420
f 3360/3360/3360 3422/3422/3422 3421/3421/3421
f 3362/3362/3362 3424/3424/3424 3422/3422/3422
f 3362/3362/3362 3361/3361/3361 3423/3423/3423
f 3363/3363/3363 3425/3425/3425 3423/3423/3423
f 3364/3364/3364 3426/3426/3426 3425/3425/3425
f 3365/3365/3365 3427/3427/3427 3426/3426/3426
f 3366/3366/3366 3429/3429/3429 3427/3427/3427
f 3366/3366/3366 3367/3367/3367 3428/3428/3428
f 3367/3367/3367 3368/3368/3368 3430/3430/3430
f 3368/3368/3368 3370/3370/3370 3431/3431/3431
f 3370/3370/3370 3369/3369/3369 3432/3432/3432
f 3369/3369/3369 3371/3371/3371 3433/3433/3433
f 3372/3372/3372 3434/3434/3434 3433/3433/3433
f 3373/3373/3373 3435/3435/3435 3434/3434/3434
f 3374/3374/3374 3437/3437/3437 3435/3435/3435
f 3374/3374/3374 3375/3375/3375 3436/3436/3436
f 3375/3375/3375 3376/3376/3376 3438/3438/3438
f 3377/3377/3377 3439/3439/3439 3438/3438/3438
f 3378/3378/3378 3440/3440/3440 3439/3439/3439
f 3380/3380/3380 3442/3442/3442 3440/3440/3440
f 3380/3380/3380 3379/3379/3379 3441/3441/3441
f 3381/3381/3381 3443/3443/3443 3441/3441/3441
f 3382/3382/3382 3445/3445/3445 3443/3443/3443
f 3382/3382/3382 3383/3383/3383 3444/3444/3444
f 3383/3383/3383 3384/3384/3384 3446/3446/3446
f 3384/3384/3384 4070/4070/4070 3447/3447/3447
f 3386/3386/3386 3385/3385/3385 3448/3448/3448
f 3385/3385/3385 3387/3387/3387 3450/3450/3450
f 3387/3387/3387 3389/3389/3389 3451/3451/3451
f 3388/3388/3388 3453/3453/3453 3451/3451/3451
f 3388/3388/3388 3390/3390/3390 3452/3452/3452
f 3391/3391/3391 3455/3455/3455 3452/3452/3452
f 3391/3391/3391 3392/3392/3392 3454/3454/3454
f 3392/3392/3392 3393/3393/3393 3456/3456/3456
f 3393/3393/3393 3394/3394/3394 3457/3457/3457
f 3395/3395/3395 3458/3458/3458 3457/3457/3457
f 3396/3396/3396 3459/3459/3459 3458/3458/3458
f 3397/3397/3397 3460/3460/3460 3459/3459/3459
f 3398/3398/3398 3462/3462/3462 3460/3460/3460
f 3398/3398/3398 3400/3400/3400 3461/3461/3461
f 3399/3399/3399 3463/3463/3463 3461/3461/3461
f 3401/3401/3401 3465/3465/3465 3463/3463/3463
f 3401/3401/3401 3402/3402/3402 3464/3464/3464
f 3403/3403/3403 3467/3467/3467 3464/3464/3464
f 3403/3403/3403 3404/3404/3404 3466/3466/3466
f 3404/3404/3404 3406/3406/3406 3468/3468/3468
f 3406/3406/3406 3405/3405/3405 3469/3469/3469
f 3407/3407/3407 3470/3470/3470 3469/3469/3469
f 3409/3409/3409 3472/3472/3472 3470/3470/3470
f 3409/3409/3409 3408/3408/3408 3471/3471/3471
f 3410/3410/3410 3474/3474/3474 3471/3471/3471
f 3410/3410/3410 3411/3411/3411 3473/3473/3473
f 3412/3412/3412 3475/3475/3475 3473/3473/3473
f 3413/3413/3413 3477/3477/3477 3475/3475/3475
f 3413/3413/3413 3415/3415/3415 3476/3476/3476
f 3415/3415/3415 3414/3414/3414 3478/3478/3478
f 3417/3417/3417 3480/3480/3480 3478/3478/3478
f 3417/3417/3417 3416/3416/3416 3479/3479/3479
f 3419/3419/3419 3481/3481/3481 3479/3479/3479
f 3418/3418/3418 3482/3482/3482 3481/3481/3481
f 3420/3420/3420 3484/3484/3484 3482/3482/3482
f 3420/3420/3420 3421/3421/3421 3483/3483/3483
f 3421/3421/3421 3422/3422/3422 3485/3485/3485
f 3424/3424/3424 3486/3486/3486 3485/3485/3485
f 3423/3423/3423 3488/3488/3488 3486/3486/3486
f 3423/3423/3423 3425/3425/3425 3487/3487/3487
f 3425/3425/3425 3426/3426/3426 3489/3489/3489
f 3427/3427/3427 3491/3491/3491 3489/3489/3489
f 3427/3427/3427 3429/3429/3429 3490/3490/3490
f 3429/3429/3429 3428/3428/3428 3492/3492/3492
f 3428/3428/3428 3430/3430/3430 3493/3493/3493
f 3431/3431/3431 3494/3494/3494 3493/3493/3493
f 3432/3432/3432 3495/3495/3495 3494/3494/3494
f 3433/3433/3433 3496/3496/3496 3495/3495/3495
f 3434/3434/3434 3497/3497/3497 3496/3496/3496
f 3435/3435/3435 3499/3499/3499 3497/3497/3497
f 3435/3435/3435 3437/3437/3437 3498/3498/3498
f 3437/3437/3437 3436/3436/3436 3500/3500/3500
f 3436/3436/3436 3438/3438/3438 3501/3501/3501
f 3438/3438/3438 3439/3439/3439 3502/3502/3502
f 3439/3439/3439 3440/3440/3440 3503/3503/3503
f 3442/3442/3442 3504/3504/3504 3503/3503/3503
f 3441/3441/3441 3506/3506/3506 3504/3504/3504
f 3441/3441/3441 3443/3443/3443 3505/3505/3505
f 3445/3445/3445 3507/3507/3507 3505/3505/3505
f 3444/3444/3444 3509/3509/3509 3507/3507/3507
f 3444/3444/3444 3446/3446/3446 3508/3508/3508
f 3446/3446/3446 3447/3447/3447 3510/3510/3510
f 3448/3448/3448 3512/3512/3512 3511/3511/3511
f 3450/3450/3450 3513/3513/3513 3512/3512/3512
f 3451/3451/3451 3514/3514/3514 3513/3513/3513
f 3453/3453/3453 3515/3515/3515 3514/3514/3514
f 3452/3452/3452 3516/3516/3516 3515/3515/3515
f 3455/3455/3455 3517/3517/3517 3516/3516/3516
f 3454/3454/3454 3519/3519/3519 3517/3517/3517
f 3454/3454/3454 3456/3456/3456 3518/3518/3518
f 3457/3457/3457 3521/3521/3521 3518/3518/3518
f 3457/3457/3457 3458/3458/3458 3520/3520/3520
f 3458/3458/3458 3459/3459/3459 3522/3522/3522
f 3459/3459/3459 3460/3460/3460 3523/3523/3523
f 3462/3462/3462 3524/3524/3524 3523/3523/3523
f 3461/3461/3461 3526/3526/3526 3524/3524/3524
f 3461/3461/3461 3463/3463/3463 3525/3525/3525
f 3465/3465/3465 3527/3527/3527 3525/3525/3525
f 3464/3464/3464 3528/3528/3528 3527/3527/3527
f 3467/3467/3467 3529/3529/3529 3528/3528/3528
f 3466/3466/3466 3530/3530/3530 3529/3529/3529
f 3468/3468/3468 3531/3531/3531 3530/3530/3530
f 3469/3469/3469 3533/3533/3533 3531/3531/3531
f 3469/3469/3469 3470/3470/3470 3532/3532/3532
f 3470/3470/3470 3472/3472/3472 3534/3534/3534
f 3471/3471/3471 3535/3535/3535 3534/3534/3534
f 3474/3474/3474 3536/3536/3536 3535/3535/3535
f 3473/3473/3473 3537/3537/3537 3536/3536/3536
f 3475/3475/3475 3539/3539/3539 3537/3537/3537
f 3475/3475/3475 3477/3477/3477 3538/3538/3538
f 3476/3476/3476 3540/3540/3540 3538/3538/3538
f 3478/3478/3478 3542/3542/3542 3540/3540/3540
f 3478/3478/3478 3480/3480/3480 3541/3541/3541
f 3479/3479/3479 3543/3543/3543 3541/3541/3541
f 3481/3481/3481 3544/3544/3544 3543/3543/3543
f 3482/3482/3482 3546/3546/3546 3544/3544/3544
f 3482/3482/3482 3484/3484/3484 3545/3545/3545
f 3483/3483/3483 3548/3548/3548 3545/3545/3545
f 3483/3483/3483 3485/3485/3485 3547/3547/3547
f 3485/3485/3485 3486/3486/3486 3549/3549/3549
f 3488/3488/3488 3550/3550/3550 3549/3549/3549
f 3487/3487/3487 3552/3552/3552 3550/3550/3550
f 3487/3487/3487 3489/3489/3489 3551/3551/3551
f 3489/3489/3489 3491/3491/3491 3553/3553/3553
f 3490/3490/3490 3555/3555/3555 3553/3553/3553
f 3490/3490/3490 3492/3492/3492 3554/3554/3554
f 3492/3492/3492 3493/3493/3493 3556/3556/3556
f 3493/3493/3493 3494/3494/3494 3557/3557/3557
f 3494/3494/3494 3495/3495/3495 3558/3558/3558
f 3496/3496/3496 3560/3560/3560 3558/3558/3558
f 3496/3496/3496 3497/3497/3497 3559/3559/3559
f 3497/3497/3497 3499/3499/3499 3561/3561/3561
f 3498/3498/3498 3563/3563/3563 3561/3561/3561
f 3498/3498/3498 3500/3500/3500 3562/3562/3562
f 3500/3500/3500 3501/3501/3501 3564/3564/3564
f 3501/3501/3501 3502/3502/3502 3565/3565/3565
f 3503/3503/3503 3566/3566/3566 3565/3565/3565
f 3504/3504/3504 3568/3568/3568 3566/3566/3566
f 3504/3504/3504 3506/3506/3506 3567/3567/3567
f 3505/3505/3505 3570/3570/3570 3567/3567/3567
f 3505/3505/3505 3507/3507/3507 3569/3569/3569
f 3507/3507/3507 3509/3509/3509 3571/3571/3571
f 3508/3508/3508 3573/3573/3573 3571/3571/3571
f 3508/3508/3508 3510/3510/3510 3572/3572/3572
f 3511/3511/3511 3512/3512/3512 3574/3574/3574
f 3512/3512/3512 3513/3513/3513 3576/3576/3576
f 3513/3513/3513 3514/3514/3514 3577/3577/3577
f 3515/3515/3515 3578/3578/3578 3577/3577/3577
f 3516/3516/3516 3580/3580/3580 3578/3578/3578
f 3516/3516/3516 3517/3517/3517 3579/3579/3579
f 3519/3519/3519 3582/3582/3582 3579/3579/3579
f 3519/3519/3519 3518/3518/3518 3581/3581/3581
f 3521/3521/3521 3583/3583/3583 3581/3581/3581
f 3520/3520/3520 3584/3584/3584 3583/3583/3583
f 3522/3522/3522 3585/3585/3585 3584/3584/3584
f 3523/3523/3523 3587/3587/3587 3585/3585/3585
f 3523/3523/3523 3524/3524/3524 3586/3586/3586
f 3526/3526/3526 3588/3588/3588 3586/3586/3586
f 3525/3525/3525 3589/3589/3589 3588/3588/3588
f 3527/3527/3527 3590/3590/3590 3589/3589/3589
f 3528/3528/3528 3591/3591/3591 3590/3590/3590
f 3529/3529/3529 3593/3593/3593 3591/3591/3591
f 3529/3529/3529 3530/3530/3530 3592/3592/3592
f 3530/3530/3530 3531/3531/3531 3594/3594/3594
f 3533/3533/3533 3595/3595/3595 3594/3594/3594
f 3532/3532/3532 3597/3597/3597 3595/3595/3595
f 3532/3532/3532 3534/3534/3534 3596/3596/3596
f 3535/3535/3535 3599/3599/3599 3596/3596/3596
f 3535/3535/3535 3536/3536/3536 3598/3598/3598
f 3536/3536/3536 3537/3537/3537 3600/3600/3600
f 3539/3539/3539 3601/3601/3601 3600/3600/3600
f 3538/3538/3538 3603/3603/3603 3601/3601/3601
f 3538/3538/3538 3540/3540/3540 3602/3602/3602
f 3542/3542/3542 3604/3604/3604 3602/3602/3602
f 3541/3541/3541 3605/3605/3605 3604/3604/3604
f 3543/3543/3543 3607/3607/3607 3605/3605/3605
f 3543/3543/3543 3544/3544/3544 3606/3606/3606
f 3544/3544/3544 3546/3546/3546 3608/3608/3608
f 3545/3545/3545 3609/3609/3609 3608/3608/3608
f 3548/3548/3548 3610/3610/3610 3609/3609/3609
f 3547/3547/3547 3611/3611/3611 3610/3610/3610
f 3549/3549/3549 3613/3613/3613 3611/3611/3611
f 3549/3549/3549 3550/3550/3550 3612/3612/3612
f 3552/3552/3552 3614/3614/3614 3612/3612/3612
f 3551/3551/3551 3615/3615/3615 3614/3614/3614
f 3553/3553/3553 3616/3616/3616 3615/3615/3615
f 3555/3555/3555 3618/3618/3618 3616/3616/3616
f 3555/3555/3555 3554/3554/3554 3617/3617/3617
f 3556/3556/3556 3619/3619/3619 3617/3617/3617
f 3557/3557/3557 3620/3620/3620 3619/3619/3619
f 3558/3558/3558 3621/3621/3621 3620/3620/3620
f 3560/3560/3560 3622/3622/3622 3621/3621/3621
f 3559/3559/3559 3624/3624/3624 3622/3622/3622
f 3559/3559/3559 3561/3561/3561 3623/3623/3623
f 3563/3563/3563 3625/3625/3625 3623/3623/3623
f 3562/3562/3562 3626/3626/3626 3625/3625/3625
f 3564/3564/3564 3627/3627/3627 3626/3626/3626
f 3565/3565/3565 3628/3628/3628 3627/3627/3627
f 3566/3566/3566 3630/3630/3630 3628/3628/3628
f 3566/3566/3566 3568/3568/3568 3629/3629/3629
f 3568/3568/3568 3567/3567/3567 3631/3631/3631
f 3567/3567/3567 3570/3570/3570 3632/3632/3632
f 3569/3569/3569 3633/3633/3633 3632/3632/3632
f 3571/3571/3571 3634/3634/3634 3633/3633/3633
f 3573/3573/3573 3636/3636/3636 3634/3634/3634
f 3573/3573/3573 3572/3572/3572 3635/3635/3635
f 3575/3575/3575 3574/3574/3574 3637/3637/3637
f 3576/3576/3576 3639/3639/3639 3637/3637/3637
f 3577/3577/3577 3641/3641/3641 3639/3639/3639
f 3577/3577/3577 3578/3578/3578 3640/3640/3640
f 3578/3578/3578 3580/3580/3580 3642/3642/3642
f 3579/3579/3579 3643/3643/3643 3642/3642/3642
f 3582/3582/3582 3645/3645/3645 3643/3643/3643
f 3582/3582/3582 3581/3581/3581 3644/3644/3644
f 3581/3581/3581 3583/3583/3583 3646/3646/3646
f 3584/3584/3584 3648/3648/3648 3646/3646/3646
f 3584/3584/3584 3585/3585/3585 3647/3647/3647
f 3585/3585/3585 3587/3587/3587 3649/3649/3649
f 3587/3587/3587 3586/3586/3586 3650/3650/3650
f 3586/3586/3586 3588/3588/3588 3651/3651/3651
f 3588/3588/3588 3589/3589/3589 3652/3652/3652
f 3589/3589/3589 3590/3590/3590 3653/3653/3653
f 3590/3590/3590 3591/3591/3591 3654/3654/3654
f 3591/3591/3591 3593/3593/3593 3655/3655/3655
f 3592/3592/3592 3657/3657/3657 3655/3655/3655
f 3592/3592/3592 3594/3594/3594 3656/3656/3656
f 3595/3595/3595 3658/3658/3658 3656/3656/3656
f 3597/3597/3597 3659/3659/3659 3658/3658/3658
f 3596/3596/3596 3661/3661/3661 3659/3659/3659
f 3596/3596/3596 3599/3599/3599 3660/3660/3660
f 3599/3599/3599 3598/3598/3598 3662/3662/3662
f 3598/3598/3598 3600/3600/3600 3663/3663/3663
f 3600/3600/3600 3601/3601/3601 3664/3664/3664
f 3601/3601/3601 3603/3603/3603 3665/3665/3665
f 3603/3603/3603 3602/3602/3602 3666/3666/3666
f 3602/3602/3602 3604/3604/3604 3667/3667/3667
f 3605/3605/3605 3669/3669/3669 3667/3667/3667
f 3605/3605/3605 3607/3607/3607 3668/3668/3668
f 3606/3606/3606 3670/3670/3670 3668/3668/3668
f 3608/3608/3608 3671/3671/3671 3670/3670/3670
f 3609/3609/3609 3673/3673/3673 3671/3671/3671
f 3609/3609/3609 3610/3610/3610 3672/3672/3672
f 3610/3610/3610 3611/3611/3611 3674/3674/3674
f 3613/3613/3613 3675/3675/3675 3674/3674/3674
f 3612/3612/3612 3676/3676/3676 3675/3675/3675
f 3614/3614/3614 3678/3678/3678 3676/3676/3676
f 3614/3614/3614 3615/3615/3615 3677/3677/3677
f 3615/3615/3615 3616/3616/3616 3679/3679/3679
f 3618/3618/3618 3681/3681/3681 3679/3679/3679
f 3618/3618/3618 3617/3617/3617 3680/3680/3680
f 3619/3619/3619 3683/3683/3683 3680/3680/3680
f 3619/3619/3619 3620/3620/3620 3682/3682/3682
f 3620/3620/3620 3621/3621/3621 3684/3684/3684
f 3621/3621/3621 3622/3622/3622 3685/3685/3685
f 3624/3624/3624 3687/3687/3687 3685/3685/3685
f 3624/3624/3624 3623/3623/3623 3686/3686/3686
f 3623/3623/3623 3625/3625/3625 3688/3688/3688
f 3625/3625/3625 3626/3626/3626 3689/3689/3689
f 3626/3626/3626 3627/3627/3627 3690/3690/3690
f 3628/3628/3628 3692/3692/3692 3690/3690/3690
f 3628/3628/3628 3630/3630/3630 3691/3691/3691
f 3630/3630/3630 3629/3629/3629 3693/3693/3693
f 3629/3629/3629 3631/3631/3631 3694/3694/3694
f 3632/3632/3632 3696/3696/3696 3694/3694/3694
f 3632/3632/3632 3633/3633/3633 3695/3695/3695
f 3633/3633/3633 3634/3634/3634 3697/3697/3697
f 3634/3634/3634 3636/3636/3636 3698/3698/3698
f 3635/3635/3635 4076/4076/4076 3698/3698/3698
f 3637/3637/3637 3700/3700/3700 3699/3699/3699
f 3639/3639/3639 3702/3702/3702 3700/3700/3700
f 3639/3639/3639 3641/3641/3641 3701/3701/3701
f 3640/3640/3640 3703/3703/3703 3701/3701/3701
f 3642/3642/3642 3704/3704/3704 3703/3703/3703
f 3643/3643/3643 3705/3705/3705 3704/3704/3704
f 3645/3645/3645 3706/3706/3706 3705/3705/3705
f 3644/3644/3644 3707/3707/3707 3706/3706/3706
f 3646/3646/3646 3708/3708/3708 3707/3707/3707
f 3648/3648/3648 3709/3709/3709 3708/3708/3708
f 3647/3647/3647 3710/3710/3710 3709/3709/3709
f 3649/3649/3649 3711/3711/3711 3710/3710/3710
f 3650/3650/3650 3712/3712/3712 3711/3711/3711
f 3651/3651/3651 3713/3713/3713 3712/3712/3712
f 3652/3652/3652 3714/3714/3714 3713/3713/3713
f 3653/3653/3653 3715/3715/3715 3714/3714/3714
f 3654/3654/3654 3716/3716/3716 3715/3715/3715
f 3655/3655/3655 3717/3717/3717 3716/3716/3716
f 3657/3657/3657 3718/3718/3718 3717/3717/3717
f 3656/3656/3656 3720/3720/3720 3718/3718/3718
f 3656/3656/3656 3658/3658/3658 3719/3719/3719
f 3658/3658/3658 3659/3659/3659 3721/3721/3721
f 3661/3661/3661 3722/3722/3722 3721/3721/3721
f 3660/3660/3660 3723/3723/3723 3722/3722/3722
f 3662/3662/3662 3724/3724/3724 3723/3723/3723
f 3663/3663/3663 3726/3726/3726 3724/3724/3724
f 3663/3663/3663 3664/3664/3664 3725/3725/3725
f 3664/3664/3664 3665/3665/3665 3727/3727/3727
f 3666/3666/3666 3728/3728/3728 3727/3727/3727
f 3667/3667/3667 3729/3729/3729 3728/3728/3728
f 3669/3669/3669 3731/3731/3731 3729/3729/3729
f 3669/3669/3669 3668/3668/3668 3730/3730/3730
f 3670/3670/3670 3733/3733/3733 3730/3730/3730
f 3670/3670/3670 3671/3671/3671 3732/3732/3732
f 3671/3671/3671 3673/3673/3673 3734/3734/3734
f 3672/3672/3672 3735/3735/3735 3734/3734/3734
f 3674/3674/3674 3736/3736/3736 3735/3735/3735
f 3675/3675/3675 3738/3738/3738 3736/3736/3736
f 3675/3675/3675 3676/3676/3676 3737/3737/3737
f 3676/3676/3676 3678/3678/3678 3739/3739/3739
f 3678/3678/3678 3677/3677/3677 3740/3740/3740
f 3677/3677/3677 3679/3679/3679 3741/3741/3741
f 3681/3681/3681 3743/3743/3743 3741/3741/3741
f 3681/3681/3681 3680/3680/3680 3742/3742/3742
f 3683/3683/3683 3744/3744/3744 3742/3742/3742
f 3682/3682/3682 3746/3746/3746 3744/3744/3744
f 3682/3682/3682 3684/3684/3684 3745/3745/3745
f 3685/3685/3685 3747/3747/3747 3745/3745/3745
f 3687/3687/3687 3748/3748/3748 3747/3747/3747
f 3686/3686/3686 3749/3749/3749 3748/3748/3748
f 3688/3688/3688 3750/3750/3750 3749/3749/3749
f 3689/3689/3689 3751/3751/3751 3750/3750/3750
f 3690/3690/3690 3752/3752/3752 3751/3751/3751
f 3692/3692/3692 3754/3754/3754 3752/3752/3752
f 3692/3692/3692 3691/3691/3691 3753/3753/3753
f 3691/3691/3691 3693/3693/3693 3755/3755/3755
f 3693/3693/3693 3694/3694/3694 3756/3756/3756
f 3696/3696/3696 3757/3757/3757 3756/3756/3756
f 3695/3695/3695 3758/3758/3758 3757/3757/3757
f 3697/3697/3697 3759/3759/3759 3758/3758/3758
f 3698/3698/3698 3761/3761/3761 3759/3759/3759
f 3698/3698/3698 4076/4076/4076 3760/3760/3760
f 3699/3699/3699 3700/3700/3700 3762/3762/3762
f 3700/3700/3700 3702/3702/3702 3764/3764/3764
f 3702/3702/3702 3701/3701/3701 3765/3765/3765
f 3701/3701/3701 3703/3703/3703 3766/3766/3766
f 3704/3704/3704 3768/3768/3768 3766/3766/3766
f 3704/3704/3704 3705/3705/3705 3767/3767/3767
f 3705/3705/3705 3706/3706/3706 3769/3769/3769
f 3706/3706/3706 3707/3707/3707 3770/3770/3770
f 3707/3707/3707 3708/3708/3708 3771/3771/3771
f 3708/3708/3708 3709/3709/3709 3772/3772/3772
f 3709/3709/3709 3710/3710/3710 3773/3773/3773
f 3710/3710/3710 3711/3711/3711 3774/3774/3774
f 3711/3711/3711 3712/3712/3712 3775/3775/3775
f 3712/3712/3712 3713/3713/3713 3776/3776/3776
f 3713/3713/3713 3714/3714/3714 3777/3777/3777
f 3714/3714/3714 3715/3715/3715 3778/3778/3778
f 3715/3715/3715 3716/3716/3716 3779/3779/3779
f 3717/3717/3717 3781/3781/3781 3779/3779/3779
f 3717/3717/3717 3718/3718/3718 3780/3780/3780
f 3718/3718/3718 3720/3720/3720 3782/3782/3782
f 3719/3719/3719 3783/3783/3783 3782/3782/3782
f 3721/3721/3721 3785/3785/3785 3783/3783/3783
f 3721/3721/3721 3722/3722/3722 3784/3784/3784
f 3723/3723/3723 3787/3787/3787 3784/3784/3784
f 3723/3723/3723 3724/3724/3724 3786/3786/3786
f 3726/3726/3726 3788/3788/3788 3786/3786/3786
f 3725/3725/3725 3790/3790/3790 3788/3788/3788
f 3725/3725/3725 3727/3727/3727 3789/3789/3789
f 3727/3727/3727 3728/3728/3728 3791/3791/3791
f 3729/3729/3729 3792/3792/3792 3791/3791/3791
f 3731/3731/3731 3793/3793/3793 3792/3792/3792
f 3730/3730/3730 3795/3795/3795 3793/3793/3793
f 3730/3730/3730 3733/3733/3733 3794/3794/3794
f 3732/3732/3732 3796/3796/3796 3794/3794/3794
f 3734/3734/3734 3798/3798/3798 3796/3796/3796
f 3734/3734/3734 3735/3735/3735 3797/3797/3797
f 3735/3735/3735 3736/3736/3736 3799/3799/3799
f 3738/3738/3738 3801/3801/3801 3799/3799/3799
f 3738/3738/3738 3737/3737/3737 3800/3800/3800
f 3737/3737/3737 3739/3739/3739 3802/3802/3802
f 3740/3740/3740 3804/3804/3804 3802/3802/3802
f 3740/3740/3740 3741/3741/3741 3803/3803/3803
f 3741/3741/3741 3743/3743/3743 3805/3805/3805
f 3742/3742/3742 3806/3806/3806 3805/3805/3805
f 3744/3744/3744 3808/3808/3808 3806/3806/3806
f 3744/3744/3744 3746/3746/3746 3807/3807/3807
f 3746/3746/3746 3745/3745/3745 3809/3809/3809
f 3745/3745/3745 3747/3747/3747 3810/3810/3810
f 3748/3748/3748 3812/3812/3812 3810/3810/3810
f 3748/3748/3748 3749/3749/3749 3811/3811/3811
f 3749/3749/3749 3750/3750/3750 3813/3813/3813
f 3750/3750/3750 3751/3751/3751 3814/3814/3814
f 3751/3751/3751 3752/3752/3752 3815/3815/3815
f 3754/3754/3754 3817/3817/3817 3815/3815/3815
f 3754/3754/3754 3753/3753/3753 3816/3816/3816
f 3755/3755/3755 3819/3819/3819 3816/3816/3816
f 3755/3755/3755 3756/3756/3756 3818/3818/3818
f 3756/3756/3756 3757/3757/3757 3820/3820/3820
f 3758/3758/3758 3821/3821/3821 3820/3820/3820
f 3759/3759/3759 3823/3823/3823 3821/3821/3821
f 3759/3759/3759 3761/3761/3761 3822/3822/3822
f 3760/3760/3760 3886/3886/3886 3822/3822/3822
f 3762/3762/3762 3825/3825/3825 3824/3824/3824
f 3764/3764/3764 3826/3826/3826 3825/3825/3825
f 3765/3765/3765 3827/3827/3827 3826/3826/3826
f 3766/3766/3766 3829/3829/3829 3827/3827/3827
f 3766/3766/3766 3768/3768/3768 3828/3828/3828
f 3768/3768/3768 3767/3767/3767 3830/3830/3830
f 3767/3767/3767 3769/3769/3769 3831/3831/3831
f 3769/3769/3769 3770/3770/3770 3832/3832/3832
f 3771/3771/3771 3834/3834/3834 3832/3832/3832
f 3771/3771/3771 3772/3772/3772 3833/3833/3833
f 3772/3772/3772 3773/3773/3773 3835/3835/3835
f 3774/3774/3774 3837/3837/3837 3835/3835/3835
f 3774/3774/3774 3775/3775/3775 3836/3836/3836
f 3776/3776/3776 3839/3839/3839 3836/3836/3836
f 3776/3776/3776 3777/3777/3777 3838/3838/3838
f 3778/3778/3778 3841/3841/3841 3838/3838/3838
f 3778/3778/3778 3779/3779/3779 3840/3840/3840
f 3779/3779/3779 3781/3781/3781 3842/3842/3842
f 3780/3780/3780 3844/3844/3844 3842/3842/3842
f 3780/3780/3780 3782/3782/3782 3843/3843/3843
f 3782/3782/3782 3783/3783/3783 3845/3845/3845
f 3785/3785/3785 3847/3847/3847 3845/3845/3845
f 3785/3785/3785 3784/3784/3784 3846/3846/3846
f 3784/3784/3784 3787/3787/3787 3848/3848/3848
f 3787/3787/3787 3786/3786/3786 3849/3849/3849
f 3786/3786/3786 3788/3788/3788 3850/3850/3850
f 3788/3788/3788 3790/3790/3790 3851/3851/3851
f 3789/3789/3789 3852/3852/3852 3851/3851/3851
f 3791/3791/3791 3854/3854/3854 3852/3852/3852
f 3791/3791/3791 3792/3792/3792 3853/3853/3853
f 3792/3792/3792 3793/3793/3793 3855/3855/3855
f 3793/3793/3793 3795/3795/3795 3856/3856/3856
f 3794/3794/3794 3858/3858/3858 3856/3856/3856
f 3794/3794/3794 3796/3796/3796 3857/3857/3857
f 3798/3798/3798 3859/3859/3859 3857/3857/3857
f 3797/3797/3797 3860/3860/3860 3859/3859/3859
f 3799/3799/3799 3861/3861/3861 3860/3860/3860
f 3801/3801/3801 3862/3862/3862 3861/3861/3861
f 3800/3800/3800 3863/3863/3863 3862/3862/3862
f 3802/3802/3802 3864/3864/3864 3863/3863/3863
f 3804/3804/3804 3865/3865/3865 3864/3864/3864
f 3803/3803/3803 3866/3866/3866 3865/3865/3865
f 3805/3805/3805 3867/3867/3867 3866/3866/3866
f 3806/3806/3806 3868/3868/3868 3867/3867/3867
f 3808/3808/3808 3870/3870/3870 3868/3868/3868
f 3808/3808/3808 3807/3807/3807 3869/3869/3869
f 3809/3809/3809 3871/3871/3871 3869/3869/3869
f 3810/3810/3810 3873/3873/3873 3871/3871/3871
f 3810/3810/3810 3812/3812/3812 3872/3872/3872
f 3812/3812/3812 3811/3811/3811 3874/3874/3874
f 3813/3813/3813 3876/3876/3876 3874/3874/3874
f 3813/3813/3813 3814/3814/3814 3875/3875/3875
f 3815/3815/3815 3878/3878/3878 3875/3875/3875
f 3815/3815/3815 3817/3817/3817 3877/3877/3877
f 3816/3816/3816 3879/3879/3879 3877/3877/3877
f 3819/3819/3819 3880/3880/3880 3879/3879/3879
f 3818/3818/3818 3881/3881/3881 3880/3880/3880
f 3820/3820/3820 3882/3882/3882 3881/3881/3881
f 3821/3821/3821 3884/3884/3884 3882/3882/3882
f 3821/3821/3821 3823/3823/3823 3883/3883/3883
f 3823/3823/3823 3822/3822/3822 3885/3885/3885
f 3886/3886/3886 4080/4080/4080 3885/3885/3885
f 3824/3824/3824 3825/3825/3825 3887/3887/3887
f 3825/3825/3825 3826/3826/3826 3889/3889/3889
f 3826/3826/3826 3827/3827/3827 3890/3890/3890
f 3829/3829/3829 3892/3892/3892 3890/3890/3890
f 3829/3829/3829 3828/3828/3828 3891/3891/3891
f 3830/3830/3830 3893/3893/3893 3891/3891/3891
f 3831/3831/3831 3894/3894/3894 3893/3893/3893
f 3832/3832/3832 3896/3896/3896 3894/3894/3894
f 3832/3832/3832 3834/3834/3834 3895/3895/3895
f 3833/3833/3833 3897/3897/3897 3895/3895/3895
f 3835/3835/3835 3898/3898/3898 3897/3897/3897
f 3837/3837/3837 3900/3900/3900 3898/3898/3898
f 3837/3837/3837 3836/3836/3836 3899/3899/3899
f 3839/3839/3839 3901/3901/3901 3899/3899/3899
f 3838/3838/3838 3902/3902/3902 3901/3901/3901
f 3841/3841/3841 3903/3903/3903 3902/3902/3902
f 3840/3840/3840 3905/3905/3905 3903/3903/3903
f 3840/3840/3840 3842/3842/3842 3904/3904/3904
f 3844/3844/3844 3906/3906/3906 3904/3904/3904
f 3843/3843/3843 3908/3908/3908 3906/3906/3906
f 3843/3843/3843 3845/3845/3845 3907/3907/3907
f 3847/3847/3847 3909/3909/3909 3907/3907/3907
f 3846/3846/3846 3911/3911/3911 3909/3909/3909
f 3846/3846/3846 3848/3848/3848 3910/3910/3910
f 3849/3849/3849 3912/3912/3912 3910/3910/3910
f 3850/3850/3850 3914/3914/3914 3912/3912/3912
f 3850/3850/3850 3851/3851/3851 3913/3913/3913
f 3851/3851/3851 3852/3852/3852 3915/3915/3915
f 3852/3852/3852 3854/3854/3854 3916/3916/3916
f 3853/3853/3853 3917/3917/3917 3916/3916/3916
f 3855/3855/3855 3919/3919/3919 3917/3917/3917
f 3855/3855/3855 3856/3856/3856 3918/3918/3918
f 3856/3856/3856 3858/3858/3858 3920/3920/3920
f 3858/3858/3858 3857/3857/3857 3921/3921/3921
f 3859/3859/3859 3923/3923/3923 3921/3921/3921
f 3859/3859/3859 3860/3860/3860 3922/3922/3922
f 3861/3861/3861 3925/3925/3925 3922/3922/3922
f 3861/3861/3861 3862/3862/3862 3924/3924/3924
f 3862/3862/3862 3863/3863/3863 3926/3926/3926
f 3863/3863/3863 3864/3864/3864 3927/3927/3927
f 3864/3864/3864 3865/3865/3865 3928/3928/3928
f 3865/3865/3865 3866/3866/3866 3929/3929/3929
f 3866/3866/3866 3867/3867/3867 3930/3930/3930
f 3867/3867/3867 3868/3868/3868 3931/3931/3931
f 3868/3868/3868 3870/3870/3870 3932/3932/3932
f 3870/3870/3870 3869/3869/3869 3933/3933/3933
f 3869/3869/3869 3871/3871/3871 3934/3934/3934
f 3871/3871/3871 3873/3873/3873 3935/3935/3935
f 3873/3873/3873 3872/3872/3872 3936/3936/3936
f 3874/3874/3874 3937/3937/3937 3936/3936/3936
f 3876/3876/3876 3939/3939/3939 3937/3937/3937
f 3876/3876/3876 3875/3875/3875 3938/3938/3938
f 3875/3875/3875 3878/3878/3878 3940/3940/3940
f 3878/3878/3878 3877/3877/3877 3941/3941/3941
f 3877/3877/3877 3879/3879/3879 3942/3942/3942
f 3879/3879/3879 3880/3880/3880 3943/3943/3943
f 3880/3880/3880 3881/3881/3881 3944/3944/3944
f 3881/3881/3881 3882/3882/3882 3945/3945/3945
f 3884/3884/3884 3946/3946/3946 3945/3945/3945
f 3883/3883/3883 3948/3948/3948 3946/3946/3946
f 3883/3883/3883 3885/3885/3885 3947/3947/3947
f 3885/3885/3885 4080/4080/4080 3949/3949/3949
f 3950/3950/3950 1/1/1 3951/3951/3951
f 3950/3950/3950 3954/3954/3954 5/5/5
f 3953/3953/3953 4/4/4 5/5/5
f 3955/3955/3955 6/6/6 4/4/4
f 3956/3956/3956 10/10/10 6/6/6
f 3957/3957/3957 12/12/12 10/10/10
f 3958/3958/3958 14/14/14 12/12/12
f 3958/3958/3958 3960/3960/3960 17/17/17
f 3959/3959/3959 16/16/16 17/17/17
f 3961/3961/3961 21/21/21 16/16/16
f 3962/3962/3962 20/20/20 21/21/21
f 3963/3963/3963 24/24/24 20/20/20
f 3964/3964/3964 26/26/26 24/24/24
f 3965/3965/3965 28/28/28 26/26/26
f 3966/3966/3966 30/30/30 28/28/28
f 3966/3966/3966 3968/3968/3968 33/33/33
f 3967/3967/3967 32/32/32 33/33/33
f 3969/3969/3969 34/34/34 32/32/32
f 3970/3970/3970 36/36/36 34/34/34
f 3970/3970/3970 3972/3972/3972 40/40/40
f 3971/3971/3971 42/42/42 40/40/40
f 3971/3971/3971 3974/3974/3974 44/44/44
f 3973/3973/3973 46/46/46 44/44/44
f 3975/3975/3975 48/48/48 46/46/46
f 3976/3976/3976 51/51/51 48/48/48
f 3977/3977/3977 50/50/50 51/51/51
f 3978/3978/3978 52/52/52 50/50/50
f 3978/3978/3978 3979/3979/3979 57/57/57
f 3979/3979/3979 3981/3981/3981 56/56/56
f 3980/3980/3980 58/58/58 56/56/56
f 3982/3982/3982 63/63/63 58/58/58
f 3982/3982/3982 3984/3984/3984 62/62/62
f 3983/3983/3983 66/66/66 62/62/62
f 3983/3983/3983 3985/3985/3985 69/69/69
f 3985/3985/3985 3986/3986/3986 68/68/68
f 3986/3986/3986 3988/3988/3988 72/72/72
f 3987/3987/3987 75/75/75 72/72/72
f 3987/3987/3987 3990/3990/3990 74/74/74
f 3989/3989/3989 76/76/76 74/74/74
f 3989/3989/3989 3991/3991/3991 78/78/78
f 3991/3991/3991 3993/3993/3993 82/82/82
f 3992/3992/3992 85/85/85 82/82/82
f 3994/3994/3994 84/84/84 85/85/85
f 3994/3994/3994 3996/3996/3996 89/89/89
f 3995/3995/3995 88/88/88 89/89/89
f 3995/3995/3995 3997/3997/3997 90/90/90
f 3997/3997/3997 3998/3998/3998 92/92/92
f 3998/3998/3998 3999/3999/3999 96/96/96
f 3999/3999/3999 4000/4000/4000 98/98/98
f 4000/4000/4000 4002/4002/4002 101/101/101
f 4001/4001/4001 100/100/100 101/101/101
f 4001/4001/4001 4003/4003/4003 102/102/102
f 4003/4003/4003 4004/4004/4004 104/104/104
f 4004/4004/4004 4005/4005/4005 106/106/106
f 4005/4005/4005 4006/4006/4006 108/108/108
f 4006/4006/4006 4007/4007/4007 113/113/113
f 4007/4007/4007 4008/4008/4008 112/112/112
f 4008/4008/4008 4009/4009/4009 114/114/114
f 4009/4009/4009 4011/4011/4011 116/116/116
f 4010/4010/4010 121/121/121 116/116/116
f 4012/4012/4012 120/120/120 121/121/121
f 4012/4012/4012 4014/4014/4014 122/122/122
f 4013/4013/4013 124/124/124 122/122/122
f 4013/4013/4013 4208/4208/4208 4015/4015/4015
f 4015/4015/4015 4209/4209/4209 187/187/187
f 187/187/187 4209/4209/4209 4016/4016/4016
f 4017/4017/4017 4016/4016/4016 4018/4018/4018
f 4018/4018/4018 4019/4019/4019 376/376/376
f 4019/4019/4019 4210/4210/4210 4020/4020/4020
f 4020/4020/4020 4210/4210/4210 4021/4021/4021
f 4021/4021/4021 4211/4211/4211 563/563/563
f 563/563/563 4211/4211/4211 4022/4022/4022
f 626/626/626 4022/4022/4022 4023/4023/4023
f 4024/4024/4024 4023/4023/4023 4025/4025/4025
f 4025/4025/4025 4212/4212/4212 4026/4026/4026
f 4026/4026/4026 4212/4212/4212 4027/4027/4027
f 815/815/815 4027/4027/4027 4028/4028/4028
f 940/940/940 4028/4028/4028 4029/4029/4029
f 4029/4029/4029 4213/4213/4213 1003/1003/1003
f 1003/1003/1003 4213/4213/4213 4031/4031/4031
f 4031/4031/4031 4033/4033/4033 4032/4032/4032
f 4033/4033/4033 4034/4034/4034 1190/1190/1190
f 4034/4034/4034 4214/4214/4214 4035/4035/4035
f 4035/4035/4035 4214/4214/4214 4036/4036/4036
f 4036/4036/4036 4215/4215/4215 1440/1440/1440
f 1440/1440/1440 4215/4215/4215 4037/4037/4037
f 4037/4037/4037 4039/4039/4039 1504/1504/1504
f 4039/4039/4039 4041/4041/4041 4040/4040/4040
f 4041/4041/4041 4216/4216/4216 1629/1629/1629
f 1629/1629/1629 4216/4216/4216 4042/4042/4042
f 4042/4042/4042 4217/4217/4217 1754/1754/1754
f 1754/1754/1754 4217/4217/4217 4044/4044/4044
f 1816/1816/1816 4044/4044/4044 4045/4045/4045
f 4045/4045/4045 4218/4218/4218 2005/2005/2005
f 2005/2005/2005 4218/4218/4218 4046/4046/4046
f 4046/4046/4046 4047/4047/4047 2130/2130/2130
f 4047/4047/4047 4219/4219/4219 4048/4048/4048
f 4048/4048/4048 4219/4219/4219 4049/4049/4049
f 4049/4049/4049 4051/4051/4051 4050/4050/4050
f 4051/4051/4051 4220/4220/4220 2319/2319/2319
f 2319/2319/2319 4220/4220/4220 4052/4052/4052
f 4052/4052/4052 4221/4221/4221 4053/4053/4053
f 4053/4053/4053 4221/4221/4221 4054/4054/4054
f 2507/2507/2507 4054/4054/4054 4055/4055/4055
f 4055/4055/4055 4222/4222/4222 2694/2694/2694
f 2694/2694/2694 4222/4222/4222 4056/4056/4056
f 4056/4056/4056 4058/4058/4058 2758/2758/2758
f 4058/4058/4058 4059/4059/4059 2882/2882/2882
f 4059/4059/4059 4061/4061/4061 4060/4060/4060
f 4061/4061/4061 4062/4062/4062 2946/2946/2946
f 4062/4062/4062 4064/4064/4064 4063/4063/4063
f 4064/4064/4064 4065/4065/4065 3070/3070/3070
f 4065/4065/4065 4223/4223/4223 3195/3195/3195
f 3195/3195/3195 4223/4223/4223 4066/4066/4066
f 4066/4066/4066 4068/4068/4068 3259/3259/3259
f 4068/4068/4068 4069/4069/4069 3321/3321/3321
f 4069/4069/4069 4071/4071/4071 4070/4070/4070
f 4071/4071/4071 4072/4072/4072 3447/3447/3447
f 4072/4072/4072 4073/4073/4073 3510/3510/3510
f 4073/4073/4073 4074/4074/4074 3572/3572/3572
f 4074/4074/4074 4075/4075/4075 3635/3635/3635
f 4075/4075/4075 4077/4077/4077 4076/4076/4076
f 4077/4077/4077 4224/4224/4224 3760/3760/3760
f 3760/3760/3760 4224/4224/4224 4078/4078/4078
f 3886/3886/3886 4078/4078/4078 4079/4079/4079
f 4080/4080/4080 4079/4079/4079 4081/4081/4081
f 4081/4081/4081 4225/4225/4225 4082/4082/4082
f 3949/3949/3949 4082/4082/4082 4083/4083/4083
f 3947/3947/3947 4083/4083/4083 4084/4084/4084
f 3948/3948/3948 4084/4084/4084 4085/4085/4085
f 3946/3946/3946 4085/4085/4085 4086/4086/4086
f 3945/3945/3945 4086/4086/4086 4087/4087/4087
f 3944/3944/3944 4087/4087/4087 4088/4088/4088
f 3943/3943/3943 4088/4088/4088 4089/4089/4089
f 3942/3942/3942 4089/4089/4089 4090/4090/4090
f 3941/3941/3941 4090/4090/4090 4091/4091/4091
f 3940/3940/3940 4091/4091/4091 4092/4092/4092
f 3938/3938/3938 4092/4092/4092 4093/4093/4093
f 3937/3937/3937 3939/3939/3939 4093/4093/4093
f 3937/3937/3937 4094/4094/4094 4095/4095/4095
f 3936/3936/3936 4095/4095/4095 4096/4096/4096
f 3935/3935/3935 4096/4096/4096 4097/4097/4097
f 3934/3934/3934 4097/4097/4097 4098/4098/4098
f 3933/3933/3933 4098/4098/4098 4099/4099/4099
f 3932/3932/3932 4099/4099/4099 4100/4100/4100
f 3930/3930/3930 3931/3931/3931 4100/4100/4100
f 3929/3929/3929 3930/3930/3930 4101/4101/4101
f 3928/3928/3928 3929/3929/3929 4102/4102/4102
f 3927/3927/3927 3928/3928/3928 4103/4103/4103
f 3927/3927/3927 4104/4104/4104 4105/4105/4105
f 3926/3926/3926 4105/4105/4105 4106/4106/4106
f 3925/3925/3925 3924/3924/3924 4106/4106/4106
f 3922/3922/3922 3925/3925/3925 4107/4107/4107
f 3923/3923/3923 3922/3922/3922 4108/4108/4108
f 3923/3923/3923 4109/4109/4109 4110/4110/4110
f 3920/3920/3920 3921/3921/3921 4110/4110/4110
f 3918/3918/3918 3920/3920/3920 4111/4111/4111
f 3919/3919/3919 3918/3918/3918 4112/4112/4112
f 3917/3917/3917 3919/3919/3919 4113/4113/4113
f 3916/3916/3916 3917/3917/3917 4114/4114/4114
f 3915/3915/3915 3916/3916/3916 4115/4115/4115
f 3915/3915/3915 4116/4116/4116 4117/4117/4117
f 3914/3914/3914 3913/3913/3913 4117/4117/4117
f 3912/3912/3912 3914/3914/3914 4118/4118/4118
f 3912/3912/3912 4119/4119/4119 4120/4120/4120
f 3911/3911/3911 3910/3910/3910 4120/4120/4120
f 3909/3909/3909 3911/3911/3911 4121/4121/4121
f 3907/3907/3907 3909/3909/3909 4122/4122/4122
f 3907/3907/3907 4123/4123/4123 4124/4124/4124
f 3906/3906/3906 3908/3908/3908 4124/4124/4124
f 3904/3904/3904 3906/3906/3906 4125/4125/4125
f 3905/3905/3905 3904/3904/3904 4126/4126/4126
f 3903/3903/3903 3905/3905/3905 4127/4127/4127
f 3902/3902/3902 3903/3903/3903 4128/4128/4128
f 3901/3901/3901 3902/3902/3902 4129/4129/4129
f 3899/3899/3899 3901/3901/3901 4130/4130/4130
f 3900/3900/3900 3899/3899/3899 4131/4131/4131
f 3898/3898/3898 3900/3900/3900 4132/4132/4132
f 3897/3897/3897 3898/3898/3898 4133/4133/4133
f 3895/3895/3895 3897/3897/3897 4134/4134/4134
f 3896/3896/3896 3895/3895/3895 4135/4135/4135
f 3894/3894/3894 3896/3896/3896 4136/4136/4136
f 3893/3893/3893 3894/3894/3894 4137/4137/4137
f 3891/3891/3891 3893/3893/3893 4138/4138/4138
f 3892/3892/3892 3891/3891/3891 4139/4139/4139
f 3892/3892/3892 4140/4140/4140 4141/4141/4141
f 3889/3889/3889 3890/3890/3890 4141/4141/4141
f 3889/3889/3889 4142/4142/4142 4143/4143/4143
f 3888/3888/3888 3887/3887/3887 4143/4143/4143
f 4145/4145/4145 3888/3888/3888 4144/4144/4144
f 4147/4147/4147 3824/3824/3824 3888/3888/3888
f 3763/3763/3763 3824/3824/3824 4147/4147/4147
f 4149/4149/4149 3699/3699/3699 3763/3763/3763
f 4150/4150/4150 3638/3638/3638 3699/3699/3699
f 4151/4151/4151 3575/3575/3575 3638/3638/3638
f 4152/4152/4152 3511/3511/3511 3575/3575/3575
f 3449/3449/3449 3511/3511/3511 4152/4152/4152
f 3386/3386/3386 3449/3449/3449 4153/4153/4153
f 4155/4155/4155 3323/3323/3323 3386/3386/3386
f 3261/3261/3261 3323/3323/3323 4155/4155/4155
f 4157/4157/4157 3197/3197/3197 3261/3261/3261
f 3135/3135/3135 3197/3197/3197 4157/4157/4157
f 4159/4159/4159 3072/3072/3072 3135/3135/3135
f 3009/3009/3009 3072/3072/3072 4159/4159/4159
f 2947/2947/2947 3009/3009/3009 4160/4160/4160
f 2884/2884/2884 2947/2947/2947 4161/4161/4161
f 2822/2822/2822 2884/2884/2884 4162/4162/4162
f 2759/2759/2759 2822/2822/2822 4163/4163/4163
f 4165/4165/4165 2697/2697/2697 2759/2759/2759
f 2633/2633/2633 2697/2697/2697 4165/4165/4165
f 4167/4167/4167 2571/2571/2571 2633/2633/2633
f 4168/4168/4168 2509/2509/2509 2571/2571/2571
f 2445/2445/2445 2509/2509/2509 4168/4168/4168
f 2384/2384/2384 2445/2445/2445 4169/4169/4169
f 4171/4171/4171 2320/2320/2320 2384/2384/2384
f 2258/2258/2258 2320/2320/2320 4171/4171/4171
f 2196/2196/2196 2258/2258/2258 4172/4172/4172
f 4174/4174/4174 2132/2132/2132 2196/2196/2196
f 2069/2069/2069 2132/2132/2132 4174/4174/4174
f 2006/2006/2006 2069/2069/2069 4175/4175/4175
f 4177/4177/4177 1944/1944/1944 2006/2006/2006
f 1881/1881/1881 1944/1944/1944 4177/4177/4177
f 4179/4179/4179 1818/1818/1818 1881/1881/1881
f 4180/4180/4180 1755/1755/1755 1818/1818/1818
f 4181/4181/4181 1692/1692/1692 1755/1755/1755
f 1631/1631/1631 1692/1692/1692 4181/4181/4181
f 4183/4183/4183 1567/1567/1567 1631/1631/1631
f 1506/1506/1506 1567/1567/1567 4183/4183/4183
f 4185/4185/4185 1442/1442/1442 1506/1506/1506
f 4186/4186/4186 1379/1379/1379 1442/1442/1442
f 1318/1318/1318 1379/1379/1379 4186/4186/4186
f 4188/4188/4188 1255/1255/1255 1318/1318/1318
f 4189/4189/4189 1192/1192/1192 1255/1255/1255
f 4190/4190/4190 1129/1129/1129 1192/1192/1192
f 4191/4191/4191 1067/1067/1067 1129/1129/1129
f 4192/4192/4192 1004/1004/1004 1067/1067/1067
f 942/942/942 1004/1004/1004 4192/4192/4192
f 4194/4194/4194 878/878/878 942/942/942
f 816/816/816 878/878/878 4194/4194/4194
f 754/754/754 816/816/816 4195/4195/4195
f 4197/4197/4197 691/691/691 754/754/754
f 628/628/628 691/691/691 4197/4197/4197
f 565/565/565 628/628/628 4198/4198/4198
f 503/503/503 565/565/565 4199/4199/4199
f 441/441/441 503/503/503 4200/4200/4200
f 377/377/377 441/441/441 4201/4201/4201
f 315/315/315 377/377/377 4202/4202/4202
f 4204/4204/4204 252/252/252 315/315/315
f 190/190/190 252/252/252 4204/4204/4204
f 127/127/127 190/190/190 4205/4205/4205
f 4207/4207/4207 3/3/3 127/127/127
f 1/1/1 3/3/3 4207/4207/4207
# Vertices: 4225, normals: 4225, texture coordinates: 4225, faces: 8192

o obj2
v -3636392.25 -4850166 1
v -3636390.25 -4850168 1
v -3636390.25 -4850166 1
v -3636392.25 -4850168 -1
v -3636390.25 -4850168 -1
v -3636392.25 -4850168 1
v -3636392.25 -4850166 -1
v -3636390.25 -4850166 -1
vn -0.57733 0.57736 0.57736
vn 0.57733 -0.57736 0.57736
vn 0.57737 0.57734 0.57734
vn -0.57733 -0.57736 -0.57736
vn 0.57737 -0.57734 -0.57734
vn -0.57737 -0.57734 0.57734
vn -0.57737 0.57734 -0.57734
vn 0.57733 0.57736 -0.57736
vt 0.875 0.5
vt 0.625 0.75
vt 0.625 0.5
vt 0.375 1
vt 0.375 0.75
vt 0.625 0
vt 0.375 0.25
vt 0.375 0
vt 0.375 0.5
vt 0.125 0.75
vt 0.125 0.5
vt 0.625 0.25
vt 0.875 0.75
vt 0.625 1
usemtl mat1
f 4226/4226/4226 4227/4227/4227 4228/4228/4228
f 4227/4227/4227 4229/4229/4229 4230/4230/4230
f 4231/4231/4231 4232/4232/4232 4229/4233/4229
f 4233/4234/4233 4229/4235/4229 4232/4236/4232
f 4228/4228/4228 4230/4230/4230 4233/4234/4233
f 4226/4237/4226 4233/4234/4233 4232/4232/4232
f 4226/4226/4226 4231/4238/4231 4227/4227/4227
f 4227/4227/4227 4231/4239/4231 4229/4229/4229
f 4231/4231/4231 4226/4237/4226 4232/4232/4232
f 4233/4234/4233 4230/4230/4230 4229/4235/4229
f 4228/4228/4228 4227/4227/4227 4230/4230/4230
f 4226/4237/4226 4228/4228/4228 4233/4234/4233
# Vertices: 8, normals: 8, texture coordinates: 14, faces: 12

