# File generated by ImageToStl.com - Free Image and 3D model conversion tools

mtllib campus.mtl

o obj1
v -2202.80273438 -1564.33520508 0
v -2135.9206543 -1516.56225586 0
v -2202.80297852 -1516.56225586 0
v -2069.03833008 -1564.33520508 0
v -2135.92089844 -1564.33544922 0
v -2002.15588379 -1564.33532715 0
v -2069.03808594 -1516.56225586 0
v -1935.27355957 -1516.56237793 0
v -2002.15563965 -1516.56213379 0
v -1935.27319336 -1564.33520508 0
v -1868.39111328 -1516.56225586 0
v -1868.39111328 -1564.33544922 0
v -1801.50878906 -1516.56237793 0
v -1801.50854492 -1564.33532715 0
v -1734.6262207 -1516.56225586 0
v -1734.6262207 -1564.33544922 0
v -1667.74389648 -1516.56225586 0
v -1667.74365234 -1564.33520508 0
v -1600.8614502 -1516.56225586 0
v -1533.97888184 -1564.33532715 0
v -1600.86120605 -1564.33544922 0
v -1467.09667969 -1516.56213379 0
v -1533.97875977 -1516.56213379 0
v -1467.09643555 -1564.33520508 0
v -1400.2142334 -1516.56225586 0
v -1400.21398926 -1564.33532715 0
v -1333.33166504 -1516.56201172 0
v -1333.33166504 -1564.33532715 0
v -1266.44934082 -1516.56225586 0
v -1266.44921875 -1564.33520508 0
v -1199.5670166 -1516.56201172 0
v -1199.5670166 -1564.33532715 0
v -1132.68444824 -1516.56225586 0
v -1065.80224609 -1564.33544922 0
v -1132.68444824 -1564.33520508 0
v -998.91973877 -1564.33520508 0
v -1065.80212402 -1516.56213379 0
v -932.03753662 -1516.56225586 0
v -998.9197998 -1516.56237793 0
v -865.15490723 -1564.33520508 0
v -932.03741455 -1564.33532715 0
v -798.27246094 -1516.56213379 0
v -865.15496826 -1516.56213379 0
v -731.39019775 -1564.33520508 0
v -798.27264404 -1564.33544922 0
v -664.50787354 -1516.56213379 0
v -731.39038086 -1516.56237793 0
v -664.50769043 -1564.33520508 0
v -597.62530518 -1516.56237793 0
v -530.74285889 -1564.33532715 0
v -597.62530518 -1564.33520508 0
v -463.86062622 -1516.56225586 0
v -530.74279785 -1516.56225586 0
v -463.86047363 -1564.33520508 0
v -396.97824097 -1516.56213379 0
v -330.09573364 -1564.33544922 0
v -396.97821045 -1564.33544922 0
v -263.21340942 -1564.33544922 0
v -330.09558105 -1516.56225586 0
v -196.33096313 -1516.56237793 0
v -263.21340942 -1516.56225586 0
v -129.4485321 -1564.33520508 0
v -196.33084106 -1564.33520508 0
v -62.56617355 -1564.33520508 0
v -129.44845581 -1516.56225586 0
v 4.31628418 -1516.56225586 0
v -62.56616592 -1516.56237793 0
v 71.19859314 -1564.33520508 0
v 4.31633568 -1564.33544922 0
v 138.08119202 -1516.56213379 0
v 71.1985321 -1516.56225586 0
v 138.08114624 -1564.33532715 0
v 204.96351624 -1516.56225586 0
v 204.96347046 -1564.33544922 0
v 271.84588623 -1516.56225586 0
v 338.7281189 -1564.33520508 0
v 271.84591675 -1564.33557129 0
v 405.61065674 -1564.33520508 0
v 338.72824097 -1516.56237793 0
v 472.49307251 -1516.56237793 0
v 405.61068726 -1516.56213379 0
v 472.49301147 -1564.33520508 0
v 539.37536621 -1516.56213379 0
v 606.2578125 -1564.33520508 0
v 539.37554932 -1564.33544922 0
v 673.14019775 -1516.56213379 0
v 606.2578125 -1516.56213379 0
v 740.02246094 -1564.33520508 0
v 673.14031982 -1564.33544922 0
v 806.90490723 -1564.33532715 0
v 740.02282715 -1516.56237793 0
v 873.78729248 -1564.33508301 0
v 806.90496826 -1516.56201172 0
v 940.6697998 -1516.56225586 0
v 873.78735352 -1516.56225586 0
v 940.66973877 -1564.33532715 0
v 1007.55230713 -1516.56225586 0
v 1007.55249023 -1564.33544922 0
v 1074.43469238 -1516.56201172 0
v 1141.31689453 -1564.33532715 0
v 1074.43481445 -1564.33557129 0
v 1208.19934082 -1564.33520508 0
v 1141.31726074 -1516.56237793 0
v 1275.08178711 -1564.33532715 0
v 1208.19946289 -1516.56225586 0
v 1341.96411133 -1564.33544922 0
v 1275.08190918 -1516.56225586 0
v 1408.84655762 -1564.33520508 0
v 1341.9642334 -1516.56237793 0
v 1475.72900391 -1516.56225586 0
v 1408.84667969 -1516.56225586 0
v 1542.61132812 -1564.33532715 0
v 1475.72912598 -1564.33532715 0
v 1609.49389648 -1564.33544922 0
v 1542.61169434 -1516.56237793 0
v 1676.3762207 -1564.33520508 0
v 1609.49401855 -1516.56225586 0
v 1743.25866699 -1516.56225586 0
v 1676.37634277 -1516.56225586 0
v 1810.14099121 -1564.33520508 0
v 1743.25878906 -1564.33532715 0
v 1877.02355957 -1564.33544922 0
v 1810.14123535 -1516.56237793 0
v 1943.90588379 -1564.33520508 0
v 1877.0234375 -1516.56225586 0
v -2202.80322266 -1468.7890625 0
v -2135.92041016 -1468.7890625 0
v -2002.15563965 -1468.78894043 0
v -2069.03833008 -1468.7890625 0
v -1935.2734375 -1468.7890625 0
v -1868.39086914 -1468.78894043 0
v -1801.50866699 -1468.78918457 0
v -1734.6262207 -1468.7890625 0
v -1667.74353027 -1468.78894043 0
v -1533.97900391 -1468.7890625 0
v -1600.8614502 -1468.78918457 0
v -1467.09655762 -1468.7890625 0
v -1400.21411133 -1468.78894043 0
v -1266.44958496 -1468.7890625 0
v -1333.33178711 -1468.7890625 0
v -1199.5670166 -1468.78918457 0
v -1132.68469238 -1468.7890625 0
v -1065.80236816 -1468.78918457 0
v -998.9197998 -1468.78918457 0
v -932.03747559 -1468.78918457 0
v -865.15496826 -1468.7890625 0
v -731.39019775 -1468.78918457 0
v -798.27246094 -1468.7890625 0
v -664.50744629 -1468.78881836 0
v -530.74304199 -1468.78918457 0
v -597.62536621 -1468.7890625 0
v -463.86044312 -1468.78894043 0
v -330.09576416 -1468.78894043 0
v -396.97817993 -1468.7890625 0
v -263.21331787 -1468.78918457 0
v -196.33084106 -1468.78918457 0
v -62.56625748 -1468.78918457 0
v -129.44868469 -1468.7890625 0
v 4.31621552 -1468.78918457 0
v 71.19865417 -1468.7890625 0
v 204.96340942 -1468.78894043 0
v 138.08096313 -1468.78894043 0
v 271.84597778 -1468.78918457 0
v 338.728302 -1468.78918457 0
v 472.49304199 -1468.78894043 0
v 405.61053467 -1468.78894043 0
v 539.37530518 -1468.7890625 0
v 606.25811768 -1468.78918457 0
v 740.02258301 -1468.7890625 0
v 673.14038086 -1468.78918457 0
v 806.9050293 -1468.78918457 0
v 873.78759766 -1468.7890625 0
v 940.66973877 -1468.7890625 0
v 1007.55236816 -1468.7890625 0
v 1141.3170166 -1468.78894043 0
v 1074.43469238 -1468.78918457 0
v 1208.19958496 -1468.7890625 0
v 1341.96435547 -1468.7890625 0
v 1275.08178711 -1468.78894043 0
v 1475.72912598 -1468.7890625 0
v 1408.84655762 -1468.78894043 0
v 1542.61157227 -1468.78918457 0
v 1609.49377441 -1468.78918457 0
v 1676.3762207 -1468.78894043 0
v 1743.25878906 -1468.7890625 0
v 1810.14111328 -1468.7890625 0
v 1943.90600586 -1516.56237793 0
v 1877.02368164 -1468.78918457 0
v -2135.9206543 -1421.01586914 0
v -2202.80322266 -1421.01586914 0
v -2069.03808594 -1421.01574707 0
v -1935.2734375 -1421.01586914 0
v -2002.15576172 -1421.01574707 0
v -1868.39111328 -1421.01586914 0
v -1801.50878906 -1421.01586914 0
v -1734.6262207 -1421.01586914 0
v -1667.74377441 -1421.01586914 0
v -1600.8614502 -1421.01586914 0
v -1533.97900391 -1421.01574707 0
v -1467.09631348 -1421.01574707 0
v -1333.33178711 -1421.01599121 0
v -1400.21411133 -1421.01586914 0
v -1266.44946289 -1421.01599121 0
v -1199.56677246 -1421.01574707 0
v -1132.68469238 -1421.01599121 0
v -1065.80212402 -1421.01599121 0
v -932.03765869 -1421.01599121 0
v -998.91967773 -1421.01574707 0
v -865.15484619 -1421.01586914 0
v -731.39013672 -1421.01586914 0
v -798.27252197 -1421.01574707 0
v -664.50793457 -1421.01586914 0
v -597.62530518 -1421.01586914 0
v -530.74298096 -1421.01599121 0
v -396.97821045 -1421.01586914 0
v -463.86062622 -1421.01599121 0
v -263.21343994 -1421.01599121 0
v -330.0958252 -1421.01586914 0
v -196.33093262 -1421.01599121 0
v -129.44856262 -1421.01586914 0
v -62.56620789 -1421.01599121 0
v 4.31636047 -1421.01611328 0
v 138.08100891 -1421.01599121 0
v 71.19852448 -1421.01586914 0
v 271.84588623 -1421.01599121 0
v 204.96354675 -1421.01599121 0
v 338.72827148 -1421.01599121 0
v 405.61071777 -1421.01586914 0
v 539.37536621 -1421.01586914 0
v 472.49307251 -1421.01574707 0
v 606.25775146 -1421.01586914 0
v 673.14031982 -1421.01599121 0
v 806.90515137 -1421.01586914 0
v 740.02258301 -1421.01574707 0
v 873.78747559 -1421.01599121 0
v 1007.55236816 -1421.01599121 0
v 940.6697998 -1421.01574707 0
v 1074.43469238 -1421.01586914 0
v 1208.19946289 -1421.01599121 0
v 1141.3170166 -1421.01586914 0
v 1341.9642334 -1421.01586914 0
v 1275.08178711 -1421.01574707 0
v 1408.84667969 -1421.01586914 0
v 1542.6114502 -1421.01586914 0
v 1475.72900391 -1421.01574707 0
v 1609.49401855 -1421.01586914 0
v 1743.25854492 -1421.01574707 0
v 1676.37634277 -1421.01586914 0
v 1810.14123535 -1421.01586914 0
v 1877.0234375 -1421.01586914 0
v 1943.90576172 -1468.78894043 0
v -2202.80273438 -1373.24267578 0
v -2135.9206543 -1373.24279785 0
v -2002.15600586 -1373.24279785 0
v -2069.03808594 -1373.24267578 0
v -1935.27355957 -1373.24279785 0
v -1868.39111328 -1373.24291992 0
v -1734.62646484 -1373.24279785 0
v -1801.50854492 -1373.24267578 0
v -1667.74389648 -1373.24267578 0
v -1600.8614502 -1373.24291992 0
v -1467.09655762 -1373.24279785 0
v -1533.97900391 -1373.24279785 0
v -1400.21386719 -1373.24279785 0
v -1333.33166504 -1373.24291992 0
v -1266.44946289 -1373.24279785 0
v -1132.68481445 -1373.24304199 0
v -1199.56689453 -1373.24267578 0
v -1065.80224609 -1373.24291992 0
v -932.03759766 -1373.24279785 0
v -998.9196167 -1373.24279785 0
v -865.1550293 -1373.24291992 0
v -731.39025879 -1373.24279785 0
v -798.27252197 -1373.24279785 0
v -664.50793457 -1373.24291992 0
v -530.74310303 -1373.24279785 0
v -597.62536621 -1373.24279785 0
v -463.86062622 -1373.24279785 0
v -396.97817993 -1373.24291992 0
v -330.09567261 -1373.24279785 0
v -196.33110046 -1373.24279785 0
v -263.21350098 -1373.24279785 0
v -129.44854736 -1373.24291992 0
v 4.31627655 -1373.24279785 0
v -62.56607819 -1373.24267578 0
v 71.19874573 -1373.24291992 0
v 204.96333313 -1373.24279785 0
v 138.08102417 -1373.24291992 0
v 271.84573364 -1373.24267578 0
v 338.72821045 -1373.24279785 0
v 405.61062622 -1373.24291992 0
v 472.49298096 -1373.24279785 0
v 539.37554932 -1373.24279785 0
v 673.14025879 -1373.24279785 0
v 606.2578125 -1373.24267578 0
v 806.9050293 -1373.24291992 0
v 740.02252197 -1373.24279785 0
v 873.78759766 -1373.24304199 0
v 1007.55212402 -1373.24267578 0
v 940.66998291 -1373.24291992 0
v 1074.43457031 -1373.24291992 0
v 1141.3170166 -1373.24291992 0
v 1208.19946289 -1373.24279785 0
v 1275.08203125 -1373.24279785 0
v 1341.9642334 -1373.24291992 0
v 1408.84667969 -1373.24279785 0
v 1542.61120605 -1373.24267578 0
v 1475.72900391 -1373.24279785 0
v 1609.49389648 -1373.24291992 0
v 1676.37646484 -1373.24279785 0
v 1810.14099121 -1373.24267578 0
v 1743.25866699 -1373.24267578 0
v 1877.02355957 -1373.24291992 0
v 1943.90588379 -1421.01586914 0
v -2135.92089844 -1325.46960449 0
v -2202.80322266 -1325.46972656 0
v -2069.03833008 -1325.46984863 0
v -2002.15576172 -1325.46960449 0
v -1935.27319336 -1325.46960449 0
v -1801.50866699 -1325.46972656 0
v -1868.39111328 -1325.46960449 0
v -1734.6262207 -1325.46972656 0
v -1667.74365234 -1325.46960449 0
v -1600.86120605 -1325.46948242 0
v -1533.97900391 -1325.46972656 0
v -1400.21411133 -1325.46972656 0
v -1467.09643555 -1325.46948242 0
v -1333.33190918 -1325.46948242 0
v -1266.44921875 -1325.46960449 0
v -1199.56689453 -1325.46960449 0
v -1132.68444824 -1325.46960449 0
v -1065.80200195 -1325.46948242 0
v -932.03765869 -1325.46972656 0
v -998.91973877 -1325.46960449 0
v -798.27264404 -1325.46972656 0
v -865.15496826 -1325.46948242 0
v -731.39019775 -1325.46972656 0
v -664.50787354 -1325.46972656 0
v -530.74310303 -1325.46972656 0
v -597.62542725 -1325.46972656 0
v -463.86053467 -1325.46960449 0
v -396.9781189 -1325.46960449 0
v -263.21340942 -1325.46972656 0
v -330.09576416 -1325.46960449 0
v -129.4486084 -1325.46972656 0
v -196.33093262 -1325.46960449 0
v 4.31632233 -1325.46972656 0
v -62.56615448 -1325.46960449 0
v 71.19854736 -1325.46960449 0
v 138.08108521 -1325.46972656 0
v 204.96350098 -1325.46960449 0
v 271.84591675 -1325.46972656 0
v 405.61068726 -1325.46972656 0
v 338.72817993 -1325.46948242 0
v 472.49328613 -1325.46972656 0
v 606.2578125 -1325.46960449 0
v 539.37530518 -1325.46960449 0
v 673.14025879 -1325.46972656 0
v 806.9050293 -1325.46960449 0
v 740.02246094 -1325.46960449 0
v 873.78741455 -1325.46972656 0
v 940.66986084 -1325.46960449 0
v 1007.55212402 -1325.46960449 0
v 1074.43481445 -1325.46948242 0
v 1141.3170166 -1325.46972656 0
v 1275.08178711 -1325.46972656 0
v 1208.19946289 -1325.46960449 0
v 1341.9642334 -1325.46948242 0
v 1408.84667969 -1325.46960449 0
v 1475.72924805 -1325.46972656 0
v 1609.49401855 -1325.46972656 0
v 1542.61120605 -1325.46948242 0
v 1676.37609863 -1325.46960449 0
v 1743.25878906 -1325.46960449 0
v 1877.02355957 -1325.46960449 0
v 1810.14099121 -1325.46972656 0
v 1943.90576172 -1373.24267578 0
v -2202.80273438 -1277.6965332 0
v -2135.9206543 -1277.69641113 0
v -2069.03808594 -1277.69628906 0
v -1935.27355957 -1277.6965332 0
v -2002.15588379 -1277.6965332 0
v -1868.39086914 -1277.69641113 0
v -1734.6262207 -1277.6965332 0
v -1801.50866699 -1277.69641113 0
v -1667.74389648 -1277.69641113 0
v -1600.86157227 -1277.69665527 0
v -1533.97900391 -1277.69641113 0
v -1400.21411133 -1277.6965332 0
v -1467.09643555 -1277.6965332 0
v -1333.33178711 -1277.69665527 0
v -1266.44934082 -1277.6965332 0
v -1132.68444824 -1277.6965332 0
v -1199.56689453 -1277.69628906 0
v -998.91967773 -1277.69641113 0
v -1065.80212402 -1277.69641113 0
v -932.03723145 -1277.69641113 0
v -798.27252197 -1277.6965332 0
v -865.1550293 -1277.6965332 0
v -731.39019775 -1277.6965332 0
v -664.5078125 -1277.6965332 0
v -597.62530518 -1277.6965332 0
v -530.74291992 -1277.69641113 0
v -463.86053467 -1277.69641113 0
v -396.97802734 -1277.6965332 0
v -330.09576416 -1277.6965332 0
v -196.33103943 -1277.69641113 0
v -263.21331787 -1277.69616699 0
v -129.44845581 -1277.6965332 0
v -62.56620026 -1277.6965332 0
v 4.31633759 -1277.69628906 0
v 71.1986618 -1277.6965332 0
v 138.08114624 -1277.6965332 0
v 271.8458252 -1277.69641113 0
v 204.96340942 -1277.69641113 0
v 405.61068726 -1277.6965332 0
v 338.72821045 -1277.6965332 0
v 472.49291992 -1277.69641113 0
v 539.37548828 -1277.6965332 0
v 673.14013672 -1277.6965332 0
v 606.25787354 -1277.69641113 0
v 740.02264404 -1277.69641113 0
v 873.78735352 -1277.6965332 0
v 806.9050293 -1277.6965332 0
v 940.66967773 -1277.69641113 0
v 1007.55212402 -1277.6965332 0
v 1074.43469238 -1277.6965332 0
v 1141.3170166 -1277.69641113 0
v 1275.08166504 -1277.69641113 0
v 1208.19946289 -1277.6965332 0
v 1341.96435547 -1277.6965332 0
v 1475.72900391 -1277.69641113 0
v 1408.84667969 -1277.69641113 0
v 1542.61169434 -1277.69641113 0
v 1609.49389648 -1277.6965332 0
v 1676.37634277 -1277.69665527 0
v 1810.14099121 -1277.69628906 0
v 1743.25866699 -1277.6965332 0
v 1877.02355957 -1277.6965332 0
v 1943.90563965 -1277.69641113 0
v -2135.9206543 -1229.92333984 0
v -2202.80297852 -1229.92333984 0
v -2069.03808594 -1229.92333984 0
v -1935.27368164 -1229.92346191 0
v -2002.15576172 -1229.92321777 0
v -1868.39099121 -1229.92333984 0
v -1734.62634277 -1229.92333984 0
v -1801.50854492 -1229.92321777 0
v -1667.74365234 -1229.92321777 0
v -1600.86132812 -1229.92333984 0
v -1467.09655762 -1229.92333984 0
v -1533.97900391 -1229.92333984 0
v -1400.21398926 -1229.92321777 0
v -1333.33154297 -1229.92333984 0
v -1266.44934082 -1229.92346191 0
v -1132.68444824 -1229.92346191 0
v -1199.56689453 -1229.92333984 0
v -1065.80236816 -1229.92358398 0
v -998.91973877 -1229.92346191 0
v -932.03759766 -1229.92358398 0
v -865.15515137 -1229.92346191 0
v -798.27252197 -1229.92333984 0
v -731.39013672 -1229.92333984 0
v -597.62548828 -1229.92333984 0
v -664.50775146 -1229.92333984 0
v -530.74298096 -1229.92333984 0
v -463.86065674 -1229.92333984 0
v -396.97817993 -1229.92333984 0
v -330.09570312 -1229.92333984 0
v -196.33093262 -1229.92333984 0
v -263.21337891 -1229.92321777 0
v -129.44851685 -1229.92346191 0
v -62.56613159 -1229.92333984 0
v 71.19866943 -1229.92333984 0
v 4.3163147 -1229.92321777 0
v 138.08106995 -1229.92333984 0
v 271.84579468 -1229.92333984 0
v 204.96337891 -1229.92321777 0
v 338.72833252 -1229.92333984 0
v 405.61065674 -1229.92333984 0
v 472.49291992 -1229.92333984 0
v 539.37561035 -1229.92333984 0
v 606.25799561 -1229.92346191 0
v 673.14025879 -1229.92346191 0
v 740.02270508 -1229.92333984 0
v 806.90509033 -1229.92346191 0
v 873.78747559 -1229.92346191 0
v 940.66992188 -1229.92346191 0
v 1007.55230713 -1229.92346191 0
v 1141.31689453 -1229.92333984 0
v 1074.43469238 -1229.92333984 0
v 1208.19946289 -1229.92333984 0
v 1341.96435547 -1229.92346191 0
v 1275.08178711 -1229.92321777 0
v 1408.84655762 -1229.92333984 0
v 1475.72912598 -1229.92333984 0
v 1609.49389648 -1229.92333984 0
v 1542.61157227 -1229.92333984 0
v 1676.3762207 -1229.92333984 0
v 1743.25878906 -1229.92333984 0
v 1877.02355957 -1229.92333984 0
v 1810.14111328 -1229.92333984 0
v -2135.92089844 -1182.15039062 0
v -2202.80297852 -1182.15014648 0
v -2069.03833008 -1182.15026855 0
v -2002.15576172 -1182.15014648 0
v -1935.2734375 -1182.15014648 0
v -1801.50866699 -1182.15026855 0
v -1868.39111328 -1182.15026855 0
v -1734.62597656 -1182.15014648 0
v -1600.86132812 -1182.15014648 0
v -1667.74389648 -1182.15026855 0
v -1533.97924805 -1182.15026855 0
v -1467.09667969 -1182.15014648 0
v -1400.21411133 -1182.15014648 0
v -1333.33178711 -1182.15014648 0
v -1266.44958496 -1182.15039062 0
v -1132.68469238 -1182.15026855 0
v -1199.56677246 -1182.15014648 0
v -1065.80200195 -1182.15014648 0
v -998.91973877 -1182.15014648 0
v -932.03729248 -1182.15014648 0
v -865.15478516 -1182.15014648 0
v -731.39019775 -1182.15026855 0
v -798.27252197 -1182.15002441 0
v -664.5078125 -1182.15026855 0
v -597.62536621 -1182.15014648 0
v -530.74298096 -1182.15014648 0
v -463.8605957 -1182.15026855 0
v -330.0958252 -1182.15014648 0
v -396.97808838 -1182.15014648 0
v -263.21343994 -1182.15026855 0
v -196.3309021 -1182.15014648 0
v -129.44863892 -1182.15014648 0
v -62.56614685 -1182.15014648 0
v 4.31625366 -1182.15026855 0
v 71.19869995 -1182.15014648 0
v 138.08103943 -1182.15014648 0
v 204.9634552 -1182.15026855 0
v 271.84594727 -1182.15026855 0
v 405.61065674 -1182.15026855 0
v 338.72827148 -1182.15014648 0
v 472.49298096 -1182.15026855 0
v 606.25793457 -1182.15014648 0
v 539.37542725 -1182.15014648 0
v 673.14025879 -1182.15014648 0
v 806.9050293 -1182.15026855 0
v 740.02270508 -1182.15014648 0
v 873.78735352 -1182.15026855 0
v 940.66986084 -1182.15026855 0
v 1007.5524292 -1182.15026855 0
v 1074.43457031 -1182.15014648 0
v 1141.31713867 -1182.15026855 0
v 1208.19970703 -1182.15014648 0
v 1341.9642334 -1182.15014648 0
v 1275.08178711 -1182.15014648 0
v 1408.84680176 -1182.15026855 0
v 1542.61157227 -1182.15014648 0
v 1475.72900391 -1182.15014648 0
v 1609.49401855 -1182.15026855 0
v 1676.3762207 -1182.15014648 0
v 1743.25878906 -1182.15014648 0
v 1877.02368164 -1182.15039062 0
v 1810.14111328 -1182.15014648 0
v 1943.90600586 -1229.92333984 0
v -2202.80297852 -1134.3770752 0
v -2135.9206543 -1134.37683105 0
v -2002.15600586 -1134.37695312 0
v -2069.03833008 -1134.3770752 0
v -1935.27331543 -1134.3770752 0
v -1801.50878906 -1134.3770752 0
v -1868.39099121 -1134.37695312 0
v -1734.62646484 -1134.3770752 0
v -1667.74377441 -1134.3770752 0
v -1600.86132812 -1134.37683105 0
v -1533.97900391 -1134.37695312 0
v -1467.09655762 -1134.37695312 0
v -1400.21411133 -1134.3770752 0
v -1266.44946289 -1134.37695312 0
v -1333.33178711 -1134.37695312 0
v -1132.68481445 -1134.37695312 0
v -1199.5670166 -1134.3770752 0
v -1065.80212402 -1134.3770752 0
v -998.91973877 -1134.37695312 0
v -932.03741455 -1134.3770752 0
v -865.15490723 -1134.37695312 0
v -798.27258301 -1134.3770752 0
v -731.39031982 -1134.3770752 0
v -664.50787354 -1134.3770752 0
v -597.62524414 -1134.37695312 0
v -530.74304199 -1134.3770752 0
v -463.86047363 -1134.37695312 0
v -330.09576416 -1134.3770752 0
v -396.97821045 -1134.37695312 0
v -263.21331787 -1134.37695312 0
v -196.33094788 -1134.3770752 0
v -62.56622314 -1134.3770752 0
v -129.44851685 -1134.37695312 0
v 4.31619263 -1134.37695312 0
v 71.19871521 -1134.3770752 0
v 204.96336365 -1134.37695312 0
v 138.08108521 -1134.37695312 0
v 271.84576416 -1134.3770752 0
v 338.72833252 -1134.3770752 0
v 405.61068726 -1134.37695312 0
v 472.49316406 -1134.37695312 0
v 606.2578125 -1134.37695312 0
v 539.37542725 -1134.3770752 0
v 673.14025879 -1134.37695312 0
v 740.02258301 -1134.37695312 0
v 806.9050293 -1134.3770752 0
v 940.66973877 -1134.3770752 0
v 873.78747559 -1134.37695312 0
v 1007.55224609 -1134.37695312 0
v 1141.31689453 -1134.3770752 0
v 1074.43457031 -1134.37683105 0
v 1208.19946289 -1134.3770752 0
v 1275.08190918 -1134.37695312 0
v 1408.84667969 -1134.37695312 0
v 1341.96411133 -1134.37695312 0
v 1475.72912598 -1134.37695312 0
v 1609.49389648 -1134.37683105 0
v 1542.61157227 -1134.3770752 0
v 1676.3762207 -1134.37719727 0
v 1743.25878906 -1134.3770752 0
v 1810.14123535 -1134.3770752 0
v 1943.90588379 -1182.15002441 0
v 1877.02368164 -1134.37695312 0
v -2202.80297852 -1086.60400391 0
v -2069.03833008 -1086.60388184 0
v -2135.9206543 -1086.60375977 0
v -1935.27355957 -1086.60388184 0
v -2002.15588379 -1086.60375977 0
v -1868.39111328 -1086.60388184 0
v -1801.50878906 -1086.60375977 0
v -1734.62646484 -1086.60388184 0
v -1667.74389648 -1086.60388184 0
v -1600.86157227 -1086.60388184 0
v -1533.97888184 -1086.60388184 0
v -1467.09643555 -1086.60375977 0
v -1333.33190918 -1086.60400391 0
v -1400.21411133 -1086.60375977 0
v -1266.44946289 -1086.60400391 0
v -1199.56689453 -1086.60388184 0
v -1065.80224609 -1086.60400391 0
v -1132.68469238 -1086.60375977 0
v -998.91973877 -1086.60388184 0
v -932.03723145 -1086.60388184 0
v -798.27252197 -1086.60400391 0
v -865.15515137 -1086.60388184 0
v -731.39007568 -1086.60388184 0
v -664.50793457 -1086.60400391 0
v -530.74298096 -1086.60388184 0
v -597.62530518 -1086.60388184 0
v -396.97814941 -1086.60375977 0
v -463.8605957 -1086.60375977 0
v -330.09588623 -1086.60388184 0
v -263.21334839 -1086.60388184 0
v -196.33094788 -1086.60388184 0
v -129.44856262 -1086.60388184 0
v -62.56611633 -1086.60388184 0
v 71.19868469 -1086.60388184 0
v 4.31608582 -1086.60388184 0
v 138.08106995 -1086.60388184 0
v 204.96343994 -1086.60375977 0
v 271.8460083 -1086.60400391 0
v 405.61068726 -1086.60400391 0
v 338.72833252 -1086.60375977 0
v 539.37548828 -1086.60400391 0
v 472.49316406 -1086.60400391 0
v 673.14007568 -1086.60388184 0
v 606.25787354 -1086.60375977 0
v 740.02270508 -1086.60400391 0
v 806.90496826 -1086.60375977 0
v 940.66967773 -1086.60388184 0
v 873.78759766 -1086.60375977 0
v 1007.5524292 -1086.60400391 0
v 1074.43469238 -1086.60388184 0
v 1141.31713867 -1086.60388184 0
v 1275.08190918 -1086.60388184 0
v 1208.19946289 -1086.6036377 0
v 1341.96435547 -1086.60388184 0
v 1475.72912598 -1086.60375977 0
v 1408.84655762 -1086.60375977 0
v 1542.6114502 -1086.60375977 0
v 1609.49401855 -1086.60388184 0
v 1676.37634277 -1086.60388184 0
v 1810.14135742 -1086.60388184 0
v 1743.25866699 -1086.60375977 0
v 1943.90588379 -1086.60388184 0
v 1877.0234375 -1086.60375977 0
v -2202.80297852 -1038.83056641 0
v -2069.03857422 -1038.83081055 0
v -2135.9206543 -1038.83068848 0
v -2002.15600586 -1038.83081055 0
v -1935.2734375 -1038.83068848 0
v -1868.39086914 -1038.83068848 0
v -1801.50854492 -1038.83068848 0
v -1734.62634277 -1038.83068848 0
v -1667.74377441 -1038.83068848 0
v -1600.8614502 -1038.83081055 0
v -1467.09680176 -1038.83093262 0
v -1533.97900391 -1038.83081055 0
v -1400.2142334 -1038.83081055 0
v -1333.33203125 -1038.83093262 0
v -1266.44946289 -1038.83068848 0
v -1199.56689453 -1038.83068848 0
v -1132.68457031 -1038.83081055 0
v -1065.80212402 -1038.83068848 0
v -932.03753662 -1038.83068848 0
v -998.91973877 -1038.83068848 0
v -865.15496826 -1038.83081055 0
v -798.27233887 -1038.83068848 0
v -731.39001465 -1038.83068848 0
v -664.5078125 -1038.83068848 0
v -530.74304199 -1038.83068848 0
v -597.62536621 -1038.83068848 0
v -463.86053467 -1038.83081055 0
v -396.97802734 -1038.83068848 0
v -330.09579468 -1038.83068848 0
v -263.21334839 -1038.83068848 0
v -129.4485321 -1038.83081055 0
v -196.33096313 -1038.83068848 0
v -62.56610107 -1038.83093262 0
v 4.3162384 -1038.83068848 0
v 138.08097839 -1038.83068848 0
v 71.19865417 -1038.83068848 0
v 271.84594727 -1038.83068848 0
v 204.96353149 -1038.83068848 0
v 338.72821045 -1038.83068848 0
v 405.61071777 -1038.83068848 0
v 472.49298096 -1038.83068848 0
v 539.37536621 -1038.83068848 0
v 606.25775146 -1038.83068848 0
v 673.14025879 -1038.83081055 0
v 740.02282715 -1038.83068848 0
v 806.9052124 -1038.83068848 0
v 873.78759766 -1038.83068848 0
v 940.6697998 -1038.83068848 0
v 1007.55236816 -1038.83068848 0
v 1074.43481445 -1038.83081055 0
v 1141.3170166 -1038.83081055 0
v 1208.19958496 -1038.83081055 0
v 1275.08203125 -1038.83081055 0
v 1341.9642334 -1038.83068848 0
v 1408.84667969 -1038.83068848 0
v 1475.72924805 -1038.83068848 0
v 1609.49389648 -1038.83081055 0
v 1542.61157227 -1038.83068848 0
v 1676.37646484 -1038.83081055 0
v 1810.14123535 -1038.83081055 0
v 1743.25854492 -1038.83056641 0
v 1877.02355957 -1038.83068848 0
v -2135.92089844 -991.05755615 0
v -2202.80322266 -991.05767822 0
v -2069.03833008 -991.05755615 0
v -2002.15576172 -991.05749512 0
v -1868.39099121 -991.05743408 0
v -1935.2734375 -991.05755615 0
v -1801.50842285 -991.05749512 0
v -1734.62609863 -991.05743408 0
v -1600.8614502 -991.05749512 0
v -1667.74377441 -991.05743408 0
v -1533.97900391 -991.05780029 0
v -1467.09655762 -991.05755615 0
v -1400.21398926 -991.05761719 0
v -1333.33178711 -991.05761719 0
v -1266.44946289 -991.05755615 0
v -1132.68457031 -991.05761719 0
v -1199.56689453 -991.05749512 0
v -1065.80224609 -991.05767822 0
v -998.91973877 -991.05761719 0
v -932.03735352 -991.05761719 0
v -798.27258301 -991.05755615 0
v -865.15490723 -991.05749512 0
v -731.39007568 -991.05749512 0
v -664.5078125 -991.05755615 0
v -597.62530518 -991.05755615 0
v -530.74304199 -991.05761719 0
v -396.97821045 -991.05755615 0
v -463.86047363 -991.05749512 0
v -330.09573364 -991.05786133 0
v -263.21325684 -991.05749512 0
v -129.44854736 -991.05755615 0
v -196.33094788 -991.05749512 0
v -62.56611633 -991.05749512 0
v 71.19871521 -991.05773926 0
v 4.31619263 -991.05755615 0
v 204.96337891 -991.05749512 0
v 138.08105469 -991.05749512 0
v 271.84591675 -991.05767822 0
v 338.72827148 -991.05761719 0
v 472.49307251 -991.05755615 0
v 405.61062622 -991.05749512 0
v 539.37536621 -991.05749512 0
v 673.14013672 -991.05755615 0
v 606.25775146 -991.05749512 0
v 740.02258301 -991.05755615 0
v 806.9050293 -991.05761719 0
v 873.78753662 -991.05749512 0
v 940.66986084 -991.05767822 0
v 1007.55212402 -991.05749512 0
v 1074.43481445 -991.05761719 0
v 1141.31689453 -991.05755615 0
v 1208.19958496 -991.05773926 0
v 1275.08203125 -991.05761719 0
v 1408.84667969 -991.05755615 0
v 1341.9642334 -991.05749512 0
v 1475.72912598 -991.05749512 0
v 1542.61132812 -991.05737305 0
v 1609.49389648 -991.05749512 0
v 1676.3762207 -991.05749512 0
v 1810.14099121 -991.05737305 0
v 1743.25878906 -991.05749512 0
v 1877.02355957 -991.05755615 0
v 1943.90576172 -991.05749512 0
v -2202.80297852 -943.28436279 0
v -2135.9206543 -943.28436279 0
v -2069.03808594 -943.28424072 0
v -1935.27355957 -943.28442383 0
v -2002.15576172 -943.28430176 0
v -1868.39111328 -943.28442383 0
v -1801.50854492 -943.28442383 0
v -1734.62609863 -943.28436279 0
v -1667.74365234 -943.28436279 0
v -1533.97900391 -943.28466797 0
v -1600.86120605 -943.28436279 0
v -1400.21411133 -943.28448486 0
v -1467.09667969 -943.28448486 0
v -1333.33190918 -943.28448486 0
v -1266.44934082 -943.28442383 0
v -1132.68469238 -943.28436279 0
v -1199.56689453 -943.28442383 0
v -1065.80236816 -943.28442383 0
v -998.91973877 -943.28436279 0
v -932.03729248 -943.28430176 0
v -798.27258301 -943.28442383 0
v -865.15490723 -943.28436279 0
v -731.39019775 -943.2845459 0
v -664.50769043 -943.28436279 0
v -530.74298096 -943.28448486 0
v -597.62536621 -943.28442383 0
v -396.9781189 -943.28436279 0
v -463.8605957 -943.28442383 0
v -330.0958252 -943.28442383 0
v -263.21347046 -943.28442383 0
v -196.33100891 -943.28442383 0
v -129.44857788 -943.2845459 0
v -62.56610107 -943.28436279 0
v 71.19868469 -943.28436279 0
v 4.31628418 -943.28442383 0
v 138.08102417 -943.28442383 0
v 271.84588623 -943.2845459 0
v 204.96351624 -943.28448486 0
v 338.72827148 -943.28442383 0
v 472.49304199 -943.2845459 0
v 405.61074829 -943.28430176 0
v 539.37548828 -943.28442383 0
v 673.14013672 -943.28436279 0
v 606.25769043 -943.28442383 0
v 740.02258301 -943.28442383 0
v 806.9050293 -943.28436279 0
v 940.66992188 -943.28448486 0
v 873.78753662 -943.28430176 0
v 1074.43457031 -943.28442383 0
v 1007.55236816 -943.28430176 0
v 1141.3170166 -943.28448486 0
v 1208.19946289 -943.2845459 0
v 1275.08190918 -943.28442383 0
v 1341.96411133 -943.28442383 0
v 1408.84655762 -943.28442383 0
v 1475.72912598 -943.28442383 0
v 1542.61181641 -943.2845459 0
v 1609.49414062 -943.28430176 0
v 1676.3762207 -943.28442383 0
v 1743.25878906 -943.28442383 0
v 1810.14111328 -943.28442383 0
v 1877.02355957 -943.28436279 0
v -2202.80297852 -895.51135254 0
v -2069.03833008 -895.51135254 0
v -2135.92041016 -895.51116943 0
v -2002.15588379 -895.51135254 0
v -1935.2734375 -895.51123047 0
v -1868.39111328 -895.51147461 0
v -1734.62634277 -895.5112915 0
v -1801.50854492 -895.51116943 0
v -1667.74389648 -895.51135254 0
v -1600.86132812 -895.51135254 0
v -1533.97912598 -895.51135254 0
v -1467.09655762 -895.51135254 0
v -1400.21411133 -895.51123047 0
v -1333.33178711 -895.51141357 0
v -1199.5670166 -895.51135254 0
v -1266.44946289 -895.51135254 0
v -1132.68457031 -895.51123047 0
v -1065.80200195 -895.51123047 0
v -932.03747559 -895.51135254 0
v -998.91973877 -895.51147461 0
v -865.1550293 -895.51123047 0
v -798.2723999 -895.51123047 0
v -731.39013672 -895.51116943 0
v -597.62536621 -895.51123047 0
v -664.50775146 -895.51135254 0
v -530.74310303 -895.51147461 0
v -463.86056519 -895.51123047 0
v -396.97814941 -895.5112915 0
v -330.09570312 -895.51116943 0
v -263.21325684 -895.51135254 0
v -129.4485321 -895.51135254 0
v -196.33097839 -895.51123047 0
v 4.31622314 -895.51116943 0
v -62.56614685 -895.51123047 0
v 71.19865417 -895.5112915 0
v 138.08110046 -895.51135254 0
v 271.84594727 -895.51123047 0
v 204.96342468 -895.51123047 0
v 405.61065674 -895.51141357 0
v 338.72833252 -895.5112915 0
v 472.49304199 -895.51123047 0
v 539.37536621 -895.51123047 0
v 606.25793457 -895.51147461 0
v 673.14038086 -895.51135254 0
v 740.02270508 -895.5112915 0
v 806.9050293 -895.51141357 0
v 940.66992188 -895.51135254 0
v 873.78747559 -895.51135254 0
v 1074.43469238 -895.51135254 0
v 1007.55218506 -895.51123047 0
v 1208.19946289 -895.5112915 0
v 1141.3170166 -895.51116943 0
v 1275.08190918 -895.51147461 0
v 1341.9642334 -895.51135254 0
v 1408.84655762 -895.51123047 0
v 1475.72937012 -895.51135254 0
v 1609.49401855 -895.51135254 0
v 1542.61169434 -895.51135254 0
v 1676.3762207 -895.51135254 0
v 1810.14099121 -895.51116943 0
v 1743.25878906 -895.51116943 0
v 1877.02368164 -895.51135254 0
v 1943.90588379 -943.28442383 0
v -2135.9206543 -847.73815918 0
v -2202.80297852 -847.73803711 0
v -2069.03833008 -847.73815918 0
v -2002.15563965 -847.73809814 0
v -1868.39123535 -847.73822021 0
v -1935.27368164 -847.73822021 0
v -1801.50842285 -847.73809814 0
v -1734.62597656 -847.73809814 0
v -1600.8614502 -847.73803711 0
v -1667.74401855 -847.73815918 0
v -1533.97875977 -847.73803711 0
v -1467.09667969 -847.73815918 0
v -1400.21411133 -847.73803711 0
v -1333.33166504 -847.73803711 0
v -1266.44958496 -847.73803711 0
v -1199.56689453 -847.73803711 0
v -1065.80224609 -847.73815918 0
v -1132.68444824 -847.73803711 0
v -998.91973877 -847.73803711 0
v -932.03729248 -847.73809814 0
v -865.1550293 -847.73828125 0
v -731.39013672 -847.73822021 0
v -798.27252197 -847.73803711 0
v -664.50787354 -847.73803711 0
v -597.62536621 -847.73803711 0
v -530.74291992 -847.73815918 0
v -463.8605957 -847.73815918 0
v -396.97814941 -847.73803711 0
v -263.21347046 -847.73803711 0
v -330.09573364 -847.73803711 0
v -196.33106995 -847.73803711 0
v -129.44844055 -847.73803711 0
v -62.56619263 -847.73815918 0
v 4.3163147 -847.73803711 0
v 138.08096313 -847.73809814 0
v 71.19863892 -847.73803711 0
v 204.96334839 -847.73809814 0
v 271.84591675 -847.73809814 0
v 338.72821045 -847.73809814 0
v 405.61068726 -847.73809814 0
v 472.49307251 -847.73815918 0
v 606.25787354 -847.73828125 0
v 539.37536621 -847.73803711 0
v 673.14013672 -847.73803711 0
v 740.02246094 -847.73815918 0
v 806.9050293 -847.73803711 0
v 873.78735352 -847.73803711 0
v 940.6697998 -847.73803711 0
v 1074.43457031 -847.73803711 0
v 1007.55236816 -847.73803711 0
v 1141.3170166 -847.73822021 0
v 1275.08178711 -847.73822021 0
v 1208.19946289 -847.73809814 0
v 1341.9642334 -847.73809814 0
v 1475.72900391 -847.73815918 0
v 1408.84680176 -847.73828125 0
v 1542.61132812 -847.73803711 0
v 1609.49377441 -847.73815918 0
v 1676.37634277 -847.73815918 0
v 1810.14123535 -847.73815918 0
v 1743.25854492 -847.73803711 0
v 1877.0234375 -847.73815918 0
v 1943.90576172 -847.73815918 0
v -2202.80297852 -799.96508789 0
v -2069.03833008 -799.96508789 0
v -2135.9206543 -799.96490479 0
v -2002.15588379 -799.96496582 0
v -1935.27368164 -799.96502686 0
v -1868.39099121 -799.96496582 0
v -1734.6262207 -799.96490479 0
v -1801.50854492 -799.96490479 0
v -1667.74389648 -799.96502686 0
v -1533.97888184 -799.96490479 0
v -1600.86157227 -799.96496582 0
v -1467.09667969 -799.96502686 0
v -1400.21386719 -799.96490479 0
v -1266.44958496 -799.96502686 0
v -1333.33178711 -799.96490479 0
v -1132.68469238 -799.96502686 0
v -1199.56689453 -799.96490479 0
v -1065.80200195 -799.96496582 0
v -932.03735352 -799.96490479 0
v -998.91992188 -799.96502686 0
v -865.15490723 -799.96508789 0
v -731.39031982 -799.96490479 0
v -798.27258301 -799.96502686 0
v -664.50799561 -799.96496582 0
v -597.62548828 -799.96502686 0
v -530.74291992 -799.96508789 0
v -463.86050415 -799.96490479 0
v -330.09564209 -799.96508789 0
v -396.97814941 -799.96490479 0
v -263.21343994 -799.96502686 0
v -129.44857788 -799.96508789 0
v -196.33099365 -799.96502686 0
v -62.56600952 -799.96502686 0
v 71.1986084 -799.96520996 0
v 4.31622314 -799.96502686 0
v 138.08108521 -799.96490479 0
v 204.96343994 -799.96502686 0
v 271.84585571 -799.96508789 0
v 338.72839355 -799.96502686 0
v 472.49304199 -799.96496582 0
v 405.61071777 -799.96490479 0
v 606.25775146 -799.96496582 0
v 539.37536621 -799.96490479 0
v 673.14025879 -799.96484375 0
v 740.02270508 -799.96514893 0
v 873.78735352 -799.96496582 0
v 806.90496826 -799.96496582 0
v 940.66992188 -799.96508789 0
v 1007.55230713 -799.96508789 0
v 1074.43481445 -799.96484375 0
v 1141.3170166 -799.96484375 0
v 1208.19970703 -799.96502686 0
v 1275.08178711 -799.96484375 0
v 1408.84667969 -799.96502686 0
v 1341.96447754 -799.96496582 0
v 1475.72900391 -799.96508789 0
v 1542.6114502 -799.96484375 0
v 1676.37646484 -799.96520996 0
v 1609.49377441 -799.96490479 0
v 1810.14099121 -799.96508789 0
v 1743.25866699 -799.96502686 0
v 1877.0234375 -799.96496582 0
v -2135.92089844 -752.1918335 0
v -2202.80297852 -752.19177246 0
v -2069.03808594 -752.1918335 0
v -2002.15576172 -752.19195557 0
v -1935.27355957 -752.19189453 0
v -1801.50866699 -752.19189453 0
v -1868.39111328 -752.19171143 0
v -1734.62634277 -752.1918335 0
v -1667.74401855 -752.1918335 0
v -1533.97912598 -752.1920166 0
v -1600.86132812 -752.1918335 0
v -1467.09667969 -752.19189453 0
v -1400.21435547 -752.19195557 0
v -1333.33154297 -752.19177246 0
v -1266.44921875 -752.19177246 0
v -1132.68457031 -752.1918335 0
v -1199.56689453 -752.19171143 0
v -1065.80224609 -752.19189453 0
v -998.9197998 -752.19189453 0
v -865.1550293 -752.19177246 0
v -932.03735352 -752.19189453 0
v -798.27246094 -752.1918335 0
v -731.39025879 -752.1918335 0
v -664.50769043 -752.19189453 0
v -597.62536621 -752.19189453 0
v -530.74291992 -752.19189453 0
v -396.97817993 -752.1918335 0
v -463.86053467 -752.1918335 0
v -330.09567261 -752.19171143 0
v -263.21325684 -752.1920166 0
v -129.44854736 -752.19189453 0
v -196.33096313 -752.19171143 0
v 4.31622314 -752.1918335 0
v -62.56607056 -752.19177246 0
v 71.1986084 -752.19171143 0
v 204.96340942 -752.19189453 0
v 138.08111572 -752.19195557 0
v 271.84579468 -752.19189453 0
v 338.72821045 -752.1918335 0
v 405.6105957 -752.19189453 0
v 472.49307251 -752.1918335 0
v 539.37542725 -752.19177246 0
v 606.2578125 -752.19177246 0
v 740.02258301 -752.19189453 0
v 673.14025879 -752.19177246 0
v 806.9050293 -752.19171143 0
v 873.78759766 -752.19189453 0
v 1007.55224609 -752.19189453 0
v 940.6697998 -752.19171143 0
v 1074.43457031 -752.19177246 0
v 1141.3170166 -752.19165039 0
v 1208.19958496 -752.19189453 0
v 1341.96411133 -752.19177246 0
v 1275.08190918 -752.1918335 0
v 1408.84680176 -752.1918335 0
v 1475.72924805 -752.19189453 0
v 1609.49389648 -752.19177246 0
v 1542.61132812 -752.19177246 0
v 1676.37646484 -752.19189453 0
v 1810.14111328 -752.19189453 0
v 1743.25854492 -752.19177246 0
v 1943.90576172 -799.96490479 0
v 1877.02368164 -752.1918335 0
v -2202.80297852 -704.41870117 0
v -2135.92041016 -704.41864014 0
v -2002.15576172 -704.41864014 0
v -2069.03808594 -704.4185791 0
v -1935.2734375 -704.41870117 0
v -1868.39086914 -704.41870117 0
v -1801.50854492 -704.41864014 0
v -1734.6262207 -704.41864014 0
v -1667.74377441 -704.41870117 0
v -1533.97912598 -704.41870117 0
v -1600.86132812 -704.41876221 0
v -1467.09655762 -704.41870117 0
v -1400.2142334 -704.41870117 0
v -1266.44946289 -704.41882324 0
v -1333.33178711 -704.41864014 0
v -1199.56689453 -704.41870117 0
v -1132.68481445 -704.41870117 0
v -1065.80212402 -704.41870117 0
v -998.9197998 -704.41870117 0
v -932.03723145 -704.41876221 0
v -865.15490723 -704.41864014 0
v -798.27246094 -704.4185791 0
v -664.5078125 -704.41870117 0
v -731.39019775 -704.41870117 0
v -597.62536621 -704.41864014 0
v -530.74291992 -704.41870117 0
v -463.86050415 -704.41870117 0
v -330.0958252 -704.41882324 0
v -396.97821045 -704.41870117 0
v -263.21331787 -704.41888428 0
v -129.44851685 -704.41870117 0
v -196.33102417 -704.41870117 0
v -62.56613159 -704.41882324 0
v 4.31619263 -704.41882324 0
v 138.08108521 -704.41882324 0
v 71.19863892 -704.4185791 0
v 204.96340942 -704.41870117 0
v 271.84588623 -704.41870117 0
v 338.72817993 -704.41870117 0
v 405.61071777 -704.41870117 0
v 472.49310303 -704.41870117 0
v 539.37542725 -704.4185791 0
v 606.25799561 -704.41870117 0
v 673.14025879 -704.41870117 0
v 806.90490723 -704.41870117 0
v 740.02258301 -704.4185791 0
v 873.78771973 -704.41882324 0
v 1007.55218506 -704.41870117 0
v 940.66973877 -704.41870117 0
v 1074.43457031 -704.41870117 0
v 1208.19958496 -704.41870117 0
v 1141.31713867 -704.41870117 0
v 1275.08178711 -704.4185791 0
v 1341.96435547 -704.41870117 0
v 1475.72924805 -704.41870117 0
v 1408.84667969 -704.41851807 0
v 1542.6114502 -704.4185791 0
v 1676.3762207 -704.41870117 0
v 1609.49389648 -704.41870117 0
v 1743.25854492 -704.4185791 0
v 1810.14135742 -704.41888428 0
v 1943.90576172 -704.41870117 0
v 1877.0234375 -704.41870117 0
v -2202.80297852 -656.64562988 0
v -2069.03833008 -656.64550781 0
v -2135.92041016 -656.64550781 0
v -2002.15576172 -656.64544678 0
v -1935.2734375 -656.64556885 0
v -1868.39123535 -656.64556885 0
v -1801.50842285 -656.64544678 0
v -1667.74389648 -656.64562988 0
v -1734.6262207 -656.64550781 0
v -1600.86157227 -656.64569092 0
v -1533.97888184 -656.64550781 0
v -1400.21435547 -656.64562988 0
v -1467.09643555 -656.64550781 0
v -1333.33154297 -656.64550781 0
v -1266.44934082 -656.64550781 0
v -1199.56689453 -656.64556885 0
v -1065.80212402 -656.64569092 0
v -1132.68481445 -656.64556885 0
v -932.03747559 -656.64562988 0
v -998.9197998 -656.64556885 0
v -865.15484619 -656.64550781 0
v -731.39019775 -656.64556885 0
v -798.27258301 -656.64538574 0
v -664.5078125 -656.64550781 0
v -530.74304199 -656.64562988 0
v -597.62530518 -656.64556885 0
v -463.8605957 -656.64562988 0
v -330.09585571 -656.64556885 0
v -396.97808838 -656.64550781 0
v -263.21340942 -656.64538574 0
v -196.33108521 -656.64538574 0
v -129.44857788 -656.64562988 0
v 4.31625366 -656.64562988 0
v -62.56610107 -656.64538574 0
v 138.08108521 -656.64538574 0
v 71.19866943 -656.64556885 0
v 204.96356201 -656.64556885 0
v 271.8458252 -656.64562988 0
v 338.728302 -656.64550781 0
v 472.49310303 -656.64569092 0
v 405.61065674 -656.64550781 0
v 606.25775146 -656.64550781 0
v 539.37548828 -656.64538574 0
v 673.14031982 -656.64562988 0
v 740.02270508 -656.64550781 0
v 873.78735352 -656.64556885 0
v 806.9050293 -656.64550781 0
v 940.66992188 -656.64550781 0
v 1007.55236816 -656.64550781 0
v 1141.31713867 -656.64562988 0
v 1074.43457031 -656.64550781 0
v 1208.19958496 -656.64562988 0
v 1341.96435547 -656.64575195 0
v 1275.08178711 -656.64550781 0
v 1475.72912598 -656.64556885 0
v 1408.84667969 -656.64569092 0
v 1609.49389648 -656.64562988 0
v 1542.6114502 -656.64550781 0
v 1676.37646484 -656.64550781 0
v 1810.14111328 -656.64562988 0
v 1743.25891113 -656.64562988 0
v 1877.0234375 -656.64550781 0
v -2135.9206543 -608.87237549 0
v -2202.80297852 -608.87237549 0
v -2069.03808594 -608.87237549 0
v -2002.15576172 -608.87237549 0
v -1935.27319336 -608.87237549 0
v -1868.39086914 -608.87237549 0
v -1734.62634277 -608.87255859 0
v -1801.50854492 -608.87237549 0
v -1667.74389648 -608.87237549 0
v -1600.8614502 -608.87243652 0
v -1467.09667969 -608.87255859 0
v -1533.97900391 -608.87243652 0
v -1333.33178711 -608.87249756 0
v -1400.21411133 -608.87231445 0
v -1266.44946289 -608.87249756 0
v -1199.56689453 -608.87237549 0
v -1132.68444824 -608.87243652 0
v -1065.80224609 -608.87237549 0
v -998.91967773 -608.87237549 0
v -932.03729248 -608.87225342 0
v -865.15496826 -608.87249756 0
v -798.27252197 -608.87255859 0
v -731.39001465 -608.87237549 0
v -664.5078125 -608.87243652 0
v -530.74298096 -608.87255859 0
v -597.62524414 -608.87237549 0
v -463.8605957 -608.87243652 0
v -396.97799683 -608.87237549 0
v -330.09579468 -608.87243652 0
v -263.21337891 -608.87249756 0
v -196.33093262 -608.87249756 0
v -129.44857788 -608.87231445 0
v 4.31622314 -608.87249756 0
v -62.56613159 -608.87249756 0
v 71.19857788 -608.87243652 0
v 138.08099365 -608.87249756 0
v 204.96340942 -608.87243652 0
v 271.84588623 -608.87243652 0
v 338.72814941 -608.87243652 0
v 472.49301147 -608.87243652 0
v 405.61080933 -608.87231445 0
v 539.37542725 -608.87243652 0
v 606.25793457 -608.87249756 0
v 740.02270508 -608.87243652 0
v 673.14019775 -608.87231445 0
v 806.9050293 -608.87237549 0
v 940.66973877 -608.87243652 0
v 873.78747559 -608.87243652 0
v 1007.5524292 -608.87249756 0
v 1141.31713867 -608.87237549 0
v 1074.43457031 -608.87243652 0
v 1208.19946289 -608.87243652 0
v 1275.08178711 -608.87243652 0
v 1341.96411133 -608.87231445 0
v 1408.84692383 -608.87255859 0
v 1475.72924805 -608.87255859 0
v 1609.49389648 -608.87243652 0
v 1542.61157227 -608.87231445 0
v 1676.37609863 -608.87243652 0
v 1743.25866699 -608.87231445 0
v 1810.14135742 -608.87249756 0
v 1943.90588379 -608.87231445 0
v 1877.0234375 -608.87255859 0
v -2135.9206543 -561.09924316 0
v -2202.80322266 -561.09918213 0
v -2069.03833008 -561.09918213 0
v -2002.15588379 -561.09936523 0
v -1935.27355957 -561.09924316 0
v -1868.39111328 -561.0993042 0
v -1801.50842285 -561.09924316 0
v -1734.62609863 -561.0993042 0
v -1600.8614502 -561.09924316 0
v -1667.74389648 -561.09924316 0
v -1533.97900391 -561.0993042 0
v -1467.09667969 -561.09936523 0
v -1333.33178711 -561.09936523 0
v -1400.2142334 -561.0993042 0
v -1266.44921875 -561.09924316 0
v -1132.68457031 -561.09912109 0
v -1199.5670166 -561.09918213 0
v -1065.80224609 -561.09924316 0
v -998.9197998 -561.09918213 0
v -932.03735352 -561.09936523 0
v -865.15490723 -561.09936523 0
v -798.27258301 -561.09936523 0
v -664.5078125 -561.09936523 0
v -731.39013672 -561.09918213 0
v -530.74291992 -561.09924316 0
v -597.62536621 -561.09924316 0
v -396.97821045 -561.09924316 0
v -463.8605957 -561.09936523 0
v -330.09591675 -561.0993042 0
v -263.21337891 -561.0993042 0
v -196.3309021 -561.09924316 0
v -62.56616211 -561.09924316 0
v -129.44857788 -561.09936523 0
v 4.31619263 -561.0993042 0
v 71.19869995 -561.09918213 0
v 204.96334839 -561.09936523 0
v 138.08105469 -561.09924316 0
v 271.84579468 -561.09924316 0
v 338.72817993 -561.09924316 0
v 405.6105957 -561.09924316 0
v 472.49304199 -561.09924316 0
v 539.37536621 -561.09936523 0
v 606.25793457 -561.09924316 0
v 740.02258301 -561.09924316 0
v 673.14025879 -561.09924316 0
v 806.9050293 -561.09924316 0
v 873.78747559 -561.09936523 0
v 1007.55236816 -561.0993042 0
v 940.6697998 -561.09924316 0
v 1074.43457031 -561.09936523 0
v 1208.19958496 -561.09936523 0
v 1141.31713867 -561.09918213 0
v 1275.08203125 -561.09936523 0
v 1408.84692383 -561.09936523 0
v 1341.96435547 -561.09906006 0
v 1475.72912598 -561.09936523 0
v 1542.61157227 -561.09924316 0
v 1609.49401855 -561.09936523 0
v 1676.3762207 -561.09924316 0
v 1810.14086914 -561.0993042 0
v 1743.25878906 -561.0993042 0
v 1877.0234375 -561.09924316 0
v -2202.80297852 -513.3260498 0
v -2069.03857422 -513.32611084 0
v -2135.9206543 -513.3260498 0
v -2002.15576172 -513.32611084 0
v -1935.27355957 -513.32617188 0
v -1801.50878906 -513.32617188 0
v -1868.39086914 -513.3260498 0
v -1734.6262207 -513.32617188 0
v -1667.74389648 -513.32617188 0
v -1600.86120605 -513.32611084 0
v -1533.97900391 -513.32617188 0
v -1400.21435547 -513.32617188 0
v -1467.09655762 -513.32598877 0
v -1333.33190918 -513.32617188 0
v -1266.44946289 -513.32611084 0
v -1199.56713867 -513.32617188 0
v -1132.68457031 -513.32623291 0
v -1065.80212402 -513.32617188 0
v -932.03747559 -513.32617188 0
v -998.91973877 -513.32617188 0
v -865.1550293 -513.32617188 0
v -798.27246094 -513.32617188 0
v -664.50769043 -513.32617188 0
v -731.39025879 -513.32617188 0
v -530.74291992 -513.32617188 0
v -597.62536621 -513.3260498 0
v -463.86056519 -513.3260498 0
v -330.09591675 -513.32617188 0
v -396.97821045 -513.32611084 0
v -263.21325684 -513.3260498 0
v -129.44857788 -513.32617188 0
v -196.33093262 -513.32617188 0
v -62.56607056 -513.3260498 0
v 4.31625366 -513.3260498 0
v 71.1987915 -513.32617188 0
v 204.96350098 -513.32617188 0
v 138.08102417 -513.32598877 0
v 271.8458252 -513.32617188 0
v 338.72805786 -513.3260498 0
v 405.61074829 -513.3260498 0
v 472.49310303 -513.32617188 0
v 539.37548828 -513.3260498 0
v 673.14025879 -513.32617188 0
v 606.25793457 -513.3260498 0
v 806.90496826 -513.32617188 0
v 740.02258301 -513.32617188 0
v 873.78747559 -513.32623291 0
v 1007.55224609 -513.32617188 0
v 940.66992188 -513.32617188 0
v 1074.43481445 -513.32617188 0
v 1208.19946289 -513.32598877 0
v 1141.31689453 -513.32623291 0
v 1275.08203125 -513.32617188 0
v 1408.84667969 -513.3260498 0
v 1341.9642334 -513.32623291 0
v 1475.72900391 -513.3260498 0
v 1542.61132812 -513.32611084 0
v 1609.49414062 -513.32617188 0
v 1676.37646484 -513.32617188 0
v 1743.25878906 -513.32623291 0
v 1810.14123535 -513.32629395 0
v 1943.90600586 -561.09924316 0
v 1877.02368164 -513.32617188 0
v -2202.80297852 -465.55300903 0
v -2135.92041016 -465.552948 0
v -2069.03808594 -465.55288696 0
v -1935.27355957 -465.55310059 0
v -2002.15588379 -465.55291748 0
v -1868.39111328 -465.55303955 0
v -1801.50842285 -465.552948 0
v -1734.62609863 -465.55288696 0
v -1667.74377441 -465.552948 0
v -1533.97900391 -465.55303955 0
v -1600.86132812 -465.55297852 0
v -1467.09655762 -465.55285645 0
v -1400.21411133 -465.55300903 0
v -1333.33178711 -465.55300903 0
v -1266.44934082 -465.55303955 0
v -1199.56689453 -465.55291748 0
v -1132.68457031 -465.55285645 0
v -998.91973877 -465.55303955 0
v -1065.80212402 -465.55288696 0
v -932.03741455 -465.55285645 0
v -798.27258301 -465.55291748 0
v -865.1550293 -465.55297852 0
v -664.5078125 -465.55303955 0
v -731.39001465 -465.55285645 0
v -597.62536621 -465.55303955 0
v -530.74291992 -465.55291748 0
v -463.86050415 -465.55303955 0
v -396.9781189 -465.55297852 0
v -263.21347046 -465.55297852 0
v -330.09576416 -465.55285645 0
v -196.3309021 -465.55285645 0
v -62.56622314 -465.55288696 0
v -129.44854736 -465.55285645 0
v 4.31643677 -465.55300903 0
v 138.08102417 -465.55297852 0
v 71.19869995 -465.55288696 0
v 204.96340942 -465.55297852 0
v 271.84570312 -465.55288696 0
v 338.72824097 -465.552948 0
v 472.49310303 -465.55300903 0
v 405.61071777 -465.55300903 0
v 539.37548828 -465.55300903 0
v 673.14025879 -465.55300903 0
v 606.25793457 -465.55300903 0
v 740.02270508 -465.55307007 0
v 873.78729248 -465.55291748 0
v 806.9050293 -465.55291748 0
v 940.66986084 -465.552948 0
v 1007.55236816 -465.55300903 0
v 1074.43469238 -465.55297852 0
v 1141.31713867 -465.55303955 0
v 1275.08190918 -465.55300903 0
v 1208.19946289 -465.55288696 0
v 1341.9642334 -465.552948 0
v 1408.84667969 -465.55303955 0
v 1475.72912598 -465.55303955 0
v 1609.49389648 -465.55300903 0
v 1542.61157227 -465.55307007 0
v 1676.37634277 -465.55300903 0
v 1743.25854492 -465.55291748 0
v 1810.14086914 -465.55291748 0
v 1877.0234375 -465.55291748 0
v 1943.90600586 -465.55297852 0
v -2135.9206543 -417.77987671 0
v -2202.80322266 -417.77987671 0
v -2069.03857422 -417.77978516 0
v -2002.15600586 -417.77984619 0
v -1935.27368164 -417.77981567 0
v -1868.39086914 -417.77978516 0
v -1734.62609863 -417.77984619 0
v -1801.50854492 -417.77975464 0
v -1667.74389648 -417.77984619 0
v -1600.86132812 -417.77978516 0
v -1533.97900391 -417.77987671 0
v -1467.09680176 -417.77978516 0
v -1400.21435547 -417.77981567 0
v -1333.33178711 -417.77978516 0
v -1266.44946289 -417.77981567 0
v -1199.5670166 -417.77978516 0
v -1132.68457031 -417.77990723 0
v -998.9197998 -417.77984619 0
v -1065.80212402 -417.77981567 0
v -932.03729248 -417.77990723 0
v -865.15490723 -417.77978516 0
v -731.39025879 -417.77978516 0
v -798.27246094 -417.77975464 0
v -664.50769043 -417.77972412 0
v -597.62542725 -417.77990723 0
v -463.86056519 -417.77984619 0
v -530.74298096 -417.77978516 0
v -396.97808838 -417.77987671 0
v -263.21343994 -417.77984619 0
v -330.09579468 -417.7796936 0
v -196.33084106 -417.77975464 0
v -129.44854736 -417.77981567 0
v 4.31634521 -417.77984619 0
v -62.56619263 -417.77981567 0
v 71.19873047 -417.77978516 0
v 138.08117676 -417.77990723 0
v 204.96356201 -417.77975464 0
v 271.84579468 -417.77981567 0
v 338.72827148 -417.77987671 0
v 472.49304199 -417.77984619 0
v 405.61065674 -417.77978516 0
v 539.37536621 -417.77975464 0
v 606.2578125 -417.77972412 0
v 673.14031982 -417.77987671 0
v 740.02264404 -417.77981567 0
v 806.9050293 -417.77981567 0
v 873.78753662 -417.77984619 0
v 1007.55224609 -417.77981567 0
v 940.66986084 -417.77978516 0
v 1074.43457031 -417.77984619 0
v 1141.31713867 -417.77984619 0
v 1275.08178711 -417.77978516 0
v 1208.19946289 -417.7796936 0
v 1341.96435547 -417.77984619 0
v 1475.72900391 -417.77981567 0
v 1408.84667969 -417.77984619 0
v 1542.6114502 -417.77975464 0
v 1609.49389648 -417.77981567 0
v 1676.3762207 -417.77984619 0
v 1743.25878906 -417.77984619 0
v 1810.14111328 -417.77978516 0
v 1877.02355957 -417.77984619 0
v -2202.80273438 -370.00665283 0
v -2135.9206543 -370.00674438 0
v -2069.03808594 -370.00668335 0
v -2002.15576172 -370.00665283 0
v -1935.27331543 -370.00665283 0
v -1801.50878906 -370.00668335 0
v -1868.39111328 -370.00674438 0
v -1734.62634277 -370.00671387 0
v -1667.74389648 -370.0067749 0
v -1600.86157227 -370.00674438 0
v -1533.97888184 -370.00668335 0
v -1467.09643555 -370.00668335 0
v -1400.2142334 -370.00668335 0
v -1333.33178711 -370.00665283 0
v -1266.44934082 -370.00656128 0
v -1132.68457031 -370.00656128 0
v -1199.5670166 -370.00665283 0
v -1065.80200195 -370.00668335 0
v -932.03759766 -370.00674438 0
v -998.91967773 -370.00653076 0
v -865.15490723 -370.00653076 0
v -798.27258301 -370.00665283 0
v -731.39013672 -370.00671387 0
v -597.62530518 -370.00665283 0
v -664.50769043 -370.00665283 0
v -530.74291992 -370.00668335 0
v -396.97808838 -370.00671387 0
v -463.8605957 -370.00665283 0
v -330.09585571 -370.00680542 0
v -196.33105469 -370.00668335 0
v -263.21337891 -370.0065918 0
v -129.44851685 -370.00689697 0
v -62.56607056 -370.00671387 0
v 71.1986084 -370.00686646 0
v 4.31622314 -370.00668335 0
v 138.08111572 -370.00668335 0
v 204.96347046 -370.00668335 0
v 271.84594727 -370.00674438 0
v 405.6105957 -370.00671387 0
v 338.72821045 -370.00665283 0
v 472.49307251 -370.00668335 0
v 539.37548828 -370.00665283 0
v 606.25793457 -370.00671387 0
v 740.02252197 -370.00668335 0
v 673.14031982 -370.00674438 0
v 806.9050293 -370.00671387 0
v 873.78747559 -370.0065918 0
v 940.66992188 -370.00668335 0
v 1007.55224609 -370.00671387 0
v 1074.43469238 -370.00665283 0
v 1141.31713867 -370.0065918 0
v 1208.19946289 -370.00671387 0
v 1275.08203125 -370.00674438 0
v 1341.96435547 -370.00674438 0
v 1408.84680176 -370.0067749 0
v 1475.72924805 -370.0065918 0
v 1542.61157227 -370.00665283 0
v 1609.49389648 -370.00671387 0
v 1743.25878906 -370.00671387 0
v 1676.3762207 -370.0065918 0
v 1877.0234375 -370.0065918 0
v 1810.14111328 -370.0065918 0
v 1943.90600586 -370.0067749 0
v -2135.92041016 -322.23361206 0
v -2202.80322266 -322.23342896 0
v -2002.15600586 -322.23358154 0
v -2069.03833008 -322.23358154 0
v -1935.27355957 -322.23348999 0
v -1868.39099121 -322.23348999 0
v -1801.50866699 -322.23339844 0
v -1734.62634277 -322.23355103 0
v -1667.74377441 -322.23364258 0
v -1600.8614502 -322.23352051 0
v -1467.09667969 -322.23352051 0
v -1533.97900391 -322.23358154 0
v -1400.21411133 -322.23352051 0
v -1333.33190918 -322.23364258 0
v -1199.5670166 -322.23345947 0
v -1266.44934082 -322.23352051 0
v -1132.68457031 -322.23364258 0
v -1065.80224609 -322.23352051 0
v -998.9197998 -322.23352051 0
v -932.03741455 -322.23355103 0
v -798.27258301 -322.23358154 0
v -865.1550293 -322.23355103 0
v -664.5078125 -322.23352051 0
v -731.39013672 -322.23348999 0
v -597.62536621 -322.23358154 0
v -530.74304199 -322.23345947 0
v -463.8605957 -322.23355103 0
v -396.97802734 -322.23355103 0
v -330.09564209 -322.23339844 0
v -263.21337891 -322.23361206 0
v -196.3309021 -322.23355103 0
v -62.56613159 -322.23358154 0
v -129.44854736 -322.23345947 0
v 4.31628418 -322.23355103 0
v 71.19866943 -322.23342896 0
v 204.96337891 -322.23352051 0
v 138.08105469 -322.23352051 0
v 271.84591675 -322.23355103 0
v 338.72839355 -322.23352051 0
v 405.61068726 -322.23352051 0
v 539.37536621 -322.23358154 0
v 472.49301147 -322.23358154 0
v 606.2578125 -322.23352051 0
v 673.14025879 -322.23355103 0
v 740.02258301 -322.23358154 0
v 806.9050293 -322.23352051 0
v 940.66986084 -322.23355103 0
v 873.78747559 -322.23355103 0
v 1007.55224609 -322.23355103 0
v 1074.43457031 -322.23345947 0
v 1141.31689453 -322.23352051 0
v 1208.19946289 -322.23355103 0
v 1275.08190918 -322.23355103 0
v 1341.96435547 -322.23352051 0
v 1408.84667969 -322.23364258 0
v 1475.72924805 -322.23358154 0
v 1542.61157227 -322.23352051 0
v 1609.49389648 -322.23339844 0
v 1676.37646484 -322.23352051 0
v 1743.25878906 -322.23352051 0
v 1810.14111328 -322.23352051 0
v 1877.02368164 -322.23352051 0
v -2135.9206543 -274.46035767 0
v -2202.80297852 -274.46051025 0
v -2069.03833008 -274.46032715 0
v -2002.15563965 -274.46038818 0
v -1868.39111328 -274.4604187 0
v -1935.27355957 -274.46038818 0
v -1801.50854492 -274.46029663 0
v -1667.74377441 -274.46038818 0
v -1734.62634277 -274.46032715 0
v -1600.86132812 -274.46038818 0
v -1533.97900391 -274.46047974 0
v -1467.09667969 -274.46035767 0
v -1333.33190918 -274.46032715 0
v -1400.21411133 -274.46038818 0
v -1266.44946289 -274.46032715 0
v -1132.68457031 -274.46035767 0
v -1199.56689453 -274.46029663 0
v -1065.80236816 -274.46032715 0
v -998.9197998 -274.46044922 0
v -932.03723145 -274.46044922 0
v -798.27270508 -274.46038818 0
v -865.1550293 -274.46038818 0
v -731.39001465 -274.46044922 0
v -597.62536621 -274.46044922 0
v -664.50775146 -274.46035767 0
v -463.86062622 -274.46035767 0
v -530.74304199 -274.46029663 0
v -396.97817993 -274.46035767 0
v -330.09567261 -274.46032715 0
v -263.21334839 -274.46035767 0
v -196.33093262 -274.4604187 0
v -62.56616211 -274.46044922 0
v -129.44851685 -274.4604187 0
v 71.19866943 -274.46047974 0
v 4.31628418 -274.46029663 0
v 138.08099365 -274.46035767 0
v 204.96347046 -274.46035767 0
v 338.72833252 -274.46038818 0
v 271.84591675 -274.46035767 0
v 405.61065674 -274.46032715 0
v 472.49301147 -274.46044922 0
v 539.37561035 -274.4604187 0
v 673.14013672 -274.46038818 0
v 606.25793457 -274.46032715 0
v 740.02282715 -274.46035767 0
v 873.78741455 -274.4604187 0
v 806.90515137 -274.46032715 0
v 940.66973877 -274.46038818 0
v 1007.55218506 -274.46035767 0
v 1074.43469238 -274.46035767 0
v 1141.31713867 -274.46038818 0
v 1275.08178711 -274.46038818 0
v 1208.19946289 -274.46038818 0
v 1341.96435547 -274.46038818 0
v 1408.84667969 -274.46038818 0
v 1475.72912598 -274.46038818 0
v 1542.61157227 -274.46038818 0
v 1609.49414062 -274.46044922 0
v 1743.25866699 -274.46038818 0
v 1676.37634277 -274.46044922 0
v 1810.14111328 -274.46032715 0
v 1877.02355957 -274.46032715 0
v 1943.90600586 -274.46044922 0
v -2202.80297852 -226.68728638 0
v -2135.9206543 -226.68711853 0
v -2069.03808594 -226.68722534 0
v -2002.15563965 -226.6872406 0
v -1935.27331543 -226.68717957 0
v -1868.39111328 -226.68722534 0
v -1801.50854492 -226.68727112 0
v -1734.6262207 -226.68725586 0
v -1667.74365234 -226.68722534 0
v -1533.97900391 -226.68719482 0
v -1600.8614502 -226.68721008 0
v -1400.21435547 -226.68736267 0
v -1467.09655762 -226.68719482 0
v -1333.33178711 -226.6872406 0
v -1266.44946289 -226.68717957 0
v -1199.56689453 -226.68717957 0
v -1132.68444824 -226.68722534 0
v -1065.80212402 -226.68719482 0
v -932.03759766 -226.68722534 0
v -998.9197998 -226.68722534 0
v -865.15484619 -226.68721008 0
v -731.39013672 -226.68725586 0
v -798.27258301 -226.6872406 0
v -664.50775146 -226.68721008 0
v -597.62524414 -226.68737793 0
v -530.74304199 -226.68728638 0
v -463.86053467 -226.68719482 0
v -330.0958252 -226.68722534 0
v -396.97817993 -226.68719482 0
v -263.21337891 -226.68719482 0
v -196.33105469 -226.68731689 0
v -129.44851685 -226.68731689 0
v -62.56604004 -226.68722534 0
v 71.19863892 -226.68725586 0
v 4.31634521 -226.68719482 0
v 204.96343994 -226.68719482 0
v 138.08096313 -226.68719482 0
v 271.84591675 -226.68725586 0
v 338.72817993 -226.68722534 0
v 405.61053467 -226.68725586 0
v 472.49304199 -226.68725586 0
v 539.37536621 -226.68722534 0
v 606.25793457 -226.68725586 0
v 740.02258301 -226.68725586 0
v 673.14031982 -226.68722534 0
v 806.9050293 -226.68719482 0
v 873.78741455 -226.68725586 0
v 940.66986084 -226.68719482 0
v 1007.55230713 -226.68722534 0
v 1074.43481445 -226.68731689 0
v 1141.31713867 -226.68731689 0
v 1208.19946289 -226.68725586 0
v 1341.9642334 -226.68713379 0
v 1275.08178711 -226.68719482 0
v 1408.84667969 -226.68725586 0
v 1475.72924805 -226.68725586 0
v 1609.49389648 -226.68725586 0
v 1542.6114502 -226.68719482 0
v 1676.37646484 -226.68731689 0
v 1743.25854492 -226.68731689 0
v 1810.14135742 -226.68737793 0
v 1943.90576172 -226.68719482 0
v 1877.0234375 -226.68719482 0
v -2202.80297852 -178.91401672 0
v -2069.03833008 -178.91398621 0
v -2135.9206543 -178.91403198 0
v -2002.15588379 -178.91412354 0
v -1935.27368164 -178.91407776 0
v -1868.39086914 -178.91409302 0
v -1801.50842285 -178.91404724 0
v -1667.74389648 -178.91407776 0
v -1734.6262207 -178.91412354 0
v -1600.86132812 -178.91409302 0
v -1467.09655762 -178.91404724 0
v -1533.97900391 -178.91403198 0
v -1400.21398926 -178.91409302 0
v -1333.33190918 -178.91416931 0
v -1199.5670166 -178.91410828 0
v -1266.44946289 -178.91404724 0
v -1132.68457031 -178.9140625 0
v -1065.80200195 -178.91415405 0
v -932.03759766 -178.91412354 0
v -998.9197998 -178.91404724 0
v -865.15515137 -178.9140625 0
v -798.27258301 -178.9140625 0
v -664.5078125 -178.91415405 0
v -731.39013672 -178.91398621 0
v -597.62542725 -178.91421509 0
v -530.74291992 -178.9140625 0
v -463.86053467 -178.91409302 0
v -396.97805786 -178.91412354 0
v -330.09579468 -178.91412354 0
v -196.33102417 -178.91409302 0
v -263.21347046 -178.91403198 0
v -62.56613159 -178.91418457 0
v -129.44857788 -178.91403198 0
v 4.31628418 -178.91403198 0
v 71.19863892 -178.91403198 0
v 204.96337891 -178.91412354 0
v 138.08102417 -178.91403198 0
v 271.84579468 -178.91403198 0
v 338.72827148 -178.91415405 0
v 405.61068726 -178.91415405 0
v 472.49304199 -178.9140625 0
v 539.37554932 -178.91421509 0
v 673.14025879 -178.9140625 0
v 606.25787354 -178.91415405 0
v 740.02270508 -178.9140625 0
v 806.9050293 -178.91418457 0
v 873.78747559 -178.91409302 0
v 940.6697998 -178.91409302 0
v 1074.43469238 -178.91412354 0
v 1007.55236816 -178.91400146 0
v 1141.31713867 -178.91412354 0
v 1208.19946289 -178.91400146 0
v 1275.08190918 -178.91400146 0
v 1341.96435547 -178.9140625 0
v 1475.72900391 -178.9140625 0
v 1408.84667969 -178.91412354 0
v 1542.6114502 -178.9140625 0
v 1609.49389648 -178.9140625 0
v 1676.37646484 -178.9140625 0
v 1743.25878906 -178.91412354 0
v 1810.14111328 -178.91400146 0
v 1877.02368164 -178.91418457 0
v -2135.9206543 -131.14089966 0
v -2202.80322266 -131.14091492 0
v -2002.15588379 -131.14093018 0
v -2069.03833008 -131.14089966 0
v -1868.39111328 -131.14096069 0
v -1935.27368164 -131.14097595 0
v -1801.50854492 -131.14089966 0
v -1734.62609863 -131.14093018 0
v -1667.74365234 -131.14093018 0
v -1533.97888184 -131.14102173 0
v -1600.8614502 -131.14083862 0
v -1400.21411133 -131.14103699 0
v -1467.09655762 -131.14093018 0
v -1333.33178711 -131.1410675 0
v -1266.44934082 -131.1410675 0
v -1199.5670166 -131.14093018 0
v -1065.80212402 -131.14096069 0
v -1132.68457031 -131.14100647 0
v -998.9197998 -131.14094543 0
v -932.03741455 -131.14089966 0
v -865.15496826 -131.14094543 0
v -798.27258301 -131.14089966 0
v -731.39007568 -131.14089966 0
v -664.50769043 -131.14089966 0
v -597.62536621 -131.14086914 0
v -463.86062622 -131.14089966 0
v -530.74291992 -131.14102173 0
v -396.97821045 -131.14089966 0
v -330.09576416 -131.14096069 0
v -263.21334839 -131.14102173 0
v -196.3309021 -131.14089966 0
v -62.56622314 -131.14086914 0
v -129.4486084 -131.14099121 0
v 4.31628418 -131.14096069 0
v 71.19869995 -131.14096069 0
v 138.08108521 -131.14093018 0
v 204.96343994 -131.14093018 0
v 271.8458252 -131.14096069 0
v 405.61068726 -131.14099121 0
v 338.728302 -131.14089966 0
v 539.37548828 -131.14089966 0
v 472.49298096 -131.14096069 0
v 606.25793457 -131.14096069 0
v 673.14025879 -131.14096069 0
v 806.90515137 -131.14105225 0
v 740.02270508 -131.14093018 0
v 873.78747559 -131.14099121 0
v 1007.55212402 -131.14105225 0
v 940.6697998 -131.14099121 0
v 1074.43481445 -131.14105225 0
v 1208.19934082 -131.14086914 0
v 1141.3170166 -131.14093018 0
v 1275.08178711 -131.14099121 0
v 1341.96435547 -131.14080811 0
v 1408.84667969 -131.14093018 0
v 1475.72900391 -131.14093018 0
v 1542.61157227 -131.14086914 0
v 1609.49389648 -131.14105225 0
v 1743.25866699 -131.14093018 0
v 1676.37646484 -131.14099121 0
v 1810.14135742 -131.14093018 0
v 1943.90588379 -178.9140625 0
v 1877.02368164 -131.14099121 0
v -2135.92089844 -83.3678894 0
v -2202.80322266 -83.36781311 0
v -2069.03857422 -83.36785126 0
v -2002.15576172 -83.36774445 0
v -1935.27355957 -83.36782074 0
v -1801.50866699 -83.36779785 0
v -1868.39111328 -83.36782837 0
v -1734.6262207 -83.36785126 0
v -1667.74401855 -83.36782074 0
v -1600.86132812 -83.36776733 0
v -1533.97912598 -83.36784363 0
v -1467.09667969 -83.36781311 0
v -1400.2142334 -83.36781311 0
v -1333.33178711 -83.36782837 0
v -1266.44946289 -83.36773682 0
v -1199.5670166 -83.36787415 0
v -1132.68469238 -83.3678894 0
v -1065.80224609 -83.36781311 0
v -998.91967773 -83.36779785 0
v -932.03747559 -83.36784363 0
v -865.15490723 -83.36778259 0
v -731.39031982 -83.36785889 0
v -798.27258301 -83.36784363 0
v -664.5078125 -83.36782837 0
v -597.62536621 -83.36785889 0
v -530.74304199 -83.36785889 0
v -463.8605957 -83.36782837 0
v -330.09579468 -83.36785889 0
v -396.97817993 -83.36785889 0
v -263.21316528 -83.36779785 0
v -129.44851685 -83.3678894 0
v -196.33108521 -83.36779785 0
v 4.31610107 -83.36782837 0
v -62.56622314 -83.36785889 0
v 71.19873047 -83.36785889 0
v 138.08111572 -83.36785889 0
v 204.96347046 -83.36782837 0
v 271.84603882 -83.36791992 0
v 405.61068726 -83.36782837 0
v 338.72827148 -83.36785889 0
v 472.49319458 -83.36779785 0
v 606.2578125 -83.36776733 0
v 539.37542725 -83.36785889 0
v 673.14038086 -83.36785889 0
v 806.9050293 -83.36785889 0
v 740.02270508 -83.36779785 0
v 873.78765869 -83.36785889 0
v 940.66992188 -83.36785889 0
v 1007.55236816 -83.36779785 0
v 1074.43481445 -83.36785889 0
v 1141.3170166 -83.36779785 0
v 1208.19946289 -83.36779785 0
v 1275.08190918 -83.36785889 0
v 1408.84667969 -83.36779785 0
v 1341.9642334 -83.36779785 0
v 1475.72924805 -83.36785889 0
v 1609.49401855 -83.36785889 0
v 1542.61157227 -83.36779785 0
v 1676.37646484 -83.36773682 0
v 1810.14123535 -83.36785889 0
v 1743.25866699 -83.36779785 0
v 1877.02368164 -83.36785889 0
v 1943.90600586 -131.14080811 0
v -2202.80322266 -35.59465408 0
v -2135.9206543 -35.59470367 0
v -2069.03833008 -35.59473801 0
v -2002.15576172 -35.59461594 0
v -1935.2734375 -35.59453964 0
v -1868.39111328 -35.59465027 0
v -1734.6262207 -35.59474945 0
v -1801.50866699 -35.59457397 0
v -1667.74365234 -35.59465027 0
v -1600.86132812 -35.59463501 0
v -1533.97900391 -35.59449768 0
v -1467.09667969 -35.59468079 0
v -1333.33203125 -35.59472656 0
v -1400.21398926 -35.59469604 0
v -1266.44934082 -35.59457397 0
v -1199.56689453 -35.59454346 0
v -1132.68444824 -35.59458923 0
v -1065.80187988 -35.59463501 0
v -932.03747559 -35.59466553 0
v -998.9197998 -35.59458923 0
v -865.1550293 -35.59469604 0
v -798.27246094 -35.59466553 0
v -731.39001465 -35.59469604 0
v -664.50769043 -35.59472656 0
v -597.62524414 -35.59472656 0
v -530.74291992 -35.59469604 0
v -463.86047363 -35.59469604 0
v -396.97821045 -35.59469604 0
v -263.21334839 -35.59472656 0
v -330.09570312 -35.59466553 0
v -196.3309021 -35.59469604 0
v -62.56616211 -35.59469604 0
v -129.4486084 -35.59466553 0
v 4.31616211 -35.59469604 0
v 138.08114624 -35.59469604 0
v 71.19866943 -35.59457397 0
v 271.84585571 -35.59463501 0
v 204.96347046 -35.59466553 0
v 338.72824097 -35.59472656 0
v 405.61056519 -35.59466553 0
v 472.49291992 -35.59463501 0
v 539.37548828 -35.59460449 0
v 673.14025879 -35.59466553 0
v 606.25787354 -35.59457397 0
v 740.02270508 -35.59472656 0
v 873.78747559 -35.59460449 0
v 806.9050293 -35.59466553 0
v 940.6697998 -35.59466553 0
v 1007.55224609 -35.59460449 0
v 1074.43469238 -35.59472656 0
v 1141.3170166 -35.59466553 0
v 1275.08178711 -35.59454346 0
v 1208.19946289 -35.59466553 0
v 1341.96435547 -35.59472656 0
v 1475.72900391 -35.59472656 0
v 1408.84667969 -35.59466553 0
v 1542.61157227 -35.59460449 0
v 1609.49389648 -35.59460449 0
v 1676.37634277 -35.59460449 0
v 1743.25866699 -35.59466553 0
v 1810.14099121 -35.59472656 0
v 1877.02368164 -35.59472656 0
v 1943.90588379 -83.36779785 0
v -2202.80297852 12.17862129 0
v -2069.03833008 12.17841339 0
v -2135.9206543 12.17848015 0
v -2002.15600586 12.17851639 0
v -1935.2734375 12.17860794 0
v -1868.39086914 12.17848206 0
v -1801.50842285 12.17853546 0
v -1667.74401855 12.17842102 0
v -1734.62609863 12.17851257 0
v -1600.86132812 12.17861176 0
v -1467.09667969 12.17845154 0
v -1533.97888184 12.17852783 0
v -1400.2142334 12.17845154 0
v -1333.33178711 12.17858887 0
v -1266.44946289 12.17837524 0
v -1132.68457031 12.17851257 0
v -1199.56689453 12.17858887 0
v -1065.80212402 12.17858887 0
v -998.9197998 12.17854309 0
v -932.03753662 12.17851257 0
v -865.15509033 12.17845154 0
v -798.27252197 12.17843628 0
v -731.39025879 12.1784668 0
v -664.50787354 12.1784668 0
v -597.62530518 12.17852783 0
v -530.74291992 12.17849731 0
v -463.8605957 12.1784668 0
v -396.97814941 12.17840576 0
v -330.09570312 12.17840576 0
v -196.33087158 12.17843628 0
v -263.21334839 12.17855835 0
v -129.44848633 12.17840576 0
v -62.56616211 12.17849731 0
v 4.31628418 12.1784668 0
v 138.08105469 12.17852783 0
v 71.19866943 12.17843628 0
v 204.96343994 12.1784668 0
v 271.84576416 12.17843628 0
v 338.72814941 12.17843628 0
v 405.61053467 12.17849731 0
v 472.49310303 12.1784668 0
v 539.37561035 12.17852783 0
v 606.25793457 12.1784668 0
v 740.02270508 12.1784668 0
v 673.14025879 12.17852783 0
v 806.90509033 12.1784668 0
v 940.6697998 12.17858887 0
v 873.78741455 12.17852783 0
v 1007.55236816 12.1784668 0
v 1141.3170166 12.1784668 0
v 1074.43469238 12.17858887 0
v 1275.08178711 12.17834473 0
v 1208.19946289 12.17852783 0
v 1341.96435547 12.17852783 0
v 1408.84692383 12.1784668 0
v 1542.61132812 12.17858887 0
v 1475.72900391 12.17852783 0
v 1609.49389648 12.17840576 0
v 1676.37634277 12.1784668 0
v 1743.25878906 12.17852783 0
v 1810.14111328 12.17852783 0
v 1943.90588379 -35.5947876 0
v 1877.02368164 12.17852783 0
v -2202.80273438 59.95156097 0
v -2135.9206543 59.95156097 0
v -2069.03833008 59.95158386 0
v -2002.15563965 59.95165634 0
v -1935.27331543 59.95153427 0
v -1801.50854492 59.9515686 0
v -1868.39099121 59.95174408 0
v -1734.6262207 59.95162964 0
v -1667.74389648 59.95171356 0
v -1533.97900391 59.95159912 0
v -1600.86132812 59.95157623 0
v -1467.09667969 59.9516449 0
v -1400.21411133 59.95167542 0
v -1333.33178711 59.95166016 0
v -1266.44921875 59.95159912 0
v -1199.56677246 59.9515686 0
v -1065.80224609 59.9515686 0
v -1132.68457031 59.9515686 0
v -998.91986084 59.95159912 0
v -932.03753662 59.95158386 0
v -865.15484619 59.95159912 0
v -731.39019775 59.95169067 0
v -798.27270508 59.95172119 0
v -664.50769043 59.95166016 0
v -530.74304199 59.95166016 0
v -597.62524414 59.95166016 0
v -463.86050415 59.95159912 0
v -330.09579468 59.95162964 0
v -396.97814941 59.95169067 0
v -263.21337891 59.9515686 0
v -196.33093262 59.95162964 0
v -129.4486084 59.95166016 0
v -62.56610107 59.95169067 0
v 4.31634521 59.95159912 0
v 71.19866943 59.95166016 0
v 204.96343994 59.95166016 0
v 138.08105469 59.95159912 0
v 271.84591675 59.95166016 0
v 338.72824097 59.95159912 0
v 405.61053467 59.95166016 0
v 539.37536621 59.95172119 0
v 472.49313354 59.95169067 0
v 606.25793457 59.9515686 0
v 673.14025879 59.95159912 0
v 806.90515137 59.95162964 0
v 740.02270508 59.95172119 0
v 873.78747559 59.95153809 0
v 1007.55224609 59.95159912 0
v 940.6697998 59.95159912 0
v 1141.3170166 59.95172119 0
v 1074.43469238 59.95166016 0
v 1275.08190918 59.95153809 0
v 1208.19946289 59.95166016 0
v 1408.84667969 59.95166016 0
v 1341.96411133 59.95166016 0
v 1475.72912598 59.95159912 0
v 1542.61157227 59.95159912 0
v 1609.49389648 59.95166016 0
v 1743.25854492 59.95166016 0
v 1676.37646484 59.95166016 0
v 1810.14111328 59.95153809 0
v 1877.02355957 59.95153809 0
v 1943.90588379 59.95172119 0
v -2135.92041016 107.72473145 0
v -2202.80322266 107.72471619 0
v -2002.15588379 107.72479248 0
v -2069.03833008 107.72468567 0
v -1935.2734375 107.72468567 0
v -1801.50891113 107.72470856 0
v -1868.39099121 107.72480774 0
v -1734.6262207 107.724823 0
v -1667.74377441 107.72473907 0
v -1600.86132812 107.724823 0
v -1533.97888184 107.72486877 0
v -1467.09655762 107.724823 0
v -1333.33203125 107.72470093 0
v -1400.21411133 107.72480774 0
v -1266.44921875 107.72470093 0
v -1199.56689453 107.72471619 0
v -1132.68444824 107.72479248 0
v -1065.80212402 107.72473145 0
v -998.9197998 107.72473145 0
v -865.15515137 107.72470093 0
v -932.03729248 107.72463989 0
v -798.27258301 107.724823 0
v -731.39001465 107.724823 0
v -597.62524414 107.72473145 0
v -664.5078125 107.72479248 0
v -530.74298096 107.72479248 0
v -463.86050415 107.72476196 0
v -330.09576416 107.72479248 0
v -396.97821045 107.724823 0
v -263.21343994 107.72476196 0
v -196.33087158 107.72476196 0
v -129.44854736 107.72473145 0
v 4.31628418 107.72476196 0
v -62.56616211 107.72476196 0
v 138.08105469 107.724823 0
v 71.19866943 107.72479248 0
v 204.96337891 107.72476196 0
v 271.84588623 107.72479248 0
v 338.72824097 107.72476196 0
v 405.61068726 107.72479248 0
v 472.49301147 107.724823 0
v 539.37554932 107.72476196 0
v 673.14013672 107.72476196 0
v 606.25793457 107.72470093 0
v 806.9050293 107.72473145 0
v 740.02276611 107.72473145 0
v 873.78747559 107.72479248 0
v 940.66973877 107.72473145 0
v 1007.55230713 107.72460938 0
v 1074.43469238 107.72479248 0
v 1141.31713867 107.72473145 0
v 1275.08178711 107.72473145 0
v 1208.19946289 107.72485352 0
v 1341.9642334 107.72479248 0
v 1408.84667969 107.72473145 0
v 1475.72912598 107.72479248 0
v 1542.61169434 107.72473145 0
v 1609.49401855 107.72479248 0
v 1743.25866699 107.72473145 0
v 1676.37634277 107.72479248 0
v 1810.14123535 107.72473145 0
v 1877.02368164 107.72485352 0
v -2135.92089844 155.49787903 0
v -2202.80322266 155.49794006 0
v -2069.03833008 155.49801636 0
v -1935.2734375 155.49798584 0
v -2002.15588379 155.49798584 0
v -1868.39111328 155.49801636 0
v -1801.50854492 155.49794006 0
v -1667.74377441 155.49789429 0
v -1734.62634277 155.49795532 0
v -1600.8614502 155.49790955 0
v -1533.97900391 155.49789429 0
v -1467.09667969 155.49795532 0
v -1400.21435547 155.49797058 0
v -1333.33190918 155.49795532 0
v -1266.44934082 155.49789429 0
v -1199.56689453 155.49789429 0
v -1132.68457031 155.49790955 0
v -1065.80224609 155.49795532 0
v -998.9197998 155.49786377 0
v -932.03753662 155.49795532 0
v -865.1550293 155.49798584 0
v -731.39019775 155.49780273 0
v -798.27264404 155.4979248 0
v -664.5078125 155.49798584 0
v -597.62530518 155.49789429 0
v -530.74310303 155.49795532 0
v -463.86065674 155.4979248 0
v -396.9781189 155.49795532 0
v -330.09558105 155.49795532 0
v -196.33093262 155.4979248 0
v -263.21343994 155.49795532 0
v -129.44854736 155.49798584 0
v 4.31622314 155.49789429 0
v -62.56616211 155.4979248 0
v 71.19866943 155.4979248 0
v 138.08105469 155.49795532 0
v 204.96347046 155.4979248 0
v 271.84591675 155.49795532 0
v 338.72833252 155.49795532 0
v 472.49301147 155.49783325 0
v 405.61056519 155.49798584 0
v 606.2578125 155.49795532 0
v 539.37548828 155.49798584 0
v 740.02258301 155.4979248 0
v 673.14025879 155.4979248 0
v 806.9050293 155.49786377 0
v 873.78741455 155.49786377 0
v 940.6697998 155.49786377 0
v 1007.55224609 155.4979248 0
v 1141.31713867 155.49795532 0
v 1074.43469238 155.49798584 0
v 1275.08178711 155.4979248 0
v 1208.19946289 155.4979248 0
v 1341.96435547 155.49786377 0
v 1408.84667969 155.4979248 0
v 1475.72924805 155.49786377 0
v 1609.49389648 155.49798584 0
v 1542.61157227 155.4979248 0
v 1676.37634277 155.4979248 0
v 1743.25878906 155.49786377 0
v 1877.02355957 155.4979248 0
v 1810.14111328 155.4979248 0
v 1943.90600586 155.4979248 0
v -2202.80297852 203.27104187 0
v -2135.9206543 203.27107239 0
v -2069.03808594 203.27111816 0
v -1935.2734375 203.27102661 0
v -2002.15600586 203.27104187 0
v -1868.39111328 203.27111816 0
v -1801.50842285 203.27105713 0
v -1667.74389648 203.27114868 0
v -1734.62634277 203.27108765 0
v -1600.86157227 203.27107239 0
v -1533.97900391 203.27111816 0
v -1467.09643555 203.27110291 0
v -1400.2142334 203.27105713 0
v -1333.33190918 203.27104187 0
v -1199.5670166 203.27105713 0
v -1266.44934082 203.27110291 0
v -1132.68469238 203.27107239 0
v -1065.80236816 203.27111816 0
v -998.91967773 203.27095032 0
v -865.1550293 203.27096558 0
v -932.03759766 203.27114868 0
v -798.27246094 203.27108765 0
v -731.39013672 203.27102661 0
v -664.50769043 203.27108765 0
v -597.62536621 203.27114868 0
v -530.74304199 203.27111816 0
v -463.86047363 203.27105713 0
v -330.09576416 203.27111816 0
v -396.97802734 203.27108765 0
v -263.21325684 203.27102661 0
v -196.33099365 203.27105713 0
v -62.56610107 203.27099609 0
v -129.44854736 203.27111816 0
v 71.1986084 203.27111816 0
v 4.31616211 203.27111816 0
v 138.08093262 203.27108765 0
v 204.96331787 203.27105713 0
v 271.84597778 203.27111816 0
v 338.72814941 203.27114868 0
v 405.61071777 203.27108765 0
v 472.49307251 203.27102661 0
v 606.2578125 203.27102661 0
v 539.37530518 203.27108765 0
v 740.02246094 203.27111816 0
v 673.14031982 203.2711792 0
v 806.9050293 203.27099609 0
v 873.78747559 203.27111816 0
v 940.66992188 203.27105713 0
v 1074.43457031 203.27105713 0
v 1007.55224609 203.27105713 0
v 1141.31713867 203.27105713 0
v 1208.19946289 203.27114868 0
v 1275.08190918 203.27111816 0
v 1341.96435547 203.27105713 0
v 1408.84692383 203.27099609 0
v 1542.6114502 203.27105713 0
v 1475.72924805 203.2711792 0
v 1609.49365234 203.27105713 0
v 1676.3762207 203.27099609 0
v 1743.25878906 203.27111816 0
v 1877.02355957 203.27105713 0
v 1810.14111328 203.27111816 0
v 1943.90588379 203.27111816 0
v -2135.92089844 251.04412842 0
v -2202.80297852 251.04418945 0
v -2069.03833008 251.04421997 0
v -2002.15576172 251.04415894 0
v -1935.27368164 251.04421997 0
v -1868.39099121 251.04429626 0
v -1801.50842285 251.04415894 0
v -1734.6262207 251.04428101 0
v -1667.74389648 251.04420471 0
v -1600.86120605 251.04415894 0
v -1467.09667969 251.04434204 0
v -1533.97900391 251.04431152 0
v -1400.21411133 251.04423523 0
v -1333.33190918 251.0440979 0
v -1199.5670166 251.04420471 0
v -1266.44946289 251.04423523 0
v -1132.68457031 251.04434204 0
v -998.91992188 251.04421997 0
v -1065.80212402 251.04414368 0
v -932.03735352 251.04431152 0
v -865.1550293 251.04415894 0
v -731.39013672 251.04412842 0
v -798.27246094 251.04425049 0
v -664.50787354 251.04418945 0
v -597.62530518 251.04421997 0
v -463.86065674 251.04425049 0
v -530.74291992 251.04412842 0
v -396.97814941 251.04428101 0
v -330.09570312 251.04425049 0
v -263.21343994 251.04428101 0
v -196.33093262 251.04415894 0
v -62.56610107 251.04428101 0
v -129.44854736 251.04418945 0
v 4.31646729 251.04421997 0
v 71.1986084 251.04425049 0
v 138.08105469 251.04428101 0
v 204.96350098 251.04431152 0
v 271.84588623 251.04421997 0
v 405.6105957 251.04428101 0
v 338.72821045 251.04421997 0
v 472.49291992 251.04406738 0
v 606.2578125 251.0440979 0
v 539.37536621 251.04418945 0
v 673.14025879 251.04428101 0
v 740.02264404 251.04421997 0
v 806.9050293 251.04412842 0
v 940.6697998 251.04418945 0
v 873.78747559 251.04425049 0
v 1007.55236816 251.04425049 0
v 1074.43469238 251.04421997 0
v 1141.3170166 251.04415894 0
v 1275.08178711 251.04418945 0
v 1208.19958496 251.04425049 0
v 1341.96435547 251.04431152 0
v 1408.84667969 251.04415894 0
v 1475.72924805 251.04418945 0
v 1542.61132812 251.04412842 0
v 1609.49401855 251.04431152 0
v 1743.25866699 251.04418945 0
v 1676.37609863 251.04418945 0
v 1877.0234375 251.04412842 0
v 1810.14123535 251.04431152 0
v -2202.80273438 298.81738281 0
v -2135.92041016 298.81732178 0
v -2069.03808594 298.81726074 0
v -2002.15576172 298.81738281 0
v -1935.27355957 298.81744385 0
v -1801.50842285 298.81738281 0
v -1868.39099121 298.81738281 0
v -1734.62609863 298.81735229 0
v -1600.8614502 298.81732178 0
v -1667.74365234 298.81744385 0
v -1533.97900391 298.81732178 0
v -1467.09655762 298.81732178 0
v -1400.21411133 298.81732178 0
v -1333.33166504 298.81726074 0
v -1266.44946289 298.81732178 0
v -1199.56689453 298.81744385 0
v -1065.80224609 298.81738281 0
v -1132.68457031 298.81726074 0
v -932.03747559 298.81738281 0
v -998.91992188 298.81741333 0
v -865.1550293 298.81735229 0
v -731.39013672 298.81732178 0
v -798.27258301 298.81744385 0
v -664.50787354 298.81738281 0
v -530.74298096 298.81732178 0
v -597.62524414 298.81738281 0
v -463.8605957 298.81738281 0
v -330.09576416 298.81735229 0
v -396.97814941 298.81738281 0
v -196.33105469 298.81732178 0
v -263.21337891 298.81738281 0
v -129.44854736 298.81732178 0
v 4.31628418 298.81735229 0
v -62.565979 298.81744385 0
v 71.19866943 298.81729126 0
v 204.96343994 298.81738281 0
v 138.08099365 298.81738281 0
v 271.8458252 298.81732178 0
v 338.72821045 298.81741333 0
v 405.61062622 298.81741333 0
v 472.49307251 298.81741333 0
v 539.37548828 298.81735229 0
v 606.25793457 298.81735229 0
v 673.14025879 298.81735229 0
v 806.90496826 298.81735229 0
v 740.02270508 298.81741333 0
v 873.78729248 298.81738281 0
v 940.6697998 298.81744385 0
v 1007.55230713 298.81735229 0
v 1074.43457031 298.81729126 0
v 1141.31713867 298.81738281 0
v 1208.19958496 298.81738281 0
v 1275.08190918 298.81744385 0
v 1408.84680176 298.81738281 0
v 1341.9642334 298.81732178 0
v 1475.72912598 298.81732178 0
v 1542.61132812 298.81732178 0
v 1609.49389648 298.81738281 0
v 1676.37634277 298.81738281 0
v 1810.14111328 298.81738281 0
v 1743.25866699 298.81744385 0
v 1877.0234375 298.81744385 0
v 1943.90588379 298.81738281 0
v -2135.9206543 346.59054565 0
v -2202.80297852 346.59054565 0
v -2069.03833008 346.59042358 0
v -2002.15588379 346.5904541 0
v -1935.27355957 346.59048462 0
v -1801.50878906 346.59051514 0
v -1868.39099121 346.59063721 0
v -1734.62609863 346.59051514 0
v -1667.74389648 346.59051514 0
v -1600.86132812 346.5904541 0
v -1533.97875977 346.59051514 0
v -1400.21411133 346.5904541 0
v -1467.09667969 346.59051514 0
v -1333.33190918 346.59039307 0
v -1266.44946289 346.59057617 0
v -1199.5670166 346.59048462 0
v -1132.68469238 346.5904541 0
v -1065.80212402 346.59063721 0
v -998.9197998 346.59051514 0
v -932.03735352 346.59051514 0
v -865.1550293 346.59051514 0
v -731.39025879 346.59048462 0
v -798.27252197 346.59057617 0
v -664.50756836 346.59048462 0
v -530.74304199 346.59054565 0
v -597.62536621 346.5904541 0
v -463.8604126 346.59042358 0
v -330.0958252 346.59048462 0
v -396.97814941 346.59054565 0
v -263.21325684 346.59036255 0
v -196.33099365 346.59054565 0
v -62.56616211 346.59039307 0
v -129.44866943 346.59063721 0
v 4.31616211 346.59060669 0
v 71.19873047 346.59060669 0
v 204.96331787 346.59042358 0
v 138.08111572 346.59051514 0
v 271.84588623 346.59054565 0
v 338.72814941 346.5904541 0
v 472.49307251 346.59048462 0
v 405.61062622 346.59051514 0
v 539.37542725 346.59057617 0
v 606.2578125 346.59060669 0
v 673.14038086 346.59057617 0
v 740.02264404 346.59051514 0
v 806.9050293 346.59057617 0
v 873.78753662 346.59051514 0
v 940.66992188 346.59042358 0
v 1007.55224609 346.59057617 0
v 1074.43481445 346.5904541 0
v 1208.19970703 346.59051514 0
v 1141.31689453 346.59051514 0
v 1275.08203125 346.59057617 0
v 1408.84667969 346.59048462 0
v 1341.9642334 346.59057617 0
v 1475.72900391 346.5904541 0
v 1542.61157227 346.59057617 0
v 1609.49401855 346.59063721 0
v 1676.37646484 346.59048462 0
v 1810.14111328 346.59039307 0
v 1743.25878906 346.59063721 0
v 1943.90576172 346.59051514 0
v 1877.0234375 346.59039307 0
v -2135.9206543 394.36358643 0
v -2202.80322266 394.36352539 0
v -2069.03833008 394.36352539 0
v -2002.15563965 394.36367798 0
v -1868.39123535 394.36361694 0
v -1935.2734375 394.3637085 0
v -1801.50854492 394.36373901 0
v -1734.62609863 394.36367798 0
v -1667.74377441 394.36364746 0
v -1533.97900391 394.3637085 0
v -1600.86132812 394.36364746 0
v -1467.09667969 394.36361694 0
v -1400.21411133 394.36355591 0
v -1333.33178711 394.36373901 0
v -1266.44921875 394.36358643 0
v -1199.56689453 394.36358643 0
v -1132.68469238 394.36358643 0
v -1065.80212402 394.36355591 0
v -998.9196167 394.36361694 0
v -932.03723145 394.36361694 0
v -865.15490723 394.36355591 0
v -798.27258301 394.36367798 0
v -664.50775146 394.36358643 0
v -731.39013672 394.3637085 0
v -597.62530518 394.36361694 0
v -463.8605957 394.36373901 0
v -530.74291992 394.36358643 0
v -396.97821045 394.36367798 0
v -330.09576416 394.36364746 0
v -263.21350098 394.36373901 0
v -196.33093262 394.3637085 0
v -62.56610107 394.3637085 0
v -129.4486084 394.36364746 0
v 4.31628418 394.36373901 0
v 71.19873047 394.36361694 0
v 138.08117676 394.36367798 0
v 271.84573364 394.36358643 0
v 204.96337891 394.36361694 0
v 338.72824097 394.36367798 0
v 405.61062622 394.36361694 0
v 472.49310303 394.36364746 0
v 606.2578125 394.36355591 0
v 539.37548828 394.36367798 0
v 673.14013672 394.36367798 0
v 740.02252197 394.36361694 0
v 806.90496826 394.36361694 0
v 940.6697998 394.36358643 0
v 873.78765869 394.3637085 0
v 1074.43469238 394.3637085 0
v 1007.55236816 394.36364746 0
v 1141.3170166 394.36355591 0
v 1208.19946289 394.36358643 0
v 1275.08178711 394.36376953 0
v 1341.9642334 394.36352539 0
v 1408.84692383 394.36361694 0
v 1475.72900391 394.36361694 0
v 1542.61157227 394.36373901 0
v 1676.3762207 394.3637085 0
v 1609.49401855 394.36367798 0
v 1743.25878906 394.36361694 0
v 1810.14111328 394.36352539 0
v 1877.0234375 394.36358643 0
v -2202.80322266 442.13684082 0
v -2135.9206543 442.13684082 0
v -2069.03808594 442.13674927 0
v -1935.2734375 442.1368103 0
v -2002.15588379 442.13687134 0
v -1868.39099121 442.13671875 0
v -1734.62634277 442.1368103 0
v -1801.50854492 442.13677979 0
v -1667.74377441 442.13671875 0
v -1533.97912598 442.1368103 0
v -1600.86132812 442.13671875 0
v -1467.09667969 442.13684082 0
v -1400.21411133 442.13671875 0
v -1266.44934082 442.13674927 0
v -1333.33166504 442.13671875 0
v -1199.56689453 442.13677979 0
v -1132.68481445 442.13677979 0
v -1065.80224609 442.1368103 0
v -998.9197998 442.13674927 0
v -932.03735352 442.13671875 0
v -865.1550293 442.13684082 0
v -798.27246094 442.1368103 0
v -664.5078125 442.1368103 0
v -731.39025879 442.13684082 0
v -597.62536621 442.13677979 0
v -530.74304199 442.13684082 0
v -463.86053467 442.13684082 0
v -330.09588623 442.13684082 0
v -396.97821045 442.13677979 0
v -196.33099365 442.13674927 0
v -263.21331787 442.13690186 0
v -129.44854736 442.13677979 0
v 4.31622314 442.1368103 0
v -62.56610107 442.13677979 0
v 71.19873047 442.13674927 0
v 138.08105469 442.13677979 0
v 204.96343994 442.13684082 0
v 271.84576416 442.13677979 0
v 405.61071777 442.1368103 0
v 338.7281189 442.13684082 0
v 539.37536621 442.13677979 0
v 472.49301147 442.13684082 0
v 606.25793457 442.13684082 0
v 673.14025879 442.13677979 0
v 740.02276611 442.13693237 0
v 873.78747559 442.13674927 0
v 806.9050293 442.1368103 0
v 940.6697998 442.13671875 0
v 1007.55224609 442.13674927 0
v 1074.43457031 442.13690186 0
v 1141.31713867 442.13690186 0
v 1208.19958496 442.13684082 0
v 1341.9642334 442.13668823 0
v 1275.08203125 442.1368103 0
v 1408.84692383 442.13696289 0
v 1475.72924805 442.13677979 0
v 1609.49389648 442.13671875 0
v 1542.61157227 442.13677979 0
v 1743.25866699 442.13668823 0
v 1676.37634277 442.13684082 0
v 1810.14111328 442.13674927 0
v 1943.90600586 394.36364746 0
v 1877.02368164 442.13684082 0
v -2135.92089844 489.90991211 0
v -2202.80297852 489.91000366 0
v -2069.03808594 489.90991211 0
v -2002.15588379 489.90991211 0
v -1868.39111328 489.91003418 0
v -1935.2734375 489.91003418 0
v -1801.50854492 489.90985107 0
v -1667.74389648 489.91003418 0
v -1734.6262207 489.9100647 0
v -1600.86157227 489.91003418 0
v -1533.97900391 489.90994263 0
v -1400.21435547 489.91003418 0
v -1467.09655762 489.90997314 0
v -1333.33166504 489.90991211 0
v -1266.44946289 489.90991211 0
v -1199.5670166 489.90985107 0
v -1132.68457031 489.90991211 0
v -1065.80212402 489.90988159 0
v -998.91967773 489.91000366 0
v -865.15509033 489.90997314 0
v -932.03741455 489.91000366 0
v -798.27252197 489.90991211 0
v -664.50793457 489.91000366 0
v -731.39019775 489.90994263 0
v -597.62542725 489.91003418 0
v -530.74316406 489.91000366 0
v -463.8605957 489.90991211 0
v -396.97802734 489.90991211 0
v -330.0958252 489.9100647 0
v -196.33087158 489.90991211 0
v -263.21331787 489.90997314 0
v -62.56616211 489.90988159 0
v -129.4486084 489.91003418 0
v 71.19866943 489.9100647 0
v 4.31616211 489.9100647 0
v 138.08105469 489.90991211 0
v 204.96343994 489.90994263 0
v 271.84588623 489.91003418 0
v 338.72836304 489.90997314 0
v 405.61071777 489.90997314 0
v 472.49310303 489.90994263 0
v 539.37536621 489.90991211 0
v 606.25799561 489.91000366 0
v 740.02258301 489.90997314 0
v 673.14031982 489.91000366 0
v 806.90509033 489.9100647 0
v 873.78741455 489.90994263 0
v 940.66992188 489.90997314 0
v 1007.55236816 489.90994263 0
v 1074.43457031 489.90994263 0
v 1208.19958496 489.90997314 0
v 1141.31713867 489.90997314 0
v 1275.08178711 489.90991211 0
v 1341.96435547 489.91003418 0
v 1475.72900391 489.90985107 0
v 1408.84680176 489.90997314 0
v 1542.61157227 489.90994263 0
v 1609.49389648 489.90991211 0
v 1676.37634277 489.90997314 0
v 1810.14099121 489.90988159 0
v 1743.25878906 489.90997314 0
v 1877.0234375 489.90991211 0
v 1943.90600586 489.90997314 0
v -2202.80297852 537.68304443 0
v -2135.9206543 537.68310547 0
v -2002.15576172 537.6829834 0
v -2069.03833008 537.68310547 0
v -1935.27331543 537.68304443 0
v -1801.50842285 537.68310547 0
v -1868.39111328 537.68310547 0
v -1734.6262207 537.6831665 0
v -1667.74377441 537.68304443 0
v -1600.8614502 537.68304443 0
v -1533.97888184 537.68304443 0
v -1467.09655762 537.6829834 0
v -1400.21411133 537.6829834 0
v -1266.44946289 537.6831665 0
v -1333.33178711 537.6831665 0
v -1199.56689453 537.68310547 0
v -1132.68469238 537.68310547 0
v -1065.80200195 537.68310547 0
v -932.03747559 537.68304443 0
v -998.9197998 537.68310547 0
v -865.15490723 537.6829834 0
v -798.27246094 537.6829834 0
v -731.39025879 537.68310547 0
v -664.50787354 537.68310547 0
v -597.62524414 537.68310547 0
v -530.74298096 537.68310547 0
v -396.97814941 537.68310547 0
v -463.86053467 537.68304443 0
v -330.09588623 537.68310547 0
v -263.21350098 537.6829834 0
v -196.33099365 537.68310547 0
v -129.44854736 537.68304443 0
v -62.56604004 537.68304443 0
v 4.31634521 537.6829834 0
v 71.1987915 537.68310547 0
v 204.96331787 537.68310547 0
v 138.08105469 537.6831665 0
v 271.84588623 537.68304443 0
v 338.72814941 537.68310547 0
v 405.61071777 537.68310547 0
v 472.49304199 537.68310547 0
v 539.37536621 537.6829834 0
v 606.25793457 537.68304443 0
v 673.14038086 537.68310547 0
v 740.02258301 537.68304443 0
v 873.78747559 537.6829834 0
v 806.90515137 537.68310547 0
v 1007.55224609 537.68304443 0
v 940.6697998 537.68310547 0
v 1074.43457031 537.68304443 0
v 1141.3170166 537.68310547 0
v 1208.19958496 537.68310547 0
v 1275.08178711 537.68310547 0
v 1408.84680176 537.68304443 0
v 1341.96435547 537.68304443 0
v 1475.72924805 537.6831665 0
v 1609.49389648 537.68310547 0
v 1542.6114502 537.6829834 0
v 1676.3762207 537.68310547 0
v 1743.25866699 537.6829834 0
v 1810.14111328 537.6829834 0
v 1877.0234375 537.6829834 0
v -2135.92089844 585.45623779 0
v -2202.80297852 585.45623779 0
v -2069.03833008 585.45629883 0
v -2002.15600586 585.45635986 0
v -1935.27355957 585.45629883 0
v -1868.39111328 585.45617676 0
v -1801.50854492 585.45617676 0
v -1734.6262207 585.45611572 0
v -1667.74389648 585.45623779 0
v -1600.86132812 585.45617676 0
v -1467.09667969 585.45623779 0
v -1533.97900391 585.45623779 0
v -1400.2142334 585.45623779 0
v -1333.33178711 585.45629883 0
v -1266.44921875 585.45617676 0
v -1199.56677246 585.45623779 0
v -1065.80224609 585.4564209 0
v -1132.68469238 585.45617676 0
v -998.91967773 585.45629883 0
v -865.1550293 585.45629883 0
v -932.03741455 585.45623779 0
v -798.27258301 585.45629883 0
v -731.39025879 585.45617676 0
v -597.62536621 585.45617676 0
v -664.5078125 585.45623779 0
v -463.8605957 585.45629883 0
v -530.74291992 585.45629883 0
v -396.97814941 585.45629883 0
v -330.09564209 585.45629883 0
v -263.21331787 585.45629883 0
v -196.33105469 585.45617676 0
v -62.56610107 585.45617676 0
v -129.44848633 585.45623779 0
v 4.31628418 585.45623779 0
v 71.1986084 585.45629883 0
v 138.08105469 585.45629883 0
v 204.96350098 585.45629883 0
v 271.84594727 585.45617676 0
v 405.6105957 585.45623779 0
v 338.72821045 585.45623779 0
v 472.49310303 585.45617676 0
v 539.37542725 585.45629883 0
v 673.14019775 585.45623779 0
v 606.25793457 585.45629883 0
v 740.02264404 585.45617676 0
v 873.78753662 585.45623779 0
v 806.90515137 585.45629883 0
v 1007.55224609 585.45617676 0
v 940.6697998 585.45623779 0
v 1141.31689453 585.45617676 0
v 1074.43457031 585.45623779 0
v 1208.19946289 585.45629883 0
v 1341.9642334 585.45617676 0
v 1275.08190918 585.45629883 0
v 1408.84680176 585.45623779 0
v 1475.72924805 585.45623779 0
v 1542.61157227 585.45623779 0
v 1609.49401855 585.45617676 0
v 1676.37646484 585.45629883 0
v 1743.25878906 585.45629883 0
v 1810.14111328 585.45623779 0
v 1943.90576172 585.45617676 0
v 1877.02368164 585.45623779 0
v -2202.80297852 633.22937012 0
v -2135.9206543 633.22937012 0
v -2069.03833008 633.22943115 0
v -2002.15576172 633.22943115 0
v -1868.39086914 633.22924805 0
v -1935.27368164 633.22937012 0
v -1734.62646484 633.22949219 0
v -1801.50854492 633.22930908 0
v -1667.74377441 633.22930908 0
v -1533.97900391 633.22937012 0
v -1600.8614502 633.22943115 0
v -1467.09667969 633.22943115 0
v -1400.21411133 633.22930908 0
v -1266.44946289 633.22924805 0
v -1333.33178711 633.22924805 0
v -1199.56689453 633.22930908 0
v -1132.68457031 633.22943115 0
v -998.91967773 633.22937012 0
v -1065.80224609 633.22943115 0
v -932.03735352 633.22937012 0
v -865.15490723 633.22937012 0
v -731.39025879 633.22930908 0
v -798.27252197 633.22937012 0
v -664.50793457 633.22943115 0
v -597.62536621 633.22930908 0
v -530.74291992 633.22930908 0
v -463.86053467 633.22937012 0
v -330.09576416 633.22937012 0
v -396.97808838 633.22937012 0
v -263.21325684 633.22937012 0
v -129.44866943 633.22937012 0
v -196.33099365 633.22943115 0
v -62.56610107 633.22937012 0
v 4.31616211 633.22937012 0
v 71.19873047 633.22937012 0
v 138.08111572 633.22930908 0
v 271.8458252 633.22937012 0
v 204.96337891 633.22943115 0
v 338.72821045 633.22930908 0
v 405.61065674 633.22937012 0
v 472.49310303 633.22943115 0
v 606.2578125 633.22937012 0
v 539.37536621 633.22937012 0
v 673.14025879 633.22937012 0
v 806.90496826 633.22937012 0
v 740.02270508 633.22949219 0
v 873.78747559 633.22937012 0
v 1007.55218506 633.22937012 0
v 940.66992188 633.22943115 0
v 1074.43469238 633.22924805 0
v 1141.3170166 633.22930908 0
v 1208.19958496 633.22937012 0
v 1275.08190918 633.22943115 0
v 1408.84667969 633.22930908 0
v 1341.96435547 633.22943115 0
v 1475.72912598 633.22937012 0
v 1542.6114502 633.22937012 0
v 1609.49389648 633.22937012 0
v 1676.37646484 633.22937012 0
v 1810.14111328 633.22924805 0
v 1743.25878906 633.22937012 0
v 1877.0234375 633.22937012 0
v 1943.90576172 633.22937012 0
v -2202.80297852 681.00250244 0
v -2135.9206543 681.00256348 0
v -2069.03833008 681.00256348 0
v -2002.15563965 681.00244141 0
v -1868.39111328 681.00256348 0
v -1935.27368164 681.00256348 0
v -1801.50854492 681.00250244 0
v -1734.62609863 681.00244141 0
v -1600.86132812 681.00244141 0
v -1667.74401855 681.00256348 0
v -1533.97888184 681.00250244 0
v -1400.21411133 681.00250244 0
v -1467.09667969 681.00250244 0
v -1333.33166504 681.00250244 0
v -1199.56689453 681.00250244 0
v -1266.44958496 681.00256348 0
v -1132.68444824 681.00244141 0
v -998.91967773 681.00244141 0
v -1065.80224609 681.00256348 0
v -932.03735352 681.00244141 0
v -798.27246094 681.00244141 0
v -865.15496826 681.00250244 0
v -731.39025879 681.00250244 0
v -664.5078125 681.00250244 0
v -597.62536621 681.00250244 0
v -530.74291992 681.00250244 0
v -463.86053467 681.00244141 0
v -330.09570312 681.00244141 0
v -396.97814941 681.00250244 0
v -263.21350098 681.00244141 0
v -196.33105469 681.00250244 0
v -129.44854736 681.00244141 0
v -62.56610107 681.00250244 0
v 4.31634521 681.00244141 0
v 138.08093262 681.00250244 0
v 71.19866943 681.00244141 0
v 204.96337891 681.00256348 0
v 338.72821045 681.00250244 0
v 271.84588623 681.00256348 0
v 405.61071777 681.00256348 0
v 539.37536621 681.00244141 0
v 472.49310303 681.00250244 0
v 673.14013672 681.00244141 0
v 606.25775146 681.00250244 0
v 740.02258301 681.00244141 0
v 806.9050293 681.00250244 0
v 873.78735352 681.00244141 0
v 940.66973877 681.00250244 0
v 1007.55230713 681.00244141 0
v 1074.43457031 681.00244141 0
v 1141.3170166 681.00244141 0
v 1275.08178711 681.00250244 0
v 1208.19958496 681.00250244 0
v 1341.96411133 681.00250244 0
v 1408.84667969 681.00250244 0
v 1475.72900391 681.00244141 0
v 1542.6114502 681.00250244 0
v 1676.3762207 681.00244141 0
v 1609.49401855 681.00256348 0
v 1743.25854492 681.00250244 0
v 1810.14111328 681.00238037 0
v 1877.02355957 681.00256348 0
v -2202.80297852 728.77563477 0
v -2069.03833008 728.77563477 0
v -2135.9206543 728.77575684 0
v -2002.15588379 728.7756958 0
v -1935.2734375 728.77563477 0
v -1868.39086914 728.77563477 0
v -1734.62634277 728.7756958 0
v -1801.50866699 728.77575684 0
v -1600.86132812 728.77563477 0
v -1667.74389648 728.77587891 0
v -1467.09655762 728.7756958 0
v -1533.97900391 728.77575684 0
v -1333.33166504 728.77563477 0
v -1400.21411133 728.7756958 0
v -1266.44946289 728.77575684 0
v -1132.68444824 728.77563477 0
v -1199.56689453 728.77581787 0
v -1065.80200195 728.77563477 0
v -932.03741455 728.77563477 0
v -998.91992188 728.77575684 0
v -865.15478516 728.77575684 0
v -798.27246094 728.77563477 0
v -664.50775146 728.77563477 0
v -731.39025879 728.77575684 0
v -530.74310303 728.7756958 0
v -597.62542725 728.77575684 0
v -463.8605957 728.77563477 0
v -396.97814941 728.77563477 0
v -330.09564209 728.77563477 0
v -263.2131958 728.77575684 0
v -196.33099365 728.7756958 0
v -129.44854736 728.77575684 0
v 4.31616211 728.7756958 0
v -62.56610107 728.77575684 0
v 71.19854736 728.77563477 0
v 138.08105469 728.77563477 0
v 204.96343994 728.77563477 0
v 271.84594727 728.77563477 0
v 405.61065674 728.77563477 0
v 338.72827148 728.77575684 0
v 539.37548828 728.77563477 0
v 472.49310303 728.77575684 0
v 606.2578125 728.77563477 0
v 673.14050293 728.77581787 0
v 740.02276611 728.77575684 0
v 873.78729248 728.77563477 0
v 806.90490723 728.77563477 0
v 940.6697998 728.77563477 0
v 1007.55249023 728.77575684 0
v 1074.43469238 728.77575684 0
v 1141.31713867 728.7756958 0
v 1208.19946289 728.77575684 0
v 1275.08190918 728.77575684 0
v 1341.96411133 728.77575684 0
v 1408.84680176 728.77581787 0
v 1475.72924805 728.77575684 0
v 1542.61157227 728.7756958 0
v 1676.3762207 728.77575684 0
v 1609.49389648 728.77563477 0
v 1743.25866699 728.77563477 0
v 1810.14135742 728.77575684 0
v 1943.90576172 681.00250244 0
v 1877.02355957 728.77575684 0
v -2202.80273438 776.54882812 0
v -2135.9206543 776.54882812 0
v -2002.15588379 776.54882812 0
v -2069.03833008 776.5489502 0
v -1935.27368164 776.54888916 0
v -1868.39111328 776.54882812 0
v -1801.50854492 776.54870605 0
v -1734.62609863 776.54870605 0
v -1600.8614502 776.54888916 0
v -1667.74377441 776.54876709 0
v -1533.97900391 776.54882812 0
v -1467.09667969 776.54888916 0
v -1400.21411133 776.54882812 0
v -1333.33178711 776.54870605 0
v -1266.44946289 776.54870605 0
v -1199.56689453 776.54870605 0
v -1065.80236816 776.54882812 0
v -1132.68432617 776.54882812 0
v -998.91967773 776.54882812 0
v -932.03723145 776.54870605 0
v -798.27264404 776.54888916 0
v -865.15509033 776.5489502 0
v -731.39013672 776.54876709 0
v -664.5078125 776.54888916 0
v -597.62530518 776.54882812 0
v -530.74298096 776.54882812 0
v -463.86053467 776.54882812 0
v -330.09570312 776.54876709 0
v -396.97802734 776.54888916 0
v -263.21343994 776.54888916 0
v -196.33099365 776.54870605 0
v -62.56616211 776.54870605 0
v -129.44854736 776.54888916 0
v 4.31634521 776.54882812 0
v 71.1986084 776.54882812 0
v 138.08105469 776.54882812 0
v 271.84576416 776.54888916 0
v 204.96350098 776.5489502 0
v 338.72814941 776.54876709 0
v 405.61071777 776.54882812 0
v 539.37554932 776.54882812 0
v 472.49304199 776.54882812 0
v 673.14013672 776.54882812 0
v 606.25787354 776.54888916 0
v 740.02270508 776.5489502 0
v 806.9050293 776.54882812 0
v 873.78741455 776.54876709 0
v 1007.55224609 776.54876709 0
v 940.66992188 776.54882812 0
v 1074.43457031 776.54876709 0
v 1141.31713867 776.54888916 0
v 1208.19946289 776.54876709 0
v 1275.08178711 776.54888916 0
v 1408.84667969 776.54876709 0
v 1341.9642334 776.54888916 0
v 1475.72924805 776.54882812 0
v 1542.6114502 776.54870605 0
v 1609.49401855 776.54882812 0
v 1676.37646484 776.54888916 0
v 1810.14111328 776.54882812 0
v 1743.25878906 776.54888916 0
v 1877.0234375 776.54870605 0
v 1943.90588379 728.7756958 0
v -2135.92089844 824.32202148 0
v -2202.80322266 824.32214355 0
v -2069.03808594 824.32189941 0
v -2002.15576172 824.32196045 0
v -1935.2734375 824.32189941 0
v -1868.39086914 824.32189941 0
v -1734.62609863 824.32189941 0
v -1801.50866699 824.32196045 0
v -1667.74389648 824.32183838 0
v -1600.86132812 824.32189941 0
v -1533.97888184 824.32196045 0
v -1467.09655762 824.32189941 0
v -1333.33178711 824.32202148 0
v -1400.2142334 824.32202148 0
v -1266.44946289 824.32202148 0
v -1132.68469238 824.32202148 0
v -1199.56677246 824.32189941 0
v -1065.80224609 824.32202148 0
v -932.03741455 824.32202148 0
v -998.91967773 824.32189941 0
v -865.15496826 824.32189941 0
v -731.39019775 824.32202148 0
v -798.27264404 824.32189941 0
v -664.50769043 824.32189941 0
v -530.74279785 824.32196045 0
v -597.62548828 824.32202148 0
v -396.97808838 824.32196045 0
v -463.8605957 824.32202148 0
v -330.0958252 824.32202148 0
v -263.21337891 824.32196045 0
v -196.33105469 824.32196045 0
v -62.56610107 824.32189941 0
v -129.4486084 824.32189941 0
v 4.31634521 824.32202148 0
v 71.19866943 824.32196045 0
v 138.08111572 824.32189941 0
v 271.84588623 824.32202148 0
v 204.96337891 824.32202148 0
v 338.72833252 824.32196045 0
v 472.49304199 824.32189941 0
v 405.6105957 824.32196045 0
v 539.37536621 824.32196045 0
v 606.25787354 824.32189941 0
v 673.14025879 824.32202148 0
v 740.02264404 824.32189941 0
v 806.90515137 824.32202148 0
v 940.6697998 824.32189941 0
v 873.78747559 824.32189941 0
v 1007.55212402 824.32196045 0
v 1074.43457031 824.32189941 0
v 1141.31689453 824.32196045 0
v 1208.19946289 824.32189941 0
v 1341.96411133 824.32189941 0
v 1275.08178711 824.32189941 0
v 1408.84667969 824.32189941 0
v 1475.72912598 824.32183838 0
v 1542.61157227 824.32177734 0
v 1676.3762207 824.32202148 0
v 1609.49389648 824.32196045 0
v 1743.25866699 824.32202148 0
v 1810.14111328 824.32189941 0
v 1943.90600586 776.54882812 0
v 1877.02380371 824.32202148 0
v -2202.80297852 872.09509277 0
v -2069.03833008 872.09515381 0
v -2135.9206543 872.09515381 0
v -2002.15576172 872.09509277 0
v -1868.39099121 872.09503174 0
v -1935.2734375 872.09515381 0
v -1734.6262207 872.09509277 0
v -1801.50866699 872.09521484 0
v -1667.74389648 872.09527588 0
v -1600.8614502 872.09521484 0
v -1533.97900391 872.09521484 0
v -1467.09655762 872.09503174 0
v -1333.33190918 872.09521484 0
v -1400.2142334 872.09515381 0
v -1266.44958496 872.09521484 0
v -1199.5670166 872.09521484 0
v -1132.68469238 872.09515381 0
v -998.9197998 872.09521484 0
v -1065.80224609 872.09515381 0
v -932.03735352 872.09509277 0
v -865.1550293 872.09515381 0
v -798.27276611 872.09509277 0
v -664.5078125 872.09509277 0
v -731.39013672 872.09521484 0
v -530.74298096 872.09509277 0
v -597.62536621 872.09509277 0
v -463.8605957 872.09521484 0
v -396.97821045 872.09509277 0
v -263.21343994 872.09509277 0
v -330.09576416 872.09509277 0
v -196.33099365 872.09515381 0
v -129.44854736 872.09515381 0
v 4.31634521 872.09503174 0
v -62.56616211 872.09515381 0
v 71.1986084 872.09509277 0
v 138.08105469 872.09509277 0
v 204.96350098 872.09515381 0
v 271.84588623 872.09509277 0
v 405.6105957 872.09509277 0
v 338.72833252 872.09521484 0
v 472.49310303 872.09521484 0
v 539.37536621 872.09509277 0
v 606.25799561 872.09509277 0
v 740.02258301 872.09509277 0
v 673.14031982 872.09509277 0
v 873.78747559 872.09521484 0
v 806.90515137 872.09515381 0
v 940.6697998 872.09509277 0
v 1007.55236816 872.09509277 0
v 1074.43481445 872.09515381 0
v 1141.31713867 872.09509277 0
v 1208.19946289 872.09503174 0
v 1275.08203125 872.09515381 0
v 1341.9642334 872.09503174 0
v 1408.84680176 872.09515381 0
v 1475.72924805 872.09509277 0
v 1609.49377441 872.09509277 0
v 1542.6114502 872.09521484 0
v 1676.37634277 872.09509277 0
v 1743.25866699 872.0949707 0
v 1877.02355957 872.09515381 0
v 1810.14111328 872.09515381 0
v 1943.90576172 872.09509277 0
v -2135.9206543 919.86828613 0
v -2202.80322266 919.8682251 0
v -2069.03833008 919.8682251 0
v -2002.15600586 919.86834717 0
v -1935.2734375 919.8682251 0
v -1868.39111328 919.86828613 0
v -1734.62609863 919.8682251 0
v -1801.50866699 919.86828613 0
v -1667.74365234 919.86816406 0
v -1600.86132812 919.8682251 0
v -1533.97888184 919.8682251 0
v -1467.09655762 919.86828613 0
v -1400.2142334 919.86828613 0
v -1333.33178711 919.86816406 0
v -1266.44946289 919.86828613 0
v -1199.5670166 919.86816406 0
v -1132.68457031 919.86828613 0
v -1065.80212402 919.8684082 0
v -998.91967773 919.86828613 0
v -932.03729248 919.86828613 0
v -865.15509033 919.86828613 0
v -798.27264404 919.86834717 0
v -664.50793457 919.86828613 0
v -731.39007568 919.86816406 0
v -597.62536621 919.86834717 0
v -530.74285889 919.86828613 0
v -396.97814941 919.86828613 0
v -463.86065674 919.86828613 0
v -330.09570312 919.86828613 0
v -263.21331787 919.8682251 0
v -129.44854736 919.86828613 0
v -196.33099365 919.86834717 0
v -62.56616211 919.86816406 0
v 4.31610107 919.8682251 0
v 71.1986084 919.86828613 0
v 138.08111572 919.8682251 0
v 271.8458252 919.86828613 0
v 204.96350098 919.8682251 0
v 405.61071777 919.86828613 0
v 338.72833252 919.86834717 0
v 472.49316406 919.86828613 0
v 606.2578125 919.86816406 0
v 539.37548828 919.86828613 0
v 673.14031982 919.86828613 0
v 806.90490723 919.86828613 0
v 740.02258301 919.86828613 0
v 873.78753662 919.86828613 0
v 1007.55224609 919.8682251 0
v 940.66992188 919.86828613 0
v 1074.43469238 919.86828613 0
v 1141.31713867 919.86828613 0
v 1208.19958496 919.86828613 0
v 1341.96435547 919.86828613 0
v 1275.08190918 919.86828613 0
v 1408.84655762 919.86816406 0
v 1475.72912598 919.86834717 0
v 1542.6114502 919.86816406 0
v 1609.49401855 919.86828613 0
v 1743.25878906 919.86834717 0
v 1676.3762207 919.86828613 0
v 1810.14111328 919.8682251 0
v 1877.02355957 919.86828613 0
v -2202.80297852 967.64141846 0
v -2135.9206543 967.64129639 0
v -2069.03833008 967.64147949 0
v -2002.15576172 967.64135742 0
v -1935.2734375 967.64123535 0
v -1868.39099121 967.64129639 0
v -1734.6262207 967.64135742 0
v -1801.50854492 967.64135742 0
v -1667.74377441 967.64123535 0
v -1600.86132812 967.64135742 0
v -1533.97888184 967.64135742 0
v -1467.09655762 967.64135742 0
v -1333.33178711 967.64135742 0
v -1400.2142334 967.64135742 0
v -1266.44946289 967.64135742 0
v -1199.56689453 967.64135742 0
v -1132.68457031 967.64147949 0
v -998.91967773 967.64135742 0
v -1065.80212402 967.64135742 0
v -932.03747559 967.64141846 0
v -865.1550293 967.64135742 0
v -731.39031982 967.64147949 0
v -798.27252197 967.64135742 0
v -664.50775146 967.64135742 0
v -597.62524414 967.64135742 0
v -530.74304199 967.64147949 0
v -463.8604126 967.64147949 0
v -330.0958252 967.64135742 0
v -396.97833252 967.64141846 0
v -263.21331787 967.64141846 0
v -196.33105469 967.64135742 0
v -129.44854736 967.64147949 0
v -62.56616211 967.64135742 0
v 4.31628418 967.64141846 0
v 71.19873047 967.64129639 0
v 204.96337891 967.64141846 0
v 138.08105469 967.64141846 0
v 271.84576416 967.64135742 0
v 405.61053467 967.64135742 0
v 338.72839355 967.64141846 0
v 472.49310303 967.64147949 0
v 539.37542725 967.64129639 0
v 606.2578125 967.64141846 0
v 673.14038086 967.64147949 0
v 740.02270508 967.64147949 0
v 806.90515137 967.64147949 0
v 940.6697998 967.64135742 0
v 873.78747559 967.64141846 0
v 1007.55224609 967.64135742 0
v 1074.43457031 967.64135742 0
v 1141.31689453 967.64135742 0
v 1208.19958496 967.64147949 0
v 1275.08190918 967.64141846 0
v 1341.9642334 967.64135742 0
v 1408.84667969 967.64123535 0
v 1542.61157227 967.64147949 0
v 1475.72900391 967.64135742 0
v 1609.49377441 967.64129639 0
v 1676.3762207 967.64123535 0
v 1743.25878906 967.64135742 0
v 1810.14123535 967.64141846 0
v 1943.90576172 967.64141846 0
v 1877.02368164 967.64135742 0
v -2135.9206543 1015.41455078 0
v -2202.80297852 1015.41455078 0
v -2069.03808594 1015.41455078 0
v -1935.27355957 1015.41455078 0
v -2002.15588379 1015.41455078 0
v -1868.39086914 1015.41442871 0
v -1734.6262207 1015.41455078 0
v -1801.50866699 1015.41455078 0
v -1667.74389648 1015.41455078 0
v -1600.86132812 1015.41442871 0
v -1533.97888184 1015.41442871 0
v -1467.09643555 1015.41455078 0
v -1400.21411133 1015.41461182 0
v -1333.33178711 1015.41461182 0
v -1266.44934082 1015.41455078 0
v -1132.68457031 1015.41455078 0
v -1199.5670166 1015.41461182 0
v -1065.80212402 1015.41455078 0
v -998.9197998 1015.41461182 0
v -932.03729248 1015.41455078 0
v -798.27252197 1015.41455078 0
v -865.15509033 1015.41479492 0
v -731.39019775 1015.41461182 0
v -597.62536621 1015.41461182 0
v -664.50769043 1015.41467285 0
v -530.74304199 1015.41461182 0
v -463.86053467 1015.41461182 0
v -396.97827148 1015.41461182 0
v -330.0958252 1015.41461182 0
v -263.21337891 1015.41461182 0
v -196.33087158 1015.41455078 0
v -62.56616211 1015.41455078 0
v -129.4486084 1015.41461182 0
v 71.19873047 1015.41442871 0
v 4.31622314 1015.41455078 0
v 138.08105469 1015.41455078 0
v 204.96350098 1015.41448975 0
v 271.8460083 1015.41455078 0
v 405.61065674 1015.41461182 0
v 338.72827148 1015.41461182 0
v 472.49316406 1015.41455078 0
v 539.37561035 1015.41461182 0
v 606.25799561 1015.41473389 0
v 740.02270508 1015.41455078 0
v 673.14031982 1015.41461182 0
v 806.9050293 1015.41461182 0
v 873.78735352 1015.41455078 0
v 940.6697998 1015.41455078 0
v 1007.55212402 1015.41455078 0
v 1074.43469238 1015.41461182 0
v 1141.31713867 1015.41461182 0
v 1275.08178711 1015.41442871 0
v 1208.19958496 1015.41455078 0
v 1341.9642334 1015.41442871 0
v 1408.84680176 1015.41461182 0
v 1475.72912598 1015.41455078 0
v 1542.6114502 1015.41455078 0
v 1609.49401855 1015.41461182 0
v 1676.37634277 1015.41455078 0
v 1810.14111328 1015.41455078 0
v 1743.25878906 1015.41455078 0
v 1877.02368164 1015.41467285 0
v -2135.92089844 1063.18774414 0
v -2202.80297852 1063.18762207 0
v -2069.03833008 1063.18774414 0
v -2002.15563965 1063.18762207 0
v -1868.39099121 1063.18774414 0
v -1935.27355957 1063.18774414 0
v -1801.50866699 1063.18774414 0
v -1734.62634277 1063.18786621 0
v -1667.74389648 1063.18774414 0
v -1600.86132812 1063.18774414 0
v -1533.97875977 1063.18774414 0
v -1467.09643555 1063.18774414 0
v -1333.33203125 1063.18786621 0
v -1400.21398926 1063.18774414 0
v -1266.44934082 1063.18774414 0
v -1199.56689453 1063.18762207 0
v -1065.80212402 1063.18774414 0
v -1132.68481445 1063.18786621 0
v -932.03753662 1063.18774414 0
v -998.91973877 1063.18774414 0
v -865.15509033 1063.18774414 0
v -798.27258301 1063.18762207 0
v -731.39007568 1063.18762207 0
v -597.62530518 1063.18762207 0
v -664.5078125 1063.18774414 0
v -463.8605957 1063.18774414 0
v -530.74304199 1063.18774414 0
v -396.97814941 1063.18774414 0
v -263.21356201 1063.18774414 0
v -330.09570312 1063.18774414 0
v -196.33087158 1063.18774414 0
v -62.56628418 1063.18774414 0
v -129.44854736 1063.18774414 0
v 4.31634521 1063.18774414 0
v 71.19866943 1063.18774414 0
v 204.96343994 1063.18774414 0
v 138.08105469 1063.18774414 0
v 271.8460083 1063.18774414 0
v 338.72833252 1063.18774414 0
v 472.49291992 1063.18774414 0
v 405.61065674 1063.18774414 0
v 539.37561035 1063.18774414 0
v 673.14025879 1063.18774414 0
v 606.25793457 1063.18774414 0
v 740.02270508 1063.18774414 0
v 806.90490723 1063.18774414 0
v 873.78753662 1063.18774414 0
v 940.66992188 1063.18774414 0
v 1007.55230713 1063.18774414 0
v 1074.43481445 1063.18774414 0
v 1208.19946289 1063.18774414 0
v 1141.3170166 1063.18774414 0
v 1275.08190918 1063.18786621 0
v 1408.84655762 1063.18762207 0
v 1341.96435547 1063.18774414 0
v 1475.72912598 1063.18762207 0
v 1542.61157227 1063.18774414 0
v 1676.3762207 1063.18762207 0
v 1609.49401855 1063.18774414 0
v 1743.25878906 1063.18774414 0
v 1877.02355957 1063.18774414 0
v 1810.14111328 1063.18774414 0
v 1943.90600586 1063.18774414 0
v -2202.80297852 1110.9609375 0
v -2135.9206543 1110.9609375 0
v -2069.03808594 1110.96069336 0
v -2002.15563965 1110.96081543 0
v -1935.27355957 1110.96081543 0
v -1868.39099121 1110.96081543 0
v -1801.50866699 1110.9609375 0
v -1667.74377441 1110.96069336 0
v -1734.6262207 1110.9609375 0
v -1533.97900391 1110.9609375 0
v -1600.8614502 1110.9609375 0
v -1467.09667969 1110.9609375 0
v -1400.21411133 1110.9609375 0
v -1333.33178711 1110.9609375 0
v -1199.56689453 1110.96081543 0
v -1266.44946289 1110.9609375 0
v -1132.68457031 1110.96081543 0
v -1065.80212402 1110.96081543 0
v -998.91973877 1110.96081543 0
v -932.03717041 1110.96081543 0
v -865.15484619 1110.96081543 0
v -731.39025879 1110.96081543 0
v -798.27258301 1110.96081543 0
v -597.62536621 1110.96081543 0
v -664.50769043 1110.96081543 0
v -530.74291992 1110.9609375 0
v -463.86053467 1110.96081543 0
v -330.09576416 1110.9609375 0
v -396.97821045 1110.9609375 0
v -263.21331787 1110.96081543 0
v -129.44848633 1110.9609375 0
v -196.33105469 1110.9609375 0
v -62.56622314 1110.9609375 0
v 4.31640625 1110.96081543 0
v 138.08099365 1110.96081543 0
v 71.19866943 1110.9609375 0
v 271.8458252 1110.9609375 0
v 204.96350098 1110.96081543 0
v 338.72821045 1110.96081543 0
v 472.49291992 1110.96081543 0
v 405.61071777 1110.9609375 0
v 539.37548828 1110.9609375 0
v 606.25787354 1110.96081543 0
v 740.02258301 1110.96081543 0
v 673.14031982 1110.9609375 0
v 806.90490723 1110.96081543 0
v 873.78735352 1110.96081543 0
v 940.6697998 1110.96081543 0
v 1074.43457031 1110.96081543 0
v 1007.55236816 1110.96105957 0
v 1141.3170166 1110.96069336 0
v 1208.19934082 1110.96081543 0
v 1275.08166504 1110.96069336 0
v 1341.96411133 1110.96081543 0
v 1408.84667969 1110.96069336 0
v 1475.72912598 1110.9609375 0
v 1609.49389648 1110.96081543 0
v 1542.61169434 1110.9609375 0
v 1676.37646484 1110.9609375 0
v 1810.14099121 1110.96069336 0
v 1743.25854492 1110.96081543 0
v 1943.90576172 1110.96069336 0
v 1877.02368164 1110.9609375 0
v -2202.80273438 1158.73388672 0
v -2069.03833008 1158.73413086 0
v -2135.92089844 1158.73388672 0
v -2002.15576172 1158.73400879 0
v -1935.27331543 1158.73400879 0
v -1868.39111328 1158.73400879 0
v -1801.50854492 1158.73388672 0
v -1667.74389648 1158.73413086 0
v -1734.6262207 1158.73400879 0
v -1600.86120605 1158.73400879 0
v -1533.97900391 1158.73413086 0
v -1467.09643555 1158.73400879 0
v -1333.33178711 1158.73400879 0
v -1400.21411133 1158.73413086 0
v -1266.44921875 1158.73400879 0
v -1199.56689453 1158.73400879 0
v -1132.68457031 1158.73413086 0
v -1065.80200195 1158.73400879 0
v -932.03747559 1158.73400879 0
v -998.9197998 1158.73400879 0
v -865.15490723 1158.73388672 0
v -798.27252197 1158.73413086 0
v -664.50769043 1158.73400879 0
v -731.39025879 1158.73413086 0
v -530.74310303 1158.73413086 0
v -597.62530518 1158.73413086 0
v -463.8604126 1158.73400879 0
v -396.97802734 1158.73400879 0
v -263.21331787 1158.73388672 0
v -330.09570312 1158.73400879 0
v -196.33099365 1158.73388672 0
v -129.44854736 1158.73400879 0
v 4.31622314 1158.73400879 0
v -62.56616211 1158.73413086 0
v 71.1986084 1158.73400879 0
v 138.08105469 1158.73413086 0
v 204.96350098 1158.73413086 0
v 271.84588623 1158.73413086 0
v 405.6105957 1158.73400879 0
v 338.72827148 1158.73413086 0
v 472.4932251 1158.73413086 0
v 606.25799561 1158.73400879 0
v 539.37548828 1158.73413086 0
v 740.02252197 1158.73400879 0
v 673.14025879 1158.73413086 0
v 806.90515137 1158.73413086 0
v 873.78747559 1158.73400879 0
v 940.66986084 1158.73388672 0
v 1074.43469238 1158.73413086 0
v 1007.55224609 1158.73400879 0
v 1141.3170166 1158.73400879 0
v 1208.19934082 1158.73400879 0
v 1275.08190918 1158.73413086 0
v 1341.9642334 1158.73400879 0
v 1408.84667969 1158.73400879 0
v 1542.6114502 1158.73388672 0
v 1475.72912598 1158.73400879 0
v 1609.49389648 1158.73400879 0
v 1676.3762207 1158.73388672 0
v 1743.25878906 1158.73400879 0
v 1810.14111328 1158.73400879 0
v 1943.90588379 1158.73400879 0
v 1877.02355957 1158.73400879 0
v -2135.92089844 1206.50732422 0
v -2202.80297852 1206.50720215 0
v -2069.03808594 1206.50720215 0
v -1935.27355957 1206.50720215 0
v -2002.15576172 1206.50720215 0
v -1868.39111328 1206.50708008 0
v -1734.62646484 1206.50732422 0
v -1801.50854492 1206.50720215 0
v -1667.74389648 1206.50708008 0
v -1600.86132812 1206.50708008 0
v -1467.09667969 1206.50720215 0
v -1533.97875977 1206.50720215 0
v -1400.21411133 1206.50720215 0
v -1333.33203125 1206.50732422 0
v -1266.44946289 1206.50720215 0
v -1199.5670166 1206.50720215 0
v -1065.80224609 1206.50720215 0
v -1132.68444824 1206.50708008 0
v -998.91986084 1206.50720215 0
v -932.03759766 1206.50732422 0
v -865.15484619 1206.50708008 0
v -798.2723999 1206.50708008 0
v -731.39001465 1206.50708008 0
v -597.62542725 1206.50720215 0
v -664.50793457 1206.50720215 0
v -530.74304199 1206.50708008 0
v -396.97814941 1206.50732422 0
v -463.8605957 1206.50732422 0
v -330.09558105 1206.50708008 0
v -263.21356201 1206.50720215 0
v -196.33105469 1206.50720215 0
v -62.56610107 1206.50708008 0
v -129.4486084 1206.50732422 0
v 4.31634521 1206.50720215 0
v 71.19873047 1206.50720215 0
v 204.96331787 1206.50708008 0
v 138.08105469 1206.50720215 0
v 271.84576416 1206.50708008 0
v 338.72827148 1206.50720215 0
v 405.61071777 1206.50720215 0
v 539.37548828 1206.50720215 0
v 472.49304199 1206.50732422 0
v 606.25775146 1206.50708008 0
v 673.14019775 1206.50732422 0
v 740.02258301 1206.50708008 0
v 873.78747559 1206.50720215 0
v 806.90509033 1206.50720215 0
v 1007.55212402 1206.50708008 0
v 940.66986084 1206.50732422 0
v 1141.31689453 1206.50720215 0
v 1074.43469238 1206.50720215 0
v 1208.19934082 1206.50720215 0
v 1275.08166504 1206.50720215 0
v 1341.9642334 1206.50720215 0
v 1408.84680176 1206.50732422 0
v 1542.6114502 1206.50720215 0
v 1475.72912598 1206.50720215 0
v 1609.49377441 1206.50695801 0
v 1743.25854492 1206.50720215 0
v 1676.37634277 1206.50732422 0
v 1810.14099121 1206.50708008 0
v 1877.02355957 1206.50708008 0
v -2202.80297852 1254.28015137 0
v -2135.92041016 1254.28027344 0
v -2002.15563965 1254.28015137 0
v -2069.03833008 1254.28027344 0
v -1935.27331543 1254.2800293 0
v -1868.39111328 1254.28027344 0
v -1801.50854492 1254.28015137 0
v -1734.62609863 1254.28015137 0
v -1667.74365234 1254.28015137 0
v -1533.97900391 1254.28039551 0
v -1600.86132812 1254.28027344 0
v -1467.09643555 1254.28027344 0
v -1400.21398926 1254.28027344 0
v -1333.33178711 1254.28039551 0
v -1266.44934082 1254.28027344 0
v -1199.56677246 1254.28027344 0
v -1132.68444824 1254.28027344 0
v -1065.80224609 1254.28027344 0
v -998.91973877 1254.28027344 0
v -932.03723145 1254.28027344 0
v -798.27258301 1254.28039551 0
v -865.15496826 1254.28027344 0
v -731.39013672 1254.28027344 0
v -664.50769043 1254.28027344 0
v -597.62518311 1254.28027344 0
v -530.74285889 1254.28027344 0
v -396.97821045 1254.28027344 0
v -463.86065674 1254.28027344 0
v -330.09564209 1254.28027344 0
v -263.21325684 1254.28027344 0
v -196.33111572 1254.28027344 0
v -62.56610107 1254.28027344 0
v -129.4486084 1254.28027344 0
v 4.31622314 1254.28027344 0
v 71.19866943 1254.28027344 0
v 138.08105469 1254.28027344 0
v 204.96356201 1254.28027344 0
v 271.84576416 1254.28027344 0
v 405.6105957 1254.28027344 0
v 338.72821045 1254.28027344 0
v 472.49298096 1254.28027344 0
v 539.37536621 1254.28027344 0
v 606.25787354 1254.28027344 0
v 740.02258301 1254.28027344 0
v 673.14019775 1254.28027344 0
v 806.90515137 1254.28027344 0
v 940.66973877 1254.28027344 0
v 873.78747559 1254.28027344 0
v 1007.55236816 1254.28039551 0
v 1074.43469238 1254.28039551 0
v 1141.31713867 1254.28027344 0
v 1208.19946289 1254.28015137 0
v 1275.08203125 1254.28039551 0
v 1341.96435547 1254.28027344 0
v 1475.72900391 1254.28015137 0
v 1408.84667969 1254.28027344 0
v 1542.61132812 1254.28027344 0
v 1609.49401855 1254.28027344 0
v 1743.25854492 1254.28027344 0
v 1676.37646484 1254.28039551 0
v 1810.14123535 1254.28039551 0
v 1943.90600586 1254.28027344 0
v 1877.0234375 1254.28027344 0
v -2135.9206543 1302.0534668 0
v -2202.80297852 1302.0534668 0
v -2069.03833008 1302.05334473 0
v -2002.15588379 1302.0534668 0
v -1935.27331543 1302.05334473 0
v -1801.50854492 1302.0534668 0
v -1868.39123535 1302.0534668 0
v -1734.62634277 1302.0534668 0
v -1667.74377441 1302.05334473 0
v -1600.8614502 1302.0534668 0
v -1533.97900391 1302.05334473 0
v -1467.09680176 1302.0534668 0
v -1400.21411133 1302.0534668 0
v -1333.33178711 1302.0534668 0
v -1266.44934082 1302.0534668 0
v -1199.5670166 1302.0534668 0
v -1132.68469238 1302.0534668 0
v -1065.80212402 1302.05334473 0
v -932.03741455 1302.0534668 0
v -998.91973877 1302.0534668 0
v -865.15496826 1302.05334473 0
v -798.2723999 1302.0534668 0
v -664.50762939 1302.0534668 0
v -731.39019775 1302.05358887 0
v -597.62536621 1302.05358887 0
v -530.74298096 1302.0534668 0
v -463.86029053 1302.0534668 0
v -330.0958252 1302.0534668 0
v -396.97821045 1302.0534668 0
v -263.21331787 1302.0534668 0
v -196.33087158 1302.0534668 0
v -129.4486084 1302.0534668 0
v 4.31616211 1302.0534668 0
v -62.56610107 1302.0534668 0
v 71.1987915 1302.0534668 0
v 204.96337891 1302.0534668 0
v 138.08099365 1302.0534668 0
v 271.84588623 1302.0534668 0
v 405.61047363 1302.0534668 0
v 338.72814941 1302.05358887 0
v 472.49298096 1302.0534668 0
v 606.25775146 1302.05334473 0
v 539.37548828 1302.0534668 0
v 673.14025879 1302.0534668 0
v 740.02264404 1302.0534668 0
v 873.78741455 1302.05334473 0
v 806.90509033 1302.0534668 0
v 1007.55212402 1302.0534668 0
v 940.6697998 1302.0534668 0
v 1074.43481445 1302.05358887 0
v 1141.3170166 1302.0534668 0
v 1208.19934082 1302.0534668 0
v 1275.08178711 1302.0534668 0
v 1341.96435547 1302.0534668 0
v 1475.72900391 1302.05334473 0
v 1408.84667969 1302.0534668 0
v 1609.49377441 1302.05334473 0
v 1542.6114502 1302.0534668 0
v 1676.37634277 1302.0534668 0
v 1743.25866699 1302.05358887 0
v 1877.02355957 1302.0534668 0
v 1810.14123535 1302.05358887 0
v -2202.80297852 1349.82653809 0
v -2135.9206543 1349.82653809 0
v -2069.03808594 1349.82666016 0
v -2002.15563965 1349.82653809 0
v -1868.39111328 1349.82653809 0
v -1935.27355957 1349.82666016 0
v -1801.50878906 1349.82666016 0
v -1734.62634277 1349.82666016 0
v -1667.74377441 1349.82653809 0
v -1600.86120605 1349.82653809 0
v -1467.09667969 1349.82666016 0
v -1533.97924805 1349.82666016 0
v -1333.33178711 1349.82641602 0
v -1400.21411133 1349.82666016 0
v -1199.5670166 1349.82666016 0
v -1266.44946289 1349.82666016 0
v -1132.68457031 1349.82666016 0
v -1065.80212402 1349.82666016 0
v -998.91973877 1349.82653809 0
v -865.1550293 1349.82666016 0
v -932.03747559 1349.82666016 0
v -798.27252197 1349.82653809 0
v -664.5078125 1349.82666016 0
v -731.39013672 1349.82653809 0
v -597.62542725 1349.82666016 0
v -530.74304199 1349.82666016 0
v -463.8605957 1349.82653809 0
v -396.97808838 1349.82653809 0
v -330.09552002 1349.82666016 0
v -196.33093262 1349.82666016 0
v -263.21343994 1349.82666016 0
v -129.4486084 1349.82666016 0
v -62.56616211 1349.82666016 0
v 71.1986084 1349.82653809 0
v 4.31628418 1349.82666016 0
v 138.08111572 1349.82666016 0
v 204.96343994 1349.82666016 0
v 271.84588623 1349.82666016 0
v 338.72833252 1349.82666016 0
v 405.61065674 1349.82666016 0
v 472.49298096 1349.82653809 0
v 539.37548828 1349.82666016 0
v 606.25793457 1349.82666016 0
v 673.14019775 1349.82666016 0
v 740.02270508 1349.82666016 0
v 873.78741455 1349.82666016 0
v 806.90509033 1349.82666016 0
v 940.66998291 1349.82666016 0
v 1074.43457031 1349.82641602 0
v 1007.55230713 1349.82666016 0
v 1141.31713867 1349.82666016 0
v 1208.19946289 1349.82666016 0
v 1341.9642334 1349.82666016 0
v 1275.08178711 1349.82653809 0
v 1408.84680176 1349.82653809 0
v 1475.72912598 1349.82653809 0
v 1542.61157227 1349.82666016 0
v 1609.49401855 1349.82678223 0
v 1743.25866699 1349.82653809 0
v 1676.37634277 1349.82666016 0
v 1810.14111328 1349.82666016 0
v 1877.02355957 1349.82666016 0
v 1943.90600586 1302.05358887 0
v -2135.9206543 1397.59960938 0
v -2202.80322266 1397.59973145 0
v -2069.03857422 1397.59985352 0
v -2002.15563965 1397.59960938 0
v -1935.27355957 1397.59985352 0
v -1868.39086914 1397.59960938 0
v -1801.50866699 1397.59973145 0
v -1734.62597656 1397.59960938 0
v -1600.86120605 1397.59973145 0
v -1667.74389648 1397.59985352 0
v -1533.97900391 1397.59973145 0
v -1467.09643555 1397.59973145 0
v -1333.33166504 1397.59973145 0
v -1400.21411133 1397.59973145 0
v -1266.44934082 1397.59973145 0
v -1199.56689453 1397.59973145 0
v -1132.68457031 1397.59973145 0
v -998.91973877 1397.59973145 0
v -1065.80212402 1397.59973145 0
v -932.03735352 1397.59973145 0
v -798.27264404 1397.59973145 0
v -865.1550293 1397.59973145 0
v -731.39007568 1397.59973145 0
v -664.50775146 1397.59985352 0
v -597.62542725 1397.59973145 0
v -530.74291992 1397.59960938 0
v -396.97821045 1397.59973145 0
v -463.8605957 1397.59973145 0
v -330.09576416 1397.59985352 0
v -263.21325684 1397.59960938 0
v -196.33081055 1397.59960938 0
v -62.56622314 1397.59960938 0
v -129.4486084 1397.59960938 0
v 4.31628418 1397.59960938 0
v 71.19866943 1397.59960938 0
v 204.96343994 1397.59960938 0
v 138.08099365 1397.59973145 0
v 338.72808838 1397.59960938 0
v 271.8460083 1397.59973145 0
v 405.61053467 1397.59973145 0
v 472.49304199 1397.59973145 0
v 539.37524414 1397.59973145 0
v 606.25793457 1397.59985352 0
v 673.14031982 1397.59973145 0
v 806.90490723 1397.59960938 0
v 740.02258301 1397.59973145 0
v 873.78735352 1397.59973145 0
v 940.6697998 1397.59973145 0
v 1007.55206299 1397.59973145 0
v 1074.43457031 1397.59973145 0
v 1141.31713867 1397.59973145 0
v 1275.08178711 1397.59973145 0
v 1208.19946289 1397.59973145 0
v 1341.96411133 1397.59973145 0
v 1408.84667969 1397.59973145 0
v 1475.72900391 1397.59960938 0
v 1542.6114502 1397.59960938 0
v 1609.49389648 1397.59973145 0
v 1676.37634277 1397.59960938 0
v 1743.25878906 1397.59973145 0
v 1810.14099121 1397.59960938 0
v 1943.90588379 1397.59960938 0
v 1877.02355957 1397.59985352 0
v -2202.80297852 -1612.10839844 0
v -2269.68554688 -1564.33544922 0
v -2269.68554688 -1612.10864258 0
v -2069.03857422 -1612.10864258 0
v -2135.9206543 -1612.10864258 0
v -2002.15576172 -1612.10839844 0
v -1935.27368164 -1612.10852051 0
v -1868.39111328 -1612.10852051 0
v -1801.50854492 -1612.10839844 0
v -1667.74401855 -1612.10864258 0
v -1734.62634277 -1612.10864258 0
v -1600.86132812 -1612.10839844 0
v -1533.97912598 -1612.10864258 0
v -1467.09680176 -1612.10864258 0
v -1400.21411133 -1612.10852051 0
v -1333.33203125 -1612.10852051 0
v -1266.44946289 -1612.10852051 0
v -1199.56677246 -1612.10839844 0
v -1132.68481445 -1612.10864258 0
v -1065.80224609 -1612.10852051 0
v -998.9196167 -1612.10839844 0
v -865.1550293 -1612.10852051 0
v -932.03759766 -1612.10864258 0
v -731.39038086 -1612.10864258 0
v -798.2723999 -1612.10852051 0
v -664.5078125 -1612.10864258 0
v -597.62524414 -1612.10839844 0
v -530.7432251 -1612.10864258 0
v -463.86065674 -1612.10852051 0
v -396.97802734 -1612.10852051 0
v -263.21350098 -1612.10852051 0
v -330.09576416 -1612.10864258 0
v -196.33087158 -1612.10852051 0
v -62.56628418 -1612.10852051 0
v -129.44854736 -1612.10864258 0
v 4.31628418 -1612.10852051 0
v 71.19885254 -1612.10864258 0
v 204.96350098 -1612.10852051 0
v 138.08093262 -1612.10852051 0
v 338.72814941 -1612.10839844 0
v 271.84606934 -1612.10864258 0
v 405.61071777 -1612.10864258 0
v 539.37524414 -1612.10852051 0
v 472.49316406 -1612.10864258 0
v 606.25787354 -1612.10852051 0
v 740.02258301 -1612.10839844 0
v 673.14044189 -1612.10864258 0
v 806.90509033 -1612.10852051 0
v 873.78771973 -1612.10864258 0
v 940.6697998 -1612.10839844 0
v 1007.55249023 -1612.10852051 0
v 1141.31689453 -1612.10839844 0
v 1074.43481445 -1612.10864258 0
v 1208.19958496 -1612.10864258 0
v 1275.08203125 -1612.10864258 0
v 1341.96411133 -1612.10839844 0
v 1408.84692383 -1612.10864258 0
v 1475.72924805 -1612.10864258 0
v 1542.6114502 -1612.10839844 0
v 1609.49414062 -1612.10852051 0
v 1676.37646484 -1612.10852051 0
v 1743.25854492 -1612.10839844 0
v 1810.14123535 -1612.10864258 0
v 1943.90576172 -1612.10839844 0
v 1877.02368164 -1612.10864258 0
v 2010.78833008 -1564.33532715 0
v 2010.78845215 -1468.78918457 0
v 2010.78833008 -1421.01586914 0
v 2010.78833008 -1373.24267578 0
v 1943.90600586 -1325.46960449 0
v 2010.78833008 -1277.6965332 0
v 2010.78845215 -1182.15039062 0
v 2010.78833008 -1134.3770752 0
v 1943.90600586 -1134.3770752 0
v 2010.78833008 -1086.60388184 0
v 1943.90600586 -1038.83068848 0
v 2010.78833008 -991.05755615 0
v 2010.78833008 -895.51123047 0
v 1943.90576172 -895.51123047 0
v 2010.78833008 -799.96508789 0
v 1943.90576172 -752.1918335 0
v 2010.78833008 -752.19165039 0
v 2010.78833008 -704.4185791 0
v 1943.90612793 -656.64562988 0
v 2010.78833008 -608.87231445 0
v 2010.78833008 -513.32617188 0
v 1943.90588379 -513.32611084 0
v 2010.78833008 -465.55285645 0
v 1943.90600586 -417.77978516 0
v 2010.78833008 -417.77972412 0
v 2010.78833008 -322.23345947 0
v 1943.90588379 -322.23352051 0
v 2010.78833008 -226.68731689 0
v 2010.78833008 -178.91400146 0
v 2010.78845215 -83.36785889 0
v 2010.78833008 -35.59454346 0
v 1943.90600586 12.17858887 0
v 2010.78845215 59.95166016 0
v 2010.78833008 107.72479248 0
v 1943.90600586 107.72479248 0
v 2010.78833008 155.49798584 0
v 2010.78845215 203.27105713 0
v 1943.90600586 251.04418945 0
v 2010.78845215 298.81738281 0
v 2010.78833008 346.5904541 0
v 2010.78833008 442.13677979 0
v 1943.90588379 442.13684082 0
v 2010.78833008 489.90997314 0
v 1943.90600586 537.6829834 0
v 2010.78833008 585.45629883 0
v 2010.78833008 633.22937012 0
v 2010.78845215 681.00250244 0
v 2010.78857422 728.77587891 0
v 2010.78833008 824.32189941 0
v 1943.90576172 824.32196045 0
v 2010.78845215 872.09521484 0
v 1943.90588379 919.86816406 0
v 2010.78833008 919.86828613 0
v 2010.78833008 967.64147949 0
v 1943.90588379 1015.41455078 0
v 2010.78845215 1015.41467285 0
v 2010.78833008 1110.9609375 0
v 2010.78833008 1206.50720215 0
v 1943.90600586 1206.50720215 0
v 2010.78833008 1254.28027344 0
v 2010.78833008 1349.82653809 0
v 1943.90600586 1349.82678223 0
v 2010.78833008 1397.59973145 0
v 1943.90588379 1445.3729248 0
v 1877.02355957 1445.37280273 0
v 1810.14123535 1445.3729248 0
v 1743.25866699 1445.3729248 0
v 1676.37646484 1445.37280273 0
v 1609.49414062 1445.3729248 0
v 1542.61157227 1445.3729248 0
v 1475.72924805 1445.3729248 0
v 1408.84692383 1445.37304688 0
v 1341.96435547 1445.3729248 0
v 1275.08190918 1445.3729248 0
v 1208.19934082 1445.37280273 0
v 1141.31713867 1445.37280273 0
v 1074.43481445 1445.3729248 0
v 1007.55218506 1445.37280273 0
v 940.66992188 1445.3729248 0
v 873.78759766 1445.37280273 0
v 806.90490723 1445.3729248 0
v 740.02258301 1445.37280273 0
v 673.14031982 1445.3729248 0
v 606.25769043 1445.3729248 0
v 539.37524414 1445.37280273 0
v 472.49304199 1445.3729248 0
v 405.61053467 1445.3729248 0
v 338.72814941 1445.37280273 0
v 271.84594727 1445.3729248 0
v 204.96331787 1445.37280273 0
v 138.08093262 1445.3729248 0
v 71.19873047 1445.3729248 0
v 4.31604004 1445.3729248 0
v -62.56628418 1445.37280273 0
v -129.44854736 1445.3729248 0
v -196.33111572 1445.3729248 0
v -263.21350098 1445.3729248 0
v -330.09570312 1445.37304688 0
v -396.97821045 1445.3729248 0
v -463.86065674 1445.37304688 0
v -530.74291992 1445.37304688 0
v -597.62536621 1445.3729248 0
v -664.5078125 1445.3729248 0
v -731.39019775 1445.3729248 0
v -798.27258301 1445.3729248 0
v -865.1550293 1445.3729248 0
v -932.03741455 1445.3729248 0
v -998.91973877 1445.3729248 0
v -1065.80224609 1445.3729248 0
v -1132.68457031 1445.37280273 0
v -1199.5670166 1445.3729248 0
v -1266.44946289 1445.37304688 0
v -1333.33178711 1445.37304688 0
v -1400.2142334 1445.3729248 0
v -1467.09680176 1445.37304688 0
v -1533.97900391 1445.3729248 0
v -1600.86132812 1445.37304688 0
v -1667.74401855 1445.37304688 0
v -1734.6262207 1445.3729248 0
v -1801.50866699 1445.3729248 0
v -1868.39111328 1445.3729248 0
v -1935.2734375 1445.3729248 0
v -2002.15576172 1445.3729248 0
v -2069.03857422 1445.3729248 0
v -2135.9206543 1445.37280273 0
v -2202.80322266 1445.3729248 0
v -2269.68530273 1397.59960938 0
v -2269.68554688 1445.3729248 0
v -2269.68554688 1349.82653809 0
v -2269.68579102 1302.0534668 0
v -2269.68554688 1254.28015137 0
v -2269.68530273 1206.50720215 0
v -2269.68554688 1158.73413086 0
v -2269.68530273 1110.96081543 0
v -2269.68530273 1063.18774414 0
v -2269.68554688 1015.41467285 0
v -2269.68530273 967.64135742 0
v -2269.68554688 919.86828613 0
v -2269.68530273 872.0949707 0
v -2269.68554688 824.32189941 0
v -2269.68554688 776.54888916 0
v -2269.68530273 728.77557373 0
v -2269.68530273 681.00238037 0
v -2269.68554688 633.22937012 0
v -2269.68554688 585.45611572 0
v -2269.68554688 537.68310547 0
v -2269.68554688 489.91003418 0
v -2269.68554688 442.13671875 0
v -2269.68554688 394.3637085 0
v -2269.68554688 346.5904541 0
v -2269.68554688 298.81726074 0
v -2269.68554688 251.04418945 0
v -2269.68554688 203.27105713 0
v -2269.68554688 155.49780273 0
v -2269.68554688 107.72479248 0
v -2269.68554688 59.95166016 0
v -2269.68554688 12.17840576 0
v -2269.68554688 -35.59460449 0
v -2269.68554688 -83.36785889 0
v -2269.68554688 -131.14099121 0
v -2269.68554688 -178.91400146 0
v -2269.68554688 -226.68725586 0
v -2269.68554688 -274.46044922 0
v -2269.68554688 -322.23345947 0
v -2269.68554688 -370.00665283 0
v -2269.68554688 -417.77984619 0
v -2269.68554688 -465.55285645 0
v -2269.68554688 -513.32617188 0
v -2269.68554688 -561.0993042 0
v -2269.68554688 -608.87231445 0
v -2269.68554688 -656.64556885 0
v -2269.68554688 -704.41870117 0
v -2269.68554688 -752.19165039 0
v -2269.68554688 -799.96508789 0
v -2269.68554688 -847.73828125 0
v -2269.68530273 -895.51123047 0
v -2269.68554688 -943.2845459 0
v -2269.68554688 -991.05761719 0
v -2269.68530273 -1038.83068848 0
v -2269.68554688 -1086.60388184 0
v -2269.68554688 -1134.37719727 0
v -2269.68554688 -1182.15039062 0
v -2269.68530273 -1229.92333984 0
v -2269.68554688 -1277.6965332 0
v -2269.68554688 -1325.46972656 0
v -2269.68530273 -1373.24267578 0
v -2269.68554688 -1421.01599121 0
v -2269.68579102 -1468.78918457 0
v -2269.68554688 -1516.56225586 0
v 2010.78845215 -1612.10864258 0
v 2010.78833008 -1516.56225586 0
v 2010.78845215 -1325.46972656 0
v 2010.78833008 -1229.92333984 0
v 2010.78820801 -1038.83068848 0
v 2010.78845215 -943.2845459 0
v 2010.78845215 -847.73815918 0
v 2010.78833008 -656.64556885 0
v 2010.78833008 -561.09918213 0
v 2010.78833008 -370.00671387 0
v 2010.78833008 -274.46026611 0
v 2010.78833008 -131.14086914 0
v 2010.78833008 12.17852783 0
v 2010.78845215 251.04418945 0
v 2010.78833008 394.3637085 0
v 2010.78833008 537.68310547 0
v 2010.78845215 776.54882812 0
v 2010.78833008 1063.18774414 0
v 2010.78857422 1158.73413086 0
v 2010.78845215 1302.0534668 0
v 2010.78845215 1445.3729248 0
vn 0 0 1
vn 0 0 1
vn 0 0 1
vn 0 0 1
vn 0 0 1
vn 0 0 1
vn 0 0 1
vn 0 0 1
vn 0 0 1
vn 0 0 1
vn 0 0 1
vn 0 0 1
vn 0 0 1
vn 0 0 1
vn 0 0 1
vn 0 0 1
vn 0 0 1
vn 0 0 1
vn 0 0 1
vn 0 0 1
vn 0 0 1
vn 0 0 1
vn 0 0 1
vn 0 0 1
vn 0 0 1
vn 0 0 1
vn 0 0 1
vn 0 0 1
vn 0 0 1
vn 0 0 1
vn 0 0 1
vn 0 0 1
vn 0 0 1
vn 0 0 1
vn 0 0 1
vn 0 0 1
vn 0 0 1
vn 0 0 1
vn 0 0 1
vn 0 0 1
vn 0 0 1
vn 0 0 1
vn 0 0 1
vn 0 0 1
vn 0 0 1
vn 0 0 1
vn 0 0 1
vn 0 0 1
vn 0 0 1
vn 0 0 1
vn 0 0 1
vn 0 0 1
vn 0 0 1
vn 0 0 1
vn 0 0 1
vn 0 0 1
vn 0 0 1
vn 0 0 1
vn 0 0 1
vn 0 0 1
vn 0 0 1
vn 0 0 1
vn 0 0 1
vn 0 0 1
vn 0 0 1
vn 0 0 1
vn 0 0 1
vn 0 0 1
vn 0 0 1
vn 0 0 1
vn 0 0 1
vn 0 0 1
vn 0 0 1
vn 0 0 1
vn 0 0 1
vn 0 0 1
vn 0 0 1
vn 0 0 1
vn 0 0 1
vn 0 0 1
vn 0 0 1
vn 0 0 1
vn 0 0 1
vn 0 0 1
vn 0 0 1
vn 0 0 1
vn 0 0 1
vn 0 0 1
vn 0 0 1
vn 0 0 1
vn 0 0 1
vn 0 0 1
vn 0 0 1
vn 0 0 1
vn 0 0 1
vn 0 0 1
vn 0 0 1
vn 0 0 1
vn 0 0 1
vn 0 0 1
vn 0 0 1
vn 0 0 1
vn 0 0 1
vn 0 0 1
vn 0 0 1
vn 0 0 1
vn 0 0 1
vn 0 0 1
vn 0 0 1
vn 0 0 1
vn 0 0 1
vn 0 0 1
vn 0 0 1
vn 0 0 1
vn 0 0 1
vn 0 0 1
vn 0 0 1
vn 0 0 1
vn 0 0 1
vn 0 0 1
vn 0 0 1
vn 0 0 1
vn 0 0 1
vn 0 0 1
vn 0 0 1
vn 0 0 1
vn 0 0 1
vn 0 0 1
vn 0 0 1
vn 0 0 1
vn 0 0 1
vn 0 0 1
vn 0 0 1
vn 0 0 1
vn 0 0 1
vn 0 0 1
vn 0 0 1
vn 0 0 1
vn 0 0 1
vn 0 0 1
vn 0 0 1
vn 0 0 1
vn 0 0 1
vn 0 0 1
vn 0 0 1
vn 0 0 1
vn 0 0 1
vn 0 0 1
vn 0 0 1
vn 0 0 1
vn 0 0 1
vn 0 0 1
vn 0 0 1
vn 0 0 1
vn 0 0 1
vn 0 0 1
vn 0 0 1
vn 0 0 1
vn 0 0 1
vn 0 0 1
vn 0 0 1
vn 0 0 1
vn 0 0 1
vn 0 0 1
vn 0 0 1
vn 0 0 1
vn 0 0 1
vn 0 0 1
vn 0 0 1
vn 0 0 1
vn 0 0 1
vn 0 0 1
vn 0 0 1
vn 0 0 1
vn 0 0 1
vn 0 0 1
vn 0 0 1
vn 0 0 1
vn 0 0 1
vn 0 0 1
vn 0 0 1
vn 0 0 1
vn 0 0 1
vn 0 0 1
vn 0 0 1
vn 0 0 1
vn 0 0 1
vn 0 0 1
vn 0 0 1
vn 0 0 1
vn 0 0 1
vn 0 0 1
vn 0 0 1
vn 0 0 1
vn 0 0 1
vn 0 0 1
vn 0 0 1
vn 0 0 1
vn 0 0 1
vn 0 0 1
vn 0 0 1
vn 0 0 1
vn 0 0 1
vn 0 0 1
vn 0 0 1
vn 0 0 1
vn 0 0 1
vn 0 0 1
vn 0 0 1
vn 0 0 1
vn 0 0 1
vn 0 0 1
vn 0 0 1
vn 0 0 1
vn 0 0 1
vn 0 0 1
vn 0 0 1
vn 0 0 1
vn 0 0 1
vn 0 0 1
vn 0 0 1
vn 0 0 1
vn 0 0 1
vn 0 0 1
vn 0 0 1
vn 0 0 1
vn 0 0 1
vn 0 0 1
vn 0 0 1
vn 0 0 1
vn 0 0 1
vn 0 0 1
vn 0 0 1
vn 0 0 1
vn 0 0 1
vn 0 0 1
vn 0 0 1
vn 0 0 1
vn 0 0 1
vn 0 0 1
vn 0 0 1
vn 0 0 1
vn 0 0 1
vn 0 0 1
vn 0 0 1
vn 0 0 1
vn 0 0 1
vn 0 0 1
vn 0 0 1
vn 0 0 1
vn 0 0 1
vn 0 0 1
vn 0 0 1
vn 0 0 1
vn 0 0 1
vn 0 0 1
vn 0 0 1
vn 0 0 1
vn 0 0 1
vn 0 0 1
vn 0 0 1
vn 0 0 1
vn 0 0 1
vn 0 0 1
vn 0 0 1
vn 0 0 1
vn 0 0 1
vn 0 0 1
vn 0 0 1
vn 0 0 1
vn 0 0 1
vn 0 0 1
vn 0 0 1
vn 0 0 1
vn 0 0 1
vn 0 0 1
vn 0 0 1
vn 0 0 1
vn 0 0 1
vn 0 0 1
vn 0 0 1
vn 0 0 1
vn 0 0 1
vn 0 0 1
vn 0 0 1
vn 0 0 1
vn 0 0 1
vn 0 0 1
vn 0 0 1
vn 0 0 1
vn 0 0 1
vn 0 0 1
vn 0 0 1
vn 0 0 1
vn 0 0 1
vn 0 0 1
vn 0 0 1
vn 0 0 1
vn 0 0 1
vn 0 0 1
vn 0 0 1
vn 0 0 1
vn 0 0 1
vn 0 0 1
vn 0 0 1
vn 0 0 1
vn 0 0 1
vn 0 0 1
vn 0 0 1
vn 0 0 1
vn 0 0 1
vn 0 0 1
vn 0 0 1
vn 0 0 1
vn 0 0 1
vn 0 0 1
vn 0 0 1
vn 0 0 1
vn 0 0 1
vn 0 0 1
vn 0 0 1
vn 0 0 1
vn 0 0 1
vn 0 0 1
vn 0 0 1
vn 0 0 1
vn 0 0 1
vn 0 0 1
vn 0 0 1
vn 0 0 1
vn 0 0 1
vn 0 0 1
vn 0 0 1
vn 0 0 1
vn 0 0 1
vn 0 0 1
vn 0 0 1
vn 0 0 1
vn 0 0 1
vn 0 0 1
vn 0 0 1
vn 0 0 1
vn 0 0 1
vn 0 0 1
vn 0 0 1
vn 0 0 1
vn 0 0 1
vn 0 0 1
vn 0 0 1
vn 0 0 1
vn 0 0 1
vn 0 0 1
vn 0 0 1
vn 0 0 1
vn 0 0 1
vn 0 0 1
vn 0 0 1
vn 0 0 1
vn 0 0 1
vn 0 0 1
vn 0 0 1
vn 0 0 1
vn 0 0 1
vn 0 0 1
vn 0 0 1
vn 0 0 1
vn 0 0 1
vn 0 0 1
vn 0 0 1
vn 0 0 1
vn 0 0 1
vn 0 0 1
vn 0 0 1
vn 0 0 1
vn 0 0 1
vn 0 0 1
vn 0 0 1
vn 0 0 1
vn 0 0 1
vn 0 0 1
vn 0 0 1
vn 0 0 1
vn 0 0 1
vn 0 0 1
vn 0 0 1
vn 0 0 1
vn 0 0 1
vn 0 0 1
vn 0 0 1
vn 0 0 1
vn 0 0 1
vn 0 0 1
vn 0 0 1
vn 0 0 1
vn 0 0 1
vn 0 0 1
vn 0 0 1
vn 0 0 1
vn 0 0 1
vn 0 0 1
vn 0 0 1
vn 0 0 1
vn 0 0 1
vn 0 0 1
vn 0 0 1
vn 0 0 1
vn 0 0 1
vn 0 0 1
vn 0 0 1
vn 0 0 1
vn 0 0 1
vn 0 0 1
vn 0 0 1
vn 0 0 1
vn 0 0 1
vn 0 0 1
vn 0 0 1
vn 0 0 1
vn 0 0 1
vn 0 0 1
vn 0 0 1
vn 0 0 1
vn 0 0 1
vn 0 0 1
vn 0 0 1
vn 0 0 1
vn 0 0 1
vn 0 0 1
vn 0 0 1
vn 0 0 1
vn 0 0 1
vn 0 0 1
vn 0 0 1
vn 0 0 1
vn 0 0 1
vn 0 0 1
vn 0 0 1
vn 0 0 1
vn 0 0 1
vn 0 0 1
vn 0 0 1
vn 0 0 1
vn 0 0 1
vn 0 0 1
vn 0 0 1
vn 0 0 1
vn 0 0 1
vn 0 0 1
vn 0 0 1
vn 0 0 1
vn 0 0 1
vn 0 0 1
vn 0 0 1
vn 0 0 1
vn 0 0 1
vn 0 0 1
vn 0 0 1
vn 0 0 1
vn 0 0 1
vn 0 0 1
vn 0 0 1
vn 0 0 1
vn 0 0 1
vn 0 0 1
vn 0 0 1
vn 0 0 1
vn 0 0 1
vn 0 0 1
vn 0 0 1
vn 0 0 1
vn 0 0 1
vn 0 0 1
vn 0 0 1
vn 0 0 1
vn 0 0 1
vn 0 0 1
vn 0 0 1
vn 0 0 1
vn 0 0 1
vn 0 0 1
vn 0 0 1
vn 0 0 1
vn 0 0 1
vn 0 0 1
vn 0 0 1
vn 0 0 1
vn 0 0 1
vn 0 0 1
vn 0 0 1
vn 0 0 1
vn 0 0 1
vn 0 0 1
vn 0 0 1
vn 0 0 1
vn 0 0 1
vn 0 0 1
vn 0 0 1
vn 0 0 1
vn 0 0 1
vn 0 0 1
vn 0 0 1
vn 0 0 1
vn 0 0 1
vn 0 0 1
vn 0 0 1
vn 0 0 1
vn 0 0 1
vn 0 0 1
vn 0 0 1
vn 0 0 1
vn 0 0 1
vn 0 0 1
vn 0 0 1
vn 0 0 1
vn 0 0 1
vn 0 0 1
vn 0 0 1
vn 0 0 1
vn 0 0 1
vn 0 0 1
vn 0 0 1
vn 0 0 1
vn 0 0 1
vn 0 0 1
vn 0 0 1
vn 0 0 1
vn 0 0 1
vn 0 0 1
vn 0 0 1
vn 0 0 1
vn 0 0 1
vn 0 0 1
vn 0 0 1
vn 0 0 1
vn 0 0 1
vn 0 0 1
vn 0 0 1
vn 0 0 1
vn 0 0 1
vn 0 0 1
vn 0 0 1
vn 0 0 1
vn 0 0 1
vn 0 0 1
vn 0 0 1
vn 0 0 1
vn 0 0 1
vn 0 0 1
vn 0 0 1
vn 0 0 1
vn 0 0 1
vn 0 0 1
vn 0 0 1
vn 0 0 1
vn 0 0 1
vn 0 0 1
vn 0 0 1
vn 0 0 1
vn 0 0 1
vn 0 0 1
vn 0 0 1
vn 0 0 1
vn 0 0 1
vn 0 0 1
vn 0 0 1
vn 0 0 1
vn 0 0 1
vn 0 0 1
vn 0 0 1
vn 0 0 1
vn 0 0 1
vn 0 0 1
vn 0 0 1
vn 0 0 1
vn 0 0 1
vn 0 0 1
vn 0 0 1
vn 0 0 1
vn 0 0 1
vn 0 0 1
vn 0 0 1
vn 0 0 1
vn 0 0 1
vn 0 0 1
vn 0 0 1
vn 0 0 1
vn 0 0 1
vn 0 0 1
vn 0 0 1
vn 0 0 1
vn 0 0 1
vn 0 0 1
vn 0 0 1
vn 0 0 1
vn 0 0 1
vn 0 0 1
vn 0 0 1
vn 0 0 1
vn 0 0 1
vn 0 0 1
vn 0 0 1
vn 0 0 1
vn 0 0 1
vn 0 0 1
vn 0 0 1
vn 0 0 1
vn 0 0 1
vn 0 0 1
vn 0 0 1
vn 0 0 1
vn 0 0 1
vn 0 0 1
vn 0 0 1
vn 0 0 1
vn 0 0 1
vn 0 0 1
vn 0 0 1
vn 0 0 1
vn 0 0 1
vn 0 0 1
vn 0 0 1
vn 0 0 1
vn 0 0 1
vn 0 0 1
vn 0 0 1
vn 0 0 1
vn 0 0 1
vn 0 0 1
vn 0 0 1
vn 0 0 1
vn 0 0 1
vn 0 0 1
vn 0 0 1
vn 0 0 1
vn 0 0 1
vn 0 0 1
vn 0 0 1
vn 0 0 1
vn 0 0 1
vn 0 0 1
vn 0 0 1
vn 0 0 1
vn 0 0 1
vn 0 0 1
vn 0 0 1
vn 0 0 1
vn 0 0 1
vn 0 0 1
vn 0 0 1
vn 0 0 1
vn 0 0 1
vn 0 0 1
vn 0 0 1
vn 0 0 1
vn 0 0 1
vn 0 0 1
vn 0 0 1
vn 0 0 1
vn 0 0 1
vn 0 0 1
vn 0 0 1
vn 0 0 1
vn 0 0 1
vn 0 0 1
vn 0 0 1
vn 0 0 1
vn 0 0 1
vn 0 0 1
vn 0 0 1
vn 0 0 1
vn 0 0 1
vn 0 0 1
vn 0 0 1
vn 0 0 1
vn 0 0 1
vn 0 0 1
vn 0 0 1
vn 0 0 1
vn 0 0 1
vn 0 0 1
vn 0 0 1
vn 0 0 1
vn 0 0 1
vn 0 0 1
vn 0 0 1
vn 0 0 1
vn 0 0 1
vn 0 0 1
vn 0 0 1
vn 0 0 1
vn 0 0 1
vn 0 0 1
vn 0 0 1
vn 0 0 1
vn 0 0 1
vn 0 0 1
vn 0 0 1
vn 0 0 1
vn 0 0 1
vn 0 0 1
vn 0 0 1
vn 0 0 1
vn 0 0 1
vn 0 0 1
vn 0 0 1
vn 0 0 1
vn 0 0 1
vn 0 0 1
vn 0 0 1
vn 0 0 1
vn 0 0 1
vn 0 0 1
vn 0 0 1
vn 0 0 1
vn 0 0 1
vn 0 0 1
vn 0 0 1
vn 0 0 1
vn 0 0 1
vn 0 0 1
vn 0 0 1
vn 0 0 1
vn 0 0 1
vn 0 0 1
vn 0 0 1
vn 0 0 1
vn 0 0 1
vn 0 0 1
vn 0 0 1
vn 0 0 1
vn 0 0 1
vn 0 0 1
vn 0 0 1
vn 0 0 1
vn 0 0 1
vn 0 0 1
vn 0 0 1
vn 0 0 1
vn 0 0 1
vn 0 0 1
vn 0 0 1
vn 0 0 1
vn 0 0 1
vn 0 0 1
vn 0 0 1
vn 0 0 1
vn 0 0 1
vn 0 0 1
vn 0 0 1
vn 0 0 1
vn 0 0 1
vn 0 0 1
vn 0 0 1
vn 0 0 1
vn 0 0 1
vn 0 0 1
vn 0 0 1
vn 0 0 1
vn 0 0 1
vn 0 0 1
vn 0 0 1
vn 0 0 1
vn 0 0 1
vn 0 0 1
vn 0 0 1
vn 0 0 1
vn 0 0 1
vn 0 0 1
vn 0 0 1
vn 0 0 1
vn 0 0 1
vn 0 0 1
vn 0 0 1
vn 0 0 1
vn 0 0 1
vn 0 0 1
vn 0 0 1
vn 0 0 1
vn 0 0 1
vn 0 0 1
vn 0 0 1
vn 0 0 1
vn 0 0 1
vn 0 0 1
vn 0 0 1
vn 0 0 1
vn 0 0 1
vn 0 0 1
vn 0 0 1
vn 0 0 1
vn 0 0 1
vn 0 0 1
vn 0 0 1
vn 0 0 1
vn 0 0 1
vn 0 0 1
vn 0 0 1
vn 0 0 1
vn 0 0 1
vn 0 0 1
vn 0 0 1
vn 0 0 1
vn 0 0 1
vn 0 0 1
vn 0 0 1
vn 0 0 1
vn 0 0 1
vn 0 0 1
vn 0 0 1
vn 0 0 1
vn 0 0 1
vn 0 0 1
vn 0 0 1
vn 0 0 1
vn 0 0 1
vn 0 0 1
vn 0 0 1
vn 0 0 1
vn 0 0 1
vn 0 0 1
vn 0 0 1
vn 0 0 1
vn 0 0 1
vn 0 0 1
vn 0 0 1
vn 0 0 1
vn 0 0 1
vn 0 0 1
vn 0 0 1
vn 0 0 1
vn 0 0 1
vn 0 0 1
vn 0 0 1
vn 0 0 1
vn 0 0 1
vn 0 0 1
vn 0 0 1
vn 0 0 1
vn 0 0 1
vn 0 0 1
vn 0 0 1
vn 0 0 1
vn 0 0 1
vn 0 0 1
vn 0 0 1
vn 0 0 1
vn 0 0 1
vn 0 0 1
vn 0 0 1
vn 0 0 1
vn 0 0 1
vn 0 0 1
vn 0 0 1
vn 0 0 1
vn 0 0 1
vn 0 0 1
vn 0 0 1
vn 0 0 1
vn 0 0 1
vn 0 0 1
vn 0 0 1
vn 0 0 1
vn 0 0 1
vn 0 0 1
vn 0 0 1
vn 0 0 1
vn 0 0 1
vn 0 0 1
vn 0 0 1
vn 0 0 1
vn 0 0 1
vn 0 0 1
vn 0 0 1
vn 0 0 1
vn 0 0 1
vn 0 0 1
vn 0 0 1
vn 0 0 1
vn 0 0 1
vn 0 0 1
vn 0 0 1
vn 0 0 1
vn 0 0 1
vn 0 0 1
vn 0 0 1
vn 0 0 1
vn 0 0 1
vn 0 0 1
vn 0 0 1
vn 0 0 1
vn 0 0 1
vn 0 0 1
vn 0 0 1
vn 0 0 1
vn 0 0 1
vn 0 0 1
vn 0 0 1
vn 0 0 1
vn 0 0 1
vn 0 0 1
vn 0 0 1
vn 0 0 1
vn 0 0 1
vn 0 0 1
vn 0 0 1
vn 0 0 1
vn 0 0 1
vn 0 0 1
vn 0 0 1
vn 0 0 1
vn 0 0 1
vn 0 0 1
vn 0 0 1
vn 0 0 1
vn 0 0 1
vn 0 0 1
vn 0 0 1
vn 0 0 1
vn 0 0 1
vn 0 0 1
vn 0 0 1
vn 0 0 1
vn 0 0 1
vn 0 0 1
vn 0 0 1
vn 0 0 1
vn 0 0 1
vn 0 0 1
vn 0 0 1
vn 0 0 1
vn 0 0 1
vn 0 0 1
vn 0 0 1
vn 0 0 1
vn 0 0 1
vn 0 0 1
vn 0 0 1
vn 0 0 1
vn 0 0 1
vn 0 0 1
vn 0 0 1
vn 0 0 1
vn 0 0 1
vn 0 0 1
vn 0 0 1
vn 0 0 1
vn 0 0 1
vn 0 0 1
vn 0 0 1
vn 0 0 1
vn 0 0 1
vn 0 0 1
vn 0 0 1
vn 0 0 1
vn 0 0 1
vn 0 0 1
vn 0 0 1
vn 0 0 1
vn 0 0 1
vn 0 0 1
vn 0 0 1
vn 0 0 1
vn 0 0 1
vn 0 0 1
vn 0 0 1
vn 0 0 1
vn 0 0 1
vn 0 0 1
vn 0 0 1
vn 0 0 1
vn 0 0 1
vn 0 0 1
vn 0 0 1
vn 0 0 1
vn 0 0 1
vn 0 0 1
vn 0 0 1
vn 0 0 1
vn 0 0 1
vn 0 0 1
vn 0 0 1
vn 0 0 1
vn 0 0 1
vn 0 0 1
vn 0 0 1
vn 0 0 1
vn 0 0 1
vn 0 0 1
vn 0 0 1
vn 0 0 1
vn 0 0 1
vn 0 0 1
vn 0 0 1
vn 0 0 1
vn 0 0 1
vn 0 0 1
vn 0 0 1
vn 0 0 1
vn 0 0 1
vn 0 0 1
vn 0 0 1
vn 0 0 1
vn 0 0 1
vn 0 0 1
vn 0 0 1
vn 0 0 1
vn 0 0 1
vn 0 0 1
vn 0 0 1
vn 0 0 1
vn 0 0 1
vn 0 0 1
vn 0 0 1
vn 0 0 1
vn 0 0 1
vn 0 0 1
vn 0 0 1
vn 0 0 1
vn 0 0 1
vn 0 0 1
vn 0 0 1
vn 0 0 1
vn 0 0 1
vn 0 0 1
vn 0 0 1
vn 0 0 1
vn 0 0 1
vn 0 0 1
vn 0 0 1
vn 0 0 1
vn 0 0 1
vn 0 0 1
vn 0 0 1
vn 0 0 1
vn 0 0 1
vn 0 0 1
vn 0 0 1
vn 0 0 1
vn 0 0 1
vn 0 0 1
vn 0 0 1
vn 0 0 1
vn 0 0 1
vn 0 0 1
vn 0 0 1
vn 0 0 1
vn 0 0 1
vn 0 0 1
vn 0 0 1
vn 0 0 1
vn 0 0 1
vn 0 0 1
vn 0 0 1
vn 0 0 1
vn 0 0 1
vn 0 0 1
vn 0 0 1
vn 0 0 1
vn 0 0 1
vn 0 0 1
vn 0 0 1
vn 0 0 1
vn 0 0 1
vn 0 0 1
vn 0 0 1
vn 0 0 1
vn 0 0 1
vn 0 0 1
vn 0 0 1
vn 0 0 1
vn 0 0 1
vn 0 0 1
vn 0 0 1
vn 0 0 1
vn 0 0 1
vn 0 0 1
vn 0 0 1
vn 0 0 1
vn 0 0 1
vn 0 0 1
vn 0 0 1
vn 0 0 1
vn 0 0 1
vn 0 0 1
vn 0 0 1
vn 0 0 1
vn 0 0 1
vn 0 0 1
vn 0 0 1
vn 0 0 1
vn 0 0 1
vn 0 0 1
vn 0 0 1
vn 0 0 1
vn 0 0 1
vn 0 0 1
vn 0 0 1
vn 0 0 1
vn 0 0 1
vn 0 0 1
vn 0 0 1
vn 0 0 1
vn 0 0 1
vn 0 0 1
vn 0 0 1
vn 0 0 1
vn 0 0 1
vn 0 0 1
vn 0 0 1
vn 0 0 1
vn 0 0 1
vn 0 0 1
vn 0 0 1
vn 0 0 1
vn 0 0 1
vn 0 0 1
vn 0 0 1
vn 0 0 1
vn 0 0 1
vn 0 0 1
vn 0 0 1
vn 0 0 1
vn 0 0 1
vn 0 0 1
vn 0 0 1
vn 0 0 1
vn 0 0 1
vn 0 0 1
vn 0 0 1
vn 0 0 1
vn 0 0 1
vn 0 0 1
vn 0 0 1
vn 0 0 1
vn 0 0 1
vn 0 0 1
vn 0 0 1
vn 0 0 1
vn 0 0 1
vn 0 0 1
vn 0 0 1
vn 0 0 1
vn 0 0 1
vn 0 0 1
vn 0 0 1
vn 0 0 1
vn 0 0 1
vn 0 0 1
vn 0 0 1
vn 0 0 1
vn 0 0 1
vn 0 0 1
vn 0 0 1
vn 0 0 1
vn 0 0 1
vn 0 0 1
vn 0 0 1
vn 0 0 1
vn 0 0 1
vn 0 0 1
vn 0 0 1
vn 0 0 1
vn 0 0 1
vn 0 0 1
vn 0 0 1
vn 0 0 1
vn 0 0 1
vn 0 0 1
vn 0 0 1
vn 0 0 1
vn 0 0 1
vn 0 0 1
vn 0 0 1
vn 0 0 1
vn 0 0 1
vn 0 0 1
vn 0 0 1
vn 0 0 1
vn 0 0 1
vn 0 0 1
vn 0 0 1
vn 0 0 1
vn 0 0 1
vn 0 0 1
vn 0 0 1
vn 0 0 1
vn 0 0 1
vn 0 0 1
vn 0 0 1
vn 0 0 1
vn 0 0 1
vn 0 0 1
vn 0 0 1
vn 0 0 1
vn 0 0 1
vn 0 0 1
vn 0 0 1
vn 0 0 1
vn 0 0 1
vn 0 0 1
vn 0 0 1
vn 0 0 1
vn 0 0 1
vn 0 0 1
vn 0 0 1
vn 0 0 1
vn 0 0 1
vn 0 0 1
vn 0 0 1
vn 0 0 1
vn 0 0 1
vn 0 0 1
vn 0 0 1
vn 0 0 1
vn 0 0 1
vn 0 0 1
vn 0 0 1
vn 0 0 1
vn 0 0 1
vn 0 0 1
vn 0 0 1
vn 0 0 1
vn 0 0 1
vn 0 0 1
vn 0 0 1
vn 0 0 1
vn 0 0 1
vn 0 0 1
vn 0 0 1
vn 0 0 1
vn 0 0 1
vn 0 0 1
vn 0 0 1
vn 0 0 1
vn 0 0 1
vn 0 0 1
vn 0 0 1
vn 0 0 1
vn 0 0 1
vn 0 0 1
vn 0 0 1
vn 0 0 1
vn 0 0 1
vn 0 0 1
vn 0 0 1
vn 0 0 1
vn 0 0 1
vn 0 0 1
vn 0 0 1
vn 0 0 1
vn 0 0 1
vn 0 0 1
vn 0 0 1
vn 0 0 1
vn 0 0 1
vn 0 0 1
vn 0 0 1
vn 0 0 1
vn 0 0 1
vn 0 0 1
vn 0 0 1
vn 0 0 1
vn 0 0 1
vn 0 0 1
vn 0 0 1
vn 0 0 1
vn 0 0 1
vn 0 0 1
vn 0 0 1
vn 0 0 1
vn 0 0 1
vn 0 0 1
vn 0 0 1
vn 0 0 1
vn 0 0 1
vn 0 0 1
vn 0 0 1
vn 0 0 1
vn 0 0 1
vn 0 0 1
vn 0 0 1
vn 0 0 1
vn 0 0 1
vn 0 0 1
vn 0 0 1
vn 0 0 1
vn 0 0 1
vn 0 0 1
vn 0 0 1
vn 0 0 1
vn 0 0 1
vn 0 0 1
vn 0 0 1
vn 0 0 1
vn 0 0 1
vn 0 0 1
vn 0 0 1
vn 0 0 1
vn 0 0 1
vn 0 0 1
vn 0 0 1
vn 0 0 1
vn 0 0 1
vn 0 0 1
vn 0 0 1
vn 0 0 1
vn 0 0 1
vn 0 0 1
vn 0 0 1
vn 0 0 1
vn 0 0 1
vn 0 0 1
vn 0 0 1
vn 0 0 1
vn 0 0 1
vn 0 0 1
vn 0 0 1
vn 0 0 1
vn 0 0 1
vn 0 0 1
vn 0 0 1
vn 0 0 1
vn 0 0 1
vn 0 0 1
vn 0 0 1
vn 0 0 1
vn 0 0 1
vn 0 0 1
vn 0 0 1
vn 0 0 1
vn 0 0 1
vn 0 0 1
vn 0 0 1
vn 0 0 1
vn 0 0 1
vn 0 0 1
vn 0 0 1
vn 0 0 1
vn 0 0 1
vn 0 0 1
vn 0 0 1
vn 0 0 1
vn 0 0 1
vn 0 0 1
vn 0 0 1
vn 0 0 1
vn 0 0 1
vn 0 0 1
vn 0 0 1
vn 0 0 1
vn 0 0 1
vn 0 0 1
vn 0 0 1
vn 0 0 1
vn 0 0 1
vn 0 0 1
vn 0 0 1
vn 0 0 1
vn 0 0 1
vn 0 0 1
vn 0 0 1
vn 0 0 1
vn 0 0 1
vn 0 0 1
vn 0 0 1
vn 0 0 1
vn 0 0 1
vn 0 0 1
vn 0 0 1
vn 0 0 1
vn 0 0 1
vn 0 0 1
vn 0 0 1
vn 0 0 1
vn 0 0 1
vn 0 0 1
vn 0 0 1
vn 0 0 1
vn 0 0 1
vn 0 0 1
vn 0 0 1
vn 0 0 1
vn 0 0 1
vn 0 0 1
vn 0 0 1
vn 0 0 1
vn 0 0 1
vn 0 0 1
vn 0 0 1
vn 0 0 1
vn 0 0 1
vn 0 0 1
vn 0 0 1
vn 0 0 1
vn 0 0 1
vn 0 0 1
vn 0 0 1
vn 0 0 1
vn 0 0 1
vn 0 0 1
vn 0 0 1
vn 0 0 1
vn 0 0 1
vn 0 0 1
vn 0 0 1
vn 0 0 1
vn 0 0 1
vn 0 0 1
vn 0 0 1
vn 0 0 1
vn 0 0 1
vn 0 0 1
vn 0 0 1
vn 0 0 1
vn 0 0 1
vn 0 0 1
vn 0 0 1
vn 0 0 1
vn 0 0 1
vn 0 0 1
vn 0 0 1
vn 0 0 1
vn 0 0 1
vn 0 0 1
vn 0 0 1
vn 0 0 1
vn 0 0 1
vn 0 0 1
vn 0 0 1
vn 0 0 1
vn 0 0 1
vn 0 0 1
vn 0 0 1
vn 0 0 1
vn 0 0 1
vn 0 0 1
vn 0 0 1
vn 0 0 1
vn 0 0 1
vn 0 0 1
vn 0 0 1
vn 0 0 1
vn 0 0 1
vn 0 0 1
vn 0 0 1
vn 0 0 1
vn 0 0 1
vn 0 0 1
vn 0 0 1
vn 0 0 1
vn 0 0 1
vn 0 0 1
vn 0 0 1
vn 0 0 1
vn 0 0 1
vn 0 0 1
vn 0 0 1
vn 0 0 1
vn 0 0 1
vn 0 0 1
vn 0 0 1
vn 0 0 1
vn 0 0 1
vn 0 0 1
vn 0 0 1
vn 0 0 1
vn 0 0 1
vn 0 0 1
vn 0 0 1
vn 0 0 1
vn 0 0 1
vn 0 0 1
vn 0 0 1
vn 0 0 1
vn 0 0 1
vn 0 0 1
vn 0 0 1
vn 0 0 1
vn 0 0 1
vn 0 0 1
vn 0 0 1
vn 0 0 1
vn 0 0 1
vn 0 0 1
vn 0 0 1
vn 0 0 1
vn 0 0 1
vn 0 0 1
vn 0 0 1
vn 0 0 1
vn 0 0 1
vn 0 0 1
vn 0 0 1
vn 0 0 1
vn 0 0 1
vn 0 0 1
vn 0 0 1
vn 0 0 1
vn 0 0 1
vn 0 0 1
vn 0 0 1
vn 0 0 1
vn 0 0 1
vn 0 0 1
vn 0 0 1
vn 0 0 1
vn 0 0 1
vn 0 0 1
vn 0 0 1
vn 0 0 1
vn 0 0 1
vn 0 0 1
vn 0 0 1
vn 0 0 1
vn 0 0 1
vn 0 0 1
vn 0 0 1
vn 0 0 1
vn 0 0 1
vn 0 0 1
vn 0 0 1
vn 0 0 1
vn 0 0 1
vn 0 0 1
vn 0 0 1
vn 0 0 1
vn 0 0 1
vn 0 0 1
vn 0 0 1
vn 0 0 1
vn 0 0 1
vn 0 0 1
vn 0 0 1
vn 0 0 1
vn 0 0 1
vn 0 0 1
vn 0 0 1
vn 0 0 1
vn 0 0 1
vn 0 0 1
vn 0 0 1
vn 0 0 1
vn 0 0 1
vn 0 0 1
vn 0 0 1
vn 0 0 1
vn 0 0 1
vn 0 0 1
vn 0 0 1
vn 0 0 1
vn 0 0 1
vn 0 0 1
vn 0 0 1
vn 0 0 1
vn 0 0 1
vn 0 0 1
vn 0 0 1
vn 0 0 1
vn 0 0 1
vn 0 0 1
vn 0 0 1
vn 0 0 1
vn 0 0 1
vn 0 0 1
vn 0 0 1
vn 0 0 1
vn 0 0 1
vn 0 0 1
vn 0 0 1
vn 0 0 1
vn 0 0 1
vn 0 0 1
vn 0 0 1
vn 0 0 1
vn 0 0 1
vn 0 0 1
vn 0 0 1
vn 0 0 1
vn 0 0 1
vn 0 0 1
vn 0 0 1
vn 0 0 1
vn 0 0 1
vn 0 0 1
vn 0 0 1
vn 0 0 1
vn 0 0 1
vn 0 0 1
vn 0 0 1
vn 0 0 1
vn 0 0 1
vn 0 0 1
vn 0 0 1
vn 0 0 1
vn 0 0 1
vn 0 0 1
vn 0 0 1
vn 0 0 1
vn 0 0 1
vn 0 0 1
vn 0 0 1
vn 0 0 1
vn 0 0 1
vn 0 0 1
vn 0 0 1
vn 0 0 1
vn 0 0 1
vn 0 0 1
vn 0 0 1
vn 0 0 1
vn 0 0 1
vn 0 0 1
vn 0 0 1
vn 0 0 1
vn 0 0 1
vn 0 0 1
vn 0 0 1
vn 0 0 1
vn 0 0 1
vn 0 0 1
vn 0 0 1
vn 0 0 1
vn 0 0 1
vn 0 0 1
vn 0 0 1
vn 0 0 1
vn 0 0 1
vn 0 0 1
vn 0 0 1
vn 0 0 1
vn 0 0 1
vn 0 0 1
vn 0 0 1
vn 0 0 1
vn 0 0 1
vn 0 0 1
vn 0 0 1
vn 0 0 1
vn 0 0 1
vn 0 0 1
vn 0 0 1
vn 0 0 1
vn 0 0 1
vn 0 0 1
vn 0 0 1
vn 0 0 1
vn 0 0 1
vn 0 0 1
vn 0 0 1
vn 0 0 1
vn 0 0 1
vn 0 0 1
vn 0 0 1
vn 0 0 1
vn 0 0 1
vn 0 0 1
vn 0 0 1
vn 0 0 1
vn 0 0 1
vn 0 0 1
vn 0 0 1
vn 0 0 1
vn 0 0 1
vn 0 0 1
vn 0 0 1
vn 0 0 1
vn 0 0 1
vn 0 0 1
vn 0 0 1
vn 0 0 1
vn 0 0 1
vn 0 0 1
vn 0 0 1
vn 0 0 1
vn 0 0 1
vn 0 0 1
vn 0 0 1
vn 0 0 1
vn 0 0 1
vn 0 0 1
vn 0 0 1
vn 0 0 1
vn 0 0 1
vn 0 0 1
vn 0 0 1
vn 0 0 1
vn 0 0 1
vn 0 0 1
vn 0 0 1
vn 0 0 1
vn 0 0 1
vn 0 0 1
vn 0 0 1
vn 0 0 1
vn 0 0 1
vn 0 0 1
vn 0 0 1
vn 0 0 1
vn 0 0 1
vn 0 0 1
vn 0 0 1
vn 0 0 1
vn 0 0 1
vn 0 0 1
vn 0 0 1
vn 0 0 1
vn 0 0 1
vn 0 0 1
vn 0 0 1
vn 0 0 1
vn 0 0 1
vn 0 0 1
vn 0 0 1
vn 0 0 1
vn 0 0 1
vn 0 0 1
vn 0 0 1
vn 0 0 1
vn 0 0 1
vn 0 0 1
vn 0 0 1
vn 0 0 1
vn 0 0 1
vn 0 0 1
vn 0 0 1
vn 0 0 1
vn 0 0 1
vn 0 0 1
vn 0 0 1
vn 0 0 1
vn 0 0 1
vn 0 0 1
vn 0 0 1
vn 0 0 1
vn 0 0 1
vn 0 0 1
vn 0 0 1
vn 0 0 1
vn 0 0 1
vn 0 0 1
vn 0 0 1
vn 0 0 1
vn 0 0 1
vn 0 0 1
vn 0 0 1
vn 0 0 1
vn 0 0 1
vn 0 0 1
vn 0 0 1
vn 0 0 1
vn 0 0 1
vn 0 0 1
vn 0 0 1
vn 0 0 1
vn 0 0 1
vn 0 0 1
vn 0 0 1
vn 0 0 1
vn 0 0 1
vn 0 0 1
vn 0 0 1
vn 0 0 1
vn 0 0 1
vn 0 0 1
vn 0 0 1
vn 0 0 1
vn 0 0 1
vn 0 0 1
vn 0 0 1
vn 0 0 1
vn 0 0 1
vn 0 0 1
vn 0 0 1
vn 0 0 1
vn 0 0 1
vn 0 0 1
vn 0 0 1
vn 0 0 1
vn 0 0 1
vn 0 0 1
vn 0 0 1
vn 0 0 1
vn 0 0 1
vn 0 0 1
vn 0 0 1
vn 0 0 1
vn 0 0 1
vn 0 0 1
vn 0 0 1
vn 0 0 1
vn 0 0 1
vn 0 0 1
vn 0 0 1
vn 0 0 1
vn 0 0 1
vn 0 0 1
vn 0 0 1
vn 0 0 1
vn 0 0 1
vn 0 0 1
vn 0 0 1
vn 0 0 1
vn 0 0 1
vn 0 0 1
vn 0 0 1
vn 0 0 1
vn 0 0 1
vn 0 0 1
vn 0 0 1
vn 0 0 1
vn 0 0 1
vn 0 0 1
vn 0 0 1
vn 0 0 1
vn 0 0 1
vn 0 0 1
vn 0 0 1
vn 0 0 1
vn 0 0 1
vn 0 0 1
vn 0 0 1
vn 0 0 1
vn 0 0 1
vn 0 0 1
vn 0 0 1
vn 0 0 1
vn 0 0 1
vn 0 0 1
vn 0 0 1
vn 0 0 1
vn 0 0 1
vn 0 0 1
vn 0 0 1
vn 0 0 1
vn 0 0 1
vn 0 0 1
vn 0 0 1
vn 0 0 1
vn 0 0 1
vn 0 0 1
vn 0 0 1
vn 0 0 1
vn 0 0 1
vn 0 0 1
vn 0 0 1
vn 0 0 1
vn 0 0 1
vn 0 0 1
vn 0 0 1
vn 0 0 1
vn 0 0 1
vn 0 0 1
vn 0 0 1
vn 0 0 1
vn 0 0 1
vn 0 0 1
vn 0 0 1
vn 0 0 1
vn 0 0 1
vn 0 0 1
vn 0 0 1
vn 0 0 1
vn 0 0 1
vn 0 0 1
vn 0 0 1
vn 0 0 1
vn 0 0 1
vn 0 0 1
vn 0 0 1
vn 0 0 1
vn 0 0 1
vn 0 0 1
vn 0 0 1
vn 0 0 1
vn 0 0 1
vn 0 0 1
vn 0 0 1
vn 0 0 1
vn 0 0 1
vn 0 0 1
vn 0 0 1
vn 0 0 1
vn 0 0 1
vn 0 0 1
vn 0 0 1
vn 0 0 1
vn 0 0 1
vn 0 0 1
vn 0 0 1
vn 0 0 1
vn 0 0 1
vn 0 0 1
vn 0 0 1
vn 0 0 1
vn 0 0 1
vn 0 0 1
vn 0 0 1
vn 0 0 1
vn 0 0 1
vn 0 0 1
vn 0 0 1
vn 0 0 1
vn 0 0 1
vn 0 0 1
vn 0 0 1
vn 0 0 1
vn 0 0 1
vn 0 0 1
vn 0 0 1
vn 0 0 1
vn 0 0 1
vn 0 0 1
vn 0 0 1
vn 0 0 1
vn 0 0 1
vn 0 0 1
vn 0 0 1
vn 0 0 1
vn 0 0 1
vn 0 0 1
vn 0 0 1
vn 0 0 1
vn 0 0 1
vn 0 0 1
vn 0 0 1
vn 0 0 1
vn 0 0 1
vn 0 0 1
vn 0 0 1
vn 0 0 1
vn 0 0 1
vn 0 0 1
vn 0 0 1
vn 0 0 1
vn 0 0 1
vn 0 0 1
vn 0 0 1
vn 0 0 1
vn 0 0 1
vn 0 0 1
vn 0 0 1
vn 0 0 1
vn 0 0 1
vn 0 0 1
vn 0 0 1
vn 0 0 1
vn 0 0 1
vn 0 0 1
vn 0 0 1
vn 0 0 1
vn 0 0 1
vn 0 0 1
vn 0 0 1
vn 0 0 1
vn 0 0 1
vn 0 0 1
vn 0 0 1
vn 0 0 1
vn 0 0 1
vn 0 0 1
vn 0 0 1
vn 0 0 1
vn 0 0 1
vn 0 0 1
vn 0 0 1
vn 0 0 1
vn 0 0 1
vn 0 0 1
vn 0 0 1
vn 0 0 1
vn 0 0 1
vn 0 0 1
vn 0 0 1
vn 0 0 1
vn 0 0 1
vn 0 0 1
vn 0 0 1
vn 0 0 1
vn 0 0 1
vn 0 0 1
vn 0 0 1
vn 0 0 1
vn 0 0 1
vn 0 0 1
vn 0 0 1
vn 0 0 1
vn 0 0 1
vn 0 0 1
vn 0 0 1
vn 0 0 1
vn 0 0 1
vn 0 0 1
vn 0 0 1
vn 0 0 1
vn 0 0 1
vn 0 0 1
vn 0 0 1
vn 0 0 1
vn 0 0 1
vn 0 0 1
vn 0 0 1
vn 0 0 1
vn 0 0 1
vn 0 0 1
vn 0 0 1
vn 0 0 1
vn 0 0 1
vn 0 0 1
vn 0 0 1
vn 0 0 1
vn 0 0 1
vn 0 0 1
vn 0 0 1
vn 0 0 1
vn 0 0 1
vn 0 0 1
vn 0 0 1
vn 0 0 1
vn 0 0 1
vn 0 0 1
vn 0 0 1
vn 0 0 1
vn 0 0 1
vn 0 0 1
vn 0 0 1
vn 0 0 1
vn 0 0 1
vn 0 0 1
vn 0 0 1
vn 0 0 1
vn 0 0 1
vn 0 0 1
vn 0 0 1
vn 0 0 1
vn 0 0 1
vn 0 0 1
vn 0 0 1
vn 0 0 1
vn 0 0 1
vn 0 0 1
vn 0 0 1
vn 0 0 1
vn 0 0 1
vn 0 0 1
vn 0 0 1
vn 0 0 1
vn 0 0 1
vn 0 0 1
vn 0 0 1
vn 0 0 1
vn 0 0 1
vn 0 0 1
vn 0 0 1
vn 0 0 1
vn 0 0 1
vn 0 0 1
vn 0 0 1
vn 0 0 1
vn 0 0 1
vn 0 0 1
vn 0 0 1
vn 0 0 1
vn 0 0 1
vn 0 0 1
vn 0 0 1
vn 0 0 1
vn 0 0 1
vn 0 0 1
vn 0 0 1
vn 0 0 1
vn 0 0 1
vn 0 0 1
vn 0 0 1
vn 0 0 1
vn 0 0 1
vn 0 0 1
vn 0 0 1
vn 0 0 1
vn 0 0 1
vn 0 0 1
vn 0 0 1
vn 0 0 1
vn 0 0 1
vn 0 0 1
vn 0 0 1
vn 0 0 1
vn 0 0 1
vn 0 0 1
vn 0 0 1
vn 0 0 1
vn 0 0 1
vn 0 0 1
vn 0 0 1
vn 0 0 1
vn 0 0 1
vn 0 0 1
vn 0 0 1
vn 0 0 1
vn 0 0 1
vn 0 0 1
vn 0 0 1
vn 0 0 1
vn 0 0 1
vn 0 0 1
vn 0 0 1
vn 0 0 1
vn 0 0 1
vn 0 0 1
vn 0 0 1
vn 0 0 1
vn 0 0 1
vn 0 0 1
vn 0 0 1
vn 0 0 1
vn 0 0 1
vn 0 0 1
vn 0 0 1
vn 0 0 1
vn 0 0 1
vn 0 0 1
vn 0 0 1
vn 0 0 1
vn 0 0 1
vn 0 0 1
vn 0 0 1
vn 0 0 1
vn 0 0 1
vn 0 0 1
vn 0 0 1
vn 0 0 1
vn 0 0 1
vn 0 0 1
vn 0 0 1
vn 0 0 1
vn 0 0 1
vn 0 0 1
vn 0 0 1
vn 0 0 1
vn 0 0 1
vn 0 0 1
vn 0 0 1
vn 0 0 1
vn 0 0 1
vn 0 0 1
vn 0 0 1
vn 0 0 1
vn 0 0 1
vn 0 0 1
vn 0 0 1
vn 0 0 1
vn 0 0 1
vn 0 0 1
vn 0 0 1
vn 0 0 1
vn 0 0 1
vn 0 0 1
vn 0 0 1
vn 0 0 1
vn 0 0 1
vn 0 0 1
vn 0 0 1
vn 0 0 1
vn 0 0 1
vn 0 0 1
vn 0 0 1
vn 0 0 1
vn 0 0 1
vn 0 0 1
vn 0 0 1
vn 0 0 1
vn 0 0 1
vn 0 0 1
vn 0 0 1
vn 0 0 1
vn 0 0 1
vn 0 0 1
vn 0 0 1
vn 0 0 1
vn 0 0 1
vn 0 0 1
vn 0 0 1
vn 0 0 1
vn 0 0 1
vn 0 0 1
vn 0 0 1
vn 0 0 1
vn 0 0 1
vn 0 0 1
vn 0 0 1
vn 0 0 1
vn 0 0 1
vn 0 0 1
vn 0 0 1
vn 0 0 1
vn 0 0 1
vn 0 0 1
vn 0 0 1
vn 0 0 1
vn 0 0 1
vn 0 0 1
vn 0 0 1
vn 0 0 1
vn 0 0 1
vn 0 0 1
vn 0 0 1
vn 0 0 1
vn 0 0 1
vn 0 0 1
vn 0 0 1
vn 0 0 1
vn 0 0 1
vn 0 0 1
vn 0 0 1
vn 0 0 1
vn 0 0 1
vn 0 0 1
vn 0 0 1
vn 0 0 1
vn 0 0 1
vn 0 0 1
vn 0 0 1
vn 0 0 1
vn 0 0 1
vn 0 0 1
vn 0 0 1
vn 0 0 1
vn 0 0 1
vn 0 0 1
vn 0 0 1
vn 0 0 1
vn 0 0 1
vn 0 0 1
vn 0 0 1
vn 0 0 1
vn 0 0 1
vn 0 0 1
vn 0 0 1
vn 0 0 1
vn 0 0 1
vn 0 0 1
vn 0 0 1
vn 0 0 1
vn 0 0 1
vn 0 0 1
vn 0 0 1
vn 0 0 1
vn 0 0 1
vn 0 0 1
vn 0 0 1
vn 0 0 1
vn 0 0 1
vn 0 0 1
vn 0 0 1
vn 0 0 1
vn 0 0 1
vn 0 0 1
vn 0 0 1
vn 0 0 1
vn 0 0 1
vn 0 0 1
vn 0 0 1
vn 0 0 1
vn 0 0 1
vn 0 0 1
vn 0 0 1
vn 0 0 1
vn 0 0 1
vn 0 0 1
vn 0 0 1
vn 0 0 1
vn 0 0 1
vn 0 0 1
vn 0 0 1
vn 0 0 1
vn 0 0 1
vn 0 0 1
vn 0 0 1
vn 0 0 1
vn 0 0 1
vn 0 0 1
vn 0 0 1
vn 0 0 1
vn 0 0 1
vn 0 0 1
vn 0 0 1
vn 0 0 1
vn 0 0 1
vn 0 0 1
vn 0 0 1
vn 0 0 1
vn 0 0 1
vn 0 0 1
vn 0 0 1
vn 0 0 1
vn 0 0 1
vn 0 0 1
vn 0 0 1
vn 0 0 1
vn 0 0 1
vn 0 0 1
vn 0 0 1
vn 0 0 1
vn 0 0 1
vn 0 0 1
vn 0 0 1
vn 0 0 1
vn 0 0 1
vn 0 0 1
vn 0 0 1
vn 0 0 1
vn 0 0 1
vn 0 0 1
vn 0 0 1
vn 0 0 1
vn 0 0 1
vn 0 0 1
vn 0 0 1
vn 0 0 1
vn 0 0 1
vn 0 0 1
vn 0 0 1
vn 0 0 1
vn 0 0 1
vn 0 0 1
vn 0 0 1
vn 0 0 1
vn 0 0 1
vn 0 0 1
vn 0 0 1
vn 0 0 1
vn 0 0 1
vn 0 0 1
vn 0 0 1
vn 0 0 1
vn 0 0 1
vn 0 0 1
vn 0 0 1
vn 0 0 1
vn 0 0 1
vn 0 0 1
vn 0 0 1
vn 0 0 1
vn 0 0 1
vn 0 0 1
vn 0 0 1
vn 0 0 1
vn 0 0 1
vn 0 0 1
vn 0 0 1
vn 0 0 1
vn 0 0 1
vn 0 0 1
vn 0 0 1
vn 0 0 1
vn 0 0 1
vn 0 0 1
vn 0 0 1
vn 0 0 1
vn 0 0 1
vn 0 0 1
vn 0 0 1
vn 0 0 1
vn 0 0 1
vn 0 0 1
vn 0 0 1
vn 0 0 1
vn 0 0 1
vn 0 0 1
vn 0 0 1
vn 0 0 1
vn 0 0 1
vn 0 0 1
vn 0 0 1
vn 0 0 1
vn 0 0 1
vn 0 0 1
vn 0 0 1
vn 0 0 1
vn 0 0 1
vn 0 0 1
vn 0 0 1
vn 0 0 1
vn 0 0 1
vn 0 0 1
vn 0 0 1
vn 0 0 1
vn 0 0 1
vn 0 0 1
vn 0 0 1
vn 0 0 1
vn 0 0 1
vn 0 0 1
vn 0 0 1
vn 0 0 1
vn 0 0 1
vn 0 0 1
vn 0 0 1
vn 0 0 1
vn 0 0 1
vn 0 0 1
vn 0 0 1
vn 0 0 1
vn 0 0 1
vn 0 0 1
vn 0 0 1
vn 0 0 1
vn 0 0 1
vn 0 0 1
vn 0 0 1
vn 0 0 1
vn 0 0 1
vn 0 0 1
vn 0 0 1
vn 0 0 1
vn 0 0 1
vn 0 0 1
vn 0 0 1
vn 0 0 1
vn 0 0 1
vn 0 0 1
vn 0 0 1
vn 0 0 1
vn 0 0 1
vn 0 0 1
vn 0 0 1
vn 0 0 1
vn 0 0 1
vn 0 0 1
vn 0 0 1
vn 0 0 1
vn 0 0 1
vn 0 0 1
vn 0 0 1
vn 0 0 1
vn 0 0 1
vn 0 0 1
vn 0 0 1
vn 0 0 1
vn 0 0 1
vn 0 0 1
vn 0 0 1
vn 0 0 1
vn 0 0 1
vn 0 0 1
vn 0 0 1
vn 0 0 1
vn 0 0 1
vn 0 0 1
vn 0 0 1
vn 0 0 1
vn 0 0 1
vn 0 0 1
vn 0 0 1
vn 0 0 1
vn 0 0 1
vn 0 0 1
vn 0 0 1
vn 0 0 1
vn 0 0 1
vn 0 0 1
vn 0 0 1
vn 0 0 1
vn 0 0 1
vn 0 0 1
vn 0 0 1
vn 0 0 1
vn 0 0 1
vn 0 0 1
vn 0 0 1
vn 0 0 1
vn 0 0 1
vn 0 0 1
vn 0 0 1
vn 0 0 1
vn 0 0 1
vn 0 0 1
vn 0 0 1
vn 0 0 1
vn 0 0 1
vn 0 0 1
vn 0 0 1
vn 0 0 1
vn 0 0 1
vn 0 0 1
vn 0 0 1
vn 0 0 1
vn 0 0 1
vn 0 0 1
vn 0 0 1
vn 0 0 1
vn 0 0 1
vn 0 0 1
vn 0 0 1
vn 0 0 1
vn 0 0 1
vn 0 0 1
vn 0 0 1
vn 0 0 1
vn 0 0 1
vn 0 0 1
vn 0 0 1
vn 0 0 1
vn 0 0 1
vn 0 0 1
vn 0 0 1
vn 0 0 1
vn 0 0 1
vn 0 0 1
vn 0 0 1
vn 0 0 1
vn 0 0 1
vn 0 0 1
vn 0 0 1
vn 0 0 1
vn 0 0 1
vn 0 0 1
vn 0 0 1
vn 0 0 1
vn 0 0 1
vn 0 0 1
vn 0 0 1
vn 0 0 1
vn 0 0 1
vn 0 0 1
vn 0 0 1
vn 0 0 1
vn 0 0 1
vn 0 0 1
vn 0 0 1
vn 0 0 1
vn 0 0 1
vn 0 0 1
vn 0 0 1
vn 0 0 1
vn 0 0 1
vn 0 0 1
vn 0 0 1
vn 0 0 1
vn 0 0 1
vn 0 0 1
vn 0 0 1
vn 0 0 1
vn 0 0 1
vn 0 0 1
vn 0 0 1
vn 0 0 1
vn 0 0 1
vn 0 0 1
vn 0 0 1
vn 0 0 1
vn 0 0 1
vn 0 0 1
vn 0 0 1
vn 0 0 1
vn 0 0 1
vn 0 0 1
vn 0 0 1
vn 0 0 1
vn 0 0 1
vn 0 0 1
vn 0 0 1
vn 0 0 1
vn 0 0 1
vn 0 0 1
vn 0 0 1
vn 0 0 1
vn 0 0 1
vn 0 0 1
vn 0 0 1
vn 0 0 1
vn 0 0 1
vn 0 0 1
vn 0 0 1
vn 0 0 1
vn 0 0 1
vn 0 0 1
vn 0 0 1
vn 0 0 1
vn 0 0 1
vn 0 0 1
vn 0 0 1
vn 0 0 1
vn 0 0 1
vn 0 0 1
vn 0 0 1
vn 0 0 1
vn 0 0 1
vn 0 0 1
vn 0 0 1
vn 0 0 1
vn 0 0 1
vn 0 0 1
vn 0 0 1
vn 0 0 1
vn 0 0 1
vn 0 0 1
vn 0 0 1
vn 0 0 1
vn 0 0 1
vn 0 0 1
vn 0 0 1
vn 0 0 1
vn 0 0 1
vn 0 0 1
vn 0 0 1
vn 0 0 1
vn 0 0 1
vn 0 0 1
vn 0 0 1
vn 0 0 1
vn 0 0 1
vn 0 0 1
vn 0 0 1
vn 0 0 1
vn 0 0 1
vn 0 0 1
vn 0 0 1
vn 0 0 1
vn 0 0 1
vn 0 0 1
vn 0 0 1
vn 0 0 1
vn 0 0 1
vn 0 0 1
vn 0 0 1
vn 0 0 1
vn 0 0 1
vn 0 0 1
vn 0 0 1
vn 0 0 1
vn 0 0 1
vn 0 0 1
vn 0 0 1
vn 0 0 1
vn 0 0 1
vn 0 0 1
vn 0 0 1
vn 0 0 1
vn 0 0 1
vn 0 0 1
vn 0 0 1
vn 0 0 1
vn 0 0 1
vn 0 0 1
vn 0 0 1
vn 0 0 1
vn 0 0 1
vn 0 0 1
vn 0 0 1
vn 0 0 1
vn 0 0 1
vn 0 0 1
vn 0 0 1
vn 0 0 1
vn 0 0 1
vn 0 0 1
vn 0 0 1
vn 0 0 1
vn 0 0 1
vn 0 0 1
vn 0 0 1
vn 0 0 1
vn 0 0 1
vn 0 0 1
vn 0 0 1
vn 0 0 1
vn 0 0 1
vn 0 0 1
vn 0 0 1
vn 0 0 1
vn 0 0 1
vn 0 0 1
vn 0 0 1
vn 0 0 1
vn 0 0 1
vn 0 0 1
vn 0 0 1
vn 0 0 1
vn 0 0 1
vn 0 0 1
vn 0 0 1
vn 0 0 1
vn 0 0 1
vn 0 0 1
vn 0 0 1
vn 0 0 1
vn 0 0 1
vn 0 0 1
vn 0 0 1
vn 0 0 1
vn 0 0 1
vn 0 0 1
vn 0 0 1
vn 0 0 1
vn 0 0 1
vn 0 0 1
vn 0 0 1
vn 0 0 1
vn 0 0 1
vn 0 0 1
vn 0 0 1
vn 0 0 1
vn 0 0 1
vn 0 0 1
vn 0 0 1
vn 0 0 1
vn 0 0 1
vn 0 0 1
vn 0 0 1
vn 0 0 1
vn 0 0 1
vn 0 0 1
vn 0 0 1
vn 0 0 1
vn 0 0 1
vn 0 0 1
vn 0 0 1
vn 0 0 1
vn 0 0 1
vn 0 0 1
vn 0 0 1
vn 0 0 1
vn 0 0 1
vn 0 0 1
vn 0 0 1
vn 0 0 1
vn 0 0 1
vn 0 0 1
vn 0 0 1
vn 0 0 1
vn 0 0 1
vn 0 0 1
vn 0 0 1
vn 0 0 1
vn 0 0 1
vn 0 0 1
vn 0 0 1
vn 0 0 1
vn 0 0 1
vn 0 0 1
vn 0 0 1
vn 0 0 1
vn 0 0 1
vn 0 0 1
vn 0 0 1
vn 0 0 1
vn 0 0 1
vn 0 0 1
vn 0 0 1
vn 0 0 1
vn 0 0 1
vn 0 0 1
vn 0 0 1
vn 0 0 1
vn 0 0 1
vn 0 0 1
vn 0 0 1
vn 0 0 1
vn 0 0 1
vn 0 0 1
vn 0 0 1
vn 0 0 1
vn 0 0 1
vn 0 0 1
vn 0 0 1
vn 0 0 1
vn 0 0 1
vn 0 0 1
vn 0 0 1
vn 0 0 1
vn 0 0 1
vn 0 0 1
vn 0 0 1
vn 0 0 1
vn 0 0 1
vn 0 0 1
vn 0 0 1
vn 0 0 1
vn 0 0 1
vn 0 0 1
vn 0 0 1
vn 0 0 1
vn 0 0 1
vn 0 0 1
vn 0 0 1
vn 0 0 1
vn 0 0 1
vn 0 0 1
vn 0 0 1
vn 0 0 1
vn 0 0 1
vn 0 0 1
vn 0 0 1
vn 0 0 1
vn 0 0 1
vn 0 0 1
vn 0 0 1
vn 0 0 1
vn 0 0 1
vn 0 0 1
vn 0 0 1
vn 0 0 1
vn 0 0 1
vn 0 0 1
vn 0 0 1
vn 0 0 1
vn 0 0 1
vn 0 0 1
vn 0 0 1
vn 0 0 1
vn 0 0 1
vn 0 0 1
vn 0 0 1
vn 0 0 1
vn 0 0 1
vn 0 0 1
vn 0 0 1
vn 0 0 1
vn 0 0 1
vn 0 0 1
vn 0 0 1
vn 0 0 1
vn 0 0 1
vn 0 0 1
vn 0 0 1
vn 0 0 1
vn 0 0 1
vn 0 0 1
vn 0 0 1
vn 0 0 1
vn 0 0 1
vn 0 0 1
vn 0 0 1
vn 0 0 1
vn 0 0 1
vn 0 0 1
vn 0 0 1
vn 0 0 1
vn 0 0 1
vn 0 0 1
vn 0 0 1
vn 0 0 1
vn 0 0 1
vn 0 0 1
vn 0 0 1
vn 0 0 1
vn 0 0 1
vn 0 0 1
vn 0 0 1
vn 0 0 1
vn 0 0 1
vn 0 0 1
vn 0 0 1
vn 0 0 1
vn 0 0 1
vn 0 0 1
vn 0 0 1
vn 0 0 1
vn 0 0 1
vn 0 0 1
vn 0 0 1
vn 0 0 1
vn 0 0 1
vn 0 0 1
vn 0 0 1
vn 0 0 1
vn 0 0 1
vn 0 0 1
vn 0 0 1
vn 0 0 1
vn 0 0 1
vn 0 0 1
vn 0 0 1
vn 0 0 1
vn 0 0 1
vn 0 0 1
vn 0 0 1
vn 0 0 1
vn 0 0 1
vn 0 0 1
vn 0 0 1
vn 0 0 1
vn 0 0 1
vn 0 0 1
vn 0 0 1
vn 0 0 1
vn 0 0 1
vn 0 0 1
vn 0 0 1
vn 0 0 1
vn 0 0 1
vn 0 0 1
vn 0 0 1
vn 0 0 1
vn 0 0 1
vn 0 0 1
vn 0 0 1
vn 0 0 1
vn 0 0 1
vn 0 0 1
vn 0 0 1
vn 0 0 1
vn 0 0 1
vn 0 0 1
vn 0 0 1
vn 0 0 1
vn 0 0 1
vn 0 0 1
vn 0 0 1
vn 0 0 1
vn 0 0 1
vn 0 0 1
vn 0 0 1
vn 0 0 1
vn 0 0 1
vn 0 0 1
vn 0 0 1
vn 0 0 1
vn 0 0 1
vn 0 0 1
vn 0 0 1
vn 0 0 1
vn 0 0 1
vn 0 0 1
vn 0 0 1
vn 0 0 1
vn 0 0 1
vn 0 0 1
vn 0 0 1
vn 0 0 1
vn 0 0 1
vn 0 0 1
vn 0 0 1
vn 0 0 1
vn 0 0 1
vn 0 0 1
vn 0 0 1
vn 0 0 1
vn 0 0 1
vn 0 0 1
vn 0 0 1
vn 0 0 1
vn 0 0 1
vn 0 0 1
vn 0 0 1
vn 0 0 1
vn 0 0 1
vn 0 0 1
vn 0 0 1
vn 0 0 1
vn 0 0 1
vn 0 0 1
vn 0 0 1
vn 0 0 1
vn 0 0 1
vn 0 0 1
vn 0 0 1
vn 0 0 1
vn 0 0 1
vn 0 0 1
vn 0 0 1
vn 0 0 1
vn 0 0 1
vn 0 0 1
vn 0 0 1
vn 0 0 1
vn 0 0 1
vn 0 0 1
vn 0 0 1
vn 0 0 1
vn 0 0 1
vn 0 0 1
vn 0 0 1
vn 0 0 1
vn 0 0 1
vn 0 0 1
vn 0 0 1
vn 0 0 1
vn 0 0 1
vn 0 0 1
vn 0 0 1
vn 0 0 1
vn 0 0 1
vn 0 0 1
vn 0 0 1
vn 0 0 1
vn 0 0 1
vn 0 0 1
vn 0 0 1
vn 0 0 1
vn 0 0 1
vn 0 0 1
vn 0 0 1
vn 0 0 1
vn 0 0 1
vn 0 0 1
vn 0 0 1
vn 0 0 1
vn 0 0 1
vn 0 0 1
vn 0 0 1
vn 0 0 1
vn 0 0 1
vn 0 0 1
vn 0 0 1
vn 0 0 1
vn 0 0 1
vn 0 0 1
vn 0 0 1
vn 0 0 1
vn 0 0 1
vn 0 0 1
vn 0 0 1
vn 0 0 1
vn 0 0 1
vn 0 0 1
vn 0 0 1
vn 0 0 1
vn 0 0 1
vn 0 0 1
vn 0 0 1
vn 0 0 1
vn 0 0 1
vn 0 0 1
vn 0 0 1
vn 0 0 1
vn 0 0 1
vn 0 0 1
vn 0 0 1
vn 0 0 1
vn 0 0 1
vn 0 0 1
vn 0 0 1
vn 0 0 1
vn 0 0 1
vn 0 0 1
vn 0 0 1
vn 0 0 1
vn 0 0 1
vn 0 0 1
vn 0 0 1
vn 0 0 1
vn 0 0 1
vn 0 0 1
vn 0 0 1
vn 0 0 1
vn 0 0 1
vn 0 0 1
vn 0 0 1
vn 0 0 1
vn 0 0 1
vn 0 0 1
vn 0 0 1
vn 0 0 1
vn 0 0 1
vn 0 0 1
vn 0 0 1
vn 0 0 1
vn 0 0 1
vn 0 0 1
vn 0 0 1
vn 0 0 1
vn 0 0 1
vn 0 0 1
vn 0 0 1
vn 0 0 1
vn 0 0 1
vn 0 0 1
vn 0 0 1
vn 0 0 1
vn 0 0 1
vn 0 0 1
vn 0 0 1
vn 0 0 1
vn 0 0 1
vn 0 0 1
vn 0 0 1
vn 0 0 1
vn 0 0 1
vn 0 0 1
vn 0 0 1
vn 0 0 1
vn 0 0 1
vn 0 0 1
vn 0 0 1
vn 0 0 1
vn 0 0 1
vn 0 0 1
vn 0 0 1
vn 0 0 1
vn 0 0 1
vn 0 0 1
vn 0 0 1
vn 0 0 1
vn 0 0 1
vn 0 0 1
vn 0 0 1
vn 0 0 1
vn 0 0 1
vn 0 0 1
vn 0 0 1
vn 0 0 1
vn 0 0 1
vn 0 0 1
vn 0 0 1
vn 0 0 1
vn 0 0 1
vn 0 0 1
vn 0 0 1
vn 0 0 1
vn 0 0 1
vn 0 0 1
vn 0 0 1
vn 0 0 1
vn 0 0 1
vn 0 0 1
vn 0 0 1
vn 0 0 1
vn 0 0 1
vn 0 0 1
vn 0 0 1
vn 0 0 1
vn 0 0 1
vn 0 0 1
vn 0 0 1
vn 0 0 1
vn 0 0 1
vn 0 0 1
vn 0 0 1
vn 0 0 1
vn 0 0 1
vn 0 0 1
vn 0 0 1
vn 0 0 1
vn 0 0 1
vn 0 0 1
vn 0 0 1
vn 0 0 1
vn 0 0 1
vn 0 0 1
vn 0 0 1
vn 0 0 1
vn 0 0 1
vn 0 0 1
vn 0 0 1
vn 0 0 1
vn 0 0 1
vn 0 0 1
vn 0 0 1
vn 0 0 1
vn 0 0 1
vn 0 0 1
vn 0 0 1
vn 0 0 1
vn 0 0 1
vn 0 0 1
vn 0 0 1
vn 0 0 1
vn 0 0 1
vn 0 0 1
vn 0 0 1
vn 0 0 1
vn 0 0 1
vn 0 0 1
vn 0 0 1
vn 0 0 1
vn 0 0 1
vn 0 0 1
vn 0 0 1
vn 0 0 1
vn 0 0 1
vn 0 0 1
vn 0 0 1
vn 0 0 1
vn 0 0 1
vn 0 0 1
vn 0 0 1
vn 0 0 1
vn 0 0 1
vn 0 0 1
vn 0 0 1
vn 0 0 1
vn 0 0 1
vn 0 0 1
vn 0 0 1
vn 0 0 1
vn 0 0 1
vn 0 0 1
vn 0 0 1
vn 0 0 1
vn 0 0 1
vn 0 0 1
vn 0 0 1
vn 0 0 1
vn 0 0 1
vn 0 0 1
vn 0 0 1
vn 0 0 1
vn 0 0 1
vn 0 0 1
vn 0 0 1
vn 0 0 1
vn 0 0 1
vn 0 0 1
vn 0 0 1
vn 0 0 1
vn 0 0 1
vn 0 0 1
vn 0 0 1
vn 0 0 1
vn 0 0 1
vn 0 0 1
vn 0 0 1
vn 0 0 1
vn 0 0 1
vn 0 0 1
vn 0 0 1
vn 0 0 1
vn 0 0 1
vn 0 0 1
vn 0 0 1
vn 0 0 1
vn 0 0 1
vn 0 0 1
vn 0 0 1
vn 0 0 1
vn 0 0 1
vn 0 0 1
vn 0 0 1
vn 0 0 1
vn 0 0 1
vn 0 0 1
vn 0 0 1
vn 0 0 1
vn 0 0 1
vn 0 0 1
vn 0 0 1
vn 0 0 1
vn 0 0 1
vn 0 0 1
vn 0 0 1
vn 0 0 1
vn 0 0 1
vn 0 0 1
vn 0 0 1
vn 0 0 1
vn 0 0 1
vn 0 0 1
vn 0 0 1
vn 0 0 1
vn 0 0 1
vn 0 0 1
vn 0 0 1
vn 0 0 1
vn 0 0 1
vn 0 0 1
vn 0 0 1
vn 0 0 1
vn 0 0 1
vn 0 0 1
vn 0 0 1
vn 0 0 1
vn 0 0 1
vn 0 0 1
vn 0 0 1
vn 0 0 1
vn 0 0 1
vn 0 0 1
vn 0 0 1
vn 0 0 1
vn 0 0 1
vn 0 0 1
vn 0 0 1
vn 0 0 1
vn 0 0 1
vn 0 0 1
vn 0 0 1
vn 0 0 1
vn 0 0 1
vn 0 0 1
vn 0 0 1
vn 0 0 1
vn 0 0 1
vn 0 0 1
vn 0 0 1
vn 0 0 1
vn 0 0 1
vn 0 0 1
vn 0 0 1
vn 0 0 1
vn 0 0 1
vn 0 0 1
vn 0 0 1
vn 0 0 1
vn 0 0 1
vn 0 0 1
vn 0 0 1
vn 0 0 1
vn 0 0 1
vn 0 0 1
vn 0 0 1
vn 0 0 1
vn 0 0 1
vn 0 0 1
vn 0 0 1
vn 0 0 1
vn 0 0 1
vn 0 0 1
vn 0 0 1
vn 0 0 1
vn 0 0 1
vn 0 0 1
vn 0 0 1
vn 0 0 1
vn 0 0 1
vn 0 0 1
vn 0 0 1
vn 0 0 1
vn 0 0 1
vn 0 0 1
vn 0 0 1
vn 0 0 1
vn 0 0 1
vn 0 0 1
vn 0 0 1
vn 0 0 1
vn 0 0 1
vn 0 0 1
vn 0 0 1
vn 0 0 1
vn 0 0 1
vn 0 0 1
vn 0 0 1
vn 0 0 1
vn 0 0 1
vn 0 0 1
vn 0 0 1
vn 0 0 1
vn 0 0 1
vn 0 0 1
vn 0 0 1
vn 0 0 1
vn 0 0 1
vn 0 0 1
vn 0 0 1
vn 0 0 1
vn 0 0 1
vn 0 0 1
vn 0 0 1
vn 0 0 1
vn 0 0 1
vn 0 0 1
vn 0 0 1
vn 0 0 1
vn 0 0 1
vn 0 0 1
vn 0 0 1
vn 0 0 1
vn 0 0 1
vn 0 0 1
vn 0 0 1
vn 0 0 1
vn 0 0 1
vn 0 0 1
vn 0 0 1
vn 0 0 1
vn 0 0 1
vn 0 0 1
vn 0 0 1
vn 0 0 1
vn 0 0 1
vn 0 0 1
vn 0 0 1
vn 0 0 1
vn 0 0 1
vn 0 0 1
vn 0 0 1
vn 0 0 1
vn 0 0 1
vn 0 0 1
vn 0 0 1
vn 0 0 1
vn 0 0 1
vn 0 0 1
vn 0 0 1
vn 0 0 1
vn 0 0 1
vn 0 0 1
vn 0 0 1
vn 0 0 1
vn 0 0 1
vn 0 0 1
vn 0 0 1
vn 0 0 1
vn 0 0 1
vn 0 0 1
vn 0 0 1
vn 0 0 1
vn 0 0 1
vn 0 0 1
vn 0 0 1
vn 0 0 1
vn 0 0 1
vn 0 0 1
vn 0 0 1
vn 0 0 1
vn 0 0 1
vn 0 0 1
vn 0 0 1
vn 0 0 1
vn 0 0 1
vn 0 0 1
vn 0 0 1
vn 0 0 1
vn 0 0 1
vn 0 0 1
vn 0 0 1
vn 0 0 1
vn 0 0 1
vn 0 0 1
vn 0 0 1
vn 0 0 1
vn 0 0 1
vn 0 0 1
vn 0 0 1
vn 0 0 1
vn 0 0 1
vn 0 0 1
vn 0 0 1
vn 0 0 1
vn 0 0 1
vn 0 0 1
vn 0 0 1
vn 0 0 1
vn 0 0 1
vn 0 0 1
vn 0 0 1
vn 0 0 1
vn 0 0 1
vn 0 0 1
vn 0 0 1
vn 0 0 1
vn 0 0 1
vn 0 0 1
vn 0 0 1
vn 0 0 1
vn 0 0 1
vn 0 0 1
vn 0 0 1
vn 0 0 1
vn 0 0 1
vn 0 0 1
vn 0 0 1
vn 0 0 1
vn 0 0 1
vn 0 0 1
vn 0 0 1
vn 0 0 1
vn 0 0 1
vn 0 0 1
vn 0 0 1
vn 0 0 1
vn 0 0 1
vn 0 0 1
vn 0 0 1
vn 0 0 1
vn 0 0 1
vn 0 0 1
vn 0 0 1
vn 0 0 1
vn 0 0 1
vn 0 0 1
vn 0 0 1
vn 0 0 1
vn 0 0 1
vn 0 0 1
vn 0 0 1
vn 0 0 1
vn 0 0 1
vn 0 0 1
vn 0 0 1
vn 0 0 1
vn 0 0 1
vn 0 0 1
vn 0 0 1
vn 0 0 1
vn 0 0 1
vn 0 0 1
vn 0 0 1
vn 0 0 1
vn 0 0 1
vn 0 0 1
vn 0 0 1
vn 0 0 1
vn 0 0 1
vn 0 0 1
vn 0 0 1
vn 0 0 1
vn 0 0 1
vn 0 0 1
vn 0 0 1
vn 0 0 1
vn 0 0 1
vn 0 0 1
vn 0 0 1
vn 0 0 1
vn 0 0 1
vn 0 0 1
vn 0 0 1
vn 0 0 1
vn 0 0 1
vn 0 0 1
vn 0 0 1
vn 0 0 1
vn 0 0 1
vn 0 0 1
vn 0 0 1
vn 0 0 1
vn 0 0 1
vn 0 0 1
vn 0 0 1
vn 0 0 1
vn 0 0 1
vn 0 0 1
vn 0 0 1
vn 0 0 1
vn 0 0 1
vn 0 0 1
vn 0 0 1
vn 0 0 1
vn 0 0 1
vn 0 0 1
vn 0 0 1
vn 0 0 1
vn 0 0 1
vn 0 0 1
vn 0 0 1
vn 0 0 1
vn 0 0 1
vn 0 0 1
vn 0 0 1
vn 0 0 1
vn 0 0 1
vn 0 0 1
vn 0 0 1
vn 0 0 1
vn 0 0 1
vn 0 0 1
vn 0 0 1
vn 0 0 1
vn 0 0 1
vn 0 0 1
vn 0 0 1
vn 0 0 1
vn 0 0 1
vn 0 0 1
vn 0 0 1
vn 0 0 1
vn 0 0 1
vn 0 0 1
vn 0 0 1
vn 0 0 1
vn 0 0 1
vn 0 0 1
vn 0 0 1
vn 0 0 1
vn 0 0 1
vn 0 0 1
vn 0 0 1
vn 0 0 1
vn 0 0 1
vn 0 0 1
vn 0 0 1
vn 0 0 1
vn 0 0 1
vn 0 0 1
vn 0 0 1
vn 0 0 1
vn 0 0 1
vn 0 0 1
vn 0 0 1
vn 0 0 1
vn 0 0 1
vn 0 0 1
vn 0 0 1
vn 0 0 1
vn 0 0 1
vn 0 0 1
vn 0 0 1
vn 0 0 1
vn 0 0 1
vn 0 0 1
vn 0 0 1
vn 0 0 1
vn 0 0 1
vn 0 0 1
vn 0 0 1
vn 0 0 1
vn 0 0 1
vn 0 0 1
vn 0 0 1
vn 0 0 1
vn 0 0 1
vn 0 0 1
vn 0 0 1
vn 0 0 1
vn 0 0 1
vn 0 0 1
vn 0 0 1
vn 0 0 1
vn 0 0 1
vn 0 0 1
vn 0 0 1
vn 0 0 1
vn 0 0 1
vn 0 0 1
vn 0 0 1
vn 0 0 1
vn 0 0 1
vn 0 0 1
vn 0 0 1
vn 0 0 1
vn 0 0 1
vn 0 0 1
vn 0 0 1
vn 0 0 1
vn 0 0 1
vn 0 0 1
vn 0 0 1
vn 0 0 1
vn 0 0 1
vn 0 0 1
vn 0 0 1
vn 0 0 1
vn 0 0 1
vn 0 0 1
vn 0 0 1
vn 0 0 1
vn 0 0 1
vn 0 0 1
vn 0 0 1
vn 0 0 1
vn 0 0 1
vn 0 0 1
vn 0 0 1
vn 0 0 1
vn 0 0 1
vn 0 0 1
vn 0 0 1
vn 0 0 1
vn 0 0 1
vn 0 0 1
vn 0 0 1
vn 0 0 1
vn 0 0 1
vn 0 0 1
vn 0 0 1
vn 0 0 1
vn 0 0 1
vn 0 0 1
vn 0 0 1
vn 0 0 1
vn 0 0 1
vn 0 0 1
vn 0 0 1
vn 0 0 1
vn 0 0 1
vn 0 0 1
vn 0 0 1
vn 0 0 1
vn 0 0 1
vn 0 0 1
vn 0 0 1
vn 0 0 1
vn 0 0 1
vn 0 0 1
vn 0 0 1
vn 0 0 1
vn 0 0 1
vn 0 0 1
vn 0 0 1
vn 0 0 1
vn 0 0 1
vn 0 0 1
vn 0 0 1
vn 0 0 1
vn 0 0 1
vn 0 0 1
vn 0 0 1
vn 0 0 1
vn 0 0 1
vn 0 0 1
vn 0 0 1
vn 0 0 1
vn 0 0 1
vn 0 0 1
vn 0 0 1
vn 0 0 1
vn 0 0 1
vn 0 0 1
vn 0 0 1
vn 0 0 1
vn 0 0 1
vn 0 0 1
vn 0 0 1
vn 0 0 1
vn 0 0 1
vn 0 0 1
vn 0 0 1
vn 0 0 1
vn 0 0 1
vn 0 0 1
vn 0 0 1
vn 0 0 1
vn 0 0 1
vn 0 0 1
vn 0 0 1
vn 0 0 1
vn 0 0 1
vn 0 0 1
vn 0 0 1
vn 0 0 1
vn 0 0 1
vn 0 0 1
vn 0 0 1
vn 0 0 1
vn 0 0 1
vn 0 0 1
vn 0 0 1
vn 0 0 1
vn 0 0 1
vn 0 0 1
vn 0 0 1
vn 0 0 1
vn 0 0 1
vn 0 0 1
vn 0 0 1
vn 0 0 1
vn 0 0 1
vn 0 0 1
vn 0 0 1
vn 0 0 1
vn 0 0 1
vn 0 0 1
vn 0 0 1
vn 0 0 1
vn 0 0 1
vn 0 0 1
vn 0 0 1
vn 0 0 1
vn 0 0 1
vn 0 0 1
vn 0 0 1
vn 0 0 1
vn 0 0 1
vn 0 0 1
vn 0 0 1
vn 0 0 1
vn 0 0 1
vn 0 0 1
vn 0 0 1
vn 0 0 1
vn 0 0 1
vn 0 0 1
vn 0 0 1
vn 0 0 1
vn 0 0 1
vn 0 0 1
vn 0 0 1
vn 0 0 1
vn 0 0 1
vn 0 0 1
vn 0 0 1
vn 0 0 1
vn 0 0 1
vn 0 0 1
vn 0 0 1
vn 0 0 1
vn 0 0 1
vn 0 0 1
vn 0 0 1
vn 0 0 1
vn 0 0 1
vn 0 0 1
vn 0 0 1
vn 0 0 1
vn 0 0 1
vn 0 0 1
vn 0 0 1
vn 0 0 1
vn 0 0 1
vn 0 0 1
vn 0 0 1
vn 0 0 1
vn 0 0 1
vn 0 0 1
vn 0 0 1
vn 0 0 1
vn 0 0 1
vn 0 0 1
vn 0 0 1
vn 0 0 1
vn 0 0 1
vn 0 0 1
vn 0 0 1
vn 0 0 1
vn 0 0 1
vn 0 0 1
vn 0 0 1
vn 0 0 1
vn 0 0 1
vn 0 0 1
vn 0 0 1
vn 0 0 1
vn 0 0 1
vn 0 0 1
vn 0 0 1
vn 0 0 1
vn 0 0 1
vn 0 0 1
vn 0 0 1
vn 0 0 1
vn 0 0 1
vn 0 0 1
vn 0 0 1
vn 0 0 1
vn 0 0 1
vn 0 0 1
vn 0 0 1
vn 0 0 1
vn 0 0 1
vn 0 0 1
vn 0 0 1
vn 0 0 1
vn 0 0 1
vn 0 0 1
vn 0 0 1
vn 0 0 1
vn 0 0 1
vn 0 0 1
vn 0 0 1
vn 0 0 1
vn 0 0 1
vn 0 0 1
vn 0 0 1
vn 0 0 1
vn 0 0 1
vn 0 0 1
vn 0 0 1
vn 0 0 1
vn 0 0 1
vn 0 0 1
vn 0 0 1
vn 0 0 1
vn 0 0 1
vn 0 0 1
vn 0 0 1
vn 0 0 1
vn 0 0 1
vn 0 0 1
vn 0 0 1
vn 0 0 1
vn 0 0 1
vn 0 0 1
vn 0 0 1
vn 0 0 1
vn 0 0 1
vn 0 0 1
vn 0 0 1
vn 0 0 1
vn 0 0 1
vn 0 0 1
vn 0 0 1
vn 0 0 1
vn 0 0 1
vn 0 0 1
vn 0 0 1
vn 0 0 1
vn 0 0 1
vn 0 0 1
vn 0 0 1
vn 0 0 1
vn 0 0 1
vn 0 0 1
vn 0 0 1
vn 0 0 1
vn 0 0 1
vn 0 0 1
vn 0 0 1
vn 0 0 1
vn 0 0 1
vn 0 0 1
vn 0 0 1
vn 0 0 1
vn 0 0 1
vn 0 0 1
vn 0 0 1
vn 0 0 1
vn 0 0 1
vn 0 0 1
vn 0 0 1
vn 0 0 1
vn 0 0 1
vn 0 0 1
vn 0 0 1
vn 0 0 1
vn 0 0 1
vn 0 0 1
vn 0 0 1
vn 0 0 1
vn 0 0 1
vn 0 0 1
vn 0 0 1
vn 0 0 1
vn 0 0 1
vn 0 0 1
vn 0 0 1
vn 0 0 1
vn 0 0 1
vn 0 0 1
vn 0 0 1
vn 0 0 1
vn 0 0 1
vn 0 0 1
vn 0 0 1
vn 0 0 1
vn 0 0 1
vn 0 0 1
vn 0 0 1
vn 0 0 1
vn 0 0 1
vn 0 0 1
vn 0 0 1
vn 0 0 1
vn 0 0 1
vn 0 0 1
vn 0 0 1
vn 0 0 1
vn 0 0 1
vn 0 0 1
vn 0 0 1
vn 0 0 1
vn 0 0 1
vn 0 0 1
vn 0 0 1
vn 0 0 1
vn 0 0 1
vn 0 0 1
vn 0 0 1
vn 0 0 1
vn 0 0 1
vn 0 0 1
vn 0 0 1
vn 0 0 1
vn 0 0 1
vn 0 0 1
vn 0 0 1
vn 0 0 1
vn 0 0 1
vn 0 0 1
vn 0 0 1
vn 0 0 1
vn 0 0 1
vn 0 0 1
vn 0 0 1
vn 0 0 1
vn 0 0 1
vn 0 0 1
vn 0 0 1
vn 0 0 1
vn 0 0 1
vn 0 0 1
vn 0 0 1
vn 0 0 1
vn 0 0 1
vn 0 0 1
vn 0 0 1
vn 0 0 1
vn 0 0 1
vn 0 0 1
vn 0 0 1
vn 0 0 1
vn 0 0 1
vn 0 0 1
vn 0 0 1
vn 0 0 1
vn 0 0 1
vn 0 0 1
vn 0 0 1
vn 0 0 1
vn 0 0 1
vn 0 0 1
vn 0 0 1
vn 0 0 1
vn 0 0 1
vn 0 0 1
vn 0 0 1
vn 0 0 1
vn 0 0 1
vn 0 0 1
vn 0 0 1
vn 0 0 1
vn 0 0 1
vn 0 0 1
vn 0 0 1
vn 0 0 1
vn 0 0 1
vn 0 0 1
vn 0 0 1
vn 0 0 1
vn 0 0 1
vn 0 0 1
vn 0 0 1
vn 0 0 1
vn 0 0 1
vn 0 0 1
vn 0 0 1
vn 0 0 1
vn 0 0 1
vn 0 0 1
vn 0 0 1
vn 0 0 1
vn 0 0 1
vn 0 0 1
vn 0 0 1
vn 0 0 1
vn 0 0 1
vn 0 0 1
vn 0 0 1
vn 0 0 1
vn 0 0 1
vn 0 0 1
vn 0 0 1
vn 0 0 1
vn 0 0 1
vn 0 0 1
vn 0 0 1
vn 0 0 1
vn 0 0 1
vn 0 0 1
vn 0 0 1
vn 0 0 1
vn 0 0 1
vn 0 0 1
vn 0 0 1
vn 0 0 1
vn 0 0 1
vn 0 0 1
vn 0 0 1
vn 0 0 1
vn 0 0 1
vn 0 0 1
vn 0 0 1
vn 0 0 1
vn 0 0 1
vn 0 0 1
vn 0 0 1
vn 0 0 1
vn 0 0 1
vn 0 0 1
vn 0 0 1
vn 0 0 1
vn 0 0 1
vn 0 0 1
vn 0 0 1
vn 0 0 1
vn 0 0 1
vn 0 0 1
vn 0 0 1
vn 0 0 1
vn 0 0 1
vn 0 0 1
vn 0 0 1
vn 0 0 1
vn 0 0 1
vn 0 0 1
vn 0 0 1
vn 0 0 1
vn 0 0 1
vn 0 0 1
vn 0 0 1
vn 0 0 1
vn 0 0 1
vn 0 0 1
vn 0 0 1
vn 0 0 1
vn 0 0 1
vn 0 0 1
vn 0 0 1
vn 0 0 1
vn 0 0 1
vn 0 0 1
vn 0 0 1
vn 0 0 1
vn 0 0 1
vn 0 0 1
vn 0 0 1
vn 0 0 1
vn 0 0 1
vn 0 0 1
vn 0 0 1
vn 0 0 1
vn 0 0 1
vn 0 0 1
vn 0 0 1
vn 0 0 1
vn 0 0 1
vn 0 0 1
vn 0 0 1
vn 0 0 1
vn 0 0 1
vn 0 0 1
vn 0 0 1
vn 0 0 1
vn 0 0 1
vn 0 0 1
vn 0 0 1
vn 0 0 1
vn 0 0 1
vn 0 0 1
vn 0 0 1
vn 0 0 1
vn 0 0 1
vn 0 0 1
vn 0 0 1
vn 0 0 1
vn 0 0 1
vn 0 0 1
vn 0 0 1
vn 0 0 1
vn 0 0 1
vn 0 0 1
vn 0 0 1
vn 0 0 1
vn 0 0 1
vn 0 0 1
vn 0 0 1
vn 0 0 1
vn 0 0 1
vn 0 0 1
vn 0 0 1
vn 0 0 1
vn 0 0 1
vn 0 0 1
vn 0 0 1
vn 0 0 1
vn 0 0 1
vn 0 0 1
vn 0 0 1
vn 0 0 1
vn 0 0 1
vn 0 0 1
vn 0 0 1
vn 0 0 1
vn 0 0 1
vn 0 0 1
vn 0 0 1
vn 0 0 1
vn 0 0 1
vn 0 0 1
vn 0 0 1
vn 0 0 1
vn 0 0 1
vn 0 0 1
vn 0 0 1
vn 0 0 1
vn 0 0 1
vn 0 0 1
vn 0 0 1
vn 0 0 1
vn 0 0 1
vn 0 0 1
vn 0 0 1
vn 0 0 1
vn 0 0 1
vn 0 0 1
vn 0 0 1
vn 0 0 1
vn 0 0 1
vn 0 0 1
vn 0 0 1
vn 0 0 1
vn 0 0 1
vn 0 0 1
vn 0 0 1
vn 0 0 1
vn 0 0 1
vn 0 0 1
vn 0 0 1
vn 0 0 1
vn 0 0 1
vn 0 0 1
vn 0 0 1
vn 0 0 1
vn 0 0 1
vn 0 0 1
vn 0 0 1
vn 0 0 1
vn 0 0 1
vn 0 0 1
vn 0 0 1
vn 0 0 1
vn 0 0 1
vn 0 0 1
vn 0 0 1
vn 0 0 1
vn 0 0 1
vn 0 0 1
vn 0 0 1
vn 0 0 1
vn 0 0 1
vn 0 0 1
vn 0 0 1
vn 0 0 1
vn 0 0 1
vn 0 0 1
vn 0 0 1
vn 0 0 1
vn 0 0 1
vn 0 0 1
vn 0 0 1
vn 0 0 1
vn 0 0 1
vn 0 0 1
vn 0 0 1
vt 0.01563 0.01562
vt 0.03125 0.03125
vt 0.01563 0.03125
vt 0.04688 0.01562
vt 0.03125 0.01562
vt 0.0625 0.01562
vt 0.04688 0.03125
vt 0.07813 0.03125
vt 0.0625 0.03125
vt 0.07813 0.01562
vt 0.09375 0.03125
vt 0.09375 0.01562
vt 0.10938 0.03125
vt 0.10938 0.01562
vt 0.125 0.03125
vt 0.125 0.01562
vt 0.14063 0.03125
vt 0.14063 0.01562
vt 0.15625 0.03125
vt 0.17188 0.01562
vt 0.15625 0.01562
vt 0.1875 0.03125
vt 0.17188 0.03125
vt 0.1875 0.01562
vt 0.20313 0.03125
vt 0.20313 0.01562
vt 0.21875 0.03125
vt 0.21875 0.01562
vt 0.23438 0.03125
vt 0.23438 0.01562
vt 0.25 0.03125
vt 0.25 0.01562
vt 0.26563 0.03125
vt 0.28125 0.01562
vt 0.26563 0.01562
vt 0.29688 0.01562
vt 0.28125 0.03125
vt 0.3125 0.03125
vt 0.29688 0.03125
vt 0.32813 0.01562
vt 0.3125 0.01562
vt 0.34375 0.03125
vt 0.32812 0.03125
vt 0.35938 0.01562
vt 0.34375 0.01562
vt 0.375 0.03125
vt 0.35938 0.03125
vt 0.375 0.01562
vt 0.39063 0.03125
vt 0.40625 0.01562
vt 0.39063 0.01562
vt 0.42188 0.03125
vt 0.40625 0.03125
vt 0.42188 0.01562
vt 0.4375 0.03125
vt 0.45313 0.01562
vt 0.4375 0.01562
vt 0.46875 0.01562
vt 0.45313 0.03125
vt 0.48438 0.03125
vt 0.46875 0.03125
vt 0.5 0.01562
vt 0.48438 0.01562
vt 0.51562 0.01562
vt 0.5 0.03125
vt 0.53125 0.03125
vt 0.51562 0.03125
vt 0.54688 0.01562
vt 0.53125 0.01562
vt 0.5625 0.03125
vt 0.54688 0.03125
vt 0.5625 0.01562
vt 0.57813 0.03125
vt 0.57813 0.01562
vt 0.59375 0.03125
vt 0.60938 0.01562
vt 0.59375 0.01562
vt 0.625 0.01562
vt 0.60938 0.03125
vt 0.64063 0.03125
vt 0.625 0.03125
vt 0.64062 0.01562
vt 0.65625 0.03125
vt 0.67188 0.01562
vt 0.65625 0.01562
vt 0.6875 0.03125
vt 0.67188 0.03125
vt 0.70312 0.01562
vt 0.6875 0.01562
vt 0.71875 0.01562
vt 0.70313 0.03125
vt 0.73437 0.01562
vt 0.71875 0.03125
vt 0.75 0.03125
vt 0.73438 0.03125
vt 0.75 0.01562
vt 0.76563 0.03125
vt 0.76563 0.01562
vt 0.78125 0.03125
vt 0.79688 0.01562
vt 0.78125 0.01562
vt 0.8125 0.01562
vt 0.79688 0.03125
vt 0.82812 0.01562
vt 0.8125 0.03125
vt 0.84375 0.01562
vt 0.82813 0.03125
vt 0.85938 0.01562
vt 0.84375 0.03125
vt 0.875 0.03125
vt 0.85938 0.03125
vt 0.89062 0.01562
vt 0.875 0.01562
vt 0.90625 0.01562
vt 0.89063 0.03125
vt 0.92188 0.01562
vt 0.90625 0.03125
vt 0.9375 0.03125
vt 0.92188 0.03125
vt 0.95312 0.01562
vt 0.9375 0.01562
vt 0.96875 0.01562
vt 0.95313 0.03125
vt 0.98438 0.01562
vt 0.96875 0.03125
vt 0.01563 0.04687
vt 0.03125 0.04687
vt 0.0625 0.04687
vt 0.04688 0.04687
vt 0.07813 0.04687
vt 0.09375 0.04687
vt 0.10938 0.04687
vt 0.125 0.04687
vt 0.14063 0.04687
vt 0.17188 0.04687
vt 0.15625 0.04687
vt 0.1875 0.04687
vt 0.20313 0.04687
vt 0.23438 0.04687
vt 0.21875 0.04687
vt 0.25 0.04687
vt 0.26562 0.04688
vt 0.28125 0.04687
vt 0.29688 0.04687
vt 0.3125 0.04687
vt 0.32813 0.04687
vt 0.35938 0.04687
vt 0.34375 0.04687
vt 0.375 0.04687
vt 0.40625 0.04687
vt 0.39063 0.04687
vt 0.42188 0.04687
vt 0.45312 0.04687
vt 0.4375 0.04688
vt 0.46875 0.04687
vt 0.48438 0.04687
vt 0.51562 0.04687
vt 0.5 0.04687
vt 0.53125 0.04687
vt 0.54688 0.04687
vt 0.57812 0.04687
vt 0.5625 0.04687
vt 0.59375 0.04687
vt 0.60938 0.04687
vt 0.64062 0.04687
vt 0.625 0.04687
vt 0.65625 0.04687
vt 0.67188 0.04687
vt 0.70312 0.04687
vt 0.6875 0.04687
vt 0.71875 0.04687
vt 0.73438 0.04688
vt 0.75 0.04687
vt 0.76563 0.04687
vt 0.79688 0.04687
vt 0.78125 0.04687
vt 0.8125 0.04687
vt 0.84375 0.04687
vt 0.82812 0.04687
vt 0.875 0.04687
vt 0.85938 0.04687
vt 0.89063 0.04687
vt 0.90625 0.04687
vt 0.92188 0.04687
vt 0.9375 0.04687
vt 0.95312 0.04687
vt 0.98438 0.03125
vt 0.96875 0.04687
vt 0.03125 0.0625
vt 0.01563 0.0625
vt 0.04688 0.0625
vt 0.07813 0.0625
vt 0.0625 0.0625
vt 0.09375 0.0625
vt 0.10938 0.0625
vt 0.125 0.0625
vt 0.14063 0.0625
vt 0.15625 0.0625
vt 0.17188 0.0625
vt 0.1875 0.0625
vt 0.21875 0.0625
vt 0.20313 0.0625
vt 0.23438 0.0625
vt 0.25 0.0625
vt 0.26563 0.0625
vt 0.28125 0.0625
vt 0.3125 0.0625
vt 0.29688 0.0625
vt 0.32813 0.0625
vt 0.35938 0.0625
vt 0.34375 0.0625
vt 0.375 0.0625
vt 0.39063 0.0625
vt 0.40625 0.0625
vt 0.4375 0.0625
vt 0.42188 0.0625
vt 0.46875 0.0625
vt 0.45312 0.0625
vt 0.48438 0.0625
vt 0.5 0.0625
vt 0.51562 0.0625
vt 0.53125 0.0625
vt 0.5625 0.0625
vt 0.54688 0.0625
vt 0.59375 0.0625
vt 0.57813 0.0625
vt 0.60938 0.0625
vt 0.625 0.0625
vt 0.65625 0.0625
vt 0.64062 0.0625
vt 0.67188 0.0625
vt 0.6875 0.0625
vt 0.71875 0.0625
vt 0.70312 0.0625
vt 0.73438 0.0625
vt 0.76563 0.0625
vt 0.75 0.0625
vt 0.78125 0.0625
vt 0.8125 0.0625
vt 0.79688 0.0625
vt 0.84375 0.0625
vt 0.82812 0.0625
vt 0.85938 0.0625
vt 0.89063 0.0625
vt 0.875 0.0625
vt 0.90625 0.0625
vt 0.9375 0.0625
vt 0.92188 0.0625
vt 0.95313 0.0625
vt 0.96875 0.0625
vt 0.98438 0.04687
vt 0.01563 0.07812
vt 0.03125 0.07812
vt 0.0625 0.07812
vt 0.04688 0.07812
vt 0.07813 0.07812
vt 0.09375 0.07812
vt 0.125 0.07812
vt 0.10938 0.07812
vt 0.14063 0.07812
vt 0.15625 0.07812
vt 0.1875 0.07812
vt 0.17188 0.07812
vt 0.20313 0.07812
vt 0.21875 0.07812
vt 0.23438 0.07812
vt 0.26563 0.07812
vt 0.25 0.07812
vt 0.28125 0.07812
vt 0.3125 0.07812
vt 0.29688 0.07812
vt 0.32812 0.07812
vt 0.35938 0.07812
vt 0.34375 0.07812
vt 0.375 0.07812
vt 0.40625 0.07812
vt 0.39063 0.07812
vt 0.42188 0.07812
vt 0.4375 0.07812
vt 0.45313 0.07812
vt 0.48438 0.07812
vt 0.46875 0.07812
vt 0.5 0.07812
vt 0.53125 0.07812
vt 0.51563 0.07812
vt 0.54688 0.07812
vt 0.57812 0.07812
vt 0.5625 0.07812
vt 0.59375 0.07812
vt 0.60938 0.07812
vt 0.625 0.07812
vt 0.64063 0.07812
vt 0.65625 0.07812
vt 0.6875 0.07812
vt 0.67188 0.07812
vt 0.71875 0.07812
vt 0.70312 0.07812
vt 0.73438 0.07812
vt 0.76562 0.07812
vt 0.75 0.07812
vt 0.78125 0.07812
vt 0.79688 0.07812
vt 0.8125 0.07812
vt 0.82813 0.07812
vt 0.84375 0.07812
vt 0.85938 0.07812
vt 0.89062 0.07812
vt 0.875 0.07812
vt 0.90625 0.07812
vt 0.92188 0.07812
vt 0.95312 0.07812
vt 0.9375 0.07812
vt 0.96875 0.07812
vt 0.98438 0.0625
vt 0.03125 0.09375
vt 0.01563 0.09375
vt 0.04688 0.09375
vt 0.0625 0.09375
vt 0.07813 0.09375
vt 0.10938 0.09375
vt 0.09375 0.09375
vt 0.125 0.09375
vt 0.14063 0.09375
vt 0.15625 0.09375
vt 0.17188 0.09375
vt 0.20313 0.09375
vt 0.1875 0.09375
vt 0.21875 0.09375
vt 0.23438 0.09375
vt 0.25 0.09375
vt 0.26563 0.09375
vt 0.28125 0.09375
vt 0.3125 0.09375
vt 0.29688 0.09375
vt 0.34375 0.09375
vt 0.32812 0.09375
vt 0.35938 0.09375
vt 0.375 0.09375
vt 0.40625 0.09375
vt 0.39062 0.09375
vt 0.42188 0.09375
vt 0.4375 0.09375
vt 0.46875 0.09375
vt 0.45313 0.09375
vt 0.5 0.09375
vt 0.48438 0.09375
vt 0.53125 0.09375
vt 0.51563 0.09375
vt 0.54688 0.09375
vt 0.5625 0.09375
vt 0.57813 0.09375
vt 0.59375 0.09375
vt 0.625 0.09375
vt 0.60938 0.09375
vt 0.64063 0.09375
vt 0.67188 0.09375
vt 0.65625 0.09375
vt 0.6875 0.09375
vt 0.71875 0.09375
vt 0.70312 0.09375
vt 0.73438 0.09375
vt 0.75 0.09375
vt 0.76562 0.09375
vt 0.78125 0.09375
vt 0.79688 0.09375
vt 0.82813 0.09375
vt 0.8125 0.09375
vt 0.84375 0.09375
vt 0.85938 0.09375
vt 0.875 0.09375
vt 0.90625 0.09375
vt 0.89062 0.09375
vt 0.92188 0.09375
vt 0.9375 0.09375
vt 0.96875 0.09375
vt 0.95313 0.09375
vt 0.98438 0.07812
vt 0.01563 0.10938
vt 0.03125 0.10938
vt 0.04688 0.10938
vt 0.07813 0.10938
vt 0.0625 0.10938
vt 0.09375 0.10937
vt 0.125 0.10937
vt 0.10938 0.10937
vt 0.14063 0.10938
vt 0.15625 0.10938
vt 0.17188 0.10938
vt 0.20313 0.10938
vt 0.1875 0.10938
vt 0.21875 0.10937
vt 0.23438 0.10937
vt 0.26563 0.10937
vt 0.25 0.10938
vt 0.29688 0.10938
vt 0.28125 0.10938
vt 0.3125 0.10938
vt 0.34375 0.10938
vt 0.32812 0.10937
vt 0.35938 0.10937
vt 0.375 0.10938
vt 0.39063 0.10938
vt 0.40625 0.10938
vt 0.42188 0.10938
vt 0.4375 0.10937
vt 0.45313 0.10938
vt 0.48438 0.10938
vt 0.46875 0.10938
vt 0.5 0.10937
vt 0.51563 0.10938
vt 0.53125 0.10937
vt 0.54688 0.10938
vt 0.5625 0.10937
vt 0.59375 0.10937
vt 0.57812 0.10938
vt 0.625 0.10938
vt 0.60938 0.10938
vt 0.64062 0.10937
vt 0.65625 0.10938
vt 0.6875 0.10938
vt 0.67188 0.10937
vt 0.70312 0.10937
vt 0.73438 0.10937
vt 0.71875 0.10938
vt 0.75 0.10938
vt 0.76562 0.10937
vt 0.78125 0.10937
vt 0.79688 0.10938
vt 0.82812 0.10938
vt 0.8125 0.10938
vt 0.84375 0.10938
vt 0.875 0.10937
vt 0.85938 0.10938
vt 0.89063 0.10938
vt 0.90625 0.10938
vt 0.92188 0.10938
vt 0.95312 0.10938
vt 0.9375 0.10938
vt 0.96875 0.10938
vt 0.98437 0.10937
vt 0.03125 0.125
vt 0.01563 0.125
vt 0.04688 0.125
vt 0.07813 0.125
vt 0.0625 0.125
vt 0.09375 0.125
vt 0.125 0.125
vt 0.10938 0.125
vt 0.14063 0.125
vt 0.15625 0.125
vt 0.1875 0.125
vt 0.17188 0.125
vt 0.20313 0.125
vt 0.21875 0.125
vt 0.23438 0.125
vt 0.26563 0.125
vt 0.25 0.125
vt 0.28125 0.125
vt 0.29688 0.125
vt 0.3125 0.125
vt 0.32813 0.125
vt 0.34375 0.125
vt 0.35938 0.125
vt 0.39062 0.125
vt 0.375 0.125
vt 0.40625 0.125
vt 0.42188 0.125
vt 0.4375 0.125
vt 0.45313 0.125
vt 0.48438 0.125
vt 0.46875 0.125
vt 0.5 0.125
vt 0.51562 0.125
vt 0.54688 0.125
vt 0.53125 0.125
vt 0.5625 0.125
vt 0.59375 0.125
vt 0.57812 0.125
vt 0.60938 0.125
vt 0.625 0.125
vt 0.64062 0.125
vt 0.65625 0.125
vt 0.67188 0.125
vt 0.6875 0.125
vt 0.70313 0.125
vt 0.71875 0.125
vt 0.73438 0.125
vt 0.75 0.125
vt 0.76563 0.125
vt 0.79688 0.125
vt 0.78125 0.125
vt 0.8125 0.125
vt 0.84375 0.125
vt 0.82812 0.125
vt 0.85938 0.125
vt 0.875 0.125
vt 0.90625 0.125
vt 0.89063 0.125
vt 0.92188 0.125
vt 0.9375 0.125
vt 0.96875 0.125
vt 0.95313 0.125
vt 0.03125 0.14062
vt 0.01563 0.14062
vt 0.04688 0.14062
vt 0.0625 0.14062
vt 0.07813 0.14062
vt 0.10938 0.14062
vt 0.09375 0.14062
vt 0.125 0.14062
vt 0.15625 0.14062
vt 0.14062 0.14062
vt 0.17188 0.14062
vt 0.1875 0.14062
vt 0.20313 0.14062
vt 0.21875 0.14062
vt 0.23438 0.14063
vt 0.26563 0.14062
vt 0.25 0.14062
vt 0.28125 0.14062
vt 0.29688 0.14062
vt 0.3125 0.14062
vt 0.32813 0.14062
vt 0.35938 0.14062
vt 0.34375 0.14062
vt 0.375 0.14062
vt 0.39063 0.14062
vt 0.40625 0.14062
vt 0.42188 0.14062
vt 0.45313 0.14062
vt 0.4375 0.14062
vt 0.46875 0.14062
vt 0.48438 0.14062
vt 0.5 0.14062
vt 0.51563 0.14062
vt 0.53125 0.14062
vt 0.54688 0.14062
vt 0.5625 0.14062
vt 0.57813 0.14062
vt 0.59375 0.14062
vt 0.625 0.14062
vt 0.60938 0.14062
vt 0.64062 0.14062
vt 0.67188 0.14062
vt 0.65625 0.14062
vt 0.6875 0.14062
vt 0.71875 0.14062
vt 0.70313 0.14062
vt 0.73438 0.14062
vt 0.75 0.14062
vt 0.76563 0.14062
vt 0.78125 0.14062
vt 0.79688 0.14062
vt 0.8125 0.14062
vt 0.84375 0.14062
vt 0.82813 0.14062
vt 0.85938 0.14062
vt 0.89063 0.14062
vt 0.875 0.14062
vt 0.90625 0.14062
vt 0.92188 0.14062
vt 0.9375 0.14062
vt 0.96875 0.14062
vt 0.95312 0.14062
vt 0.98438 0.125
vt 0.01563 0.15625
vt 0.03125 0.15625
vt 0.0625 0.15625
vt 0.04688 0.15625
vt 0.07813 0.15625
vt 0.10938 0.15625
vt 0.09375 0.15625
vt 0.125 0.15625
vt 0.14063 0.15625
vt 0.15625 0.15625
vt 0.17188 0.15625
vt 0.1875 0.15625
vt 0.20313 0.15625
vt 0.23438 0.15625
vt 0.21875 0.15625
vt 0.26563 0.15625
vt 0.25 0.15625
vt 0.28125 0.15625
vt 0.29688 0.15625
vt 0.3125 0.15625
vt 0.32813 0.15625
vt 0.34375 0.15625
vt 0.35938 0.15625
vt 0.375 0.15625
vt 0.39062 0.15625
vt 0.40625 0.15625
vt 0.42188 0.15625
vt 0.45313 0.15625
vt 0.4375 0.15625
vt 0.46875 0.15625
vt 0.48438 0.15625
vt 0.51563 0.15625
vt 0.5 0.15625
vt 0.53125 0.15625
vt 0.54688 0.15625
vt 0.57812 0.15625
vt 0.5625 0.15625
vt 0.59375 0.15625
vt 0.60938 0.15625
vt 0.625 0.15625
vt 0.64063 0.15625
vt 0.67188 0.15625
vt 0.65625 0.15625
vt 0.6875 0.15625
vt 0.70312 0.15625
vt 0.71875 0.15625
vt 0.75 0.15625
vt 0.73438 0.15625
vt 0.76562 0.15625
vt 0.79688 0.15625
vt 0.78125 0.15625
vt 0.8125 0.15625
vt 0.82813 0.15625
vt 0.85938 0.15625
vt 0.84375 0.15625
vt 0.875 0.15625
vt 0.90625 0.15625
vt 0.89063 0.15625
vt 0.92188 0.15625
vt 0.9375 0.15625
vt 0.95313 0.15625
vt 0.98438 0.14062
vt 0.96875 0.15625
vt 0.01563 0.17188
vt 0.04688 0.17188
vt 0.03125 0.17188
vt 0.07813 0.17188
vt 0.0625 0.17188
vt 0.09375 0.17188
vt 0.10938 0.17188
vt 0.125 0.17188
vt 0.14063 0.17188
vt 0.15625 0.17188
vt 0.17188 0.17188
vt 0.1875 0.17188
vt 0.21875 0.17188
vt 0.20313 0.17188
vt 0.23438 0.17188
vt 0.25 0.17188
vt 0.28125 0.17188
vt 0.26563 0.17188
vt 0.29688 0.17188
vt 0.3125 0.17188
vt 0.34375 0.17188
vt 0.32812 0.17188
vt 0.35938 0.17188
vt 0.375 0.17188
vt 0.40625 0.17188
vt 0.39062 0.17188
vt 0.4375 0.17188
vt 0.42188 0.17188
vt 0.45313 0.17188
vt 0.46875 0.17188
vt 0.48438 0.17188
vt 0.5 0.17188
vt 0.51563 0.17188
vt 0.54688 0.17188
vt 0.53125 0.17188
vt 0.5625 0.17188
vt 0.57813 0.17188
vt 0.59375 0.17188
vt 0.625 0.17188
vt 0.60938 0.17188
vt 0.65625 0.17188
vt 0.64063 0.17188
vt 0.6875 0.17188
vt 0.67188 0.17188
vt 0.70313 0.17188
vt 0.71875 0.17188
vt 0.75 0.17188
vt 0.73438 0.17188
vt 0.76563 0.17188
vt 0.78125 0.17188
vt 0.79688 0.17188
vt 0.82813 0.17188
vt 0.8125 0.17188
vt 0.84375 0.17188
vt 0.875 0.17188
vt 0.85938 0.17188
vt 0.89062 0.17188
vt 0.90625 0.17188
vt 0.92188 0.17188
vt 0.95313 0.17188
vt 0.9375 0.17188
vt 0.98438 0.17188
vt 0.96875 0.17188
vt 0.01563 0.1875
vt 0.04688 0.1875
vt 0.03125 0.1875
vt 0.0625 0.1875
vt 0.07813 0.1875
vt 0.09375 0.1875
vt 0.10938 0.1875
vt 0.125 0.1875
vt 0.14063 0.1875
vt 0.15625 0.1875
vt 0.1875 0.1875
vt 0.17188 0.1875
vt 0.20313 0.1875
vt 0.21875 0.1875
vt 0.23438 0.1875
vt 0.25 0.1875
vt 0.26563 0.1875
vt 0.28125 0.1875
vt 0.3125 0.1875
vt 0.29688 0.1875
vt 0.32813 0.1875
vt 0.34375 0.1875
vt 0.35938 0.1875
vt 0.375 0.1875
vt 0.40625 0.1875
vt 0.39063 0.1875
vt 0.42188 0.1875
vt 0.4375 0.1875
vt 0.45313 0.1875
vt 0.46875 0.1875
vt 0.5 0.1875
vt 0.48438 0.1875
vt 0.51563 0.1875
vt 0.53125 0.1875
vt 0.5625 0.1875
vt 0.54688 0.1875
vt 0.59375 0.1875
vt 0.57813 0.1875
vt 0.60938 0.1875
vt 0.625 0.1875
vt 0.64062 0.1875
vt 0.65625 0.1875
vt 0.67188 0.1875
vt 0.6875 0.1875
vt 0.70313 0.1875
vt 0.71875 0.1875
vt 0.73438 0.1875
vt 0.75 0.1875
vt 0.76563 0.1875
vt 0.78125 0.1875
vt 0.79688 0.1875
vt 0.8125 0.1875
vt 0.82813 0.1875
vt 0.84375 0.1875
vt 0.85938 0.1875
vt 0.875 0.1875
vt 0.90625 0.1875
vt 0.89063 0.1875
vt 0.92188 0.1875
vt 0.95313 0.1875
vt 0.9375 0.1875
vt 0.96875 0.1875
vt 0.03125 0.20313
vt 0.01563 0.20312
vt 0.04688 0.20313
vt 0.0625 0.20312
vt 0.09375 0.20313
vt 0.07813 0.20312
vt 0.10938 0.20313
vt 0.125 0.20313
vt 0.15625 0.20313
vt 0.14063 0.20313
vt 0.17188 0.20312
vt 0.1875 0.20313
vt 0.20313 0.20312
vt 0.21875 0.20312
vt 0.23438 0.20313
vt 0.26563 0.20313
vt 0.25 0.20313
vt 0.28125 0.20313
vt 0.29688 0.20313
vt 0.3125 0.20312
vt 0.34375 0.20313
vt 0.32813 0.20313
vt 0.35938 0.20312
vt 0.375 0.20312
vt 0.39062 0.20313
vt 0.40625 0.20313
vt 0.4375 0.20313
vt 0.42188 0.20313
vt 0.45313 0.20312
vt 0.46875 0.20313
vt 0.5 0.20313
vt 0.48438 0.20313
vt 0.51563 0.20313
vt 0.54688 0.20312
vt 0.53125 0.20312
vt 0.57813 0.20313
vt 0.5625 0.20313
vt 0.59375 0.20312
vt 0.60938 0.20313
vt 0.64062 0.20312
vt 0.625 0.20313
vt 0.65625 0.20313
vt 0.6875 0.20313
vt 0.67188 0.20313
vt 0.70312 0.20313
vt 0.71875 0.20313
vt 0.73438 0.20313
vt 0.75 0.20313
vt 0.76562 0.20313
vt 0.78125 0.20313
vt 0.79688 0.20313
vt 0.8125 0.20313
vt 0.82813 0.20313
vt 0.85938 0.20313
vt 0.84375 0.20313
vt 0.875 0.20313
vt 0.89062 0.20313
vt 0.90625 0.20312
vt 0.92188 0.20313
vt 0.95313 0.20313
vt 0.9375 0.20313
vt 0.96875 0.20313
vt 0.98438 0.20312
vt 0.01563 0.21875
vt 0.03125 0.21875
vt 0.04688 0.21875
vt 0.07813 0.21875
vt 0.0625 0.21875
vt 0.09375 0.21875
vt 0.10938 0.21875
vt 0.125 0.21875
vt 0.14063 0.21875
vt 0.17188 0.21875
vt 0.15625 0.21875
vt 0.20313 0.21875
vt 0.1875 0.21875
vt 0.21875 0.21875
vt 0.23438 0.21875
vt 0.26563 0.21875
vt 0.25 0.21875
vt 0.28125 0.21875
vt 0.29688 0.21875
vt 0.3125 0.21875
vt 0.34375 0.21875
vt 0.32812 0.21875
vt 0.35938 0.21875
vt 0.375 0.21875
vt 0.40625 0.21875
vt 0.39063 0.21875
vt 0.4375 0.21875
vt 0.42188 0.21875
vt 0.45313 0.21875
vt 0.46875 0.21875
vt 0.48438 0.21875
vt 0.5 0.21875
vt 0.51563 0.21875
vt 0.54688 0.21875
vt 0.53125 0.21875
vt 0.5625 0.21875
vt 0.59375 0.21875
vt 0.57813 0.21875
vt 0.60938 0.21875
vt 0.64063 0.21875
vt 0.625 0.21875
vt 0.65625 0.21875
vt 0.6875 0.21875
vt 0.67188 0.21875
vt 0.70312 0.21875
vt 0.71875 0.21875
vt 0.75 0.21875
vt 0.73438 0.21875
vt 0.78125 0.21875
vt 0.76563 0.21875
vt 0.79688 0.21875
vt 0.8125 0.21875
vt 0.82813 0.21875
vt 0.84375 0.21875
vt 0.85938 0.21875
vt 0.875 0.21875
vt 0.89063 0.21875
vt 0.90625 0.21875
vt 0.92188 0.21875
vt 0.9375 0.21875
vt 0.95313 0.21875
vt 0.96875 0.21875
vt 0.01563 0.23438
vt 0.04688 0.23438
vt 0.03125 0.23438
vt 0.0625 0.23438
vt 0.07813 0.23438
vt 0.09375 0.23438
vt 0.125 0.23438
vt 0.10938 0.23438
vt 0.14063 0.23438
vt 0.15625 0.23438
vt 0.17188 0.23438
vt 0.1875 0.23437
vt 0.20313 0.23438
vt 0.21875 0.23438
vt 0.25 0.23438
vt 0.23438 0.23438
vt 0.26563 0.23438
vt 0.28125 0.23438
vt 0.3125 0.23438
vt 0.29688 0.23438
vt 0.32812 0.23438
vt 0.34375 0.23438
vt 0.35938 0.23438
vt 0.39063 0.23438
vt 0.375 0.23438
vt 0.40625 0.23438
vt 0.42188 0.23438
vt 0.4375 0.23438
vt 0.45312 0.23438
vt 0.46875 0.23438
vt 0.5 0.23438
vt 0.48438 0.23438
vt 0.53125 0.23438
vt 0.51563 0.23438
vt 0.54688 0.23438
vt 0.5625 0.23438
vt 0.59375 0.23438
vt 0.57813 0.23438
vt 0.625 0.23438
vt 0.60938 0.23438
vt 0.64062 0.23438
vt 0.65625 0.23438
vt 0.67188 0.23438
vt 0.6875 0.23438
vt 0.70313 0.23438
vt 0.71875 0.23438
vt 0.75 0.23438
vt 0.73438 0.23438
vt 0.78125 0.23438
vt 0.76562 0.23438
vt 0.8125 0.23438
vt 0.79688 0.23438
vt 0.82813 0.23438
vt 0.84375 0.23438
vt 0.85938 0.23438
vt 0.875 0.23438
vt 0.90625 0.23438
vt 0.89063 0.23438
vt 0.92188 0.23438
vt 0.95312 0.23438
vt 0.9375 0.23438
vt 0.96875 0.23438
vt 0.98438 0.21875
vt 0.03125 0.25
vt 0.01563 0.25
vt 0.04688 0.25
vt 0.0625 0.25
vt 0.09375 0.25
vt 0.07813 0.25
vt 0.10938 0.25
vt 0.125 0.25
vt 0.15625 0.25
vt 0.14063 0.25
vt 0.17188 0.25
vt 0.1875 0.25
vt 0.20313 0.25
vt 0.21875 0.25
vt 0.23438 0.25
vt 0.25 0.25
vt 0.28125 0.25
vt 0.26563 0.25
vt 0.29688 0.25
vt 0.3125 0.25
vt 0.32813 0.25
vt 0.35938 0.25
vt 0.34375 0.25
vt 0.375 0.25
vt 0.39063 0.25
vt 0.40625 0.25
vt 0.42188 0.25
vt 0.4375 0.25
vt 0.46875 0.25
vt 0.45312 0.25
vt 0.48438 0.25
vt 0.5 0.25
vt 0.51563 0.25
vt 0.53125 0.25
vt 0.5625 0.25
vt 0.54688 0.25
vt 0.57812 0.25
vt 0.59375 0.25
vt 0.60938 0.25
vt 0.625 0.25
vt 0.64063 0.25
vt 0.67188 0.25
vt 0.65625 0.25
vt 0.6875 0.25
vt 0.70312 0.25
vt 0.71875 0.25
vt 0.73438 0.25
vt 0.75 0.25
vt 0.78125 0.25
vt 0.76563 0.25
vt 0.79688 0.25
vt 0.82813 0.25
vt 0.8125 0.25
vt 0.84375 0.25
vt 0.875 0.25
vt 0.85938 0.25
vt 0.89062 0.25
vt 0.90625 0.25
vt 0.92188 0.25
vt 0.95313 0.25
vt 0.9375 0.25
vt 0.96875 0.25
vt 0.98438 0.25
vt 0.01563 0.26562
vt 0.04688 0.26562
vt 0.03125 0.26563
vt 0.0625 0.26562
vt 0.07813 0.26562
vt 0.09375 0.26563
vt 0.125 0.26562
vt 0.10938 0.26562
vt 0.14063 0.26563
vt 0.17188 0.26563
vt 0.15625 0.26562
vt 0.1875 0.26563
vt 0.20313 0.26562
vt 0.23438 0.26563
vt 0.21875 0.26563
vt 0.26563 0.26563
vt 0.25 0.26562
vt 0.28125 0.26562
vt 0.3125 0.26563
vt 0.29688 0.26562
vt 0.32813 0.26562
vt 0.35938 0.26562
vt 0.34375 0.26562
vt 0.375 0.26563
vt 0.39062 0.26562
vt 0.40625 0.26562
vt 0.42188 0.26562
vt 0.45313 0.26563
vt 0.4375 0.26562
vt 0.46875 0.26562
vt 0.5 0.26562
vt 0.48438 0.26563
vt 0.51563 0.26563
vt 0.54688 0.26562
vt 0.53125 0.26562
vt 0.5625 0.26563
vt 0.57813 0.26562
vt 0.59375 0.26562
vt 0.60938 0.26562
vt 0.64063 0.26562
vt 0.625 0.26563
vt 0.67188 0.26562
vt 0.65625 0.26563
vt 0.6875 0.26563
vt 0.70313 0.26562
vt 0.73438 0.26563
vt 0.71875 0.26563
vt 0.75 0.26563
vt 0.76563 0.26562
vt 0.78125 0.26563
vt 0.79688 0.26563
vt 0.8125 0.26563
vt 0.82812 0.26562
vt 0.85938 0.26563
vt 0.84375 0.26563
vt 0.875 0.26562
vt 0.89062 0.26562
vt 0.92188 0.26563
vt 0.90625 0.26563
vt 0.95312 0.26562
vt 0.9375 0.26562
vt 0.96875 0.26563
vt 0.03125 0.28125
vt 0.01563 0.28125
vt 0.04688 0.28125
vt 0.0625 0.28125
vt 0.07812 0.28125
vt 0.10938 0.28125
vt 0.09375 0.28125
vt 0.125 0.28125
vt 0.14063 0.28125
vt 0.17188 0.28125
vt 0.15625 0.28125
vt 0.1875 0.28125
vt 0.20313 0.28125
vt 0.21875 0.28125
vt 0.23438 0.28125
vt 0.26563 0.28125
vt 0.25 0.28125
vt 0.28125 0.28125
vt 0.29688 0.28125
vt 0.32813 0.28125
vt 0.3125 0.28125
vt 0.34375 0.28125
vt 0.35938 0.28125
vt 0.375 0.28125
vt 0.39063 0.28125
vt 0.40625 0.28125
vt 0.4375 0.28125
vt 0.42188 0.28125
vt 0.45313 0.28125
vt 0.46875 0.28125
vt 0.5 0.28125
vt 0.48438 0.28125
vt 0.53125 0.28125
vt 0.51563 0.28125
vt 0.54688 0.28125
vt 0.57813 0.28125
vt 0.5625 0.28125
vt 0.59375 0.28125
vt 0.60938 0.28125
vt 0.625 0.28125
vt 0.64063 0.28125
vt 0.65625 0.28125
vt 0.67188 0.28125
vt 0.70312 0.28125
vt 0.6875 0.28125
vt 0.71875 0.28125
vt 0.73438 0.28125
vt 0.76563 0.28125
vt 0.75 0.28125
vt 0.78125 0.28125
vt 0.79688 0.28125
vt 0.8125 0.28125
vt 0.84375 0.28125
vt 0.82813 0.28125
vt 0.85938 0.28125
vt 0.875 0.28125
vt 0.90625 0.28125
vt 0.89062 0.28125
vt 0.92188 0.28125
vt 0.95313 0.28125
vt 0.9375 0.28125
vt 0.98438 0.26562
vt 0.96875 0.28125
vt 0.01563 0.29688
vt 0.03125 0.29688
vt 0.0625 0.29688
vt 0.04688 0.29688
vt 0.07813 0.29688
vt 0.09375 0.29688
vt 0.10938 0.29688
vt 0.125 0.29688
vt 0.14063 0.29688
vt 0.17188 0.29688
vt 0.15625 0.29688
vt 0.1875 0.29688
vt 0.20313 0.29688
vt 0.23438 0.29688
vt 0.21875 0.29688
vt 0.25 0.29688
vt 0.26563 0.29688
vt 0.28125 0.29688
vt 0.29688 0.29688
vt 0.3125 0.29688
vt 0.32813 0.29688
vt 0.34375 0.29688
vt 0.375 0.29688
vt 0.35938 0.29688
vt 0.39063 0.29688
vt 0.40625 0.29688
vt 0.42188 0.29688
vt 0.45313 0.29688
vt 0.4375 0.29688
vt 0.46875 0.29688
vt 0.5 0.29688
vt 0.48438 0.29688
vt 0.51563 0.29688
vt 0.53125 0.29688
vt 0.5625 0.29688
vt 0.54688 0.29688
vt 0.57813 0.29688
vt 0.59375 0.29688
vt 0.60938 0.29688
vt 0.625 0.29688
vt 0.64063 0.29688
vt 0.65625 0.29688
vt 0.67188 0.29688
vt 0.6875 0.29688
vt 0.71875 0.29688
vt 0.70312 0.29688
vt 0.73438 0.29688
vt 0.76562 0.29688
vt 0.75 0.29688
vt 0.78125 0.29688
vt 0.8125 0.29688
vt 0.79688 0.29688
vt 0.82812 0.29688
vt 0.84375 0.29688
vt 0.875 0.29688
vt 0.85938 0.29688
vt 0.89062 0.29688
vt 0.92188 0.29688
vt 0.90625 0.29688
vt 0.9375 0.29688
vt 0.95313 0.29688
vt 0.98438 0.29688
vt 0.96875 0.29688
vt 0.01563 0.3125
vt 0.04688 0.3125
vt 0.03125 0.3125
vt 0.0625 0.3125
vt 0.07813 0.3125
vt 0.09375 0.3125
vt 0.10938 0.3125
vt 0.14063 0.3125
vt 0.125 0.3125
vt 0.15625 0.3125
vt 0.17188 0.3125
vt 0.20313 0.3125
vt 0.1875 0.3125
vt 0.21875 0.3125
vt 0.23438 0.3125
vt 0.25 0.3125
vt 0.28125 0.3125
vt 0.26563 0.3125
vt 0.3125 0.3125
vt 0.29688 0.3125
vt 0.32813 0.3125
vt 0.35938 0.3125
vt 0.34375 0.3125
vt 0.375 0.3125
vt 0.40625 0.3125
vt 0.39063 0.3125
vt 0.42188 0.3125
vt 0.45312 0.3125
vt 0.4375 0.3125
vt 0.46875 0.3125
vt 0.48438 0.3125
vt 0.5 0.3125
vt 0.53125 0.3125
vt 0.51562 0.3125
vt 0.5625 0.3125
vt 0.54688 0.3125
vt 0.57813 0.3125
vt 0.59375 0.3125
vt 0.60938 0.3125
vt 0.64063 0.3125
vt 0.625 0.3125
vt 0.67188 0.3125
vt 0.65625 0.3125
vt 0.6875 0.3125
vt 0.70313 0.3125
vt 0.73438 0.3125
vt 0.71875 0.3125
vt 0.75 0.3125
vt 0.76563 0.3125
vt 0.79688 0.3125
vt 0.78125 0.3125
vt 0.8125 0.3125
vt 0.84375 0.3125
vt 0.82813 0.3125
vt 0.875 0.3125
vt 0.85938 0.3125
vt 0.90625 0.3125
vt 0.89062 0.3125
vt 0.92188 0.3125
vt 0.95313 0.3125
vt 0.9375 0.3125
vt 0.96875 0.3125
vt 0.03125 0.32812
vt 0.01563 0.32813
vt 0.04688 0.32813
vt 0.0625 0.32813
vt 0.07813 0.32813
vt 0.09375 0.32813
vt 0.125 0.32813
vt 0.10938 0.32813
vt 0.14063 0.32813
vt 0.15625 0.32812
vt 0.1875 0.32812
vt 0.17188 0.32813
vt 0.21875 0.32813
vt 0.20313 0.32813
vt 0.23438 0.32813
vt 0.25 0.32812
vt 0.26563 0.32812
vt 0.28125 0.32812
vt 0.29688 0.32812
vt 0.3125 0.32813
vt 0.32813 0.32812
vt 0.34375 0.32812
vt 0.35938 0.32812
vt 0.375 0.32813
vt 0.40625 0.32812
vt 0.39063 0.32812
vt 0.42188 0.32813
vt 0.4375 0.32813
vt 0.45312 0.32813
vt 0.46875 0.32812
vt 0.48438 0.32812
vt 0.5 0.32813
vt 0.53125 0.32812
vt 0.51563 0.32812
vt 0.54688 0.32813
vt 0.5625 0.32813
vt 0.57813 0.32813
vt 0.59375 0.32812
vt 0.60938 0.32812
vt 0.64063 0.32813
vt 0.625 0.32813
vt 0.65625 0.32812
vt 0.67188 0.32813
vt 0.70313 0.32813
vt 0.6875 0.32813
vt 0.71875 0.32812
vt 0.75 0.32813
vt 0.73438 0.32813
vt 0.76563 0.32813
vt 0.79688 0.32813
vt 0.78125 0.32813
vt 0.8125 0.32812
vt 0.82812 0.32812
vt 0.84375 0.32813
vt 0.85938 0.32812
vt 0.875 0.32813
vt 0.90625 0.32812
vt 0.89063 0.32813
vt 0.92188 0.32812
vt 0.9375 0.32813
vt 0.95313 0.32813
vt 0.98438 0.32813
vt 0.96875 0.32812
vt 0.03125 0.34375
vt 0.01563 0.34375
vt 0.04688 0.34375
vt 0.0625 0.34375
vt 0.07813 0.34375
vt 0.09375 0.34375
vt 0.10938 0.34375
vt 0.125 0.34375
vt 0.15625 0.34375
vt 0.14063 0.34375
vt 0.17188 0.34375
vt 0.1875 0.34375
vt 0.21875 0.34375
vt 0.20313 0.34375
vt 0.23438 0.34375
vt 0.26563 0.34375
vt 0.25 0.34375
vt 0.28125 0.34375
vt 0.29688 0.34375
vt 0.3125 0.34375
vt 0.32813 0.34375
vt 0.34375 0.34375
vt 0.375 0.34375
vt 0.35938 0.34375
vt 0.40625 0.34375
vt 0.39063 0.34375
vt 0.4375 0.34375
vt 0.42188 0.34375
vt 0.45313 0.34375
vt 0.46875 0.34375
vt 0.48438 0.34375
vt 0.51562 0.34375
vt 0.5 0.34375
vt 0.53125 0.34375
vt 0.54688 0.34375
vt 0.57813 0.34375
vt 0.5625 0.34375
vt 0.59375 0.34375
vt 0.60938 0.34375
vt 0.625 0.34375
vt 0.64063 0.34375
vt 0.65625 0.34375
vt 0.67188 0.34375
vt 0.70312 0.34375
vt 0.6875 0.34375
vt 0.71875 0.34375
vt 0.73438 0.34375
vt 0.76563 0.34375
vt 0.75 0.34375
vt 0.78125 0.34375
vt 0.8125 0.34375
vt 0.79688 0.34375
vt 0.82813 0.34375
vt 0.85938 0.34375
vt 0.84375 0.34375
vt 0.875 0.34375
vt 0.89062 0.34375
vt 0.90625 0.34375
vt 0.92188 0.34375
vt 0.95312 0.34375
vt 0.9375 0.34375
vt 0.96875 0.34375
vt 0.01563 0.35938
vt 0.04688 0.35938
vt 0.03125 0.35938
vt 0.0625 0.35938
vt 0.07813 0.35938
vt 0.10938 0.35938
vt 0.09375 0.35938
vt 0.125 0.35938
vt 0.14063 0.35938
vt 0.15625 0.35938
vt 0.17188 0.35938
vt 0.20313 0.35938
vt 0.1875 0.35938
vt 0.21875 0.35938
vt 0.23438 0.35938
vt 0.25 0.35938
vt 0.26563 0.35938
vt 0.28125 0.35938
vt 0.3125 0.35938
vt 0.29688 0.35938
vt 0.32813 0.35938
vt 0.34375 0.35938
vt 0.375 0.35938
vt 0.35938 0.35938
vt 0.40625 0.35938
vt 0.39062 0.35938
vt 0.42188 0.35938
vt 0.45312 0.35938
vt 0.4375 0.35938
vt 0.46875 0.35938
vt 0.5 0.35938
vt 0.48438 0.35938
vt 0.51563 0.35938
vt 0.53125 0.35938
vt 0.54688 0.35938
vt 0.57813 0.35938
vt 0.5625 0.35938
vt 0.59375 0.35938
vt 0.60938 0.35938
vt 0.625 0.35938
vt 0.64063 0.35938
vt 0.65625 0.35938
vt 0.6875 0.35938
vt 0.67188 0.35938
vt 0.71875 0.35938
vt 0.70312 0.35938
vt 0.73438 0.35938
vt 0.76563 0.35938
vt 0.75 0.35938
vt 0.78125 0.35938
vt 0.8125 0.35938
vt 0.79688 0.35938
vt 0.82813 0.35938
vt 0.85938 0.35938
vt 0.84375 0.35938
vt 0.875 0.35938
vt 0.89062 0.35938
vt 0.90625 0.35938
vt 0.92188 0.35938
vt 0.9375 0.35938
vt 0.95313 0.35938
vt 0.98438 0.34375
vt 0.96875 0.35938
vt 0.01563 0.375
vt 0.03125 0.375
vt 0.04688 0.375
vt 0.07813 0.375
vt 0.0625 0.375
vt 0.09375 0.375
vt 0.10938 0.375
vt 0.125 0.375
vt 0.14063 0.375
vt 0.17188 0.375
vt 0.15625 0.375
vt 0.1875 0.375
vt 0.20313 0.375
vt 0.21875 0.375
vt 0.23438 0.375
vt 0.25 0.375
vt 0.26563 0.375
vt 0.29688 0.375
vt 0.28125 0.375
vt 0.3125 0.375
vt 0.34375 0.375
vt 0.32813 0.375
vt 0.375 0.375
vt 0.35938 0.375
vt 0.39063 0.375
vt 0.40625 0.375
vt 0.42188 0.375
vt 0.4375 0.375
vt 0.46875 0.375
vt 0.45312 0.375
vt 0.48438 0.375
vt 0.51562 0.375
vt 0.5 0.375
vt 0.53125 0.375
vt 0.5625 0.375
vt 0.54688 0.375
vt 0.57813 0.375
vt 0.59375 0.375
vt 0.60938 0.375
vt 0.64063 0.375
vt 0.625 0.375
vt 0.65625 0.375
vt 0.6875 0.375
vt 0.67188 0.375
vt 0.70313 0.375
vt 0.73438 0.375
vt 0.71875 0.375
vt 0.75 0.375
vt 0.76563 0.375
vt 0.78125 0.375
vt 0.79688 0.375
vt 0.82813 0.375
vt 0.8125 0.375
vt 0.84375 0.375
vt 0.85938 0.375
vt 0.875 0.375
vt 0.90625 0.375
vt 0.89063 0.375
vt 0.92188 0.375
vt 0.9375 0.375
vt 0.95312 0.375
vt 0.96875 0.375
vt 0.98438 0.375
vt 0.03125 0.39063
vt 0.01563 0.39063
vt 0.04688 0.39063
vt 0.0625 0.39063
vt 0.07813 0.39063
vt 0.09375 0.39063
vt 0.125 0.39062
vt 0.10938 0.39063
vt 0.14063 0.39063
vt 0.15625 0.39062
vt 0.17188 0.39062
vt 0.1875 0.39063
vt 0.20313 0.39063
vt 0.21875 0.39063
vt 0.23438 0.39063
vt 0.25 0.39063
vt 0.26563 0.39062
vt 0.29688 0.39063
vt 0.28125 0.39063
vt 0.3125 0.39062
vt 0.32813 0.39063
vt 0.35938 0.39063
vt 0.34375 0.39063
vt 0.375 0.39063
vt 0.39063 0.39063
vt 0.42188 0.39062
vt 0.40625 0.39063
vt 0.4375 0.39063
vt 0.46875 0.39063
vt 0.45312 0.39063
vt 0.48438 0.39063
vt 0.5 0.39063
vt 0.53125 0.39063
vt 0.51562 0.39063
vt 0.54688 0.39063
vt 0.5625 0.39062
vt 0.57813 0.39063
vt 0.59375 0.39063
vt 0.60938 0.39062
vt 0.64063 0.39063
vt 0.625 0.39063
vt 0.65625 0.39063
vt 0.67188 0.39063
vt 0.6875 0.39062
vt 0.70313 0.39063
vt 0.71875 0.39063
vt 0.73438 0.39063
vt 0.76563 0.39063
vt 0.75 0.39063
vt 0.78125 0.39062
vt 0.79688 0.39063
vt 0.82812 0.39062
vt 0.8125 0.39063
vt 0.84375 0.39063
vt 0.875 0.39062
vt 0.85938 0.39063
vt 0.89062 0.39063
vt 0.90625 0.39062
vt 0.92188 0.39063
vt 0.9375 0.39063
vt 0.95312 0.39063
vt 0.96875 0.39063
vt 0.01563 0.40625
vt 0.03125 0.40625
vt 0.04688 0.40625
vt 0.0625 0.40625
vt 0.07813 0.40625
vt 0.10938 0.40625
vt 0.09375 0.40625
vt 0.125 0.40625
vt 0.14063 0.40625
vt 0.15625 0.40625
vt 0.17188 0.40625
vt 0.1875 0.40625
vt 0.20313 0.40625
vt 0.21875 0.40625
vt 0.23438 0.40625
vt 0.26563 0.40625
vt 0.25 0.40625
vt 0.28125 0.40625
vt 0.3125 0.40625
vt 0.29688 0.40625
vt 0.32813 0.40625
vt 0.34375 0.40625
vt 0.35938 0.40625
vt 0.39063 0.40625
vt 0.375 0.40625
vt 0.40625 0.40625
vt 0.4375 0.40625
vt 0.42188 0.40625
vt 0.45313 0.40625
vt 0.48438 0.40625
vt 0.46875 0.40625
vt 0.5 0.40625
vt 0.51563 0.40625
vt 0.54688 0.40625
vt 0.53125 0.40625
vt 0.5625 0.40625
vt 0.57813 0.40625
vt 0.59375 0.40625
vt 0.625 0.40625
vt 0.60938 0.40625
vt 0.64063 0.40625
vt 0.65625 0.40625
vt 0.67188 0.40625
vt 0.70312 0.40625
vt 0.6875 0.40625
vt 0.71875 0.40625
vt 0.73438 0.40625
vt 0.75 0.40625
vt 0.76562 0.40625
vt 0.78125 0.40625
vt 0.79688 0.40625
vt 0.8125 0.40625
vt 0.82813 0.40625
vt 0.84375 0.40625
vt 0.85938 0.40625
vt 0.875 0.40625
vt 0.89063 0.40625
vt 0.90625 0.40625
vt 0.9375 0.40625
vt 0.92188 0.40625
vt 0.96875 0.40625
vt 0.95312 0.40625
vt 0.98438 0.40625
vt 0.03125 0.42188
vt 0.01563 0.42188
vt 0.0625 0.42188
vt 0.04688 0.42188
vt 0.07813 0.42188
vt 0.09375 0.42188
vt 0.10938 0.42188
vt 0.125 0.42188
vt 0.14063 0.42188
vt 0.15625 0.42188
vt 0.1875 0.42188
vt 0.17188 0.42188
vt 0.20313 0.42188
vt 0.21875 0.42188
vt 0.25 0.42188
vt 0.23438 0.42188
vt 0.26563 0.42188
vt 0.28125 0.42188
vt 0.29688 0.42188
vt 0.3125 0.42188
vt 0.34375 0.42188
vt 0.32812 0.42188
vt 0.375 0.42188
vt 0.35938 0.42188
vt 0.39063 0.42188
vt 0.40625 0.42188
vt 0.42188 0.42188
vt 0.4375 0.42188
vt 0.45313 0.42188
vt 0.46875 0.42188
vt 0.48438 0.42188
vt 0.51563 0.42188
vt 0.5 0.42188
vt 0.53125 0.42188
vt 0.54688 0.42188
vt 0.57813 0.42188
vt 0.5625 0.42188
vt 0.59375 0.42188
vt 0.60938 0.42188
vt 0.625 0.42188
vt 0.65625 0.42188
vt 0.64062 0.42188
vt 0.67188 0.42188
vt 0.6875 0.42188
vt 0.70312 0.42188
vt 0.71875 0.42188
vt 0.75 0.42188
vt 0.73438 0.42188
vt 0.76563 0.42188
vt 0.78125 0.42188
vt 0.79688 0.42188
vt 0.8125 0.42188
vt 0.82813 0.42188
vt 0.84375 0.42188
vt 0.85938 0.42188
vt 0.875 0.42188
vt 0.89063 0.42188
vt 0.90625 0.42188
vt 0.92188 0.42188
vt 0.9375 0.42188
vt 0.95312 0.42188
vt 0.96875 0.42188
vt 0.03125 0.4375
vt 0.01563 0.4375
vt 0.04688 0.4375
vt 0.0625 0.4375
vt 0.09375 0.4375
vt 0.07813 0.4375
vt 0.10938 0.4375
vt 0.14063 0.4375
vt 0.125 0.4375
vt 0.15625 0.4375
vt 0.17188 0.4375
vt 0.1875 0.4375
vt 0.21875 0.4375
vt 0.20313 0.4375
vt 0.23438 0.4375
vt 0.26562 0.4375
vt 0.25 0.4375
vt 0.28125 0.4375
vt 0.29688 0.4375
vt 0.3125 0.4375
vt 0.34375 0.4375
vt 0.32813 0.4375
vt 0.35938 0.4375
vt 0.39063 0.4375
vt 0.375 0.4375
vt 0.42188 0.4375
vt 0.40625 0.4375
vt 0.4375 0.4375
vt 0.45313 0.4375
vt 0.46875 0.4375
vt 0.48438 0.4375
vt 0.51562 0.4375
vt 0.5 0.4375
vt 0.54688 0.4375
vt 0.53125 0.4375
vt 0.5625 0.4375
vt 0.57812 0.4375
vt 0.60938 0.4375
vt 0.59375 0.4375
vt 0.625 0.4375
vt 0.64063 0.4375
vt 0.65625 0.4375
vt 0.6875 0.4375
vt 0.67188 0.4375
vt 0.70313 0.4375
vt 0.73438 0.4375
vt 0.71875 0.4375
vt 0.75 0.4375
vt 0.76562 0.4375
vt 0.78125 0.4375
vt 0.79688 0.4375
vt 0.82812 0.4375
vt 0.8125 0.4375
vt 0.84375 0.4375
vt 0.85938 0.4375
vt 0.875 0.4375
vt 0.89063 0.4375
vt 0.90625 0.4375
vt 0.9375 0.4375
vt 0.92188 0.4375
vt 0.95313 0.4375
vt 0.96875 0.4375
vt 0.98438 0.4375
vt 0.01563 0.45313
vt 0.03125 0.45313
vt 0.04688 0.45313
vt 0.0625 0.45312
vt 0.07813 0.45313
vt 0.09375 0.45313
vt 0.10938 0.45313
vt 0.125 0.45313
vt 0.14063 0.45313
vt 0.17188 0.45313
vt 0.15625 0.45313
vt 0.20313 0.45313
vt 0.1875 0.45313
vt 0.21875 0.45312
vt 0.23438 0.45313
vt 0.25 0.45312
vt 0.26563 0.45313
vt 0.28125 0.45312
vt 0.3125 0.45313
vt 0.29688 0.45313
vt 0.32813 0.45313
vt 0.35938 0.45313
vt 0.34375 0.45312
vt 0.375 0.45313
vt 0.39063 0.45312
vt 0.40625 0.45313
vt 0.42188 0.45313
vt 0.45313 0.45313
vt 0.4375 0.45313
vt 0.46875 0.45313
vt 0.48438 0.45313
vt 0.5 0.45312
vt 0.51563 0.45313
vt 0.54688 0.45313
vt 0.53125 0.45313
vt 0.57812 0.45313
vt 0.5625 0.45313
vt 0.59375 0.45313
vt 0.60938 0.45312
vt 0.625 0.45312
vt 0.64063 0.45313
vt 0.65625 0.45312
vt 0.67188 0.45313
vt 0.70312 0.45313
vt 0.6875 0.45313
vt 0.71875 0.45313
vt 0.73438 0.45313
vt 0.75 0.45312
vt 0.76563 0.45313
vt 0.78125 0.45313
vt 0.79688 0.45313
vt 0.8125 0.45313
vt 0.84375 0.45313
vt 0.82813 0.45313
vt 0.85938 0.45313
vt 0.875 0.45313
vt 0.90625 0.45313
vt 0.89062 0.45313
vt 0.92188 0.45313
vt 0.9375 0.45312
vt 0.95313 0.45313
vt 0.98438 0.45313
vt 0.96875 0.45313
vt 0.01563 0.46875
vt 0.04688 0.46875
vt 0.03125 0.46875
vt 0.0625 0.46875
vt 0.07813 0.46875
vt 0.09375 0.46875
vt 0.10938 0.46875
vt 0.14063 0.46875
vt 0.125 0.46875
vt 0.15625 0.46875
vt 0.1875 0.46875
vt 0.17188 0.46875
vt 0.20313 0.46875
vt 0.21875 0.46875
vt 0.25 0.46875
vt 0.23438 0.46875
vt 0.26562 0.46875
vt 0.28125 0.46875
vt 0.3125 0.46875
vt 0.29688 0.46875
vt 0.32812 0.46875
vt 0.34375 0.46875
vt 0.375 0.46875
vt 0.35938 0.46875
vt 0.39063 0.46875
vt 0.40625 0.46875
vt 0.42188 0.46875
vt 0.4375 0.46875
vt 0.45313 0.46875
vt 0.48438 0.46875
vt 0.46875 0.46875
vt 0.51563 0.46875
vt 0.5 0.46875
vt 0.53125 0.46875
vt 0.54688 0.46875
vt 0.57812 0.46875
vt 0.5625 0.46875
vt 0.59375 0.46875
vt 0.60938 0.46875
vt 0.625 0.46875
vt 0.64062 0.46875
vt 0.65625 0.46875
vt 0.6875 0.46875
vt 0.67188 0.46875
vt 0.70313 0.46875
vt 0.71875 0.46875
vt 0.73438 0.46875
vt 0.75 0.46875
vt 0.78125 0.46875
vt 0.76563 0.46875
vt 0.79688 0.46875
vt 0.8125 0.46875
vt 0.82813 0.46875
vt 0.84375 0.46875
vt 0.875 0.46875
vt 0.85938 0.46875
vt 0.89063 0.46875
vt 0.90625 0.46875
vt 0.92188 0.46875
vt 0.9375 0.46875
vt 0.95313 0.46875
vt 0.96875 0.46875
vt 0.03125 0.48438
vt 0.01563 0.48438
vt 0.0625 0.48438
vt 0.04688 0.48438
vt 0.09375 0.48438
vt 0.07813 0.48438
vt 0.10938 0.48438
vt 0.125 0.48438
vt 0.14063 0.48438
vt 0.17188 0.48438
vt 0.15625 0.48438
vt 0.20313 0.48438
vt 0.1875 0.48438
vt 0.21875 0.48438
vt 0.23438 0.48438
vt 0.25 0.48438
vt 0.28125 0.48438
vt 0.26563 0.48438
vt 0.29688 0.48438
vt 0.3125 0.48438
vt 0.32813 0.48438
vt 0.34375 0.48438
vt 0.35938 0.48438
vt 0.375 0.48438
vt 0.39063 0.48438
vt 0.42188 0.48438
vt 0.40625 0.48438
vt 0.4375 0.48438
vt 0.45313 0.48438
vt 0.46875 0.48438
vt 0.48438 0.48438
vt 0.51562 0.48438
vt 0.5 0.48438
vt 0.53125 0.48438
vt 0.54688 0.48438
vt 0.5625 0.48438
vt 0.57812 0.48438
vt 0.59375 0.48438
vt 0.625 0.48438
vt 0.60938 0.48438
vt 0.65625 0.48438
vt 0.64062 0.48438
vt 0.67188 0.48438
vt 0.6875 0.48438
vt 0.71875 0.48438
vt 0.70313 0.48438
vt 0.73438 0.48438
vt 0.76562 0.48438
vt 0.75 0.48438
vt 0.78125 0.48438
vt 0.8125 0.48438
vt 0.79688 0.48438
vt 0.82812 0.48438
vt 0.84375 0.48438
vt 0.85938 0.48438
vt 0.875 0.48438
vt 0.89063 0.48438
vt 0.90625 0.48438
vt 0.9375 0.48438
vt 0.92188 0.48438
vt 0.95313 0.48438
vt 0.98438 0.46875
vt 0.96875 0.48438
vt 0.03125 0.5
vt 0.01563 0.5
vt 0.04688 0.5
vt 0.0625 0.5
vt 0.07813 0.5
vt 0.10938 0.5
vt 0.09375 0.5
vt 0.125 0.5
vt 0.14063 0.5
vt 0.15625 0.5
vt 0.17188 0.5
vt 0.1875 0.5
vt 0.20313 0.5
vt 0.21875 0.5
vt 0.23438 0.5
vt 0.25 0.5
vt 0.26563 0.5
vt 0.28125 0.5
vt 0.29688 0.5
vt 0.3125 0.5
vt 0.32813 0.5
vt 0.35938 0.5
vt 0.34375 0.5
vt 0.375 0.5
vt 0.39063 0.5
vt 0.40625 0.5
vt 0.42188 0.5
vt 0.45313 0.5
vt 0.4375 0.5
vt 0.46875 0.5
vt 0.5 0.5
vt 0.48438 0.5
vt 0.53125 0.5
vt 0.51562 0.5
vt 0.54688 0.5
vt 0.5625 0.5
vt 0.57813 0.5
vt 0.59375 0.5
vt 0.625 0.5
vt 0.60938 0.5
vt 0.64063 0.5
vt 0.67188 0.5
vt 0.65625 0.5
vt 0.6875 0.5
vt 0.71875 0.5
vt 0.70313 0.5
vt 0.73438 0.5
vt 0.75 0.5
vt 0.76563 0.5
vt 0.78125 0.5
vt 0.79688 0.5
vt 0.8125 0.5
vt 0.82813 0.5
vt 0.85938 0.5
vt 0.84375 0.5
vt 0.875 0.5
vt 0.90625 0.5
vt 0.89063 0.5
vt 0.92188 0.5
vt 0.95313 0.5
vt 0.9375 0.5
vt 0.96875 0.5
vt 0.98438 0.48438
vt 0.01563 0.51563
vt 0.03125 0.51563
vt 0.04688 0.51562
vt 0.0625 0.51562
vt 0.07813 0.51563
vt 0.09375 0.51563
vt 0.125 0.51562
vt 0.10938 0.51562
vt 0.14063 0.51562
vt 0.15625 0.51563
vt 0.17188 0.51563
vt 0.1875 0.51563
vt 0.21875 0.51563
vt 0.20313 0.51563
vt 0.23438 0.51563
vt 0.25 0.51563
vt 0.26563 0.51563
vt 0.28125 0.51562
vt 0.3125 0.51563
vt 0.29688 0.51563
vt 0.32813 0.51563
vt 0.34375 0.51562
vt 0.35938 0.51562
vt 0.375 0.51562
vt 0.39063 0.51562
vt 0.40625 0.51563
vt 0.42188 0.51562
vt 0.4375 0.51562
vt 0.46875 0.51562
vt 0.45313 0.51562
vt 0.48438 0.51563
vt 0.51563 0.51563
vt 0.5 0.51563
vt 0.53125 0.51562
vt 0.5625 0.51562
vt 0.54688 0.51563
vt 0.59375 0.51563
vt 0.57813 0.51563
vt 0.60938 0.51562
vt 0.625 0.51562
vt 0.64062 0.51562
vt 0.65625 0.51562
vt 0.6875 0.51563
vt 0.67188 0.51563
vt 0.70313 0.51563
vt 0.73438 0.51563
vt 0.71875 0.51563
vt 0.75 0.51563
vt 0.76563 0.51563
vt 0.78125 0.51563
vt 0.79688 0.51563
vt 0.82812 0.51563
vt 0.8125 0.51563
vt 0.84375 0.51563
vt 0.875 0.51562
vt 0.85938 0.51562
vt 0.89063 0.51562
vt 0.90625 0.51563
vt 0.92188 0.51562
vt 0.9375 0.51562
vt 0.95312 0.51562
vt 0.96875 0.51563
vt 0.98438 0.5
vt 0.01563 0.53125
vt 0.04688 0.53125
vt 0.03125 0.53125
vt 0.0625 0.53125
vt 0.07812 0.53125
vt 0.09375 0.53125
vt 0.10938 0.53125
vt 0.14062 0.53125
vt 0.125 0.53125
vt 0.15625 0.53125
vt 0.1875 0.53125
vt 0.17188 0.53125
vt 0.20313 0.53125
vt 0.21875 0.53125
vt 0.23438 0.53125
vt 0.26563 0.53125
vt 0.25 0.53125
vt 0.28125 0.53125
vt 0.29688 0.53125
vt 0.3125 0.53125
vt 0.32812 0.53125
vt 0.34375 0.53125
vt 0.35938 0.53125
vt 0.375 0.53125
vt 0.39063 0.53125
vt 0.40625 0.53125
vt 0.42188 0.53125
vt 0.4375 0.53125
vt 0.45313 0.53125
vt 0.48438 0.53125
vt 0.46875 0.53125
vt 0.5 0.53125
vt 0.51563 0.53125
vt 0.53125 0.53125
vt 0.5625 0.53125
vt 0.54688 0.53125
vt 0.57813 0.53125
vt 0.59375 0.53125
vt 0.60938 0.53125
vt 0.625 0.53125
vt 0.64063 0.53125
vt 0.65625 0.53125
vt 0.67188 0.53125
vt 0.70313 0.53125
vt 0.6875 0.53125
vt 0.71875 0.53125
vt 0.75 0.53125
vt 0.73438 0.53125
vt 0.76563 0.53125
vt 0.79688 0.53125
vt 0.78125 0.53125
vt 0.82812 0.53125
vt 0.8125 0.53125
vt 0.84375 0.53125
vt 0.85938 0.53125
vt 0.89062 0.53125
vt 0.875 0.53125
vt 0.90625 0.53125
vt 0.92188 0.53125
vt 0.9375 0.53125
vt 0.95313 0.53125
vt 0.98438 0.51562
vt 0.96875 0.53125
vt 0.01563 0.54688
vt 0.03125 0.54688
vt 0.04688 0.54688
vt 0.0625 0.54688
vt 0.07813 0.54688
vt 0.10938 0.54688
vt 0.09375 0.54688
vt 0.125 0.54688
vt 0.14063 0.54688
vt 0.17188 0.54688
vt 0.15625 0.54688
vt 0.1875 0.54688
vt 0.20313 0.54688
vt 0.21875 0.54688
vt 0.23438 0.54688
vt 0.25 0.54688
vt 0.28125 0.54688
vt 0.26563 0.54688
vt 0.29688 0.54688
vt 0.3125 0.54688
vt 0.32813 0.54688
vt 0.35938 0.54688
vt 0.34375 0.54688
vt 0.375 0.54688
vt 0.40625 0.54688
vt 0.39063 0.54688
vt 0.42188 0.54688
vt 0.45313 0.54688
vt 0.4375 0.54688
vt 0.46875 0.54688
vt 0.48438 0.54688
vt 0.5 0.54688
vt 0.51562 0.54688
vt 0.53125 0.54688
vt 0.54688 0.54688
vt 0.57813 0.54688
vt 0.5625 0.54688
vt 0.59375 0.54688
vt 0.60938 0.54688
vt 0.625 0.54688
vt 0.65625 0.54688
vt 0.64063 0.54688
vt 0.67188 0.54688
vt 0.6875 0.54688
vt 0.71875 0.54688
vt 0.70313 0.54688
vt 0.73438 0.54688
vt 0.76563 0.54688
vt 0.75 0.54688
vt 0.79688 0.54688
vt 0.78125 0.54688
vt 0.82813 0.54688
vt 0.8125 0.54688
vt 0.85938 0.54688
vt 0.84375 0.54688
vt 0.875 0.54688
vt 0.89063 0.54688
vt 0.90625 0.54688
vt 0.9375 0.54688
vt 0.92188 0.54688
vt 0.95313 0.54688
vt 0.96875 0.54688
vt 0.98438 0.54688
vt 0.03125 0.5625
vt 0.01563 0.5625
vt 0.0625 0.5625
vt 0.04688 0.5625
vt 0.07812 0.5625
vt 0.10938 0.5625
vt 0.09375 0.5625
vt 0.125 0.5625
vt 0.14063 0.5625
vt 0.15625 0.5625
vt 0.17188 0.5625
vt 0.1875 0.5625
vt 0.21875 0.5625
vt 0.20313 0.5625
vt 0.23438 0.5625
vt 0.25 0.5625
vt 0.26563 0.5625
vt 0.28125 0.5625
vt 0.29688 0.5625
vt 0.32813 0.5625
vt 0.3125 0.5625
vt 0.34375 0.5625
vt 0.35938 0.5625
vt 0.39063 0.5625
vt 0.375 0.5625
vt 0.40625 0.5625
vt 0.42188 0.5625
vt 0.45313 0.5625
vt 0.4375 0.5625
vt 0.46875 0.5625
vt 0.48438 0.5625
vt 0.5 0.5625
vt 0.53125 0.5625
vt 0.51562 0.5625
vt 0.5625 0.5625
vt 0.54688 0.5625
vt 0.57812 0.5625
vt 0.59375 0.5625
vt 0.60938 0.5625
vt 0.625 0.5625
vt 0.64063 0.5625
vt 0.65625 0.5625
vt 0.6875 0.5625
vt 0.67188 0.5625
vt 0.71875 0.5625
vt 0.70313 0.5625
vt 0.73438 0.5625
vt 0.75 0.5625
vt 0.76563 0.5625
vt 0.78125 0.5625
vt 0.79688 0.5625
vt 0.82812 0.5625
vt 0.8125 0.5625
vt 0.84375 0.5625
vt 0.85938 0.5625
vt 0.875 0.5625
vt 0.89063 0.5625
vt 0.90625 0.5625
vt 0.9375 0.5625
vt 0.92188 0.5625
vt 0.95313 0.5625
vt 0.96875 0.5625
vt 0.03125 0.57813
vt 0.01563 0.57813
vt 0.04688 0.57813
vt 0.07813 0.57813
vt 0.0625 0.57813
vt 0.09375 0.57813
vt 0.10938 0.57812
vt 0.14063 0.57812
vt 0.125 0.57813
vt 0.15625 0.57812
vt 0.17188 0.57812
vt 0.1875 0.57813
vt 0.20313 0.57813
vt 0.21875 0.57813
vt 0.23438 0.57812
vt 0.25 0.57812
vt 0.26563 0.57812
vt 0.28125 0.57813
vt 0.29688 0.57812
vt 0.3125 0.57813
vt 0.32812 0.57813
vt 0.35938 0.57812
vt 0.34375 0.57813
vt 0.375 0.57813
vt 0.39063 0.57812
vt 0.40625 0.57813
vt 0.42188 0.57813
vt 0.4375 0.57813
vt 0.45313 0.57812
vt 0.48438 0.57812
vt 0.46875 0.57813
vt 0.5 0.57813
vt 0.53125 0.57813
vt 0.51562 0.57812
vt 0.54688 0.57812
vt 0.5625 0.57813
vt 0.57813 0.57813
vt 0.59375 0.57813
vt 0.60938 0.57813
vt 0.64062 0.57812
vt 0.625 0.57813
vt 0.67188 0.57813
vt 0.65625 0.57813
vt 0.70313 0.57813
vt 0.6875 0.57813
vt 0.71875 0.57812
vt 0.73438 0.57812
vt 0.75 0.57812
vt 0.76563 0.57813
vt 0.79688 0.57813
vt 0.78125 0.57813
vt 0.82812 0.57812
vt 0.8125 0.57813
vt 0.84375 0.57812
vt 0.85938 0.57812
vt 0.875 0.57813
vt 0.90625 0.57813
vt 0.89063 0.57813
vt 0.92188 0.57813
vt 0.9375 0.57812
vt 0.96875 0.57813
vt 0.95312 0.57812
vt 0.98438 0.57813
vt 0.01563 0.59375
vt 0.03125 0.59375
vt 0.04688 0.59375
vt 0.07813 0.59375
vt 0.0625 0.59375
vt 0.09375 0.59375
vt 0.10938 0.59375
vt 0.14063 0.59375
vt 0.125 0.59375
vt 0.15625 0.59375
vt 0.17188 0.59375
vt 0.1875 0.59375
vt 0.20313 0.59375
vt 0.21875 0.59375
vt 0.25 0.59375
vt 0.23438 0.59375
vt 0.26562 0.59375
vt 0.28125 0.59375
vt 0.29688 0.59375
vt 0.32813 0.59375
vt 0.3125 0.59375
vt 0.34375 0.59375
vt 0.35938 0.59375
vt 0.375 0.59375
vt 0.39063 0.59375
vt 0.40625 0.59375
vt 0.42188 0.59375
vt 0.45313 0.59375
vt 0.4375 0.59375
vt 0.46875 0.59375
vt 0.48438 0.59375
vt 0.51563 0.59375
vt 0.5 0.59375
vt 0.54688 0.59375
vt 0.53125 0.59375
vt 0.5625 0.59375
vt 0.57812 0.59375
vt 0.59375 0.59375
vt 0.60938 0.59375
vt 0.625 0.59375
vt 0.64062 0.59375
vt 0.67188 0.59375
vt 0.65625 0.59375
vt 0.70312 0.59375
vt 0.6875 0.59375
vt 0.71875 0.59375
vt 0.73438 0.59375
vt 0.75 0.59375
vt 0.78125 0.59375
vt 0.76562 0.59375
vt 0.79688 0.59375
vt 0.8125 0.59375
vt 0.82813 0.59375
vt 0.84375 0.59375
vt 0.85938 0.59375
vt 0.89062 0.59375
vt 0.875 0.59375
vt 0.90625 0.59375
vt 0.92188 0.59375
vt 0.9375 0.59375
vt 0.96875 0.59375
vt 0.95313 0.59375
vt 0.98438 0.59375
vt 0.03125 0.60938
vt 0.01563 0.60938
vt 0.04688 0.60938
vt 0.0625 0.60938
vt 0.07813 0.60938
vt 0.09375 0.60938
vt 0.10938 0.60938
vt 0.125 0.60938
vt 0.14063 0.60938
vt 0.15625 0.60938
vt 0.1875 0.60938
vt 0.17188 0.60938
vt 0.20313 0.60938
vt 0.21875 0.60938
vt 0.25 0.60938
vt 0.23438 0.60938
vt 0.26563 0.60938
vt 0.29688 0.60938
vt 0.28125 0.60938
vt 0.3125 0.60938
vt 0.32812 0.60938
vt 0.35938 0.60938
vt 0.34375 0.60938
vt 0.375 0.60938
vt 0.39063 0.60938
vt 0.42188 0.60938
vt 0.40625 0.60938
vt 0.4375 0.60938
vt 0.45313 0.60938
vt 0.46875 0.60938
vt 0.48438 0.60938
vt 0.51563 0.60938
vt 0.5 0.60938
vt 0.53125 0.60938
vt 0.54688 0.60938
vt 0.5625 0.60938
vt 0.57813 0.60938
vt 0.59375 0.60938
vt 0.625 0.60938
vt 0.60938 0.60938
vt 0.64062 0.60938
vt 0.67188 0.60938
vt 0.65625 0.60938
vt 0.6875 0.60938
vt 0.70313 0.60938
vt 0.71875 0.60938
vt 0.75 0.60938
vt 0.73438 0.60938
vt 0.76563 0.60938
vt 0.78125 0.60938
vt 0.79688 0.60938
vt 0.82812 0.60938
vt 0.8125 0.60938
vt 0.84375 0.60938
vt 0.85938 0.60938
vt 0.875 0.60938
vt 0.89062 0.60938
vt 0.90625 0.60938
vt 0.9375 0.60938
vt 0.92188 0.60938
vt 0.96875 0.60938
vt 0.95313 0.60938
vt 0.01563 0.625
vt 0.03125 0.625
vt 0.04688 0.625
vt 0.0625 0.625
vt 0.07813 0.625
vt 0.10938 0.625
vt 0.09375 0.625
vt 0.125 0.625
vt 0.15625 0.625
vt 0.14063 0.625
vt 0.17188 0.625
vt 0.1875 0.625
vt 0.20313 0.625
vt 0.21875 0.625
vt 0.23438 0.625
vt 0.25 0.625
vt 0.28125 0.625
vt 0.26563 0.625
vt 0.3125 0.625
vt 0.29688 0.625
vt 0.32813 0.625
vt 0.35938 0.625
vt 0.34375 0.625
vt 0.375 0.625
vt 0.40625 0.625
vt 0.39063 0.625
vt 0.42188 0.625
vt 0.45312 0.625
vt 0.4375 0.625
vt 0.48438 0.625
vt 0.46875 0.625
vt 0.5 0.625
vt 0.53125 0.625
vt 0.51563 0.625
vt 0.54688 0.625
vt 0.57813 0.625
vt 0.5625 0.625
vt 0.59375 0.625
vt 0.60938 0.625
vt 0.625 0.625
vt 0.64062 0.625
vt 0.65625 0.625
vt 0.67188 0.625
vt 0.6875 0.625
vt 0.71875 0.625
vt 0.70313 0.625
vt 0.73438 0.625
vt 0.75 0.625
vt 0.76563 0.625
vt 0.78125 0.625
vt 0.79688 0.625
vt 0.8125 0.625
vt 0.82813 0.625
vt 0.85938 0.625
vt 0.84375 0.625
vt 0.875 0.625
vt 0.89062 0.625
vt 0.90625 0.625
vt 0.92188 0.625
vt 0.95313 0.625
vt 0.9375 0.625
vt 0.96875 0.625
vt 0.98438 0.625
vt 0.03125 0.64063
vt 0.01563 0.64062
vt 0.04688 0.64062
vt 0.0625 0.64062
vt 0.07813 0.64063
vt 0.10938 0.64063
vt 0.09375 0.64063
vt 0.125 0.64062
vt 0.14063 0.64063
vt 0.15625 0.64062
vt 0.17188 0.64062
vt 0.20313 0.64062
vt 0.1875 0.64063
vt 0.21875 0.64062
vt 0.23438 0.64063
vt 0.25 0.64063
vt 0.26563 0.64063
vt 0.28125 0.64063
vt 0.29688 0.64063
vt 0.3125 0.64063
vt 0.32813 0.64062
vt 0.35938 0.64063
vt 0.34375 0.64063
vt 0.375 0.64062
vt 0.40625 0.64063
vt 0.39063 0.64063
vt 0.42188 0.64062
vt 0.45313 0.64063
vt 0.4375 0.64063
vt 0.46875 0.64062
vt 0.48438 0.64063
vt 0.51562 0.64062
vt 0.5 0.64063
vt 0.53125 0.64063
vt 0.54688 0.64063
vt 0.57812 0.64062
vt 0.5625 0.64062
vt 0.59375 0.64063
vt 0.60938 0.64063
vt 0.64063 0.64063
vt 0.625 0.64062
vt 0.65625 0.64063
vt 0.67188 0.64063
vt 0.6875 0.64063
vt 0.70312 0.64063
vt 0.71875 0.64063
vt 0.73438 0.64063
vt 0.75 0.64063
vt 0.76563 0.64063
vt 0.78125 0.64063
vt 0.8125 0.64063
vt 0.79688 0.64062
vt 0.82813 0.64063
vt 0.85938 0.64062
vt 0.84375 0.64063
vt 0.875 0.64062
vt 0.89063 0.64063
vt 0.90625 0.64063
vt 0.92188 0.64063
vt 0.95313 0.64062
vt 0.9375 0.64063
vt 0.98438 0.64062
vt 0.96875 0.64062
vt 0.03125 0.65625
vt 0.01563 0.65625
vt 0.04688 0.65625
vt 0.0625 0.65625
vt 0.09375 0.65625
vt 0.07813 0.65625
vt 0.10938 0.65625
vt 0.125 0.65625
vt 0.14063 0.65625
vt 0.17188 0.65625
vt 0.15625 0.65625
vt 0.1875 0.65625
vt 0.20313 0.65625
vt 0.21875 0.65625
vt 0.23438 0.65625
vt 0.25 0.65625
vt 0.26563 0.65625
vt 0.28125 0.65625
vt 0.29688 0.65625
vt 0.3125 0.65625
vt 0.32813 0.65625
vt 0.34375 0.65625
vt 0.375 0.65625
vt 0.35938 0.65625
vt 0.39063 0.65625
vt 0.42188 0.65625
vt 0.40625 0.65625
vt 0.4375 0.65625
vt 0.45313 0.65625
vt 0.46875 0.65625
vt 0.48438 0.65625
vt 0.51563 0.65625
vt 0.5 0.65625
vt 0.53125 0.65625
vt 0.54688 0.65625
vt 0.5625 0.65625
vt 0.59375 0.65625
vt 0.57813 0.65625
vt 0.60938 0.65625
vt 0.625 0.65625
vt 0.64063 0.65625
vt 0.67188 0.65625
vt 0.65625 0.65625
vt 0.6875 0.65625
vt 0.70312 0.65625
vt 0.71875 0.65625
vt 0.75 0.65625
vt 0.73438 0.65625
vt 0.78125 0.65625
vt 0.76563 0.65625
vt 0.79688 0.65625
vt 0.8125 0.65625
vt 0.82812 0.65625
vt 0.84375 0.65625
vt 0.85938 0.65625
vt 0.875 0.65625
vt 0.89063 0.65625
vt 0.92188 0.65625
vt 0.90625 0.65625
vt 0.9375 0.65625
vt 0.95313 0.65625
vt 0.96875 0.65625
vt 0.01563 0.67188
vt 0.03125 0.67188
vt 0.04688 0.67188
vt 0.07813 0.67188
vt 0.0625 0.67188
vt 0.09375 0.67188
vt 0.125 0.67188
vt 0.10938 0.67188
vt 0.14062 0.67188
vt 0.17188 0.67188
vt 0.15625 0.67188
vt 0.1875 0.67188
vt 0.20313 0.67188
vt 0.23438 0.67188
vt 0.21875 0.67188
vt 0.25 0.67188
vt 0.26563 0.67188
vt 0.28125 0.67188
vt 0.29688 0.67188
vt 0.3125 0.67188
vt 0.32813 0.67188
vt 0.34375 0.67188
vt 0.375 0.67188
vt 0.35938 0.67188
vt 0.39063 0.67188
vt 0.40625 0.67188
vt 0.42188 0.67188
vt 0.45313 0.67188
vt 0.4375 0.67188
vt 0.48438 0.67188
vt 0.46875 0.67188
vt 0.5 0.67188
vt 0.53125 0.67188
vt 0.51563 0.67188
vt 0.54688 0.67188
vt 0.5625 0.67188
vt 0.57813 0.67188
vt 0.59375 0.67188
vt 0.625 0.67188
vt 0.60938 0.67188
vt 0.65625 0.67188
vt 0.64063 0.67188
vt 0.67188 0.67188
vt 0.6875 0.67188
vt 0.70313 0.67188
vt 0.73438 0.67188
vt 0.71875 0.67188
vt 0.75 0.67188
vt 0.76562 0.67188
vt 0.78125 0.67188
vt 0.79688 0.67188
vt 0.8125 0.67188
vt 0.84375 0.67188
vt 0.82813 0.67188
vt 0.85938 0.67188
vt 0.875 0.67188
vt 0.90625 0.67188
vt 0.89063 0.67188
vt 0.9375 0.67188
vt 0.92188 0.67188
vt 0.95312 0.67188
vt 0.98438 0.65625
vt 0.96875 0.67188
vt 0.03125 0.6875
vt 0.01563 0.6875
vt 0.04688 0.6875
vt 0.0625 0.6875
vt 0.09375 0.6875
vt 0.07813 0.6875
vt 0.10938 0.6875
vt 0.14063 0.6875
vt 0.125 0.6875
vt 0.15625 0.6875
vt 0.17188 0.6875
vt 0.20313 0.6875
vt 0.1875 0.6875
vt 0.21875 0.6875
vt 0.23438 0.6875
vt 0.25 0.6875
vt 0.26563 0.6875
vt 0.28125 0.6875
vt 0.29688 0.6875
vt 0.32812 0.6875
vt 0.3125 0.6875
vt 0.34375 0.6875
vt 0.375 0.6875
vt 0.35938 0.6875
vt 0.39063 0.6875
vt 0.40625 0.6875
vt 0.42188 0.6875
vt 0.4375 0.6875
vt 0.45313 0.6875
vt 0.48438 0.6875
vt 0.46875 0.6875
vt 0.51562 0.6875
vt 0.5 0.6875
vt 0.54688 0.6875
vt 0.53125 0.6875
vt 0.5625 0.6875
vt 0.57813 0.6875
vt 0.59375 0.6875
vt 0.60938 0.6875
vt 0.625 0.6875
vt 0.64063 0.6875
vt 0.65625 0.6875
vt 0.67188 0.6875
vt 0.70312 0.6875
vt 0.6875 0.6875
vt 0.71875 0.6875
vt 0.73438 0.6875
vt 0.75 0.6875
vt 0.76563 0.6875
vt 0.78125 0.6875
vt 0.8125 0.6875
vt 0.79688 0.6875
vt 0.82813 0.6875
vt 0.84375 0.6875
vt 0.875 0.6875
vt 0.85938 0.6875
vt 0.89063 0.6875
vt 0.90625 0.6875
vt 0.92188 0.6875
vt 0.95312 0.6875
vt 0.9375 0.6875
vt 0.96875 0.6875
vt 0.98438 0.6875
vt 0.01563 0.70312
vt 0.03125 0.70313
vt 0.0625 0.70312
vt 0.04688 0.70313
vt 0.07813 0.70312
vt 0.10938 0.70312
vt 0.09375 0.70313
vt 0.125 0.70313
vt 0.14063 0.70312
vt 0.15625 0.70312
vt 0.17188 0.70312
vt 0.1875 0.70312
vt 0.20313 0.70312
vt 0.23438 0.70313
vt 0.21875 0.70313
vt 0.25 0.70312
vt 0.26563 0.70313
vt 0.28125 0.70312
vt 0.3125 0.70312
vt 0.29688 0.70313
vt 0.32813 0.70312
vt 0.34375 0.70312
vt 0.35938 0.70313
vt 0.375 0.70313
vt 0.39063 0.70313
vt 0.40625 0.70313
vt 0.4375 0.70313
vt 0.42188 0.70312
vt 0.45313 0.70313
vt 0.46875 0.70312
vt 0.48438 0.70313
vt 0.5 0.70313
vt 0.51563 0.70312
vt 0.53125 0.70312
vt 0.54688 0.70313
vt 0.57812 0.70312
vt 0.5625 0.70313
vt 0.59375 0.70312
vt 0.60938 0.70313
vt 0.625 0.70313
vt 0.64063 0.70313
vt 0.65625 0.70312
vt 0.67188 0.70313
vt 0.6875 0.70313
vt 0.70313 0.70313
vt 0.73438 0.70312
vt 0.71875 0.70313
vt 0.76562 0.70312
vt 0.75 0.70312
vt 0.78125 0.70312
vt 0.79688 0.70312
vt 0.8125 0.70313
vt 0.82812 0.70312
vt 0.85938 0.70312
vt 0.84375 0.70312
vt 0.875 0.70313
vt 0.90625 0.70313
vt 0.89062 0.70312
vt 0.92188 0.70312
vt 0.9375 0.70312
vt 0.95312 0.70312
vt 0.96875 0.70312
vt 0.03125 0.71875
vt 0.01563 0.71875
vt 0.04688 0.71875
vt 0.0625 0.71875
vt 0.07813 0.71875
vt 0.09375 0.71875
vt 0.10938 0.71875
vt 0.125 0.71875
vt 0.14063 0.71875
vt 0.15625 0.71875
vt 0.1875 0.71875
vt 0.17188 0.71875
vt 0.20313 0.71875
vt 0.21875 0.71875
vt 0.23438 0.71875
vt 0.25 0.71875
vt 0.28125 0.71875
vt 0.26563 0.71875
vt 0.29688 0.71875
vt 0.32813 0.71875
vt 0.3125 0.71875
vt 0.34375 0.71875
vt 0.35938 0.71875
vt 0.39063 0.71875
vt 0.375 0.71875
vt 0.42188 0.71875
vt 0.40625 0.71875
vt 0.4375 0.71875
vt 0.45313 0.71875
vt 0.46875 0.71875
vt 0.48438 0.71875
vt 0.51563 0.71875
vt 0.5 0.71875
vt 0.53125 0.71875
vt 0.54688 0.71875
vt 0.5625 0.71875
vt 0.57813 0.71875
vt 0.59375 0.71875
vt 0.625 0.71875
vt 0.60938 0.71875
vt 0.64063 0.71875
vt 0.65625 0.71875
vt 0.6875 0.71875
vt 0.67188 0.71875
vt 0.70312 0.71875
vt 0.73438 0.71875
vt 0.71875 0.71875
vt 0.76562 0.71875
vt 0.75 0.71875
vt 0.79688 0.71875
vt 0.78125 0.71875
vt 0.8125 0.71875
vt 0.84375 0.71875
vt 0.82813 0.71875
vt 0.85938 0.71875
vt 0.875 0.71875
vt 0.89063 0.71875
vt 0.90625 0.71875
vt 0.92188 0.71875
vt 0.9375 0.71875
vt 0.95313 0.71875
vt 0.98438 0.71875
vt 0.96875 0.71875
vt 0.01563 0.73438
vt 0.03125 0.73438
vt 0.04688 0.73438
vt 0.0625 0.73438
vt 0.09375 0.73438
vt 0.07813 0.73438
vt 0.125 0.73438
vt 0.10938 0.73438
vt 0.14062 0.73438
vt 0.17188 0.73438
vt 0.15625 0.73438
vt 0.1875 0.73438
vt 0.20313 0.73438
vt 0.23438 0.73438
vt 0.21875 0.73438
vt 0.25 0.73438
vt 0.26563 0.73438
vt 0.29688 0.73438
vt 0.28125 0.73438
vt 0.3125 0.73438
vt 0.32812 0.73438
vt 0.35938 0.73438
vt 0.34375 0.73438
vt 0.375 0.73438
vt 0.39063 0.73438
vt 0.40625 0.73438
vt 0.42188 0.73438
vt 0.45313 0.73438
vt 0.4375 0.73438
vt 0.46875 0.73438
vt 0.5 0.73438
vt 0.48438 0.73438
vt 0.51563 0.73438
vt 0.53125 0.73438
vt 0.54688 0.73438
vt 0.5625 0.73438
vt 0.59375 0.73438
vt 0.57812 0.73438
vt 0.60938 0.73438
vt 0.625 0.73438
vt 0.64063 0.73438
vt 0.67188 0.73438
vt 0.65625 0.73438
vt 0.6875 0.73438
vt 0.71875 0.73438
vt 0.70313 0.73438
vt 0.73438 0.73438
vt 0.76562 0.73438
vt 0.75 0.73438
vt 0.78125 0.73438
vt 0.79688 0.73438
vt 0.8125 0.73438
vt 0.82813 0.73438
vt 0.85938 0.73438
vt 0.84375 0.73438
vt 0.875 0.73438
vt 0.89062 0.73438
vt 0.90625 0.73438
vt 0.92188 0.73438
vt 0.95312 0.73438
vt 0.9375 0.73438
vt 0.96875 0.73438
vt 0.98438 0.73438
vt 0.01563 0.75
vt 0.03125 0.75
vt 0.04688 0.75
vt 0.0625 0.75
vt 0.09375 0.75
vt 0.07813 0.75
vt 0.10938 0.75
vt 0.125 0.75
vt 0.15625 0.75
vt 0.14063 0.75
vt 0.17188 0.75
vt 0.20313 0.75
vt 0.1875 0.75
vt 0.21875 0.75
vt 0.25 0.75
vt 0.23438 0.75
vt 0.26563 0.75
vt 0.29688 0.75
vt 0.28125 0.75
vt 0.3125 0.75
vt 0.34375 0.75
vt 0.32813 0.75
vt 0.35938 0.75
vt 0.375 0.75
vt 0.39063 0.75
vt 0.40625 0.75
vt 0.42188 0.75
vt 0.45313 0.75
vt 0.4375 0.75
vt 0.46875 0.75
vt 0.48438 0.75
vt 0.5 0.75
vt 0.51563 0.75
vt 0.53125 0.75
vt 0.5625 0.75
vt 0.54688 0.75
vt 0.57812 0.75
vt 0.60938 0.75
vt 0.59375 0.75
vt 0.625 0.75
vt 0.65625 0.75
vt 0.64063 0.75
vt 0.6875 0.75
vt 0.67188 0.75
vt 0.70312 0.75
vt 0.71875 0.75
vt 0.73438 0.75
vt 0.75 0.75
vt 0.76562 0.75
vt 0.78125 0.75
vt 0.79688 0.75
vt 0.82812 0.75
vt 0.8125 0.75
vt 0.84375 0.75
vt 0.85938 0.75
vt 0.875 0.75
vt 0.89062 0.75
vt 0.92188 0.75
vt 0.90625 0.75
vt 0.9375 0.75
vt 0.95313 0.75
vt 0.96875 0.75
vt 0.01563 0.76562
vt 0.04688 0.76563
vt 0.03125 0.76563
vt 0.0625 0.76562
vt 0.07813 0.76562
vt 0.09375 0.76562
vt 0.125 0.76563
vt 0.10938 0.76563
vt 0.15625 0.76562
vt 0.14063 0.76563
vt 0.1875 0.76563
vt 0.17188 0.76563
vt 0.21875 0.76562
vt 0.20313 0.76562
vt 0.23438 0.76563
vt 0.26563 0.76562
vt 0.25 0.76563
vt 0.28125 0.76562
vt 0.3125 0.76563
vt 0.29688 0.76563
vt 0.32813 0.76563
vt 0.34375 0.76562
vt 0.375 0.76563
vt 0.35938 0.76563
vt 0.40625 0.76563
vt 0.39063 0.76563
vt 0.42188 0.76563
vt 0.4375 0.76563
vt 0.45313 0.76562
vt 0.46875 0.76563
vt 0.48438 0.76563
vt 0.5 0.76563
vt 0.53125 0.76563
vt 0.51563 0.76563
vt 0.54688 0.76562
vt 0.5625 0.76563
vt 0.57812 0.76562
vt 0.59375 0.76562
vt 0.625 0.76563
vt 0.60938 0.76563
vt 0.65625 0.76562
vt 0.64063 0.76563
vt 0.67188 0.76562
vt 0.6875 0.76563
vt 0.70313 0.76563
vt 0.73438 0.76562
vt 0.71875 0.76562
vt 0.75 0.76562
vt 0.76563 0.76563
vt 0.78125 0.76563
vt 0.79688 0.76563
vt 0.8125 0.76563
vt 0.82813 0.76563
vt 0.84375 0.76562
vt 0.85938 0.76563
vt 0.875 0.76563
vt 0.89063 0.76563
vt 0.92188 0.76563
vt 0.90625 0.76562
vt 0.9375 0.76562
vt 0.95313 0.76563
vt 0.98438 0.75
vt 0.96875 0.76563
vt 0.01563 0.78125
vt 0.03125 0.78125
vt 0.0625 0.78125
vt 0.04688 0.78125
vt 0.07813 0.78125
vt 0.09375 0.78125
vt 0.10938 0.78125
vt 0.125 0.78125
vt 0.15625 0.78125
vt 0.14063 0.78125
vt 0.17188 0.78125
vt 0.1875 0.78125
vt 0.20313 0.78125
vt 0.21875 0.78125
vt 0.23438 0.78125
vt 0.25 0.78125
vt 0.28125 0.78125
vt 0.26563 0.78125
vt 0.29688 0.78125
vt 0.3125 0.78125
vt 0.34375 0.78125
vt 0.32813 0.78125
vt 0.35938 0.78125
vt 0.375 0.78125
vt 0.39063 0.78125
vt 0.40625 0.78125
vt 0.42188 0.78125
vt 0.45313 0.78125
vt 0.4375 0.78125
vt 0.46875 0.78125
vt 0.48438 0.78125
vt 0.51563 0.78125
vt 0.5 0.78125
vt 0.53125 0.78125
vt 0.54688 0.78125
vt 0.5625 0.78125
vt 0.59375 0.78125
vt 0.57813 0.78125
vt 0.60938 0.78125
vt 0.625 0.78125
vt 0.65625 0.78125
vt 0.64063 0.78125
vt 0.6875 0.78125
vt 0.67188 0.78125
vt 0.70313 0.78125
vt 0.71875 0.78125
vt 0.73438 0.78125
vt 0.76562 0.78125
vt 0.75 0.78125
vt 0.78125 0.78125
vt 0.79688 0.78125
vt 0.8125 0.78125
vt 0.82813 0.78125
vt 0.85938 0.78125
vt 0.84375 0.78125
vt 0.875 0.78125
vt 0.89062 0.78125
vt 0.90625 0.78125
vt 0.92188 0.78125
vt 0.95313 0.78125
vt 0.9375 0.78125
vt 0.96875 0.78125
vt 0.98438 0.76563
vt 0.03125 0.79688
vt 0.01563 0.79688
vt 0.04688 0.79688
vt 0.0625 0.79688
vt 0.07813 0.79688
vt 0.09375 0.79688
vt 0.125 0.79688
vt 0.10938 0.79688
vt 0.14063 0.79688
vt 0.15625 0.79688
vt 0.17188 0.79688
vt 0.1875 0.79688
vt 0.21875 0.79688
vt 0.20313 0.79688
vt 0.23438 0.79688
vt 0.26563 0.79688
vt 0.25 0.79688
vt 0.28125 0.79688
vt 0.3125 0.79688
vt 0.29688 0.79688
vt 0.32812 0.79688
vt 0.35938 0.79688
vt 0.34375 0.79688
vt 0.375 0.79688
vt 0.40625 0.79688
vt 0.39062 0.79688
vt 0.4375 0.79688
vt 0.42188 0.79688
vt 0.45313 0.79688
vt 0.46875 0.79688
vt 0.48438 0.79688
vt 0.51563 0.79688
vt 0.5 0.79688
vt 0.53125 0.79688
vt 0.54688 0.79688
vt 0.5625 0.79688
vt 0.59375 0.79688
vt 0.57813 0.79688
vt 0.60938 0.79688
vt 0.64062 0.79688
vt 0.625 0.79688
vt 0.65625 0.79688
vt 0.67188 0.79688
vt 0.6875 0.79688
vt 0.70312 0.79688
vt 0.71875 0.79688
vt 0.75 0.79688
vt 0.73438 0.79688
vt 0.76562 0.79688
vt 0.78125 0.79688
vt 0.79688 0.79688
vt 0.8125 0.79688
vt 0.84375 0.79688
vt 0.82813 0.79688
vt 0.85938 0.79688
vt 0.875 0.79688
vt 0.89063 0.79688
vt 0.92188 0.79688
vt 0.90625 0.79688
vt 0.9375 0.79688
vt 0.95313 0.79688
vt 0.98438 0.78125
vt 0.96875 0.79688
vt 0.01563 0.8125
vt 0.04688 0.8125
vt 0.03125 0.8125
vt 0.0625 0.8125
vt 0.09375 0.8125
vt 0.07813 0.8125
vt 0.125 0.8125
vt 0.10938 0.8125
vt 0.14063 0.8125
vt 0.15625 0.8125
vt 0.17188 0.8125
vt 0.1875 0.8125
vt 0.21875 0.8125
vt 0.20313 0.8125
vt 0.23438 0.8125
vt 0.25 0.8125
vt 0.26563 0.8125
vt 0.29688 0.8125
vt 0.28125 0.8125
vt 0.3125 0.8125
vt 0.32813 0.8125
vt 0.34375 0.8125
vt 0.375 0.8125
vt 0.35938 0.8125
vt 0.40625 0.8125
vt 0.39063 0.8125
vt 0.42188 0.8125
vt 0.4375 0.8125
vt 0.46875 0.8125
vt 0.45313 0.8125
vt 0.48438 0.8125
vt 0.5 0.8125
vt 0.53125 0.8125
vt 0.51563 0.8125
vt 0.54688 0.8125
vt 0.5625 0.8125
vt 0.57813 0.8125
vt 0.59375 0.8125
vt 0.625 0.8125
vt 0.60938 0.8125
vt 0.64063 0.8125
vt 0.65625 0.8125
vt 0.67188 0.8125
vt 0.70312 0.8125
vt 0.6875 0.8125
vt 0.73438 0.8125
vt 0.71875 0.8125
vt 0.75 0.8125
vt 0.76563 0.8125
vt 0.78125 0.8125
vt 0.79688 0.8125
vt 0.8125 0.8125
vt 0.82813 0.8125
vt 0.84375 0.8125
vt 0.85938 0.8125
vt 0.875 0.8125
vt 0.90625 0.8125
vt 0.89063 0.8125
vt 0.92188 0.8125
vt 0.9375 0.8125
vt 0.96875 0.8125
vt 0.95313 0.8125
vt 0.98438 0.8125
vt 0.03125 0.82813
vt 0.01563 0.82813
vt 0.04688 0.82813
vt 0.0625 0.82813
vt 0.07813 0.82812
vt 0.09375 0.82813
vt 0.125 0.82812
vt 0.10938 0.82813
vt 0.14063 0.82812
vt 0.15625 0.82812
vt 0.17188 0.82812
vt 0.1875 0.82813
vt 0.20313 0.82813
vt 0.21875 0.82812
vt 0.23438 0.82813
vt 0.25 0.82812
vt 0.26563 0.82813
vt 0.28125 0.82813
vt 0.29688 0.82812
vt 0.3125 0.82812
vt 0.32813 0.82813
vt 0.34375 0.82813
vt 0.375 0.82813
vt 0.35938 0.82812
vt 0.39063 0.82813
vt 0.40625 0.82813
vt 0.4375 0.82813
vt 0.42188 0.82813
vt 0.45313 0.82813
vt 0.46875 0.82812
vt 0.5 0.82813
vt 0.48438 0.82813
vt 0.51562 0.82812
vt 0.53125 0.82812
vt 0.54688 0.82813
vt 0.5625 0.82812
vt 0.59375 0.82813
vt 0.57813 0.82813
vt 0.625 0.82813
vt 0.60938 0.82813
vt 0.64063 0.82813
vt 0.67188 0.82812
vt 0.65625 0.82813
vt 0.6875 0.82813
vt 0.71875 0.82812
vt 0.70312 0.82812
vt 0.73438 0.82813
vt 0.76562 0.82812
vt 0.75 0.82813
vt 0.78125 0.82813
vt 0.79688 0.82813
vt 0.8125 0.82813
vt 0.84375 0.82813
vt 0.82813 0.82813
vt 0.85938 0.82812
vt 0.875 0.82813
vt 0.89062 0.82812
vt 0.90625 0.82813
vt 0.9375 0.82813
vt 0.92188 0.82813
vt 0.95312 0.82812
vt 0.96875 0.82813
vt 0.01563 0.84375
vt 0.03125 0.84375
vt 0.04688 0.84375
vt 0.0625 0.84375
vt 0.07813 0.84375
vt 0.09375 0.84375
vt 0.125 0.84375
vt 0.10938 0.84375
vt 0.14063 0.84375
vt 0.15625 0.84375
vt 0.17188 0.84375
vt 0.1875 0.84375
vt 0.21875 0.84375
vt 0.20313 0.84375
vt 0.23438 0.84375
vt 0.25 0.84375
vt 0.26563 0.84375
vt 0.29688 0.84375
vt 0.28125 0.84375
vt 0.3125 0.84375
vt 0.32813 0.84375
vt 0.35938 0.84375
vt 0.34375 0.84375
vt 0.375 0.84375
vt 0.39062 0.84375
vt 0.40625 0.84375
vt 0.42188 0.84375
vt 0.45313 0.84375
vt 0.4375 0.84375
vt 0.46875 0.84375
vt 0.48438 0.84375
vt 0.5 0.84375
vt 0.51563 0.84375
vt 0.53125 0.84375
vt 0.54688 0.84375
vt 0.57813 0.84375
vt 0.5625 0.84375
vt 0.59375 0.84375
vt 0.625 0.84375
vt 0.60938 0.84375
vt 0.64063 0.84375
vt 0.65625 0.84375
vt 0.67188 0.84375
vt 0.6875 0.84375
vt 0.70313 0.84375
vt 0.71875 0.84375
vt 0.75 0.84375
vt 0.73438 0.84375
vt 0.76562 0.84375
vt 0.78125 0.84375
vt 0.79688 0.84375
vt 0.8125 0.84375
vt 0.82813 0.84375
vt 0.84375 0.84375
vt 0.85938 0.84375
vt 0.89063 0.84375
vt 0.875 0.84375
vt 0.90625 0.84375
vt 0.92188 0.84375
vt 0.9375 0.84375
vt 0.95313 0.84375
vt 0.98438 0.84375
vt 0.96875 0.84375
vt 0.03125 0.85938
vt 0.01563 0.85938
vt 0.04688 0.85938
vt 0.07812 0.85938
vt 0.0625 0.85938
vt 0.09375 0.85938
vt 0.125 0.85938
vt 0.10938 0.85938
vt 0.14062 0.85938
vt 0.15625 0.85938
vt 0.17188 0.85938
vt 0.1875 0.85938
vt 0.20313 0.85938
vt 0.21875 0.85938
vt 0.23438 0.85938
vt 0.26563 0.85938
vt 0.25 0.85938
vt 0.28125 0.85938
vt 0.29688 0.85938
vt 0.3125 0.85938
vt 0.34375 0.85938
vt 0.32813 0.85938
vt 0.35938 0.85938
vt 0.39063 0.85938
vt 0.375 0.85938
vt 0.40625 0.85938
vt 0.42188 0.85938
vt 0.4375 0.85938
vt 0.45313 0.85938
vt 0.46875 0.85938
vt 0.48438 0.85938
vt 0.51563 0.85938
vt 0.5 0.85938
vt 0.54688 0.85938
vt 0.53125 0.85938
vt 0.5625 0.85938
vt 0.57813 0.85938
vt 0.59375 0.85938
vt 0.625 0.85938
vt 0.60938 0.85938
vt 0.64063 0.85938
vt 0.65625 0.85938
vt 0.67188 0.85938
vt 0.70312 0.85938
vt 0.6875 0.85938
vt 0.71875 0.85938
vt 0.73438 0.85938
vt 0.75 0.85938
vt 0.76562 0.85938
vt 0.78125 0.85938
vt 0.79688 0.85938
vt 0.82812 0.85938
vt 0.8125 0.85938
vt 0.84375 0.85938
vt 0.85938 0.85938
vt 0.875 0.85938
vt 0.89063 0.85938
vt 0.90625 0.85938
vt 0.92188 0.85938
vt 0.95312 0.85938
vt 0.9375 0.85938
vt 0.96875 0.85938
vt 0.03125 0.875
vt 0.01563 0.875
vt 0.04688 0.875
vt 0.0625 0.875
vt 0.09375 0.875
vt 0.07813 0.875
vt 0.10938 0.875
vt 0.125 0.875
vt 0.14063 0.875
vt 0.15625 0.875
vt 0.17188 0.875
vt 0.1875 0.875
vt 0.21875 0.875
vt 0.20313 0.875
vt 0.23438 0.875
vt 0.25 0.875
vt 0.28125 0.875
vt 0.26563 0.875
vt 0.3125 0.875
vt 0.29688 0.875
vt 0.32813 0.875
vt 0.34375 0.875
vt 0.35938 0.875
vt 0.39063 0.875
vt 0.375 0.875
vt 0.42188 0.875
vt 0.40625 0.875
vt 0.4375 0.875
vt 0.46875 0.875
vt 0.45313 0.875
vt 0.48438 0.875
vt 0.51562 0.875
vt 0.5 0.875
vt 0.53125 0.875
vt 0.54688 0.875
vt 0.57813 0.875
vt 0.5625 0.875
vt 0.59375 0.875
vt 0.60938 0.875
vt 0.64062 0.875
vt 0.625 0.875
vt 0.65625 0.875
vt 0.6875 0.875
vt 0.67188 0.875
vt 0.70313 0.875
vt 0.71875 0.875
vt 0.73438 0.875
vt 0.75 0.875
vt 0.76563 0.875
vt 0.78125 0.875
vt 0.8125 0.875
vt 0.79688 0.875
vt 0.82813 0.875
vt 0.85938 0.875
vt 0.84375 0.875
vt 0.875 0.875
vt 0.89063 0.875
vt 0.92188 0.875
vt 0.90625 0.875
vt 0.9375 0.875
vt 0.96875 0.875
vt 0.95313 0.875
vt 0.98438 0.875
vt 0.01563 0.89063
vt 0.03125 0.89063
vt 0.04688 0.89062
vt 0.0625 0.89062
vt 0.07813 0.89063
vt 0.09375 0.89062
vt 0.10938 0.89063
vt 0.14063 0.89062
vt 0.125 0.89063
vt 0.17188 0.89063
vt 0.15625 0.89063
vt 0.1875 0.89063
vt 0.20313 0.89063
vt 0.21875 0.89063
vt 0.25 0.89062
vt 0.23438 0.89063
vt 0.26563 0.89062
vt 0.28125 0.89062
vt 0.29688 0.89062
vt 0.3125 0.89062
vt 0.32813 0.89062
vt 0.35938 0.89063
vt 0.34375 0.89063
vt 0.39063 0.89062
vt 0.375 0.89062
vt 0.40625 0.89063
vt 0.42188 0.89062
vt 0.45313 0.89063
vt 0.4375 0.89063
vt 0.46875 0.89062
vt 0.5 0.89063
vt 0.48438 0.89063
vt 0.51563 0.89063
vt 0.53125 0.89063
vt 0.5625 0.89062
vt 0.54688 0.89063
vt 0.59375 0.89062
vt 0.57812 0.89062
vt 0.60938 0.89062
vt 0.64062 0.89062
vt 0.625 0.89063
vt 0.65625 0.89063
vt 0.67188 0.89062
vt 0.70312 0.89062
vt 0.6875 0.89063
vt 0.71875 0.89062
vt 0.73438 0.89062
vt 0.75 0.89062
vt 0.78125 0.89062
vt 0.76563 0.89063
vt 0.79688 0.89062
vt 0.8125 0.89062
vt 0.82812 0.89062
vt 0.84375 0.89062
vt 0.85938 0.89062
vt 0.875 0.89063
vt 0.90625 0.89062
vt 0.89063 0.89063
vt 0.92188 0.89063
vt 0.95312 0.89062
vt 0.9375 0.89062
vt 0.98438 0.89062
vt 0.96875 0.89063
vt 0.01563 0.90625
vt 0.04688 0.90625
vt 0.03125 0.90625
vt 0.0625 0.90625
vt 0.07813 0.90625
vt 0.09375 0.90625
vt 0.10938 0.90625
vt 0.14063 0.90625
vt 0.125 0.90625
vt 0.15625 0.90625
vt 0.17188 0.90625
vt 0.1875 0.90625
vt 0.21875 0.90625
vt 0.20313 0.90625
vt 0.23438 0.90625
vt 0.25 0.90625
vt 0.26563 0.90625
vt 0.28125 0.90625
vt 0.3125 0.90625
vt 0.29688 0.90625
vt 0.32812 0.90625
vt 0.34375 0.90625
vt 0.375 0.90625
vt 0.35938 0.90625
vt 0.40625 0.90625
vt 0.39063 0.90625
vt 0.42188 0.90625
vt 0.4375 0.90625
vt 0.46875 0.90625
vt 0.45313 0.90625
vt 0.48438 0.90625
vt 0.5 0.90625
vt 0.53125 0.90625
vt 0.51563 0.90625
vt 0.54688 0.90625
vt 0.5625 0.90625
vt 0.57813 0.90625
vt 0.59375 0.90625
vt 0.625 0.90625
vt 0.60938 0.90625
vt 0.64063 0.90625
vt 0.67188 0.90625
vt 0.65625 0.90625
vt 0.70312 0.90625
vt 0.6875 0.90625
vt 0.71875 0.90625
vt 0.73438 0.90625
vt 0.75 0.90625
vt 0.78125 0.90625
vt 0.76563 0.90625
vt 0.79688 0.90625
vt 0.8125 0.90625
vt 0.82813 0.90625
vt 0.84375 0.90625
vt 0.85938 0.90625
vt 0.89062 0.90625
vt 0.875 0.90625
vt 0.90625 0.90625
vt 0.92188 0.90625
vt 0.9375 0.90625
vt 0.95313 0.90625
vt 0.98438 0.90625
vt 0.96875 0.90625
vt 0.03125 0.92188
vt 0.01563 0.92188
vt 0.04688 0.92188
vt 0.07813 0.92188
vt 0.0625 0.92188
vt 0.09375 0.92188
vt 0.125 0.92188
vt 0.10938 0.92188
vt 0.14063 0.92188
vt 0.15625 0.92188
vt 0.1875 0.92188
vt 0.17188 0.92188
vt 0.20313 0.92188
vt 0.21875 0.92188
vt 0.23438 0.92188
vt 0.25 0.92188
vt 0.28125 0.92188
vt 0.26563 0.92188
vt 0.29688 0.92188
vt 0.3125 0.92188
vt 0.32813 0.92188
vt 0.34375 0.92188
vt 0.35938 0.92188
vt 0.39063 0.92188
vt 0.375 0.92188
vt 0.40625 0.92188
vt 0.4375 0.92188
vt 0.42188 0.92188
vt 0.45313 0.92188
vt 0.46875 0.92188
vt 0.48438 0.92188
vt 0.51563 0.92188
vt 0.5 0.92188
vt 0.53125 0.92188
vt 0.54688 0.92188
vt 0.57812 0.92188
vt 0.5625 0.92188
vt 0.59375 0.92188
vt 0.60938 0.92188
vt 0.625 0.92188
vt 0.65625 0.92188
vt 0.64063 0.92188
vt 0.67188 0.92188
vt 0.6875 0.92188
vt 0.70312 0.92188
vt 0.73438 0.92188
vt 0.71875 0.92188
vt 0.76562 0.92188
vt 0.75 0.92188
vt 0.79688 0.92188
vt 0.78125 0.92188
vt 0.8125 0.92188
vt 0.82812 0.92188
vt 0.84375 0.92188
vt 0.85938 0.92188
vt 0.89063 0.92188
vt 0.875 0.92188
vt 0.90625 0.92188
vt 0.9375 0.92188
vt 0.92188 0.92188
vt 0.95312 0.92188
vt 0.96875 0.92188
vt 0.01563 0.9375
vt 0.03125 0.9375
vt 0.0625 0.9375
vt 0.04688 0.9375
vt 0.07812 0.9375
vt 0.09375 0.9375
vt 0.10938 0.9375
vt 0.125 0.9375
vt 0.14063 0.9375
vt 0.17188 0.9375
vt 0.15625 0.9375
vt 0.1875 0.9375
vt 0.20313 0.9375
vt 0.21875 0.9375
vt 0.23438 0.9375
vt 0.25 0.9375
vt 0.26562 0.9375
vt 0.28125 0.9375
vt 0.29688 0.9375
vt 0.3125 0.9375
vt 0.34375 0.9375
vt 0.32813 0.9375
vt 0.35938 0.9375
vt 0.375 0.9375
vt 0.39063 0.9375
vt 0.40625 0.9375
vt 0.4375 0.9375
vt 0.42188 0.9375
vt 0.45313 0.9375
vt 0.46875 0.9375
vt 0.48438 0.9375
vt 0.51562 0.9375
vt 0.5 0.9375
vt 0.53125 0.9375
vt 0.54688 0.9375
vt 0.5625 0.9375
vt 0.57813 0.9375
vt 0.59375 0.9375
vt 0.625 0.9375
vt 0.60938 0.9375
vt 0.64062 0.9375
vt 0.65625 0.9375
vt 0.67188 0.9375
vt 0.70312 0.9375
vt 0.6875 0.9375
vt 0.71875 0.9375
vt 0.75 0.9375
vt 0.73438 0.9375
vt 0.76563 0.9375
vt 0.78125 0.9375
vt 0.79688 0.9375
vt 0.8125 0.9375
vt 0.82813 0.9375
vt 0.84375 0.9375
vt 0.875 0.9375
vt 0.85938 0.9375
vt 0.89062 0.9375
vt 0.90625 0.9375
vt 0.9375 0.9375
vt 0.92188 0.9375
vt 0.95313 0.9375
vt 0.98438 0.9375
vt 0.96875 0.9375
vt 0.03125 0.95313
vt 0.01563 0.95313
vt 0.04688 0.95313
vt 0.0625 0.95313
vt 0.07813 0.95313
vt 0.10938 0.95313
vt 0.09375 0.95313
vt 0.125 0.95313
vt 0.14062 0.95312
vt 0.15625 0.95313
vt 0.17188 0.95313
vt 0.1875 0.95313
vt 0.20313 0.95312
vt 0.21875 0.95313
vt 0.23438 0.95313
vt 0.25 0.95313
vt 0.26563 0.95313
vt 0.28125 0.95312
vt 0.3125 0.95313
vt 0.29688 0.95313
vt 0.32812 0.95312
vt 0.34375 0.95313
vt 0.375 0.95312
vt 0.35938 0.95313
vt 0.39063 0.95313
vt 0.40625 0.95313
vt 0.42188 0.95313
vt 0.45313 0.95313
vt 0.4375 0.95313
vt 0.46875 0.95312
vt 0.48438 0.95312
vt 0.5 0.95313
vt 0.53125 0.95312
vt 0.51563 0.95313
vt 0.54688 0.95313
vt 0.57812 0.95312
vt 0.5625 0.95313
vt 0.59375 0.95313
vt 0.625 0.95313
vt 0.60938 0.95313
vt 0.64062 0.95312
vt 0.67188 0.95312
vt 0.65625 0.95313
vt 0.6875 0.95313
vt 0.70313 0.95313
vt 0.73438 0.95312
vt 0.71875 0.95313
vt 0.76562 0.95312
vt 0.75 0.95312
vt 0.78125 0.95313
vt 0.79688 0.95313
vt 0.8125 0.95312
vt 0.82812 0.95313
vt 0.84375 0.95313
vt 0.875 0.95312
vt 0.85938 0.95312
vt 0.90625 0.95312
vt 0.89063 0.95313
vt 0.92188 0.95313
vt 0.9375 0.95313
vt 0.96875 0.95313
vt 0.95313 0.95313
vt 0.01563 0.96875
vt 0.03125 0.96875
vt 0.04688 0.96875
vt 0.0625 0.96875
vt 0.09375 0.96875
vt 0.07813 0.96875
vt 0.10938 0.96875
vt 0.125 0.96875
vt 0.14063 0.96875
vt 0.15625 0.96875
vt 0.1875 0.96875
vt 0.17188 0.96875
vt 0.21875 0.96875
vt 0.20313 0.96875
vt 0.25 0.96875
vt 0.23438 0.96875
vt 0.26563 0.96875
vt 0.28125 0.96875
vt 0.29688 0.96875
vt 0.32813 0.96875
vt 0.3125 0.96875
vt 0.34375 0.96875
vt 0.375 0.96875
vt 0.35938 0.96875
vt 0.39063 0.96875
vt 0.40625 0.96875
vt 0.42188 0.96875
vt 0.4375 0.96875
vt 0.45313 0.96875
vt 0.48438 0.96875
vt 0.46875 0.96875
vt 0.5 0.96875
vt 0.51563 0.96875
vt 0.54688 0.96875
vt 0.53125 0.96875
vt 0.5625 0.96875
vt 0.57813 0.96875
vt 0.59375 0.96875
vt 0.60938 0.96875
vt 0.625 0.96875
vt 0.64062 0.96875
vt 0.65625 0.96875
vt 0.67188 0.96875
vt 0.6875 0.96875
vt 0.70313 0.96875
vt 0.73438 0.96875
vt 0.71875 0.96875
vt 0.75 0.96875
vt 0.78125 0.96875
vt 0.76563 0.96875
vt 0.79688 0.96875
vt 0.8125 0.96875
vt 0.84375 0.96875
vt 0.82812 0.96875
vt 0.85938 0.96875
vt 0.875 0.96875
vt 0.89063 0.96875
vt 0.90625 0.96875
vt 0.9375 0.96875
vt 0.92188 0.96875
vt 0.95313 0.96875
vt 0.96875 0.96875
vt 0.98438 0.95313
vt 0.03125 0.98438
vt 0.01563 0.98438
vt 0.04688 0.98438
vt 0.0625 0.98438
vt 0.07813 0.98438
vt 0.09375 0.98438
vt 0.10938 0.98438
vt 0.125 0.98438
vt 0.15625 0.98438
vt 0.14063 0.98438
vt 0.17188 0.98438
vt 0.1875 0.98438
vt 0.21875 0.98438
vt 0.20313 0.98438
vt 0.23438 0.98438
vt 0.25 0.98438
vt 0.26563 0.98438
vt 0.29688 0.98438
vt 0.28125 0.98438
vt 0.3125 0.98438
vt 0.34375 0.98438
vt 0.32813 0.98438
vt 0.35938 0.98438
vt 0.375 0.98438
vt 0.39063 0.98438
vt 0.40625 0.98438
vt 0.4375 0.98438
vt 0.42188 0.98438
vt 0.45313 0.98438
vt 0.46875 0.98438
vt 0.48438 0.98438
vt 0.51562 0.98438
vt 0.5 0.98438
vt 0.53125 0.98438
vt 0.54688 0.98438
vt 0.57812 0.98438
vt 0.5625 0.98438
vt 0.60938 0.98438
vt 0.59375 0.98438
vt 0.625 0.98438
vt 0.64062 0.98438
vt 0.65625 0.98438
vt 0.67188 0.98438
vt 0.6875 0.98438
vt 0.71875 0.98438
vt 0.70312 0.98438
vt 0.73438 0.98438
vt 0.75 0.98438
vt 0.76562 0.98438
vt 0.78125 0.98438
vt 0.79688 0.98438
vt 0.82812 0.98438
vt 0.8125 0.98438
vt 0.84375 0.98438
vt 0.85938 0.98438
vt 0.875 0.98438
vt 0.89062 0.98438
vt 0.90625 0.98438
vt 0.92188 0.98438
vt 0.9375 0.98438
vt 0.95312 0.98438
vt 0.98438 0.98438
vt 0.96875 0.98438
vt 0.01563 -0
vt 0 0.01562
vt 0 -0
vt 0.04688 -0
vt 0.03125 -0
vt 0.0625 -0
vt 0.07813 -0
vt 0.09375 -0
vt 0.10938 -0
vt 0.14063 -0
vt 0.125 -0
vt 0.15625 -0
vt 0.17188 -0
vt 0.1875 -0
vt 0.20313 -0
vt 0.21875 -0
vt 0.23438 -0
vt 0.25 -0
vt 0.26562 -0
vt 0.28125 -0
vt 0.29688 -0
vt 0.32813 -0
vt 0.3125 -0
vt 0.35938 -0
vt 0.34375 -0
vt 0.375 -0
vt 0.39063 -0
vt 0.40625 -0
vt 0.42188 -0
vt 0.4375 -0
vt 0.46875 -0
vt 0.45313 -0
vt 0.48438 -0
vt 0.51562 -0
vt 0.5 -0
vt 0.53125 -0
vt 0.54688 -0
vt 0.57813 -0
vt 0.5625 -0
vt 0.60938 -0
vt 0.59375 -0
vt 0.625 -0
vt 0.65625 -0
vt 0.64063 -0
vt 0.67188 -0
vt 0.70312 -0
vt 0.6875 -0
vt 0.71875 -0
vt 0.73438 -0
vt 0.75 -0
vt 0.76563 -0
vt 0.79688 -0
vt 0.78125 -0
vt 0.8125 -0
vt 0.82813 -0
vt 0.84375 -0
vt 0.85938 -0
vt 0.875 -0
vt 0.89062 -0
vt 0.90625 -0
vt 0.92188 -0
vt 0.9375 -0
vt 0.95313 -0
vt 0.98438 -0
vt 0.96875 -0
vt 1 0.01562
vt 1 0.04687
vt 1 0.0625
vt 1 0.07812
vt 0.98438 0.09375
vt 1 0.10938
vt 1 0.14062
vt 1 0.15625
vt 0.98438 0.15625
vt 1 0.17188
vt 0.98438 0.1875
vt 1 0.20312
vt 1 0.23438
vt 0.98438 0.23438
vt 1 0.26562
vt 0.98438 0.28125
vt 1 0.28125
vt 1 0.29688
vt 0.98438 0.3125
vt 1 0.32813
vt 1 0.35938
vt 0.98438 0.35938
vt 1 0.375
vt 0.98438 0.39063
vt 1 0.39063
vt 1 0.42188
vt 0.98438 0.42188
vt 1 0.45313
vt 1 0.46875
vt 1 0.5
vt 1 0.51563
vt 0.98438 0.53125
vt 1 0.54688
vt 1 0.5625
vt 0.98438 0.5625
vt 1 0.57813
vt 1 0.59375
vt 0.98438 0.60938
vt 1 0.625
vt 1 0.64063
vt 1 0.67188
vt 0.98438 0.67188
vt 1 0.6875
vt 0.98438 0.70312
vt 1 0.71875
vt 1 0.73438
vt 1 0.75
vt 1 0.76563
vt 1 0.79688
vt 0.98438 0.79688
vt 1 0.8125
vt 0.98438 0.82812
vt 1 0.82813
vt 1 0.84375
vt 0.98438 0.85938
vt 1 0.85938
vt 1 0.89063
vt 1 0.92188
vt 0.98438 0.92188
vt 1 0.9375
vt 1 0.96875
vt 0.98438 0.96875
vt 1 0.98438
vt 0.98438 1
vt 0.96875 1
vt 0.95313 1
vt 0.9375 1
vt 0.92188 1
vt 0.90625 1
vt 0.89063 1
vt 0.875 1
vt 0.85938 1
vt 0.84375 1
vt 0.82813 1
vt 0.8125 1
vt 0.79688 1
vt 0.78125 1
vt 0.76562 1
vt 0.75 1
vt 0.73438 1
vt 0.71875 1
vt 0.70312 1
vt 0.6875 1
vt 0.67188 1
vt 0.65625 1
vt 0.64063 1
vt 0.625 1
vt 0.60938 1
vt 0.59375 1
vt 0.57812 1
vt 0.5625 1
vt 0.54688 1
vt 0.53125 1
vt 0.51562 1
vt 0.5 1
vt 0.48438 1
vt 0.46875 1
vt 0.45313 1
vt 0.4375 1
vt 0.42188 1
vt 0.40625 1
vt 0.39063 1
vt 0.375 1
vt 0.35938 1
vt 0.34375 1
vt 0.32813 1
vt 0.3125 1
vt 0.29688 1
vt 0.28125 1
vt 0.26563 1
vt 0.25 1
vt 0.23438 1
vt 0.21875 1
vt 0.20313 1
vt 0.1875 1
vt 0.17188 1
vt 0.15625 1
vt 0.14063 1
vt 0.125 1
vt 0.10938 1
vt 0.09375 1
vt 0.07813 1
vt 0.0625 1
vt 0.04688 1
vt 0.03125 1
vt 0.01563 1
vt 0 0.98438
vt 0 1
vt 0 0.96875
vt 0 0.95313
vt 0 0.9375
vt 0 0.92188
vt 0 0.90625
vt 0 0.89062
vt 0 0.875
vt 0 0.85938
vt 0 0.84375
vt 0 0.82813
vt 0 0.8125
vt 0 0.79688
vt 0 0.78125
vt 0 0.76562
vt 0 0.75
vt 0 0.73438
vt 0 0.71875
vt 0 0.70313
vt 0 0.6875
vt 0 0.67188
vt 0 0.65625
vt 0 0.64063
vt 0 0.625
vt 0 0.60938
vt 0 0.59375
vt 0 0.57812
vt 0 0.5625
vt 0 0.54688
vt 0 0.53125
vt 0 0.51563
vt 0 0.5
vt 0 0.48438
vt 0 0.46875
vt 0 0.45313
vt 0 0.4375
vt 0 0.42188
vt 0 0.40625
vt 0 0.39063
vt 0 0.375
vt 0 0.35938
vt 0 0.34375
vt 0 0.32813
vt 0 0.3125
vt 0 0.29688
vt 0 0.28125
vt 0 0.26562
vt 0 0.25
vt 0 0.23438
vt 0 0.21875
vt 0 0.20313
vt 0 0.1875
vt 0 0.17188
vt 0 0.15625
vt 0 0.14062
vt 0 0.125
vt 0 0.10938
vt 0 0.09375
vt 0 0.07812
vt 0 0.0625
vt 0 0.04687
vt 0 0.03125
vt 1 -0
vt 1 0.03125
vt 1 0.09375
vt 1 0.125
vt 1 0.1875
vt 1 0.21875
vt 1 0.25
vt 1 0.3125
vt 1 0.34375
vt 1 0.40625
vt 1 0.4375
vt 1 0.48438
vt 1 0.53125
vt 1 0.60938
vt 1 0.65625
vt 1 0.70313
vt 1 0.78125
vt 1 0.875
vt 1 0.90625
vt 1 0.95313
vt 1 1
usemtl mat0
f 1/1/1 2/2/2 3/3/3
f 4/4/4 2/2/2 5/5/5
f 6/6/6 7/7/7 4/4/4
f 6/6/6 8/8/8 9/9/9
f 10/10/10 11/11/11 8/8/8
f 12/12/12 13/13/13 11/11/11
f 14/14/14 15/15/15 13/13/13
f 16/16/16 17/17/17 15/15/15
f 18/18/18 19/19/19 17/17/17
f 20/20/20 19/19/19 21/21/21
f 20/20/20 22/22/22 23/23/23
f 24/24/24 25/25/25 22/22/22
f 26/26/26 27/27/27 25/25/25
f 28/28/28 29/29/29 27/27/27
f 30/30/30 31/31/31 29/29/29
f 32/32/32 33/33/33 31/31/31
f 34/34/34 33/33/33 35/35/35
f 36/36/36 37/37/37 34/34/34
f 36/36/36 38/38/38 39/39/39
f 40/40/40 38/38/38 41/41/41
f 40/40/40 42/42/42 43/43/43
f 44/44/44 42/42/42 45/45/45
f 44/44/44 46/46/46 47/47/47
f 48/48/48 49/49/49 46/46/46
f 50/50/50 49/49/49 51/51/51
f 50/50/50 52/52/52 53/53/53
f 54/54/54 55/55/55 52/52/52
f 56/56/56 55/55/55 57/57/57
f 58/58/58 59/59/59 56/56/56
f 58/58/58 60/60/60 61/61/61
f 62/62/62 60/60/60 63/63/63
f 64/64/64 65/65/65 62/62/62
f 64/64/64 66/66/66 67/67/67
f 68/68/68 66/66/66 69/69/69
f 68/68/68 70/70/70 71/71/71
f 72/72/72 73/73/73 70/70/70
f 74/74/74 75/75/75 73/73/73
f 76/76/76 75/75/75 77/77/77
f 78/78/78 79/79/79 76/76/76
f 78/78/78 80/80/80 81/81/81
f 82/82/82 83/83/83 80/80/80
f 84/84/84 83/83/83 85/85/85
f 84/84/84 86/86/86 87/87/87
f 88/88/88 86/86/86 89/89/89
f 90/90/90 91/91/91 88/88/88
f 92/92/92 93/93/93 90/90/90
f 92/92/92 94/94/94 95/95/95
f 96/96/96 97/97/97 94/94/94
f 98/98/98 99/99/99 97/97/97
f 100/100/100 99/99/99 101/101/101
f 102/102/102 103/103/103 100/100/100
f 104/104/104 105/105/105 102/102/102
f 106/106/106 107/107/107 104/104/104
f 108/108/108 109/109/109 106/106/106
f 108/108/108 110/110/110 111/111/111
f 112/112/112 110/110/110 113/113/113
f 114/114/114 115/115/115 112/112/112
f 116/116/116 117/117/117 114/114/114
f 116/116/116 118/118/118 119/119/119
f 120/120/120 118/118/118 121/121/121
f 122/122/122 123/123/123 120/120/120
f 124/124/124 125/125/125 122/122/122
f 2/2/2 126/126/126 3/3/3
f 7/7/7 127/127/127 2/2/2
f 7/7/7 128/128/128 129/129/129
f 9/9/9 130/130/130 128/128/128
f 11/11/11 130/130/130 8/8/8
f 13/13/13 131/131/131 11/11/11
f 15/15/15 132/132/132 13/13/13
f 17/17/17 133/133/133 15/15/15
f 19/19/19 134/134/134 17/17/17
f 19/19/19 135/135/135 136/136/136
f 23/23/23 137/137/137 135/135/135
f 25/25/25 137/137/137 22/22/22
f 27/27/27 138/138/138 25/25/25
f 27/27/27 139/139/139 140/140/140
f 29/29/29 141/141/141 139/139/139
f 31/31/31 142/142/142 141/141/141
f 33/33/33 143/143/143 142/142/142
f 37/37/37 144/144/144 143/143/143
f 38/38/38 144/144/144 39/39/39
f 43/43/43 145/145/145 38/38/38
f 42/42/42 146/146/146 43/43/43
f 42/42/42 147/147/147 148/148/148
f 46/46/46 147/147/147 47/47/47
f 49/49/49 149/149/149 46/46/46
f 49/49/49 150/150/150 151/151/151
f 52/52/52 150/150/150 53/53/53
f 55/55/55 152/152/152 52/52/52
f 55/55/55 153/153/153 154/154/154
f 59/59/59 155/155/155 153/153/153
f 60/60/60 155/155/155 61/61/61
f 65/65/65 156/156/156 60/60/60
f 65/65/65 157/157/157 158/158/158
f 67/67/67 159/159/159 157/157/157
f 71/71/71 159/159/159 66/66/66
f 70/70/70 160/160/160 71/71/71
f 70/70/70 161/161/161 162/162/162
f 73/73/73 163/163/163 161/161/161
f 79/79/79 163/163/163 75/75/75
f 81/81/81 164/164/164 79/79/79
f 81/81/81 165/165/165 166/166/166
f 80/80/80 167/167/167 165/165/165
f 87/87/87 167/167/167 83/83/83
f 86/86/86 168/168/168 87/87/87
f 86/86/86 169/169/169 170/170/170
f 93/93/93 169/169/169 91/91/91
f 95/95/95 171/171/171 93/93/93
f 94/94/94 172/172/172 95/95/95
f 97/97/97 173/173/173 94/94/94
f 99/99/99 174/174/174 97/97/97
f 99/99/99 175/175/175 176/176/176
f 103/103/103 177/177/177 175/175/175
f 107/107/107 177/177/177 105/105/105
f 107/107/107 178/178/178 179/179/179
f 111/111/111 178/178/178 109/109/109
f 111/111/111 180/180/180 181/181/181
f 110/110/110 182/182/182 180/180/180
f 115/115/115 183/183/183 182/182/182
f 117/117/117 184/184/184 183/183/183
f 119/119/119 185/185/185 184/184/184
f 118/118/118 186/186/186 185/185/185
f 125/125/125 186/186/186 123/123/123
f 187/187/187 188/188/188 125/125/125
f 126/126/126 189/189/189 190/190/190
f 129/129/129 189/189/189 127/127/127
f 128/128/128 191/191/191 129/129/129
f 128/128/128 192/192/192 193/193/193
f 130/130/130 194/194/194 192/192/192
f 131/131/131 195/195/195 194/194/194
f 132/132/132 196/196/196 195/195/195
f 133/133/133 197/197/197 196/196/196
f 134/134/134 198/198/198 197/197/197
f 135/135/135 198/198/198 136/136/136
f 137/137/137 199/199/199 135/135/135
f 138/138/138 200/200/200 137/137/137
f 138/138/138 201/201/201 202/202/202
f 139/139/139 201/201/201 140/140/140
f 141/141/141 203/203/203 139/139/139
f 142/142/142 204/204/204 141/141/141
f 143/143/143 205/205/205 142/142/142
f 144/144/144 206/206/206 143/143/143
f 144/144/144 207/207/207 208/208/208
f 146/146/146 207/207/207 145/145/145
f 148/148/148 209/209/209 146/146/146
f 148/148/148 210/210/210 211/211/211
f 147/147/147 212/212/212 210/210/210
f 149/149/149 213/213/213 212/212/212
f 151/151/151 214/214/214 213/213/213
f 152/152/152 214/214/214 150/150/150
f 152/152/152 215/215/215 216/216/216
f 153/153/153 215/215/215 154/154/154
f 153/153/153 217/217/217 218/218/218
f 155/155/155 219/219/219 217/217/217
f 158/158/158 219/219/219 156/156/156
f 157/157/157 220/220/220 158/158/158
f 159/159/159 221/221/221 157/157/157
f 160/160/160 222/222/222 159/159/159
f 160/160/160 223/223/223 224/224/224
f 161/161/161 223/223/223 162/162/162
f 161/161/161 225/225/225 226/226/226
f 163/163/163 227/227/227 225/225/225
f 166/166/166 227/227/227 164/164/164
f 165/165/165 228/228/228 166/166/166
f 165/165/165 229/229/229 230/230/230
f 167/167/167 231/231/231 229/229/229
f 168/168/168 232/232/232 231/231/231
f 169/169/169 232/232/232 170/170/170
f 169/169/169 233/233/233 234/234/234
f 172/172/172 233/233/233 171/171/171
f 173/173/173 235/235/235 172/172/172
f 173/173/173 236/236/236 237/237/237
f 176/176/176 236/236/236 174/174/174
f 175/175/175 238/238/238 176/176/176
f 175/175/175 239/239/239 240/240/240
f 179/179/179 239/239/239 177/177/177
f 179/179/179 241/241/241 242/242/242
f 181/181/181 241/241/241 178/178/178
f 180/180/180 243/243/243 181/181/181
f 180/180/180 244/244/244 245/245/245
f 183/183/183 244/244/244 182/182/182
f 184/184/184 246/246/246 183/183/183
f 184/184/184 247/247/247 248/248/248
f 185/185/185 249/249/249 247/247/247
f 186/186/186 250/250/250 249/249/249
f 251/251/251 250/250/250 188/188/188
f 189/189/189 252/252/252 190/190/190
f 191/191/191 253/253/253 189/189/189
f 191/191/191 254/254/254 255/255/255
f 193/193/193 256/256/256 254/254/254
f 192/192/192 257/257/257 256/256/256
f 195/195/195 257/257/257 194/194/194
f 195/195/195 258/258/258 259/259/259
f 196/196/196 260/260/260 258/258/258
f 197/197/197 261/261/261 260/260/260
f 199/199/199 261/261/261 198/198/198
f 199/199/199 262/262/262 263/263/263
f 200/200/200 264/264/264 262/262/262
f 201/201/201 264/264/264 202/202/202
f 203/203/203 265/265/265 201/201/201
f 204/204/204 266/266/266 203/203/203
f 204/204/204 267/267/267 268/268/268
f 205/205/205 269/269/269 267/267/267
f 208/208/208 269/269/269 206/206/206
f 208/208/208 270/270/270 271/271/271
f 207/207/207 272/272/272 270/270/270
f 211/211/211 272/272/272 209/209/209
f 211/211/211 273/273/273 274/274/274
f 210/210/210 275/275/275 273/273/273
f 213/213/213 275/275/275 212/212/212
f 213/213/213 276/276/276 277/277/277
f 214/214/214 278/278/278 276/276/276
f 215/215/215 278/278/278 216/216/216
f 218/218/218 279/279/279 215/215/215
f 217/217/217 280/280/280 218/218/218
f 217/217/217 281/281/281 282/282/282
f 219/219/219 283/283/283 281/281/281
f 221/221/221 283/283/283 220/220/220
f 221/221/221 284/284/284 285/285/285
f 224/224/224 284/284/284 222/222/222
f 223/223/223 286/286/286 224/224/224
f 223/223/223 287/287/287 288/288/288
f 226/226/226 289/289/289 287/287/287
f 225/225/225 290/290/290 289/289/289
f 227/227/227 291/291/291 290/290/290
f 228/228/228 292/292/292 291/291/291
f 229/229/229 292/292/292 230/230/230
f 231/231/231 293/293/293 229/229/229
f 231/231/231 294/294/294 295/295/295
f 234/234/234 294/294/294 232/232/232
f 234/234/234 296/296/296 297/297/297
f 233/233/233 298/298/298 296/296/296
f 237/237/237 298/298/298 235/235/235
f 237/237/237 299/299/299 300/300/300
f 236/236/236 301/301/301 299/299/299
f 238/238/238 302/302/302 301/301/301
f 239/239/239 302/302/302 240/240/240
f 242/242/242 303/303/303 239/239/239
f 241/241/241 304/304/304 242/242/242
f 243/243/243 305/305/305 241/241/241
f 245/245/245 306/306/306 243/243/243
f 245/245/245 307/307/307 308/308/308
f 244/244/244 309/309/309 307/307/307
f 248/248/248 309/309/309 246/246/246
f 247/247/247 310/310/310 248/248/248
f 247/247/247 311/311/311 312/312/312
f 249/249/249 313/313/313 311/311/311
f 314/314/314 313/313/313 250/250/250
f 252/252/252 315/315/315 316/316/316
f 253/253/253 317/317/317 315/315/315
f 254/254/254 317/317/317 255/255/255
f 256/256/256 318/318/318 254/254/254
f 257/257/257 319/319/319 256/256/256
f 257/257/257 320/320/320 321/321/321
f 258/258/258 320/320/320 259/259/259
f 260/260/260 322/322/322 258/258/258
f 261/261/261 323/323/323 260/260/260
f 263/263/263 324/324/324 261/261/261
f 262/262/262 325/325/325 263/263/263
f 262/262/262 326/326/326 327/327/327
f 264/264/264 328/328/328 326/326/326
f 266/266/266 328/328/328 265/265/265
f 268/268/268 329/329/329 266/266/266
f 267/267/267 330/330/330 268/268/268
f 269/269/269 331/331/331 267/267/267
f 271/271/271 332/332/332 269/269/269
f 271/271/271 333/333/333 334/334/334
f 272/272/272 333/333/333 270/270/270
f 272/272/272 335/335/335 336/336/336
f 274/274/274 337/337/337 335/335/335
f 275/275/275 337/337/337 273/273/273
f 277/277/277 338/338/338 275/275/275
f 277/277/277 339/339/339 340/340/340
f 278/278/278 339/339/339 276/276/276
f 279/279/279 341/341/341 278/278/278
f 280/280/280 342/342/342 279/279/279
f 280/280/280 343/343/343 344/344/344
f 281/281/281 343/343/343 282/282/282
f 281/281/281 345/345/345 346/346/346
f 285/285/285 345/345/345 283/283/283
f 285/285/285 347/347/347 348/348/348
f 284/284/284 349/349/349 347/347/347
f 286/286/286 350/350/350 349/349/349
f 287/287/287 350/350/350 288/288/288
f 289/289/289 351/351/351 287/287/287
f 290/290/290 352/352/352 289/289/289
f 290/290/290 353/353/353 354/354/354
f 292/292/292 353/353/353 291/291/291
f 293/293/293 355/355/355 292/292/292
f 293/293/293 356/356/356 357/357/357
f 295/295/295 358/358/358 356/356/356
f 297/297/297 358/358/358 294/294/294
f 297/297/297 359/359/359 360/360/360
f 296/296/296 361/361/361 359/359/359
f 298/298/298 362/362/362 361/361/361
f 299/299/299 362/362/362 300/300/300
f 301/301/301 363/363/363 299/299/299
f 302/302/302 364/364/364 301/301/301
f 303/303/303 365/365/365 302/302/302
f 303/303/303 366/366/366 367/367/367
f 304/304/304 368/368/368 366/366/366
f 306/306/306 368/368/368 305/305/305
f 308/308/308 369/369/369 306/306/306
f 307/307/307 370/370/370 308/308/308
f 307/307/307 371/371/371 372/372/372
f 309/309/309 373/373/373 371/371/371
f 310/310/310 374/374/374 373/373/373
f 311/311/311 374/374/374 312/312/312
f 311/311/311 375/375/375 376/376/376
f 377/377/377 375/375/375 313/313/313
f 315/315/315 378/378/378 316/316/316
f 317/317/317 379/379/379 315/315/315
f 318/318/318 380/380/380 317/317/317
f 318/318/318 381/381/381 382/382/382
f 319/319/319 383/383/383 381/381/381
f 320/320/320 383/383/383 321/321/321
f 320/320/320 384/384/384 385/385/385
f 322/322/322 386/386/386 384/384/384
f 323/323/323 387/387/387 386/386/386
f 324/324/324 388/388/388 387/387/387
f 327/327/327 388/388/388 325/325/325
f 327/327/327 389/389/389 390/390/390
f 328/328/328 389/389/389 326/326/326
f 329/329/329 391/391/391 328/328/328
f 330/330/330 392/392/392 329/329/329
f 330/330/330 393/393/393 394/394/394
f 332/332/332 393/393/393 331/331/331
f 332/332/332 395/395/395 396/396/396
f 333/333/333 395/395/395 334/334/334
f 336/336/336 397/397/397 333/333/333
f 336/336/336 398/398/398 399/399/399
f 337/337/337 398/398/398 335/335/335
f 338/338/338 400/400/400 337/337/337
f 340/340/340 401/401/401 338/338/338
f 339/339/339 402/402/402 340/340/340
f 341/341/341 403/403/403 339/339/339
f 342/342/342 404/404/404 341/341/341
f 344/344/344 405/405/405 342/342/342
f 343/343/343 406/406/406 344/344/344
f 343/343/343 407/407/407 408/408/408
f 346/346/346 409/409/409 407/407/407
f 348/348/348 409/409/409 345/345/345
f 347/347/347 410/410/410 348/348/348
f 349/349/349 411/411/411 347/347/347
f 350/350/350 412/412/412 349/349/349
f 351/351/351 413/413/413 350/350/350
f 351/351/351 414/414/414 415/415/415
f 354/354/354 414/414/414 352/352/352
f 354/354/354 416/416/416 417/417/417
f 353/353/353 418/418/418 416/416/416
f 355/355/355 419/419/419 418/418/418
f 356/356/356 419/419/419 357/357/357
f 356/356/356 420/420/420 421/421/421
f 360/360/360 420/420/420 358/358/358
f 359/359/359 422/422/422 360/360/360
f 359/359/359 423/423/423 424/424/424
f 361/361/361 425/425/425 423/423/423
f 362/362/362 426/426/426 425/425/425
f 363/363/363 427/427/427 426/426/426
f 364/364/364 428/428/428 427/427/427
f 367/367/367 428/428/428 365/365/365
f 367/367/367 429/429/429 430/430/430
f 368/368/368 429/429/429 366/366/366
f 369/369/369 431/431/431 368/368/368
f 369/369/369 432/432/432 433/433/433
f 372/372/372 432/432/432 370/370/370
f 371/371/371 434/434/434 372/372/372
f 373/373/373 435/435/435 371/371/371
f 374/374/374 436/436/436 373/373/373
f 374/374/374 437/437/437 438/438/438
f 376/376/376 439/439/439 437/437/437
f 375/375/375 440/440/440 439/439/439
f 378/378/378 441/441/441 442/442/442
f 380/380/380 441/441/441 379/379/379
f 382/382/382 443/443/443 380/380/380
f 382/382/382 444/444/444 445/445/445
f 381/381/381 446/446/446 444/444/444
f 385/385/385 446/446/446 383/383/383
f 385/385/385 447/447/447 448/448/448
f 386/386/386 447/447/447 384/384/384
f 387/387/387 449/449/449 386/386/386
f 388/388/388 450/450/450 387/387/387
f 388/388/388 451/451/451 452/452/452
f 389/389/389 451/451/451 390/390/390
f 391/391/391 453/453/453 389/389/389
f 392/392/392 454/454/454 391/391/391
f 394/394/394 455/455/455 392/392/392
f 394/394/394 456/456/456 457/457/457
f 393/393/393 458/458/458 456/456/456
f 396/396/396 459/459/459 458/458/458
f 395/395/395 460/460/460 459/459/459
f 397/397/397 461/461/461 460/460/460
f 399/399/399 462/462/462 461/461/461
f 400/400/400 462/462/462 398/398/398
f 401/401/401 463/463/463 400/400/400
f 401/401/401 464/464/464 465/465/465
f 402/402/402 466/466/466 464/464/464
f 403/403/403 467/467/467 466/466/466
f 404/404/404 468/468/468 467/467/467
f 405/405/405 469/469/469 468/468/468
f 408/408/408 469/469/469 406/406/406
f 408/408/408 470/470/470 471/471/471
f 407/407/407 472/472/472 470/470/470
f 410/410/410 472/472/472 409/409/409
f 411/411/411 473/473/473 410/410/410
f 411/411/411 474/474/474 475/475/475
f 412/412/412 476/476/476 474/474/474
f 415/415/415 476/476/476 413/413/413
f 415/415/415 477/477/477 478/478/478
f 417/417/417 477/477/477 414/414/414
f 416/416/416 479/479/479 417/417/417
f 418/418/418 480/480/480 416/416/416
f 419/419/419 481/481/481 418/418/418
f 421/421/421 482/482/482 419/419/419
f 420/420/420 483/483/483 421/421/421
f 422/422/422 484/484/484 420/420/420
f 424/424/424 485/485/485 422/422/422
f 423/423/423 486/486/486 424/424/424
f 425/425/425 487/487/487 423/423/423
f 426/426/426 488/488/488 425/425/425
f 427/427/427 489/489/489 426/426/426
f 427/427/427 490/490/490 491/491/491
f 428/428/428 492/492/492 490/490/490
f 429/429/429 492/492/492 430/430/430
f 429/429/429 493/493/493 494/494/494
f 433/433/433 493/493/493 431/431/431
f 432/432/432 495/495/495 433/433/433
f 434/434/434 496/496/496 432/432/432
f 434/434/434 497/497/497 498/498/498
f 435/435/435 499/499/499 497/497/497
f 438/438/438 499/499/499 436/436/436
f 437/437/437 500/500/500 438/438/438
f 437/437/437 501/501/501 502/502/502
f 440/440/440 501/501/501 439/439/439
f 442/442/442 503/503/503 504/504/504
f 441/441/441 505/505/505 503/503/503
f 443/443/443 506/506/506 505/505/505
f 444/444/444 506/506/506 445/445/445
f 446/446/446 507/507/507 444/444/444
f 446/446/446 508/508/508 509/509/509
f 447/447/447 508/508/508 448/448/448
f 449/449/449 510/510/510 447/447/447
f 449/449/449 511/511/511 512/512/512
f 450/450/450 513/513/513 511/511/511
f 452/452/452 514/514/514 513/513/513
f 451/451/451 515/515/515 514/514/514
f 453/453/453 516/516/516 515/515/515
f 454/454/454 517/517/517 516/516/516
f 457/457/457 517/517/517 455/455/455
f 457/457/457 518/518/518 519/519/519
f 458/458/458 518/518/518 456/456/456
f 459/459/459 520/520/520 458/458/458
f 460/460/460 521/521/521 459/459/459
f 461/461/461 522/522/522 460/460/460
f 462/462/462 523/523/523 461/461/461
f 462/462/462 524/524/524 525/525/525
f 463/463/463 526/526/526 524/524/524
f 464/464/464 526/526/526 465/465/465
f 466/466/466 527/527/527 464/464/464
f 467/467/467 528/528/528 466/466/466
f 468/468/468 529/529/529 467/467/467
f 468/468/468 530/530/530 531/531/531
f 469/469/469 532/532/532 530/530/530
f 471/471/471 533/533/533 532/532/532
f 470/470/470 534/534/534 533/533/533
f 472/472/472 535/535/535 534/534/534
f 473/473/473 536/536/536 535/535/535
f 475/475/475 537/537/537 536/536/536
f 476/476/476 537/537/537 474/474/474
f 478/478/478 538/538/538 476/476/476
f 477/477/477 539/539/539 478/478/478
f 479/479/479 540/540/540 477/477/477
f 479/479/479 541/541/541 542/542/542
f 481/481/481 541/541/541 480/480/480
f 482/482/482 543/543/543 481/481/481
f 482/482/482 544/544/544 545/545/545
f 483/483/483 546/546/546 544/544/544
f 485/485/485 546/546/546 484/484/484
f 485/485/485 547/547/547 548/548/548
f 486/486/486 549/549/549 547/547/547
f 487/487/487 550/550/550 549/549/549
f 489/489/489 550/550/550 488/488/488
f 491/491/491 551/551/551 489/489/489
f 490/490/490 552/552/552 491/491/491
f 492/492/492 553/553/553 490/490/490
f 494/494/494 554/554/554 492/492/492
f 494/494/494 555/555/555 556/556/556
f 495/495/495 555/555/555 493/493/493
f 496/496/496 557/557/557 495/495/495
f 496/496/496 558/558/558 559/559/559
f 497/497/497 558/558/558 498/498/498
f 499/499/499 560/560/560 497/497/497
f 500/500/500 561/561/561 499/499/499
f 502/502/502 562/562/562 500/500/500
f 502/502/502 563/563/563 564/564/564
f 565/565/565 563/563/563 501/501/501
f 503/503/503 566/566/566 504/504/504
f 505/505/505 567/567/567 503/503/503
f 505/505/505 568/568/568 569/569/569
f 506/506/506 570/570/570 568/568/568
f 509/509/509 570/570/570 507/507/507
f 509/509/509 571/571/571 572/572/572
f 508/508/508 573/573/573 571/571/571
f 510/510/510 574/574/574 573/573/573
f 511/511/511 574/574/574 512/512/512
f 513/513/513 575/575/575 511/511/511
f 514/514/514 576/576/576 513/513/513
f 515/515/515 577/577/577 514/514/514
f 516/516/516 578/578/578 515/515/515
f 516/516/516 579/579/579 580/580/580
f 519/519/519 579/579/579 517/517/517
f 519/519/519 581/581/581 582/582/582
f 518/518/518 583/583/583 581/581/581
f 520/520/520 584/584/584 583/583/583
f 521/521/521 585/585/585 584/584/584
f 522/522/522 586/586/586 585/585/585
f 523/523/523 587/587/587 586/586/586
f 525/525/525 588/588/588 587/587/587
f 524/524/524 589/589/589 588/588/588
f 527/527/527 589/589/589 526/526/526
f 528/528/528 590/590/590 527/527/527
f 529/529/529 591/591/591 528/528/528
f 531/531/531 592/592/592 529/529/529
f 531/531/531 593/593/593 594/594/594
f 532/532/532 593/593/593 530/530/530
f 533/533/533 595/595/595 532/532/532
f 534/534/534 596/596/596 533/533/533
f 534/534/534 597/597/597 598/598/598
f 535/535/535 599/599/599 597/597/597
f 536/536/536 600/600/600 599/599/599
f 538/538/538 600/600/600 537/537/537
f 538/538/538 601/601/601 602/602/602
f 539/539/539 603/603/603 601/601/601
f 540/540/540 604/604/604 603/603/603
f 541/541/541 604/604/604 542/542/542
f 543/543/543 605/605/605 541/541/541
f 545/545/545 606/606/606 543/543/543
f 545/545/545 607/607/607 608/608/608
f 544/544/544 609/609/609 607/607/607
f 546/546/546 610/610/610 609/609/609
f 548/548/548 611/611/611 610/610/610
f 549/549/549 611/611/611 547/547/547
f 549/549/549 612/612/612 613/613/613
f 550/550/550 614/614/614 612/612/612
f 552/552/552 614/614/614 551/551/551
f 552/552/552 615/615/615 616/616/616
f 553/553/553 617/617/617 615/615/615
f 554/554/554 618/618/618 617/617/617
f 555/555/555 618/618/618 556/556/556
f 555/555/555 619/619/619 620/620/620
f 559/559/559 619/619/619 557/557/557
f 558/558/558 621/621/621 559/559/559
f 558/558/558 622/622/622 623/623/623
f 560/560/560 624/624/624 622/622/622
f 562/562/562 624/624/624 561/561/561
f 564/564/564 625/625/625 562/562/562
f 563/563/563 626/626/626 564/564/564
f 627/627/627 628/628/628 563/563/563
f 567/567/567 629/629/629 566/566/566
f 567/567/567 630/630/630 631/631/631
f 568/568/568 630/630/630 569/569/569
f 568/568/568 632/632/632 633/633/633
f 570/570/570 634/634/634 632/632/632
f 572/572/572 635/635/635 634/634/634
f 571/571/571 636/636/636 635/635/635
f 573/573/573 637/637/637 636/636/636
f 574/574/574 638/638/638 637/637/637
f 575/575/575 639/639/639 638/638/638
f 577/577/577 639/639/639 576/576/576
f 578/578/578 640/640/640 577/577/577
f 578/578/578 641/641/641 642/642/642
f 580/580/580 643/643/643 641/641/641
f 582/582/582 643/643/643 579/579/579
f 581/581/581 644/644/644 582/582/582
f 581/581/581 645/645/645 646/646/646
f 584/584/584 645/645/645 583/583/583
f 585/585/585 647/647/647 584/584/584
f 586/586/586 648/648/648 585/585/585
f 586/586/586 649/649/649 650/650/650
f 588/588/588 649/649/649 587/587/587
f 589/589/589 651/651/651 588/588/588
f 590/590/590 652/652/652 589/589/589
f 590/590/590 653/653/653 654/654/654
f 592/592/592 653/653/653 591/591/591
f 592/592/592 655/655/655 656/656/656
f 594/594/594 657/657/657 655/655/655
f 593/593/593 658/658/658 657/657/657
f 595/595/595 659/659/659 658/658/658
f 598/598/598 659/659/659 596/596/596
f 597/597/597 660/660/660 598/598/598
f 599/599/599 661/661/661 597/597/597
f 599/599/599 662/662/662 663/663/663
f 602/602/602 662/662/662 600/600/600
f 601/601/601 664/664/664 602/602/602
f 603/603/603 665/665/665 601/601/601
f 604/604/604 666/666/666 603/603/603
f 604/604/604 667/667/667 668/668/668
f 606/606/606 667/667/667 605/605/605
f 606/606/606 669/669/669 670/670/670
f 607/607/607 669/669/669 608/608/608
f 607/607/607 671/671/671 672/672/672
f 609/609/609 673/673/673 671/671/671
f 611/611/611 673/673/673 610/610/610
f 613/613/613 674/674/674 611/611/611
f 613/613/613 675/675/675 676/676/676
f 614/614/614 675/675/675 612/612/612
f 616/616/616 677/677/677 614/614/614
f 615/615/615 678/678/678 616/616/616
f 617/617/617 679/679/679 615/615/615
f 617/617/617 680/680/680 681/681/681
f 620/620/620 680/680/680 618/618/618
f 619/619/619 682/682/682 620/620/620
f 619/619/619 683/683/683 684/684/684
f 621/621/621 685/685/685 683/683/683
f 622/622/622 685/685/685 623/623/623
f 624/624/624 686/686/686 622/622/622
f 625/625/625 687/687/687 624/624/624
f 625/625/625 688/688/688 689/689/689
f 628/628/628 688/688/688 626/626/626
f 628/628/628 690/690/690 691/691/691
f 631/631/631 692/692/692 629/629/629
f 631/631/631 693/693/693 694/694/694
f 630/630/630 695/695/695 693/693/693
f 632/632/632 695/695/695 633/633/633
f 634/634/634 696/696/696 632/632/632
f 635/635/635 697/697/697 634/634/634
f 636/636/636 698/698/698 635/635/635
f 637/637/637 699/699/699 636/636/636
f 638/638/638 700/700/700 637/637/637
f 639/639/639 701/701/701 638/638/638
f 639/639/639 702/702/702 703/703/703
f 640/640/640 704/704/704 702/702/702
f 642/642/642 705/705/705 704/704/704
f 643/643/643 705/705/705 641/641/641
f 644/644/644 706/706/706 643/643/643
f 646/646/646 707/707/707 644/644/644
f 645/645/645 708/708/708 646/646/646
f 647/647/647 709/709/709 645/645/645
f 647/647/647 710/710/710 711/711/711
f 648/648/648 712/712/712 710/710/710
f 649/649/649 712/712/712 650/650/650
f 651/651/651 713/713/713 649/649/649
f 652/652/652 714/714/714 651/651/651
f 654/654/654 715/715/715 652/652/652
f 654/654/654 716/716/716 717/717/717
f 656/656/656 716/716/716 653/653/653
f 655/655/655 718/718/718 656/656/656
f 657/657/657 719/719/719 655/655/655
f 658/658/658 720/720/720 657/657/657
f 659/659/659 721/721/721 658/658/658
f 659/659/659 722/722/722 723/723/723
f 661/661/661 722/722/722 660/660/660
f 663/663/663 724/724/724 661/661/661
f 662/662/662 725/725/725 663/663/663
f 662/662/662 726/726/726 727/727/727
f 665/665/665 726/726/726 664/664/664
f 665/665/665 728/728/728 729/729/729
f 666/666/666 730/730/730 728/728/728
f 668/668/668 731/731/731 730/730/730
f 667/667/667 732/732/732 731/731/731
f 670/670/670 733/733/733 732/732/732
f 669/669/669 734/734/734 733/733/733
f 672/672/672 735/735/735 734/734/734
f 673/673/673 735/735/735 671/671/671
f 674/674/674 736/736/736 673/673/673
f 676/676/676 737/737/737 674/674/674
f 675/675/675 738/738/738 676/676/676
f 677/677/677 739/739/739 675/675/675
f 678/678/678 740/740/740 677/677/677
f 679/679/679 741/741/741 678/678/678
f 681/681/681 742/742/742 679/679/679
f 680/680/680 743/743/743 681/681/681
f 682/682/682 744/744/744 680/680/680
f 684/684/684 745/745/745 682/682/682
f 683/683/683 746/746/746 684/684/684
f 685/685/685 747/747/747 683/683/683
f 685/685/685 748/748/748 749/749/749
f 687/687/687 748/748/748 686/686/686
f 689/689/689 750/750/750 687/687/687
f 689/689/689 751/751/751 752/752/752
f 691/691/691 751/751/751 688/688/688
f 690/690/690 753/753/753 691/691/691
f 692/692/692 754/754/754 755/755/755
f 694/694/694 756/756/756 754/754/754
f 695/695/695 756/756/756 693/693/693
f 696/696/696 757/757/757 695/695/695
f 696/696/696 758/758/758 759/759/759
f 697/697/697 760/760/760 758/758/758
f 699/699/699 760/760/760 698/698/698
f 700/700/700 761/761/761 699/699/699
f 700/700/700 762/762/762 763/763/763
f 701/701/701 764/764/764 762/762/762
f 702/702/702 764/764/764 703/703/703
f 704/704/704 765/765/765 702/702/702
f 705/705/705 766/766/766 704/704/704
f 706/706/706 767/767/767 705/705/705
f 707/707/707 768/768/768 706/706/706
f 707/707/707 769/769/769 770/770/770
f 708/708/708 771/771/771 769/769/769
f 709/709/709 772/772/772 771/771/771
f 710/710/710 772/772/772 711/711/711
f 712/712/712 773/773/773 710/710/710
f 712/712/712 774/774/774 775/775/775
f 713/713/713 776/776/776 774/774/774
f 714/714/714 777/777/777 776/776/776
f 717/717/717 777/777/777 715/715/715
f 716/716/716 778/778/778 717/717/717
f 718/718/718 779/779/779 716/716/716
f 718/718/718 780/780/780 781/781/781
f 719/719/719 782/782/782 780/780/780
f 721/721/721 782/782/782 720/720/720
f 723/723/723 783/783/783 721/721/721
f 723/723/723 784/784/784 785/785/785
f 722/722/722 786/786/786 784/784/784
f 725/725/725 786/786/786 724/724/724
f 725/725/725 787/787/787 788/788/788
f 726/726/726 787/787/787 727/727/727
f 726/726/726 789/789/789 790/790/790
f 729/729/729 791/791/791 789/789/789
f 730/730/730 791/791/791 728/728/728
f 731/731/731 792/792/792 730/730/730
f 731/731/731 793/793/793 794/794/794
f 733/733/733 793/793/793 732/732/732
f 734/734/734 795/795/795 733/733/733
f 734/734/734 796/796/796 797/797/797
f 735/735/735 798/798/798 796/796/796
f 736/736/736 799/799/799 798/798/798
f 737/737/737 800/800/800 799/799/799
f 738/738/738 801/801/801 800/800/800
f 739/739/739 802/802/802 801/801/801
f 740/740/740 803/803/803 802/802/802
f 741/741/741 804/804/804 803/803/803
f 742/742/742 805/805/805 804/804/804
f 744/744/744 805/805/805 743/743/743
f 745/745/745 806/806/806 744/744/744
f 745/745/745 807/807/807 808/808/808
f 746/746/746 809/809/809 807/807/807
f 747/747/747 810/810/810 809/809/809
f 749/749/749 811/811/811 810/810/810
f 748/748/748 812/812/812 811/811/811
f 752/752/752 812/812/812 750/750/750
f 752/752/752 813/813/813 814/814/814
f 751/751/751 815/815/815 813/813/813
f 753/753/753 816/816/816 815/815/815
f 754/754/754 817/817/817 755/755/755
f 756/756/756 818/818/818 754/754/754
f 757/757/757 819/819/819 756/756/756
f 757/757/757 820/820/820 821/821/821
f 759/759/759 822/822/822 820/820/820
f 758/758/758 823/823/823 822/822/822
f 760/760/760 824/824/824 823/823/823
f 763/763/763 824/824/824 761/761/761
f 762/762/762 825/825/825 763/763/763
f 762/762/762 826/826/826 827/827/827
f 765/765/765 826/826/826 764/764/764
f 765/765/765 828/828/828 829/829/829
f 766/766/766 830/830/830 828/828/828
f 768/768/768 830/830/830 767/767/767
f 770/770/770 831/831/831 768/768/768
f 770/770/770 832/832/832 833/833/833
f 769/769/769 834/834/834 832/832/832
f 771/771/771 835/835/835 834/834/834
f 773/773/773 835/835/835 772/772/772
f 775/775/775 836/836/836 773/773/773
f 775/775/775 837/837/837 838/838/838
f 774/774/774 839/839/839 837/837/837
f 777/777/777 839/839/839 776/776/776
f 778/778/778 840/840/840 777/777/777
f 778/778/778 841/841/841 842/842/842
f 781/781/781 841/841/841 779/779/779
f 781/781/781 843/843/843 844/844/844
f 780/780/780 845/845/845 843/843/843
f 782/782/782 846/846/846 845/845/845
f 783/783/783 847/847/847 846/846/846
f 785/785/785 848/848/848 847/847/847
f 786/786/786 848/848/848 784/784/784
f 788/788/788 849/849/849 786/786/786
f 788/788/788 850/850/850 851/851/851
f 790/790/790 850/850/850 787/787/787
f 789/789/789 852/852/852 790/790/790
f 789/789/789 853/853/853 854/854/854
f 792/792/792 853/853/853 791/791/791
f 794/794/794 855/855/855 792/792/792
f 794/794/794 856/856/856 857/857/857
f 795/795/795 856/856/856 793/793/793
f 797/797/797 858/858/858 795/795/795
f 797/797/797 859/859/859 860/860/860
f 796/796/796 861/861/861 859/859/859
f 799/799/799 861/861/861 798/798/798
f 800/800/800 862/862/862 799/799/799
f 800/800/800 863/863/863 864/864/864
f 802/802/802 863/863/863 801/801/801
f 802/802/802 865/865/865 866/866/866
f 803/803/803 867/867/867 865/865/865
f 804/804/804 868/868/868 867/867/867
f 805/805/805 869/869/869 868/868/868
f 806/806/806 870/870/870 869/869/869
f 808/808/808 871/871/871 870/870/870
f 807/807/807 872/872/872 871/871/871
f 810/810/810 872/872/872 809/809/809
f 811/811/811 873/873/873 810/810/810
f 812/812/812 874/874/874 811/811/811
f 814/814/814 875/875/875 812/812/812
f 813/813/813 876/876/876 814/814/814
f 815/815/815 877/877/877 813/813/813
f 816/816/816 878/878/878 815/815/815
f 818/818/818 879/879/879 817/817/817
f 818/818/818 880/880/880 881/881/881
f 819/819/819 882/882/882 880/880/880
f 820/820/820 882/882/882 821/821/821
f 822/822/822 883/883/883 820/820/820
f 823/823/823 884/884/884 822/822/822
f 823/823/823 885/885/885 886/886/886
f 824/824/824 887/887/887 885/885/885
f 825/825/825 888/888/888 887/887/887
f 827/827/827 889/889/889 888/888/888
f 829/829/829 889/889/889 826/826/826
f 828/828/828 890/890/890 829/829/829
f 830/830/830 891/891/891 828/828/828
f 831/831/831 892/892/892 830/830/830
f 831/831/831 893/893/893 894/894/894
f 832/832/832 893/893/893 833/833/833
f 834/834/834 895/895/895 832/832/832
f 835/835/835 896/896/896 834/834/834
f 835/835/835 897/897/897 898/898/898
f 836/836/836 899/899/899 897/897/897
f 837/837/837 899/899/899 838/838/838
f 839/839/839 900/900/900 837/837/837
f 840/840/840 901/901/901 839/839/839
f 840/840/840 902/902/902 903/903/903
f 842/842/842 904/904/904 902/902/902
f 844/844/844 904/904/904 841/841/841
f 843/843/843 905/905/905 844/844/844
f 845/845/845 906/906/906 843/843/843
f 846/846/846 907/907/907 845/845/845
f 847/847/847 908/908/908 846/846/846
f 847/847/847 909/909/909 910/910/910
f 849/849/849 909/909/909 848/848/848
f 849/849/849 911/911/911 912/912/912
f 851/851/851 913/913/913 911/911/911
f 850/850/850 914/914/914 913/913/913
f 854/854/854 914/914/914 852/852/852
f 854/854/854 915/915/915 916/916/916
f 855/855/855 915/915/915 853/853/853
f 855/855/855 917/917/917 918/918/918
f 857/857/857 919/919/919 917/917/917
f 856/856/856 920/920/920 919/919/919
f 858/858/858 921/921/921 920/920/920
f 859/859/859 921/921/921 860/860/860
f 861/861/861 922/922/922 859/859/859
f 862/862/862 923/923/923 861/861/861
f 864/864/864 924/924/924 862/862/862
f 864/864/864 925/925/925 926/926/926
f 866/866/866 925/925/925 863/863/863
f 866/866/866 927/927/927 928/928/928
f 867/867/867 927/927/927 865/865/865
f 867/867/867 929/929/929 930/930/930
f 868/868/868 931/931/931 929/929/929
f 870/870/870 931/931/931 869/869/869
f 871/871/871 932/932/932 870/870/870
f 872/872/872 933/933/933 871/871/871
f 873/873/873 934/934/934 872/872/872
f 873/873/873 935/935/935 936/936/936
f 874/874/874 937/937/937 935/935/935
f 876/876/876 937/937/937 875/875/875
f 876/876/876 938/938/938 939/939/939
f 877/877/877 940/940/940 938/938/938
f 941/941/941 940/940/940 878/878/878
f 879/879/879 942/942/942 943/943/943
f 881/881/881 944/944/944 942/942/942
f 882/882/882 944/944/944 880/880/880
f 883/883/883 945/945/945 882/882/882
f 883/883/883 946/946/946 947/947/947
f 886/886/886 946/946/946 884/884/884
f 885/885/885 948/948/948 886/886/886
f 887/887/887 949/949/949 885/885/885
f 887/887/887 950/950/950 951/951/951
f 889/889/889 950/950/950 888/888/888
f 890/890/890 952/952/952 889/889/889
f 891/891/891 953/953/953 890/890/890
f 892/892/892 954/954/954 891/891/891
f 894/894/894 955/955/955 892/892/892
f 893/893/893 956/956/956 894/894/894
f 895/895/895 957/957/957 893/893/893
f 895/895/895 958/958/958 959/959/959
f 896/896/896 960/960/960 958/958/958
f 897/897/897 960/960/960 898/898/898
f 899/899/899 961/961/961 897/897/897
f 900/900/900 962/962/962 899/899/899
f 900/900/900 963/963/963 964/964/964
f 901/901/901 965/965/965 963/963/963
f 903/903/903 966/966/966 965/965/965
f 902/902/902 967/967/967 966/966/966
f 905/905/905 967/967/967 904/904/904
f 906/906/906 968/968/968 905/905/905
f 907/907/907 969/969/969 906/906/906
f 907/907/907 970/970/970 971/971/971
f 908/908/908 972/972/972 970/970/970
f 910/910/910 973/973/973 972/972/972
f 912/912/912 973/973/973 909/909/909
f 911/911/911 974/974/974 912/912/912
f 913/913/913 975/975/975 911/911/911
f 913/913/913 976/976/976 977/977/977
f 914/914/914 978/978/978 976/976/976
f 916/916/916 979/979/979 978/978/978
f 915/915/915 980/980/980 979/979/979
f 918/918/918 981/981/981 980/980/980
f 919/919/919 981/981/981 917/917/917
f 920/920/920 982/982/982 919/919/919
f 920/920/920 983/983/983 984/984/984
f 921/921/921 985/985/985 983/983/983
f 922/922/922 986/986/986 985/985/985
f 923/923/923 987/987/987 986/986/986
f 924/924/924 988/988/988 987/987/987
f 926/926/926 989/989/989 988/988/988
f 928/928/928 989/989/989 925/925/925
f 928/928/928 990/990/990 991/991/991
f 927/927/927 992/992/992 990/990/990
f 929/929/929 992/992/992 930/930/930
f 929/929/929 993/993/993 994/994/994
f 932/932/932 993/993/993 931/931/931
f 933/933/933 995/995/995 932/932/932
f 933/933/933 996/996/996 997/997/997
f 934/934/934 998/998/998 996/996/996
f 936/936/936 999/999/999 998/998/998
f 935/935/935 1000/1000/1000 999/999/999
f 939/939/939 1000/1000/1000 937/937/937
f 939/939/939 1001/1001/1001 1002/1002/1002
f 938/938/938 1003/1003/1003 1001/1001/1001
f 940/940/940 1004/1004/1004 1003/1003/1003
f 942/942/942 1005/1005/1005 943/943/943
f 942/942/942 1006/1006/1006 1007/1007/1007
f 944/944/944 1008/1008/1008 1006/1006/1006
f 945/945/945 1009/1009/1009 1008/1008/1008
f 946/946/946 1009/1009/1009 947/947/947
f 948/948/948 1010/1010/1010 946/946/946
f 948/948/948 1011/1011/1011 1012/1012/1012
f 949/949/949 1013/1013/1013 1011/1011/1011
f 950/950/950 1013/1013/1013 951/951/951
f 950/950/950 1014/1014/1014 1015/1015/1015
f 952/952/952 1016/1016/1016 1014/1014/1014
f 954/954/954 1016/1016/1016 953/953/953
f 955/955/955 1017/1017/1017 954/954/954
f 955/955/955 1018/1018/1018 1019/1019/1019
f 957/957/957 1018/1018/1018 956/956/956
f 957/957/957 1020/1020/1020 1021/1021/1021
f 959/959/959 1022/1022/1022 1020/1020/1020
f 960/960/960 1022/1022/1022 958/958/958
f 960/960/960 1023/1023/1023 1024/1024/1024
f 961/961/961 1025/1025/1025 1023/1023/1023
f 964/964/964 1025/1025/1025 962/962/962
f 964/964/964 1026/1026/1026 1027/1027/1027
f 963/963/963 1028/1028/1028 1026/1026/1026
f 965/965/965 1029/1029/1029 1028/1028/1028
f 966/966/966 1030/1030/1030 1029/1029/1029
f 968/968/968 1030/1030/1030 967/967/967
f 969/969/969 1031/1031/1031 968/968/968
f 969/969/969 1032/1032/1032 1033/1033/1033
f 970/970/970 1032/1032/1032 971/971/971
f 972/972/972 1034/1034/1034 970/970/970
f 972/972/972 1035/1035/1035 1036/1036/1036
f 974/974/974 1035/1035/1035 973/973/973
f 975/975/975 1037/1037/1037 974/974/974
f 975/975/975 1038/1038/1038 1039/1039/1039
f 976/976/976 1038/1038/1038 977/977/977
f 978/978/978 1040/1040/1040 976/976/976
f 979/979/979 1041/1041/1041 978/978/978
f 980/980/980 1042/1042/1042 979/979/979
f 981/981/981 1043/1043/1043 980/980/980
f 981/981/981 1044/1044/1044 1045/1045/1045
f 984/984/984 1044/1044/1044 982/982/982
f 984/984/984 1046/1046/1046 1047/1047/1047
f 985/985/985 1046/1046/1046 983/983/983
f 986/986/986 1048/1048/1048 985/985/985
f 987/987/987 1049/1049/1049 986/986/986
f 987/987/987 1050/1050/1050 1051/1051/1051
f 989/989/989 1050/1050/1050 988/988/988
f 991/991/991 1052/1052/1052 989/989/989
f 990/990/990 1053/1053/1053 991/991/991
f 992/992/992 1054/1054/1054 990/990/990
f 994/994/994 1055/1055/1055 992/992/992
f 993/993/993 1056/1056/1056 994/994/994
f 995/995/995 1057/1057/1057 993/993/993
f 995/995/995 1058/1058/1058 1059/1059/1059
f 997/997/997 1060/1060/1060 1058/1058/1058
f 998/998/998 1060/1060/1060 996/996/996
f 999/999/999 1061/1061/1061 998/998/998
f 999/999/999 1062/1062/1062 1063/1063/1063
f 1002/1002/1002 1062/1062/1062 1000/1000/1000
f 1002/1002/1002 1064/1064/1064 1065/1065/1065
f 1001/1001/1001 1066/1066/1066 1064/1064/1064
f 1004/1004/1004 1066/1066/1066 1003/1003/1003
f 1005/1005/1005 1067/1067/1067 1068/1068/1068
f 1007/1007/1007 1069/1069/1069 1067/1067/1067
f 1008/1008/1008 1069/1069/1069 1006/1006/1006
f 1009/1009/1009 1070/1070/1070 1008/1008/1008
f 1010/1010/1010 1071/1071/1071 1009/1009/1009
f 1010/1010/1010 1072/1072/1072 1073/1073/1073
f 1012/1012/1012 1074/1074/1074 1072/1072/1072
f 1011/1011/1011 1075/1075/1075 1074/1074/1074
f 1015/1015/1015 1075/1075/1075 1013/1013/1013
f 1015/1015/1015 1076/1076/1076 1077/1077/1077
f 1014/1014/1014 1078/1078/1078 1076/1076/1076
f 1016/1016/1016 1079/1079/1079 1078/1078/1078
f 1017/1017/1017 1080/1080/1080 1079/1079/1079
f 1018/1018/1018 1080/1080/1080 1019/1019/1019
f 1021/1021/1021 1081/1081/1081 1018/1018/1018
f 1021/1021/1021 1082/1082/1082 1083/1083/1083
f 1020/1020/1020 1084/1084/1084 1082/1082/1082
f 1022/1022/1022 1085/1085/1085 1084/1084/1084
f 1023/1023/1023 1085/1085/1085 1024/1024/1024
f 1023/1023/1023 1086/1086/1086 1087/1087/1087
f 1027/1027/1027 1086/1086/1086 1025/1025/1025
f 1026/1026/1026 1088/1088/1088 1027/1027/1027
f 1028/1028/1028 1089/1089/1089 1026/1026/1026
f 1029/1029/1029 1090/1090/1090 1028/1028/1028
f 1030/1030/1030 1091/1091/1091 1029/1029/1029
f 1031/1031/1031 1092/1092/1092 1030/1030/1030
f 1031/1031/1031 1093/1093/1093 1094/1094/1094
f 1033/1033/1033 1095/1095/1095 1093/1093/1093
f 1034/1034/1034 1095/1095/1095 1032/1032/1032
f 1036/1036/1036 1096/1096/1096 1034/1034/1034
f 1036/1036/1036 1097/1097/1097 1098/1098/1098
f 1037/1037/1037 1097/1097/1097 1035/1035/1035
f 1037/1037/1037 1099/1099/1099 1100/1100/1100
f 1039/1039/1039 1101/1101/1101 1099/1099/1099
f 1040/1040/1040 1101/1101/1101 1038/1038/1038
f 1040/1040/1040 1102/1102/1102 1103/1103/1103
f 1041/1041/1041 1104/1104/1104 1102/1102/1102
f 1042/1042/1042 1105/1105/1105 1104/1104/1104
f 1043/1043/1043 1106/1106/1106 1105/1105/1105
f 1045/1045/1045 1107/1107/1107 1106/1106/1106
f 1047/1047/1047 1107/1107/1107 1044/1044/1044
f 1046/1046/1046 1108/1108/1108 1047/1047/1047
f 1048/1048/1048 1109/1109/1109 1046/1046/1046
f 1048/1048/1048 1110/1110/1110 1111/1111/1111
f 1051/1051/1051 1110/1110/1110 1049/1049/1049
f 1050/1050/1050 1112/1112/1112 1051/1051/1051
f 1052/1052/1052 1113/1113/1113 1050/1050/1050
f 1052/1052/1052 1114/1114/1114 1115/1115/1115
f 1053/1053/1053 1116/1116/1116 1114/1114/1114
f 1054/1054/1054 1117/1117/1117 1116/1116/1116
f 1055/1055/1055 1118/1118/1118 1117/1117/1117
f 1057/1057/1057 1118/1118/1118 1056/1056/1056
f 1057/1057/1057 1119/1119/1119 1120/1120/1120
f 1059/1059/1059 1121/1121/1121 1119/1119/1119
f 1060/1060/1060 1121/1121/1121 1058/1058/1058
f 1061/1061/1061 1122/1122/1122 1060/1060/1060
f 1061/1061/1061 1123/1123/1123 1124/1124/1124
f 1063/1063/1063 1125/1125/1125 1123/1123/1123
f 1065/1065/1065 1125/1125/1125 1062/1062/1062
f 1065/1065/1065 1126/1126/1126 1127/1127/1127
f 1066/1066/1066 1126/1126/1126 1064/1064/1064
f 1128/1128/1128 1129/1129/1129 1066/1066/1066
f 1067/1067/1067 1130/1130/1130 1068/1068/1068
f 1069/1069/1069 1131/1131/1131 1067/1067/1067
f 1069/1069/1069 1132/1132/1132 1133/1133/1133
f 1071/1071/1071 1132/1132/1132 1070/1070/1070
f 1073/1073/1073 1134/1134/1134 1071/1071/1071
f 1072/1072/1072 1135/1135/1135 1073/1073/1073
f 1074/1074/1074 1136/1136/1136 1072/1072/1072
f 1075/1075/1075 1137/1137/1137 1074/1074/1074
f 1077/1077/1077 1138/1138/1138 1075/1075/1075
f 1077/1077/1077 1139/1139/1139 1140/1140/1140
f 1078/1078/1078 1139/1139/1139 1076/1076/1076
f 1079/1079/1079 1141/1141/1141 1078/1078/1078
f 1080/1080/1080 1142/1142/1142 1079/1079/1079
f 1080/1080/1080 1143/1143/1143 1144/1144/1144
f 1081/1081/1081 1145/1145/1145 1143/1143/1143
f 1083/1083/1083 1146/1146/1146 1145/1145/1145
f 1082/1082/1082 1147/1147/1147 1146/1146/1146
f 1085/1085/1085 1147/1147/1147 1084/1084/1084
f 1087/1087/1087 1148/1148/1148 1085/1085/1085
f 1086/1086/1086 1149/1149/1149 1087/1087/1087
f 1088/1088/1088 1150/1150/1150 1086/1086/1086
f 1089/1089/1089 1151/1151/1151 1088/1088/1088
f 1089/1089/1089 1152/1152/1152 1153/1153/1153
f 1090/1090/1090 1154/1154/1154 1152/1152/1152
f 1091/1091/1091 1155/1155/1155 1154/1154/1154
f 1094/1094/1094 1155/1155/1155 1092/1092/1092
f 1093/1093/1093 1156/1156/1156 1094/1094/1094
f 1093/1093/1093 1157/1157/1157 1158/1158/1158
f 1095/1095/1095 1159/1159/1159 1157/1157/1157
f 1098/1098/1098 1159/1159/1159 1096/1096/1096
f 1098/1098/1098 1160/1160/1160 1161/1161/1161
f 1097/1097/1097 1162/1162/1162 1160/1160/1160
f 1100/1100/1100 1163/1163/1163 1162/1162/1162
f 1101/1101/1101 1163/1163/1163 1099/1099/1099
f 1101/1101/1101 1164/1164/1164 1165/1165/1165
f 1102/1102/1102 1164/1164/1164 1103/1103/1103
f 1104/1104/1104 1166/1166/1166 1102/1102/1102
f 1105/1105/1105 1167/1167/1167 1104/1104/1104
f 1106/1106/1106 1168/1168/1168 1105/1105/1105
f 1107/1107/1107 1169/1169/1169 1106/1106/1106
f 1108/1108/1108 1170/1170/1170 1107/1107/1107
f 1109/1109/1109 1171/1171/1171 1108/1108/1108
f 1111/1111/1111 1172/1172/1172 1109/1109/1109
f 1110/1110/1110 1173/1173/1173 1111/1111/1111
f 1110/1110/1110 1174/1174/1174 1175/1175/1175
f 1112/1112/1112 1176/1176/1176 1174/1174/1174
f 1115/1115/1115 1176/1176/1176 1113/1113/1113
f 1115/1115/1115 1177/1177/1177 1178/1178/1178
f 1116/1116/1116 1177/1177/1177 1114/1114/1114
f 1117/1117/1117 1179/1179/1179 1116/1116/1116
f 1117/1117/1117 1180/1180/1180 1181/1181/1181
f 1118/1118/1118 1182/1182/1182 1180/1180/1180
f 1119/1119/1119 1182/1182/1182 1120/1120/1120
f 1121/1121/1121 1183/1183/1183 1119/1119/1119
f 1121/1121/1121 1184/1184/1184 1185/1185/1185
f 1124/1124/1124 1184/1184/1184 1122/1122/1122
f 1123/1123/1123 1186/1186/1186 1124/1124/1124
f 1123/1123/1123 1187/1187/1187 1188/1188/1188
f 1125/1125/1125 1189/1189/1189 1187/1187/1187
f 1127/1127/1127 1190/1190/1190 1189/1189/1189
f 1129/1129/1129 1190/1190/1190 1126/1126/1126
f 1129/1129/1129 1191/1191/1191 1192/1192/1192
f 1131/1131/1131 1193/1193/1193 1130/1130/1130
f 1131/1131/1131 1194/1194/1194 1195/1195/1195
f 1133/1133/1133 1196/1196/1196 1194/1194/1194
f 1132/1132/1132 1197/1197/1197 1196/1196/1196
f 1134/1134/1134 1198/1198/1198 1197/1197/1197
f 1135/1135/1135 1199/1199/1199 1198/1198/1198
f 1137/1137/1137 1199/1199/1199 1136/1136/1136
f 1137/1137/1137 1200/1200/1200 1201/1201/1201
f 1138/1138/1138 1202/1202/1202 1200/1200/1200
f 1139/1139/1139 1202/1202/1202 1140/1140/1140
f 1141/1141/1141 1203/1203/1203 1139/1139/1139
f 1141/1141/1141 1204/1204/1204 1205/1205/1205
f 1144/1144/1144 1204/1204/1204 1142/1142/1142
f 1143/1143/1143 1206/1206/1206 1144/1144/1144
f 1145/1145/1145 1207/1207/1207 1143/1143/1143
f 1146/1146/1146 1208/1208/1208 1145/1145/1145
f 1146/1146/1146 1209/1209/1209 1210/1210/1210
f 1148/1148/1148 1209/1209/1209 1147/1147/1147
f 1148/1148/1148 1211/1211/1211 1212/1212/1212
f 1149/1149/1149 1213/1213/1213 1211/1211/1211
f 1151/1151/1151 1213/1213/1213 1150/1150/1150
f 1151/1151/1151 1214/1214/1214 1215/1215/1215
f 1152/1152/1152 1214/1214/1214 1153/1153/1153
f 1154/1154/1154 1216/1216/1216 1152/1152/1152
f 1154/1154/1154 1217/1217/1217 1218/1218/1218
f 1155/1155/1155 1219/1219/1219 1217/1217/1217
f 1158/1158/1158 1219/1219/1219 1156/1156/1156
f 1158/1158/1158 1220/1220/1220 1221/1221/1221
f 1157/1157/1157 1222/1222/1222 1220/1220/1220
f 1159/1159/1159 1223/1223/1223 1222/1222/1222
f 1161/1161/1161 1224/1224/1224 1223/1223/1223
f 1162/1162/1162 1224/1224/1224 1160/1160/1160
f 1162/1162/1162 1225/1225/1225 1226/1226/1226
f 1165/1165/1165 1225/1225/1225 1163/1163/1163
f 1165/1165/1165 1227/1227/1227 1228/1228/1228
f 1166/1166/1166 1227/1227/1227 1164/1164/1164
f 1167/1167/1167 1229/1229/1229 1166/1166/1166
f 1168/1168/1168 1230/1230/1230 1167/1167/1167
f 1169/1169/1169 1231/1231/1231 1168/1168/1168
f 1169/1169/1169 1232/1232/1232 1233/1233/1233
f 1171/1171/1171 1232/1232/1232 1170/1170/1170
f 1171/1171/1171 1234/1234/1234 1235/1235/1235
f 1172/1172/1172 1236/1236/1236 1234/1234/1234
f 1175/1175/1175 1236/1236/1236 1173/1173/1173
f 1174/1174/1174 1237/1237/1237 1175/1175/1175
f 1174/1174/1174 1238/1238/1238 1239/1239/1239
f 1176/1176/1176 1240/1240/1240 1238/1238/1238
f 1177/1177/1177 1240/1240/1240 1178/1178/1178
f 1179/1179/1179 1241/1241/1241 1177/1177/1177
f 1179/1179/1179 1242/1242/1242 1243/1243/1243
f 1180/1180/1180 1242/1242/1242 1181/1181/1181
f 1182/1182/1182 1244/1244/1244 1180/1180/1180
f 1182/1182/1182 1245/1245/1245 1246/1246/1246
f 1185/1185/1185 1245/1245/1245 1183/1183/1183
f 1185/1185/1185 1247/1247/1247 1248/1248/1248
f 1186/1186/1186 1247/1247/1247 1184/1184/1184
f 1186/1186/1186 1249/1249/1249 1250/1250/1250
f 1187/1187/1187 1249/1249/1249 1188/1188/1188
f 1189/1189/1189 1251/1251/1251 1187/1187/1187
f 1189/1189/1189 1252/1252/1252 1253/1253/1253
f 1190/1190/1190 1254/1254/1254 1252/1252/1252
f 1191/1191/1191 1254/1254/1254 1192/1192/1192
f 1193/1193/1193 1255/1255/1255 1256/1256/1256
f 1194/1194/1194 1255/1255/1255 1195/1195/1195
f 1196/1196/1196 1257/1257/1257 1194/1194/1194
f 1197/1197/1197 1258/1258/1258 1196/1196/1196
f 1198/1198/1198 1259/1259/1259 1197/1197/1197
f 1199/1199/1199 1260/1260/1260 1198/1198/1198
f 1199/1199/1199 1261/1261/1261 1262/1262/1262
f 1201/1201/1201 1263/1263/1263 1261/1261/1261
f 1202/1202/1202 1263/1263/1263 1200/1200/1200
f 1203/1203/1203 1264/1264/1264 1202/1202/1202
f 1203/1203/1203 1265/1265/1265 1266/1266/1266
f 1204/1204/1204 1265/1265/1265 1205/1205/1205
f 1204/1204/1204 1267/1267/1267 1268/1268/1268
f 1206/1206/1206 1269/1269/1269 1267/1267/1267
f 1207/1207/1207 1270/1270/1270 1269/1269/1269
f 1210/1210/1210 1270/1270/1270 1208/1208/1208
f 1209/1209/1209 1271/1271/1271 1210/1210/1210
f 1212/1212/1212 1272/1272/1272 1209/1209/1209
f 1211/1211/1211 1273/1273/1273 1212/1212/1212
f 1213/1213/1213 1274/1274/1274 1211/1211/1211
f 1215/1215/1215 1275/1275/1275 1213/1213/1213
f 1214/1214/1214 1276/1276/1276 1215/1215/1215
f 1216/1216/1216 1277/1277/1277 1214/1214/1214
f 1218/1218/1218 1278/1278/1278 1216/1216/1216
f 1218/1218/1218 1279/1279/1279 1280/1280/1280
f 1219/1219/1219 1279/1279/1279 1217/1217/1217
f 1221/1221/1221 1281/1281/1281 1219/1219/1219
f 1220/1220/1220 1282/1282/1282 1221/1221/1221
f 1222/1222/1222 1283/1283/1283 1220/1220/1220
f 1223/1223/1223 1284/1284/1284 1222/1222/1222
f 1224/1224/1224 1285/1285/1285 1223/1223/1223
f 1226/1226/1226 1286/1286/1286 1224/1224/1224
f 1226/1226/1226 1287/1287/1287 1288/1288/1288
f 1225/1225/1225 1289/1289/1289 1287/1287/1287
f 1228/1228/1228 1290/1290/1290 1289/1289/1289
f 1227/1227/1227 1291/1291/1291 1290/1290/1290
f 1229/1229/1229 1292/1292/1292 1291/1291/1291
f 1230/1230/1230 1293/1293/1293 1292/1292/1292
f 1233/1233/1233 1293/1293/1293 1231/1231/1231
f 1233/1233/1233 1294/1294/1294 1295/1295/1295
f 1235/1235/1235 1294/1294/1294 1232/1232/1232
f 1234/1234/1234 1296/1296/1296 1235/1235/1235
f 1236/1236/1236 1297/1297/1297 1234/1234/1234
f 1236/1236/1236 1298/1298/1298 1299/1299/1299
f 1239/1239/1239 1298/1298/1298 1237/1237/1237
f 1238/1238/1238 1300/1300/1300 1239/1239/1239
f 1238/1238/1238 1301/1301/1301 1302/1302/1302
f 1240/1240/1240 1303/1303/1303 1301/1301/1301
f 1243/1243/1243 1303/1303/1303 1241/1241/1241
f 1243/1243/1243 1304/1304/1304 1305/1305/1305
f 1242/1242/1242 1306/1306/1306 1304/1304/1304
f 1244/1244/1244 1307/1307/1307 1306/1306/1306
f 1246/1246/1246 1308/1308/1308 1307/1307/1307
f 1245/1245/1245 1309/1309/1309 1308/1308/1308
f 1247/1247/1247 1309/1309/1309 1248/1248/1248
f 1250/1250/1250 1310/1310/1310 1247/1247/1247
f 1250/1250/1250 1311/1311/1311 1312/1312/1312
f 1249/1249/1249 1313/1313/1313 1311/1311/1311
f 1251/1251/1251 1314/1314/1314 1313/1313/1313
f 1253/1253/1253 1315/1315/1315 1314/1314/1314
f 1254/1254/1254 1315/1315/1315 1252/1252/1252
f 1254/1254/1254 1316/1316/1316 1317/1317/1317
f 1256/1256/1256 1318/1318/1318 1319/1319/1319
f 1255/1255/1255 1320/1320/1320 1318/1318/1318
f 1257/1257/1257 1321/1321/1321 1320/1320/1320
f 1258/1258/1258 1322/1322/1322 1321/1321/1321
f 1259/1259/1259 1323/1323/1323 1322/1322/1322
f 1260/1260/1260 1324/1324/1324 1323/1323/1323
f 1261/1261/1261 1324/1324/1324 1262/1262/1262
f 1263/1263/1263 1325/1325/1325 1261/1261/1261
f 1263/1263/1263 1326/1326/1326 1327/1327/1327
f 1264/1264/1264 1328/1328/1328 1326/1326/1326
f 1266/1266/1266 1329/1329/1329 1328/1328/1328
f 1268/1268/1268 1329/1329/1329 1265/1265/1265
f 1268/1268/1268 1330/1330/1330 1331/1331/1331
f 1269/1269/1269 1330/1330/1330 1267/1267/1267
f 1270/1270/1270 1332/1332/1332 1269/1269/1269
f 1270/1270/1270 1333/1333/1333 1334/1334/1334
f 1271/1271/1271 1335/1335/1335 1333/1333/1333
f 1272/1272/1272 1336/1336/1336 1335/1335/1335
f 1273/1273/1273 1337/1337/1337 1336/1336/1336
f 1274/1274/1274 1338/1338/1338 1337/1337/1337
f 1275/1275/1275 1339/1339/1339 1338/1338/1338
f 1277/1277/1277 1339/1339/1339 1276/1276/1276
f 1277/1277/1277 1340/1340/1340 1341/1341/1341
f 1280/1280/1280 1340/1340/1340 1278/1278/1278
f 1280/1280/1280 1342/1342/1342 1343/1343/1343
f 1281/1281/1281 1342/1342/1342 1279/1279/1279
f 1281/1281/1281 1344/1344/1344 1345/1345/1345
f 1282/1282/1282 1346/1346/1346 1344/1344/1344
f 1283/1283/1283 1347/1347/1347 1346/1346/1346
f 1285/1285/1285 1347/1347/1347 1284/1284/1284
f 1286/1286/1286 1348/1348/1348 1285/1285/1285
f 1286/1286/1286 1349/1349/1349 1350/1350/1350
f 1288/1288/1288 1351/1351/1351 1349/1349/1349
f 1289/1289/1289 1351/1351/1351 1287/1287/1287
f 1290/1290/1290 1352/1352/1352 1289/1289/1289
f 1290/1290/1290 1353/1353/1353 1354/1354/1354
f 1291/1291/1291 1355/1355/1355 1353/1353/1353
f 1292/1292/1292 1356/1356/1356 1355/1355/1355
f 1293/1293/1293 1357/1357/1357 1356/1356/1356
f 1295/1295/1295 1358/1358/1358 1357/1357/1357
f 1294/1294/1294 1359/1359/1359 1358/1358/1358
f 1297/1297/1297 1359/1359/1359 1296/1296/1296
f 1299/1299/1299 1360/1360/1360 1297/1297/1297
f 1299/1299/1299 1361/1361/1361 1362/1362/1362
f 1298/1298/1298 1363/1363/1363 1361/1361/1361
f 1300/1300/1300 1364/1364/1364 1363/1363/1363
f 1301/1301/1301 1364/1364/1364 1302/1302/1302
f 1301/1301/1301 1365/1365/1365 1366/1366/1366
f 1303/1303/1303 1367/1367/1367 1365/1365/1365
f 1304/1304/1304 1367/1367/1367 1305/1305/1305
f 1304/1304/1304 1368/1368/1368 1369/1369/1369
f 1307/1307/1307 1368/1368/1368 1306/1306/1306
f 1308/1308/1308 1370/1370/1370 1307/1307/1307
f 1308/1308/1308 1371/1371/1371 1372/1372/1372
f 1309/1309/1309 1373/1373/1373 1371/1371/1371
f 1312/1312/1312 1373/1373/1373 1310/1310/1310
f 1311/1311/1311 1374/1374/1374 1312/1312/1312
f 1313/1313/1313 1375/1375/1375 1311/1311/1311
f 1314/1314/1314 1376/1376/1376 1313/1313/1313
f 1314/1314/1314 1377/1377/1377 1378/1378/1378
f 1315/1315/1315 1379/1379/1379 1377/1377/1377
f 1316/1316/1316 1379/1379/1379 1317/1317/1317
f 1318/1318/1318 1380/1380/1380 1319/1319/1319
f 1318/1318/1318 1381/1381/1381 1382/1382/1382
f 1320/1320/1320 1383/1383/1383 1381/1381/1381
f 1322/1322/1322 1383/1383/1383 1321/1321/1321
f 1323/1323/1323 1384/1384/1384 1322/1322/1322
f 1323/1323/1323 1385/1385/1385 1386/1386/1386
f 1324/1324/1324 1387/1387/1387 1385/1385/1385
f 1325/1325/1325 1388/1388/1388 1387/1387/1387
f 1326/1326/1326 1388/1388/1388 1327/1327/1327
f 1328/1328/1328 1389/1389/1389 1326/1326/1326
f 1329/1329/1329 1390/1390/1390 1328/1328/1328
f 1329/1329/1329 1391/1391/1391 1392/1392/1392
f 1331/1331/1331 1393/1393/1393 1391/1391/1391
f 1330/1330/1330 1394/1394/1394 1393/1393/1393
f 1332/1332/1332 1395/1395/1395 1394/1394/1394
f 1334/1334/1334 1396/1396/1396 1395/1395/1395
f 1335/1335/1335 1396/1396/1396 1333/1333/1333
f 1336/1336/1336 1397/1397/1397 1335/1335/1335
f 1336/1336/1336 1398/1398/1398 1399/1399/1399
f 1337/1337/1337 1400/1400/1400 1398/1398/1398
f 1339/1339/1339 1400/1400/1400 1338/1338/1338
f 1341/1341/1341 1401/1401/1401 1339/1339/1339
f 1341/1341/1341 1402/1402/1402 1403/1403/1403
f 1343/1343/1343 1402/1402/1402 1340/1340/1340
f 1343/1343/1343 1404/1404/1404 1405/1405/1405
f 1345/1345/1345 1404/1404/1404 1342/1342/1342
f 1344/1344/1344 1406/1406/1406 1345/1345/1345
f 1344/1344/1344 1407/1407/1407 1408/1408/1408
f 1347/1347/1347 1407/1407/1407 1346/1346/1346
f 1348/1348/1348 1409/1409/1409 1347/1347/1347
f 1348/1348/1348 1410/1410/1410 1411/1411/1411
f 1349/1349/1349 1410/1410/1410 1350/1350/1350
f 1351/1351/1351 1412/1412/1412 1349/1349/1349
f 1352/1352/1352 1413/1413/1413 1351/1351/1351
f 1354/1354/1354 1414/1414/1414 1352/1352/1352
f 1354/1354/1354 1415/1415/1415 1416/1416/1416
f 1355/1355/1355 1415/1415/1415 1353/1353/1353
f 1356/1356/1356 1417/1417/1417 1355/1355/1355
f 1357/1357/1357 1418/1418/1418 1356/1356/1356
f 1358/1358/1358 1419/1419/1419 1357/1357/1357
f 1359/1359/1359 1420/1420/1420 1358/1358/1358
f 1360/1360/1360 1421/1421/1421 1359/1359/1359
f 1360/1360/1360 1422/1422/1422 1423/1423/1423
f 1361/1361/1361 1422/1422/1422 1362/1362/1362
f 1361/1361/1361 1424/1424/1424 1425/1425/1425
f 1363/1363/1363 1426/1426/1426 1424/1424/1424
f 1366/1366/1366 1426/1426/1426 1364/1364/1364
f 1366/1366/1366 1427/1427/1427 1428/1428/1428
f 1367/1367/1367 1427/1427/1427 1365/1365/1365
f 1369/1369/1369 1429/1429/1429 1367/1367/1367
f 1369/1369/1369 1430/1430/1430 1431/1431/1431
f 1368/1368/1368 1432/1432/1432 1430/1430/1430
f 1372/1372/1372 1432/1432/1432 1370/1370/1370
f 1372/1372/1372 1433/1433/1433 1434/1434/1434
f 1371/1371/1371 1435/1435/1435 1433/1433/1433
f 1373/1373/1373 1436/1436/1436 1435/1435/1435
f 1374/1374/1374 1437/1437/1437 1436/1436/1436
f 1376/1376/1376 1437/1437/1437 1375/1375/1375
f 1378/1378/1378 1438/1438/1438 1376/1376/1376
f 1377/1377/1377 1439/1439/1439 1378/1378/1378
f 1379/1379/1379 1440/1440/1440 1377/1377/1377
f 1441/1441/1441 1442/1442/1442 1379/1379/1379
f 1382/1382/1382 1443/1443/1443 1380/1380/1380
f 1381/1381/1381 1444/1444/1444 1382/1382/1382
f 1383/1383/1383 1445/1445/1445 1381/1381/1381
f 1383/1383/1383 1446/1446/1446 1447/1447/1447
f 1384/1384/1384 1448/1448/1448 1446/1446/1446
f 1385/1385/1385 1448/1448/1448 1386/1386/1386
f 1387/1387/1387 1449/1449/1449 1385/1385/1385
f 1388/1388/1388 1450/1450/1450 1387/1387/1387
f 1389/1389/1389 1451/1451/1451 1388/1388/1388
f 1389/1389/1389 1452/1452/1452 1453/1453/1453
f 1392/1392/1392 1452/1452/1452 1390/1390/1390
f 1391/1391/1391 1454/1454/1454 1392/1392/1392
f 1393/1393/1393 1455/1455/1455 1391/1391/1391
f 1394/1394/1394 1456/1456/1456 1393/1393/1393
f 1395/1395/1395 1457/1457/1457 1394/1394/1394
f 1396/1396/1396 1458/1458/1458 1395/1395/1395
f 1397/1397/1397 1459/1459/1459 1396/1396/1396
f 1397/1397/1397 1460/1460/1460 1461/1461/1461
f 1398/1398/1398 1460/1460/1460 1399/1399/1399
f 1400/1400/1400 1462/1462/1462 1398/1398/1398
f 1400/1400/1400 1463/1463/1463 1464/1464/1464
f 1403/1403/1403 1463/1463/1463 1401/1401/1401
f 1403/1403/1403 1465/1465/1465 1466/1466/1466
f 1402/1402/1402 1467/1467/1467 1465/1465/1465
f 1404/1404/1404 1467/1467/1467 1405/1405/1405
f 1406/1406/1406 1468/1468/1468 1404/1404/1404
f 1408/1408/1408 1469/1469/1469 1406/1406/1406
f 1407/1407/1407 1470/1470/1470 1408/1408/1408
f 1407/1407/1407 1471/1471/1471 1472/1472/1472
f 1409/1409/1409 1473/1473/1473 1471/1471/1471
f 1410/1410/1410 1473/1473/1473 1411/1411/1411
f 1410/1410/1410 1474/1474/1474 1475/1475/1475
f 1412/1412/1412 1476/1476/1476 1474/1474/1474
f 1414/1414/1414 1476/1476/1476 1413/1413/1413
f 1414/1414/1414 1477/1477/1477 1478/1478/1478
f 1416/1416/1416 1479/1479/1479 1477/1477/1477
f 1415/1415/1415 1480/1480/1480 1479/1479/1479
f 1418/1418/1418 1480/1480/1480 1417/1417/1417
f 1419/1419/1419 1481/1481/1481 1418/1418/1418
f 1419/1419/1419 1482/1482/1482 1483/1483/1483
f 1421/1421/1421 1482/1482/1482 1420/1420/1420
f 1423/1423/1423 1484/1484/1484 1421/1421/1421
f 1423/1423/1423 1485/1485/1485 1486/1486/1486
f 1425/1425/1425 1485/1485/1485 1422/1422/1422
f 1424/1424/1424 1487/1487/1487 1425/1425/1425
f 1424/1424/1424 1488/1488/1488 1489/1489/1489
f 1426/1426/1426 1490/1490/1490 1488/1488/1488
f 1427/1427/1427 1490/1490/1490 1428/1428/1428
f 1429/1429/1429 1491/1491/1491 1427/1427/1427
f 1431/1431/1431 1492/1492/1492 1429/1429/1429
f 1430/1430/1430 1493/1493/1493 1431/1431/1431
f 1430/1430/1430 1494/1494/1494 1495/1495/1495
f 1432/1432/1432 1496/1496/1496 1494/1494/1494
f 1433/1433/1433 1496/1496/1496 1434/1434/1434
f 1435/1435/1435 1497/1497/1497 1433/1433/1433
f 1436/1436/1436 1498/1498/1498 1435/1435/1435
f 1436/1436/1436 1499/1499/1499 1500/1500/1500
f 1437/1437/1437 1501/1501/1501 1499/1499/1499
f 1438/1438/1438 1502/1502/1502 1501/1501/1501
f 1439/1439/1439 1503/1503/1503 1502/1502/1502
f 1440/1440/1440 1504/1504/1504 1503/1503/1503
f 1442/1442/1442 1505/1505/1505 1504/1504/1504
f 1443/1443/1443 1506/1506/1506 1507/1507/1507
f 1444/1444/1444 1508/1508/1508 1506/1506/1506
f 1445/1445/1445 1509/1509/1509 1508/1508/1508
f 1447/1447/1447 1510/1510/1510 1509/1509/1509
f 1448/1448/1448 1510/1510/1510 1446/1446/1446
f 1449/1449/1449 1511/1511/1511 1448/1448/1448
f 1449/1449/1449 1512/1512/1512 1513/1513/1513
f 1450/1450/1450 1514/1514/1514 1512/1512/1512
f 1451/1451/1451 1515/1515/1515 1514/1514/1514
f 1453/1453/1453 1516/1516/1516 1515/1515/1515
f 1452/1452/1452 1517/1517/1517 1516/1516/1516
f 1454/1454/1454 1518/1518/1518 1517/1517/1517
f 1455/1455/1455 1519/1519/1519 1518/1518/1518
f 1456/1456/1456 1520/1520/1520 1519/1519/1519
f 1457/1457/1457 1521/1521/1521 1520/1520/1520
f 1458/1458/1458 1522/1522/1522 1521/1521/1521
f 1461/1461/1461 1522/1522/1522 1459/1459/1459
f 1461/1461/1461 1523/1523/1523 1524/1524/1524
f 1462/1462/1462 1523/1523/1523 1460/1460/1460
f 1464/1464/1464 1525/1525/1525 1462/1462/1462
f 1463/1463/1463 1526/1526/1526 1464/1464/1464
f 1463/1463/1463 1527/1527/1527 1528/1528/1528
f 1466/1466/1466 1529/1529/1529 1527/1527/1527
f 1465/1465/1465 1530/1530/1530 1529/1529/1529
f 1468/1468/1468 1530/1530/1530 1467/1467/1467
f 1468/1468/1468 1531/1531/1531 1532/1532/1532
f 1470/1470/1470 1531/1531/1531 1469/1469/1469
f 1472/1472/1472 1533/1533/1533 1470/1470/1470
f 1472/1472/1472 1534/1534/1534 1535/1535/1535
f 1473/1473/1473 1534/1534/1534 1471/1471/1471
f 1475/1475/1475 1536/1536/1536 1473/1473/1473
f 1474/1474/1474 1537/1537/1537 1475/1475/1475
f 1474/1474/1474 1538/1538/1538 1539/1539/1539
f 1478/1478/1478 1538/1538/1538 1476/1476/1476
f 1477/1477/1477 1540/1540/1540 1478/1478/1478
f 1479/1479/1479 1541/1541/1541 1477/1477/1477
f 1480/1480/1480 1542/1542/1542 1479/1479/1479
f 1481/1481/1481 1543/1543/1543 1480/1480/1480
f 1483/1483/1483 1544/1544/1544 1481/1481/1481
f 1483/1483/1483 1545/1545/1545 1546/1546/1546
f 1482/1482/1482 1547/1547/1547 1545/1545/1545
f 1484/1484/1484 1548/1548/1548 1547/1547/1547
f 1486/1486/1486 1549/1549/1549 1548/1548/1548
f 1487/1487/1487 1549/1549/1549 1485/1485/1485
f 1489/1489/1489 1550/1550/1550 1487/1487/1487
f 1488/1488/1488 1551/1551/1551 1489/1489/1489
f 1490/1490/1490 1552/1552/1552 1488/1488/1488
f 1490/1490/1490 1553/1553/1553 1554/1554/1554
f 1491/1491/1491 1555/1555/1555 1553/1553/1553
f 1492/1492/1492 1556/1556/1556 1555/1555/1555
f 1495/1495/1495 1556/1556/1556 1493/1493/1493
f 1495/1495/1495 1557/1557/1557 1558/1558/1558
f 1496/1496/1496 1557/1557/1557 1494/1494/1494
f 1497/1497/1497 1559/1559/1559 1496/1496/1496
f 1497/1497/1497 1560/1560/1560 1561/1561/1561
f 1498/1498/1498 1562/1562/1562 1560/1560/1560
f 1500/1500/1500 1563/1563/1563 1562/1562/1562
f 1499/1499/1499 1564/1564/1564 1563/1563/1563
f 1502/1502/1502 1564/1564/1564 1501/1501/1501
f 1503/1503/1503 1565/1565/1565 1502/1502/1502
f 1504/1504/1504 1566/1566/1566 1503/1503/1503
f 1505/1505/1505 1567/1567/1567 1504/1504/1504
f 1506/1506/1506 1568/1568/1568 1507/1507/1507
f 1508/1508/1508 1569/1569/1569 1506/1506/1506
f 1509/1509/1509 1570/1570/1570 1508/1508/1508
f 1510/1510/1510 1571/1571/1571 1509/1509/1509
f 1511/1511/1511 1572/1572/1572 1510/1510/1510
f 1511/1511/1511 1573/1573/1573 1574/1574/1574
f 1513/1513/1513 1575/1575/1575 1573/1573/1573
f 1512/1512/1512 1576/1576/1576 1575/1575/1575
f 1514/1514/1514 1577/1577/1577 1576/1576/1576
f 1515/1515/1515 1578/1578/1578 1577/1577/1577
f 1517/1517/1517 1578/1578/1578 1516/1516/1516
f 1518/1518/1518 1579/1579/1579 1517/1517/1517
f 1519/1519/1519 1580/1580/1580 1518/1518/1518
f 1520/1520/1520 1581/1581/1581 1519/1519/1519
f 1521/1521/1521 1582/1582/1582 1520/1520/1520
f 1521/1521/1521 1583/1583/1583 1584/1584/1584
f 1524/1524/1524 1583/1583/1583 1522/1522/1522
f 1523/1523/1523 1585/1585/1585 1524/1524/1524
f 1523/1523/1523 1586/1586/1586 1587/1587/1587
f 1525/1525/1525 1588/1588/1588 1586/1586/1586
f 1526/1526/1526 1589/1589/1589 1588/1588/1588
f 1528/1528/1528 1590/1590/1590 1589/1589/1589
f 1529/1529/1529 1590/1590/1590 1527/1527/1527
f 1529/1529/1529 1591/1591/1591 1592/1592/1592
f 1532/1532/1532 1591/1591/1591 1530/1530/1530
f 1531/1531/1531 1593/1593/1593 1532/1532/1532
f 1531/1531/1531 1594/1594/1594 1595/1595/1595
f 1535/1535/1535 1594/1594/1594 1533/1533/1533
f 1534/1534/1534 1596/1596/1596 1535/1535/1535
f 1534/1534/1534 1597/1597/1597 1598/1598/1598
f 1536/1536/1536 1599/1599/1599 1597/1597/1597
f 1539/1539/1539 1599/1599/1599 1537/1537/1537
f 1538/1538/1538 1600/1600/1600 1539/1539/1539
f 1538/1538/1538 1601/1601/1601 1602/1602/1602
f 1540/1540/1540 1603/1603/1603 1601/1601/1601
f 1541/1541/1541 1604/1604/1604 1603/1603/1603
f 1542/1542/1542 1605/1605/1605 1604/1604/1604
f 1544/1544/1544 1605/1605/1605 1543/1543/1543
f 1544/1544/1544 1606/1606/1606 1607/1607/1607
f 1546/1546/1546 1608/1608/1608 1606/1606/1606
f 1547/1547/1547 1608/1608/1608 1545/1545/1545
f 1548/1548/1548 1609/1609/1609 1547/1547/1547
f 1549/1549/1549 1610/1610/1610 1548/1548/1548
f 1549/1549/1549 1611/1611/1611 1612/1612/1612
f 1550/1550/1550 1613/1613/1613 1611/1611/1611
f 1552/1552/1552 1613/1613/1613 1551/1551/1551
f 1554/1554/1554 1614/1614/1614 1552/1552/1552
f 1553/1553/1553 1615/1615/1615 1554/1554/1554
f 1555/1555/1555 1616/1616/1616 1553/1553/1553
f 1556/1556/1556 1617/1617/1617 1555/1555/1555
f 1558/1558/1558 1618/1618/1618 1556/1556/1556
f 1557/1557/1557 1619/1619/1619 1558/1558/1558
f 1559/1559/1559 1620/1620/1620 1557/1557/1557
f 1561/1561/1561 1621/1621/1621 1559/1559/1559
f 1560/1560/1560 1622/1622/1622 1561/1561/1561
f 1562/1562/1562 1623/1623/1623 1560/1560/1560
f 1563/1563/1563 1624/1624/1624 1562/1562/1562
f 1564/1564/1564 1625/1625/1625 1563/1563/1563
f 1564/1564/1564 1626/1626/1626 1627/1627/1627
f 1566/1566/1566 1626/1626/1626 1565/1565/1565
f 1566/1566/1566 1628/1628/1628 1629/1629/1629
f 1567/1567/1567 1630/1630/1630 1628/1628/1628
f 1568/1568/1568 1631/1631/1631 1632/1632/1632
f 1570/1570/1570 1631/1631/1631 1569/1569/1569
f 1570/1570/1570 1633/1633/1633 1634/1634/1634
f 1571/1571/1571 1635/1635/1635 1633/1633/1633
f 1572/1572/1572 1636/1636/1636 1635/1635/1635
f 1573/1573/1573 1636/1636/1636 1574/1574/1574
f 1575/1575/1575 1637/1637/1637 1573/1573/1573
f 1576/1576/1576 1638/1638/1638 1575/1575/1575
f 1577/1577/1577 1639/1639/1639 1576/1576/1576
f 1578/1578/1578 1640/1640/1640 1577/1577/1577
f 1578/1578/1578 1641/1641/1641 1642/1642/1642
f 1579/1579/1579 1643/1643/1643 1641/1641/1641
f 1580/1580/1580 1644/1644/1644 1643/1643/1643
f 1582/1582/1582 1644/1644/1644 1581/1581/1581
f 1582/1582/1582 1645/1645/1645 1646/1646/1646
f 1584/1584/1584 1647/1647/1647 1645/1645/1645
f 1583/1583/1583 1648/1648/1648 1647/1647/1647
f 1585/1585/1585 1649/1649/1649 1648/1648/1648
f 1587/1587/1587 1650/1650/1650 1649/1649/1649
f 1588/1588/1588 1650/1650/1650 1586/1586/1586
f 1588/1588/1588 1651/1651/1651 1652/1652/1652
f 1590/1590/1590 1651/1651/1651 1589/1589/1589
f 1590/1590/1590 1653/1653/1653 1654/1654/1654
f 1592/1592/1592 1655/1655/1655 1653/1653/1653
f 1591/1591/1591 1656/1656/1656 1655/1655/1655
f 1593/1593/1593 1657/1657/1657 1656/1656/1656
f 1594/1594/1594 1657/1657/1657 1595/1595/1595
f 1596/1596/1596 1658/1658/1658 1594/1594/1594
f 1598/1598/1598 1659/1659/1659 1596/1596/1596
f 1597/1597/1597 1660/1660/1660 1598/1598/1598
f 1599/1599/1599 1661/1661/1661 1597/1597/1597
f 1599/1599/1599 1662/1662/1662 1663/1663/1663
f 1602/1602/1602 1662/1662/1662 1600/1600/1600
f 1601/1601/1601 1664/1664/1664 1602/1602/1602
f 1603/1603/1603 1665/1665/1665 1601/1601/1601
f 1603/1603/1603 1666/1666/1666 1667/1667/1667
f 1604/1604/1604 1668/1668/1668 1666/1666/1666
f 1607/1607/1607 1668/1668/1668 1605/1605/1605
f 1606/1606/1606 1669/1669/1669 1607/1607/1607
f 1608/1608/1608 1670/1670/1670 1606/1606/1606
f 1608/1608/1608 1671/1671/1671 1672/1672/1672
f 1609/1609/1609 1673/1673/1673 1671/1671/1671
f 1610/1610/1610 1674/1674/1674 1673/1673/1673
f 1611/1611/1611 1674/1674/1674 1612/1612/1612
f 1613/1613/1613 1675/1675/1675 1611/1611/1611
f 1614/1614/1614 1676/1676/1676 1613/1613/1613
f 1614/1614/1614 1677/1677/1677 1678/1678/1678
f 1615/1615/1615 1679/1679/1679 1677/1677/1677
f 1616/1616/1616 1680/1680/1680 1679/1679/1679
f 1617/1617/1617 1681/1681/1681 1680/1680/1680
f 1618/1618/1618 1682/1682/1682 1681/1681/1681
f 1619/1619/1619 1683/1683/1683 1682/1682/1682
f 1620/1620/1620 1684/1684/1684 1683/1683/1683
f 1621/1621/1621 1685/1685/1685 1684/1684/1684
f 1623/1623/1623 1685/1685/1685 1622/1622/1622
f 1624/1624/1624 1686/1686/1686 1623/1623/1623
f 1625/1625/1625 1687/1687/1687 1624/1624/1624
f 1627/1627/1627 1688/1688/1688 1625/1625/1625
f 1626/1626/1626 1689/1689/1689 1627/1627/1627
f 1629/1629/1629 1690/1690/1690 1626/1626/1626
f 1628/1628/1628 1691/1691/1691 1629/1629/1629
f 1630/1630/1630 1692/1692/1692 1628/1628/1628
f 1632/1632/1632 1693/1693/1693 1694/1694/1694
f 1631/1631/1631 1695/1695/1695 1693/1693/1693
f 1633/1633/1633 1695/1695/1695 1634/1634/1634
f 1635/1635/1635 1696/1696/1696 1633/1633/1633
f 1635/1635/1635 1697/1697/1697 1698/1698/1698
f 1637/1637/1637 1697/1697/1697 1636/1636/1636
f 1638/1638/1638 1699/1699/1699 1637/1637/1637
f 1638/1638/1638 1700/1700/1700 1701/1701/1701
f 1640/1640/1640 1700/1700/1700 1639/1639/1639
f 1642/1642/1642 1702/1702/1702 1640/1640/1640
f 1641/1641/1641 1703/1703/1703 1642/1642/1642
f 1643/1643/1643 1704/1704/1704 1641/1641/1641
f 1643/1643/1643 1705/1705/1705 1706/1706/1706
f 1644/1644/1644 1707/1707/1707 1705/1705/1705
f 1645/1645/1645 1707/1707/1707 1646/1646/1646
f 1645/1645/1645 1708/1708/1708 1709/1709/1709
f 1647/1647/1647 1710/1710/1710 1708/1708/1708
f 1648/1648/1648 1711/1711/1711 1710/1710/1710
f 1650/1650/1650 1711/1711/1711 1649/1649/1649
f 1652/1652/1652 1712/1712/1712 1650/1650/1650
f 1652/1652/1652 1713/1713/1713 1714/1714/1714
f 1654/1654/1654 1713/1713/1713 1651/1651/1651
f 1653/1653/1653 1715/1715/1715 1654/1654/1654
f 1653/1653/1653 1716/1716/1716 1717/1717/1717
f 1656/1656/1656 1716/1716/1716 1655/1655/1655
f 1656/1656/1656 1718/1718/1718 1719/1719/1719
f 1657/1657/1657 1720/1720/1720 1718/1718/1718
f 1658/1658/1658 1721/1721/1721 1720/1720/1720
f 1659/1659/1659 1722/1722/1722 1721/1721/1721
f 1661/1661/1661 1722/1722/1722 1660/1660/1660
f 1663/1663/1663 1723/1723/1723 1661/1661/1661
f 1663/1663/1663 1724/1724/1724 1725/1725/1725
f 1664/1664/1664 1724/1724/1724 1662/1662/1662
f 1664/1664/1664 1726/1726/1726 1727/1727/1727
f 1665/1665/1665 1728/1728/1728 1726/1726/1726
f 1666/1666/1666 1728/1728/1728 1667/1667/1667
f 1668/1668/1668 1729/1729/1729 1666/1666/1666
f 1668/1668/1668 1730/1730/1730 1731/1731/1731
f 1669/1669/1669 1732/1732/1732 1730/1730/1730
f 1670/1670/1670 1733/1733/1733 1732/1732/1732
f 1671/1671/1671 1733/1733/1733 1672/1672/1672
f 1673/1673/1673 1734/1734/1734 1671/1671/1671
f 1673/1673/1673 1735/1735/1735 1736/1736/1736
f 1675/1675/1675 1735/1735/1735 1674/1674/1674
f 1676/1676/1676 1737/1737/1737 1675/1675/1675
f 1676/1676/1676 1738/1738/1738 1739/1739/1739
f 1678/1678/1678 1740/1740/1740 1738/1738/1738
f 1677/1677/1677 1741/1741/1741 1740/1740/1740
f 1680/1680/1680 1741/1741/1741 1679/1679/1679
f 1681/1681/1681 1742/1742/1742 1680/1680/1680
f 1682/1682/1682 1743/1743/1743 1681/1681/1681
f 1682/1682/1682 1744/1744/1744 1745/1745/1745
f 1683/1683/1683 1746/1746/1746 1744/1744/1744
f 1684/1684/1684 1747/1747/1747 1746/1746/1746
f 1685/1685/1685 1748/1748/1748 1747/1747/1747
f 1686/1686/1686 1749/1749/1749 1748/1748/1748
f 1688/1688/1688 1749/1749/1749 1687/1687/1687
f 1689/1689/1689 1750/1750/1750 1688/1688/1688
f 1689/1689/1689 1751/1751/1751 1752/1752/1752
f 1690/1690/1690 1753/1753/1753 1751/1751/1751
f 1691/1691/1691 1754/1754/1754 1753/1753/1753
f 1692/1692/1692 1755/1755/1755 1754/1754/1754
f 1693/1693/1693 1756/1756/1756 1694/1694/1694
f 1695/1695/1695 1757/1757/1757 1693/1693/1693
f 1696/1696/1696 1758/1758/1758 1695/1695/1695
f 1698/1698/1698 1759/1759/1759 1696/1696/1696
f 1697/1697/1697 1760/1760/1760 1698/1698/1698
f 1699/1699/1699 1761/1761/1761 1697/1697/1697
f 1701/1701/1701 1762/1762/1762 1699/1699/1699
f 1700/1700/1700 1763/1763/1763 1701/1701/1701
f 1702/1702/1702 1764/1764/1764 1700/1700/1700
f 1702/1702/1702 1765/1765/1765 1766/1766/1766
f 1704/1704/1704 1765/1765/1765 1703/1703/1703
f 1704/1704/1704 1767/1767/1767 1768/1768/1768
f 1705/1705/1705 1767/1767/1767 1706/1706/1706
f 1707/1707/1707 1769/1769/1769 1705/1705/1705
f 1709/1709/1709 1770/1770/1770 1707/1707/1707
f 1708/1708/1708 1771/1771/1771 1709/1709/1709
f 1710/1710/1710 1772/1772/1772 1708/1708/1708
f 1711/1711/1711 1773/1773/1773 1710/1710/1710
f 1711/1711/1711 1774/1774/1774 1775/1775/1775
f 1712/1712/1712 1776/1776/1776 1774/1774/1774
f 1713/1713/1713 1776/1776/1776 1714/1714/1714
f 1713/1713/1713 1777/1777/1777 1778/1778/1778
f 1715/1715/1715 1779/1779/1779 1777/1777/1777
f 1717/1717/1717 1780/1780/1780 1779/1779/1779
f 1719/1719/1719 1780/1780/1780 1716/1716/1716
f 1718/1718/1718 1781/1781/1781 1719/1719/1719
f 1720/1720/1720 1782/1782/1782 1718/1718/1718
f 1720/1720/1720 1783/1783/1783 1784/1784/1784
f 1721/1721/1721 1785/1785/1785 1783/1783/1783
f 1722/1722/1722 1786/1786/1786 1785/1785/1785
f 1723/1723/1723 1787/1787/1787 1786/1786/1786
f 1724/1724/1724 1787/1787/1787 1725/1725/1725
f 1727/1727/1727 1788/1788/1788 1724/1724/1724
f 1727/1727/1727 1789/1789/1789 1790/1790/1790
f 1728/1728/1728 1789/1789/1789 1726/1726/1726
f 1728/1728/1728 1791/1791/1791 1792/1792/1792
f 1729/1729/1729 1793/1793/1793 1791/1791/1791
f 1731/1731/1731 1794/1794/1794 1793/1793/1793
f 1730/1730/1730 1795/1795/1795 1794/1794/1794
f 1732/1732/1732 1796/1796/1796 1795/1795/1795
f 1733/1733/1733 1797/1797/1797 1796/1796/1796
f 1734/1734/1734 1798/1798/1798 1797/1797/1797
f 1735/1735/1735 1798/1798/1798 1736/1736/1736
f 1735/1735/1735 1799/1799/1799 1800/1800/1800
f 1737/1737/1737 1801/1801/1801 1799/1799/1799
f 1739/1739/1739 1802/1802/1802 1801/1801/1801
f 1740/1740/1740 1802/1802/1802 1738/1738/1738
f 1741/1741/1741 1803/1803/1803 1740/1740/1740
f 1742/1742/1742 1804/1804/1804 1741/1741/1741
f 1743/1743/1743 1805/1805/1805 1742/1742/1742
f 1745/1745/1745 1806/1806/1806 1743/1743/1743
f 1744/1744/1744 1807/1807/1807 1745/1745/1745
f 1744/1744/1744 1808/1808/1808 1809/1809/1809
f 1746/1746/1746 1810/1810/1810 1808/1808/1808
f 1748/1748/1748 1810/1810/1810 1747/1747/1747
f 1749/1749/1749 1811/1811/1811 1748/1748/1748
f 1749/1749/1749 1812/1812/1812 1813/1813/1813
f 1750/1750/1750 1814/1814/1814 1812/1812/1812
f 1751/1751/1751 1814/1814/1814 1752/1752/1752
f 1753/1753/1753 1815/1815/1815 1751/1751/1751
f 1754/1754/1754 1816/1816/1816 1753/1753/1753
f 1754/1754/1754 1817/1817/1817 1818/1818/1818
f 1757/1757/1757 1819/1819/1819 1756/1756/1756
f 1757/1757/1757 1820/1820/1820 1821/1821/1821
f 1758/1758/1758 1822/1822/1822 1820/1820/1820
f 1759/1759/1759 1823/1823/1823 1822/1822/1822
f 1760/1760/1760 1824/1824/1824 1823/1823/1823
f 1762/1762/1762 1824/1824/1824 1761/1761/1761
f 1763/1763/1763 1825/1825/1825 1762/1762/1762
f 1763/1763/1763 1826/1826/1826 1827/1827/1827
f 1764/1764/1764 1828/1828/1828 1826/1826/1826
f 1765/1765/1765 1828/1828/1828 1766/1766/1766
f 1765/1765/1765 1829/1829/1829 1830/1830/1830
f 1767/1767/1767 1829/1829/1829 1768/1768/1768
f 1769/1769/1769 1831/1831/1831 1767/1767/1767
f 1770/1770/1770 1832/1832/1832 1769/1769/1769
f 1770/1770/1770 1833/1833/1833 1834/1834/1834
f 1771/1771/1771 1835/1835/1835 1833/1833/1833
f 1772/1772/1772 1836/1836/1836 1835/1835/1835
f 1775/1775/1775 1836/1836/1836 1773/1773/1773
f 1775/1775/1775 1837/1837/1837 1838/1838/1838
f 1774/1774/1774 1839/1839/1839 1837/1837/1837
f 1776/1776/1776 1840/1840/1840 1839/1839/1839
f 1777/1777/1777 1840/1840/1840 1778/1778/1778
f 1777/1777/1777 1841/1841/1841 1842/1842/1842
f 1779/1779/1779 1843/1843/1843 1841/1841/1841
f 1781/1781/1781 1843/1843/1843 1780/1780/1780
f 1782/1782/1782 1844/1844/1844 1781/1781/1781
f 1784/1784/1784 1845/1845/1845 1782/1782/1782
f 1783/1783/1783 1846/1846/1846 1784/1784/1784
f 1785/1785/1785 1847/1847/1847 1783/1783/1783
f 1785/1785/1785 1848/1848/1848 1849/1849/1849
f 1787/1787/1787 1848/1848/1848 1786/1786/1786
f 1787/1787/1787 1850/1850/1850 1851/1851/1851
f 1788/1788/1788 1852/1852/1852 1850/1850/1850
f 1790/1790/1790 1853/1853/1853 1852/1852/1852
f 1792/1792/1792 1853/1853/1853 1789/1789/1789
f 1792/1792/1792 1854/1854/1854 1855/1855/1855
f 1791/1791/1791 1856/1856/1856 1854/1854/1854
f 1793/1793/1793 1857/1857/1857 1856/1856/1856
f 1795/1795/1795 1857/1857/1857 1794/1794/1794
f 1796/1796/1796 1858/1858/1858 1795/1795/1795
f 1797/1797/1797 1859/1859/1859 1796/1796/1796
f 1798/1798/1798 1860/1860/1860 1797/1797/1797
f 1798/1798/1798 1861/1861/1861 1862/1862/1862
f 1799/1799/1799 1861/1861/1861 1800/1800/1800
f 1801/1801/1801 1863/1863/1863 1799/1799/1799
f 1802/1802/1802 1864/1864/1864 1801/1801/1801
f 1803/1803/1803 1865/1865/1865 1802/1802/1802
f 1804/1804/1804 1866/1866/1866 1803/1803/1803
f 1804/1804/1804 1867/1867/1867 1868/1868/1868
f 1805/1805/1805 1869/1869/1869 1867/1867/1867
f 1807/1807/1807 1869/1869/1869 1806/1806/1806
f 1809/1809/1809 1870/1870/1870 1807/1807/1807
f 1808/1808/1808 1871/1871/1871 1809/1809/1809
f 1810/1810/1810 1872/1872/1872 1808/1808/1808
f 1810/1810/1810 1873/1873/1873 1874/1874/1874
f 1811/1811/1811 1875/1875/1875 1873/1873/1873
f 1813/1813/1813 1876/1876/1876 1875/1875/1875
f 1812/1812/1812 1877/1877/1877 1876/1876/1876
f 1815/1815/1815 1877/1877/1877 1814/1814/1814
f 1816/1816/1816 1878/1878/1878 1815/1815/1815
f 1818/1818/1818 1879/1879/1879 1816/1816/1816
f 1817/1817/1817 1880/1880/1880 1818/1818/1818
f 1819/1819/1819 1881/1881/1881 1882/1882/1882
f 1820/1820/1820 1881/1881/1881 1821/1821/1821
f 1820/1820/1820 1883/1883/1883 1884/1884/1884
f 1823/1823/1823 1883/1883/1883 1822/1822/1822
f 1823/1823/1823 1885/1885/1885 1886/1886/1886
f 1824/1824/1824 1887/1887/1887 1885/1885/1885
f 1825/1825/1825 1888/1888/1888 1887/1887/1887
f 1826/1826/1826 1888/1888/1888 1827/1827/1827
f 1828/1828/1828 1889/1889/1889 1826/1826/1826
f 1828/1828/1828 1890/1890/1890 1891/1891/1891
f 1829/1829/1829 1890/1890/1890 1830/1830/1830
f 1829/1829/1829 1892/1892/1892 1893/1893/1893
f 1831/1831/1831 1894/1894/1894 1892/1892/1892
f 1834/1834/1834 1894/1894/1894 1832/1832/1832
f 1833/1833/1833 1895/1895/1895 1834/1834/1834
f 1835/1835/1835 1896/1896/1896 1833/1833/1833
f 1835/1835/1835 1897/1897/1897 1898/1898/1898
f 1836/1836/1836 1899/1899/1899 1897/1897/1897
f 1837/1837/1837 1899/1899/1899 1838/1838/1838
f 1839/1839/1839 1900/1900/1900 1837/1837/1837
f 1840/1840/1840 1901/1901/1901 1839/1839/1839
f 1842/1842/1842 1902/1902/1902 1840/1840/1840
f 1841/1841/1841 1903/1903/1903 1842/1842/1842
f 1843/1843/1843 1904/1904/1904 1841/1841/1841
f 1844/1844/1844 1905/1905/1905 1843/1843/1843
f 1844/1844/1844 1906/1906/1906 1907/1907/1907
f 1845/1845/1845 1908/1908/1908 1906/1906/1906
f 1846/1846/1846 1909/1909/1909 1908/1908/1908
f 1849/1849/1849 1909/1909/1909 1847/1847/1847
f 1848/1848/1848 1910/1910/1910 1849/1849/1849
f 1851/1851/1851 1911/1911/1911 1848/1848/1848
f 1851/1851/1851 1912/1912/1912 1913/1913/1913
f 1850/1850/1850 1914/1914/1914 1912/1912/1912
f 1853/1853/1853 1914/1914/1914 1852/1852/1852
f 1855/1855/1855 1915/1915/1915 1853/1853/1853
f 1854/1854/1854 1916/1916/1916 1855/1855/1855
f 1856/1856/1856 1917/1917/1917 1854/1854/1854
f 1857/1857/1857 1918/1918/1918 1856/1856/1856
f 1857/1857/1857 1919/1919/1919 1920/1920/1920
f 1859/1859/1859 1919/1919/1919 1858/1858/1858
f 1859/1859/1859 1921/1921/1921 1922/1922/1922
f 1862/1862/1862 1921/1921/1921 1860/1860/1860
f 1861/1861/1861 1923/1923/1923 1862/1862/1862
f 1863/1863/1863 1924/1924/1924 1861/1861/1861
f 1863/1863/1863 1925/1925/1925 1926/1926/1926
f 1865/1865/1865 1925/1925/1925 1864/1864/1864
f 1866/1866/1866 1927/1927/1927 1865/1865/1865
f 1866/1866/1866 1928/1928/1928 1929/1929/1929
f 1868/1868/1868 1930/1930/1930 1928/1928/1928
f 1869/1869/1869 1930/1930/1930 1867/1867/1867
f 1869/1869/1869 1931/1931/1931 1932/1932/1932
f 1870/1870/1870 1933/1933/1933 1931/1931/1931
f 1871/1871/1871 1934/1934/1934 1933/1933/1933
f 1872/1872/1872 1935/1935/1935 1934/1934/1934
f 1873/1873/1873 1935/1935/1935 1874/1874/1874
f 1875/1875/1875 1936/1936/1936 1873/1873/1873
f 1876/1876/1876 1937/1937/1937 1875/1875/1875
f 1877/1877/1877 1938/1938/1938 1876/1876/1876
f 1877/1877/1877 1939/1939/1939 1940/1940/1940
f 1879/1879/1879 1939/1939/1939 1878/1878/1878
f 1880/1880/1880 1941/1941/1941 1879/1879/1879
f 1942/1942/1942 1943/1943/1943 1880/1880/1880
f 1882/1882/1882 1944/1944/1944 1945/1945/1945
f 1881/1881/1881 1946/1946/1946 1944/1944/1944
f 1884/1884/1884 1947/1947/1947 1946/1946/1946
f 1886/1886/1886 1947/1947/1947 1883/1883/1883
f 1885/1885/1885 1948/1948/1948 1886/1886/1886
f 1885/1885/1885 1949/1949/1949 1950/1950/1950
f 1887/1887/1887 1951/1951/1951 1949/1949/1949
f 1888/1888/1888 1952/1952/1952 1951/1951/1951
f 1889/1889/1889 1953/1953/1953 1952/1952/1952
f 1891/1891/1891 1954/1954/1954 1953/1953/1953
f 1890/1890/1890 1955/1955/1955 1954/1954/1954
f 1893/1893/1893 1956/1956/1956 1955/1955/1955
f 1892/1892/1892 1957/1957/1957 1956/1956/1956
f 1894/1894/1894 1958/1958/1958 1957/1957/1957
f 1895/1895/1895 1959/1959/1959 1958/1958/1958
f 1896/1896/1896 1960/1960/1960 1959/1959/1959
f 1898/1898/1898 1961/1961/1961 1960/1960/1960
f 1899/1899/1899 1961/1961/1961 1897/1897/1897
f 1900/1900/1900 1962/1962/1962 1899/1899/1899
f 1901/1901/1901 1963/1963/1963 1900/1900/1900
f 1902/1902/1902 1964/1964/1964 1901/1901/1901
f 1902/1902/1902 1965/1965/1965 1966/1966/1966
f 1903/1903/1903 1967/1967/1967 1965/1965/1965
f 1904/1904/1904 1968/1968/1968 1967/1967/1967
f 1905/1905/1905 1969/1969/1969 1968/1968/1968
f 1906/1906/1906 1969/1969/1969 1907/1907/1907
f 1908/1908/1908 1970/1970/1970 1906/1906/1906
f 1908/1908/1908 1971/1971/1971 1972/1972/1972
f 1910/1910/1910 1971/1971/1971 1909/1909/1909
f 1911/1911/1911 1973/1973/1973 1910/1910/1910
f 1911/1911/1911 1974/1974/1974 1975/1975/1975
f 1912/1912/1912 1974/1974/1974 1913/1913/1913
f 1912/1912/1912 1976/1976/1976 1977/1977/1977
f 1914/1914/1914 1978/1978/1978 1976/1976/1976
f 1916/1916/1916 1978/1978/1978 1915/1915/1915
f 1917/1917/1917 1979/1979/1979 1916/1916/1916
f 1918/1918/1918 1980/1980/1980 1917/1917/1917
f 1920/1920/1920 1981/1981/1981 1918/1918/1918
f 1920/1920/1920 1982/1982/1982 1983/1983/1983
f 1922/1922/1922 1982/1982/1982 1919/1919/1919
f 1921/1921/1921 1984/1984/1984 1922/1922/1922
f 1921/1921/1921 1985/1985/1985 1986/1986/1986
f 1923/1923/1923 1987/1987/1987 1985/1985/1985
f 1926/1926/1926 1987/1987/1987 1924/1924/1924
f 1926/1926/1926 1988/1988/1988 1989/1989/1989
f 1927/1927/1927 1988/1988/1988 1925/1925/1925
f 1929/1929/1929 1990/1990/1990 1927/1927/1927
f 1928/1928/1928 1991/1991/1991 1929/1929/1929
f 1930/1930/1930 1992/1992/1992 1928/1928/1928
f 1932/1932/1932 1993/1993/1993 1930/1930/1930
f 1931/1931/1931 1994/1994/1994 1932/1932/1932
f 1933/1933/1933 1995/1995/1995 1931/1931/1931
f 1934/1934/1934 1996/1996/1996 1933/1933/1933
f 1934/1934/1934 1997/1997/1997 1998/1998/1998
f 1936/1936/1936 1997/1997/1997 1935/1935/1935
f 1937/1937/1937 1999/1999/1999 1936/1936/1936
f 1937/1937/1937 2000/2000/2000 2001/2001/2001
f 1940/1940/1940 2000/2000/2000 1938/1938/1938
f 1939/1939/1939 2002/2002/2002 1940/1940/1940
f 1939/1939/1939 2003/2003/2003 2004/2004/2004
f 1941/1941/1941 2005/2005/2005 2003/2003/2003
f 2006/2006/2006 2005/2005/2005 1943/1943/1943
f 1944/1944/1944 2007/2007/2007 1945/1945/1945
f 1946/1946/1946 2008/2008/2008 1944/1944/1944
f 1947/1947/1947 2009/2009/2009 1946/1946/1946
f 1948/1948/1948 2010/2010/2010 1947/1947/1947
f 1950/1950/1950 2011/2011/2011 1948/1948/1948
f 1949/1949/1949 2012/2012/2012 1950/1950/1950
f 1949/1949/1949 2013/2013/2013 2014/2014/2014
f 1952/1952/1952 2013/2013/2013 1951/1951/1951
f 1953/1953/1953 2015/2015/2015 1952/1952/1952
f 1954/1954/1954 2016/2016/2016 1953/1953/1953
f 1955/1955/1955 2017/2017/2017 1954/1954/1954
f 1956/1956/1956 2018/2018/2018 1955/1955/1955
f 1956/1956/1956 2019/2019/2019 2020/2020/2020
f 1958/1958/1958 2019/2019/2019 1957/1957/1957
f 1959/1959/1959 2021/2021/2021 1958/1958/1958
f 1960/1960/1960 2022/2022/2022 1959/1959/1959
f 1961/1961/1961 2023/2023/2023 1960/1960/1960
f 1962/1962/1962 2024/2024/2024 1961/1961/1961
f 1962/1962/1962 2025/2025/2025 2026/2026/2026
f 1963/1963/1963 2027/2027/2027 2025/2025/2025
f 1966/1966/1966 2027/2027/2027 1964/1964/1964
f 1965/1965/1965 2028/2028/2028 1966/1966/1966
f 1967/1967/1967 2029/2029/2029 1965/1965/1965
f 1968/1968/1968 2030/2030/2030 1967/1967/1967
f 1969/1969/1969 2031/2031/2031 1968/1968/1968
f 1970/1970/1970 2032/2032/2032 1969/1969/1969
f 1972/1972/1972 2033/2033/2033 1970/1970/1970
f 1971/1971/1971 2034/2034/2034 1972/1972/1972
f 1971/1971/1971 2035/2035/2035 2036/2036/2036
f 1975/1975/1975 2035/2035/2035 1973/1973/1973
f 1974/1974/1974 2037/2037/2037 1975/1975/1975
f 1974/1974/1974 2038/2038/2038 2039/2039/2039
f 1976/1976/1976 2038/2038/2038 1977/1977/1977
f 1978/1978/1978 2040/2040/2040 1976/1976/1976
f 1978/1978/1978 2041/2041/2041 2042/2042/2042
f 1980/1980/1980 2041/2041/2041 1979/1979/1979
f 1980/1980/1980 2043/2043/2043 2044/2044/2044
f 1981/1981/1981 2045/2045/2045 2043/2043/2043
f 1983/1983/1983 2046/2046/2046 2045/2045/2045
f 1982/1982/1982 2047/2047/2047 2046/2046/2046
f 1984/1984/1984 2048/2048/2048 2047/2047/2047
f 1985/1985/1985 2048/2048/2048 1986/1986/1986
f 1985/1985/1985 2049/2049/2049 2050/2050/2050
f 1987/1987/1987 2051/2051/2051 2049/2049/2049
f 1988/1988/1988 2051/2051/2051 1989/1989/1989
f 1988/1988/1988 2052/2052/2052 2053/2053/2053
f 1990/1990/1990 2054/2054/2054 2052/2052/2052
f 1991/1991/1991 2055/2055/2055 2054/2054/2054
f 1992/1992/1992 2056/2056/2056 2055/2055/2055
f 1993/1993/1993 2057/2057/2057 2056/2056/2056
f 1995/1995/1995 2057/2057/2057 1994/1994/1994
f 1995/1995/1995 2058/2058/2058 2059/2059/2059
f 1996/1996/1996 2060/2060/2060 2058/2058/2058
f 1997/1997/1997 2060/2060/2060 1998/1998/1998
f 1997/1997/1997 2061/2061/2061 2062/2062/2062
f 1999/1999/1999 2063/2063/2063 2061/2061/2061
f 2001/2001/2001 2064/2064/2064 2063/2063/2063
f 2000/2000/2000 2065/2065/2065 2064/2064/2064
f 2002/2002/2002 2066/2066/2066 2065/2065/2065
f 2004/2004/2004 2067/2067/2067 2066/2066/2066
f 2003/2003/2003 2068/2068/2068 2067/2067/2067
f 2069/2069/2069 2068/2068/2068 2005/2005/2005
f 2008/2008/2008 2070/2070/2070 2007/2007/2007
f 2008/2008/2008 2071/2071/2071 2072/2072/2072
f 2009/2009/2009 2073/2073/2073 2071/2071/2071
f 2010/2010/2010 2074/2074/2074 2073/2073/2073
f 2012/2012/2012 2074/2074/2074 2011/2011/2011
f 2014/2014/2014 2075/2075/2075 2012/2012/2012
f 2013/2013/2013 2076/2076/2076 2014/2014/2014
f 2013/2013/2013 2077/2077/2077 2078/2078/2078
f 2015/2015/2015 2079/2079/2079 2077/2077/2077
f 2017/2017/2017 2079/2079/2079 2016/2016/2016
f 2017/2017/2017 2080/2080/2080 2081/2081/2081
f 2018/2018/2018 2082/2082/2082 2080/2080/2080
f 2019/2019/2019 2082/2082/2082 2020/2020/2020
f 2021/2021/2021 2083/2083/2083 2019/2019/2019
f 2022/2022/2022 2084/2084/2084 2021/2021/2021
f 2022/2022/2022 2085/2085/2085 2086/2086/2086
f 2023/2023/2023 2087/2087/2087 2085/2085/2085
f 2024/2024/2024 2088/2088/2088 2087/2087/2087
f 2026/2026/2026 2089/2089/2089 2088/2088/2088
f 2025/2025/2025 2090/2090/2090 2089/2089/2089
f 2027/2027/2027 2091/2091/2091 2090/2090/2090
f 2028/2028/2028 2092/2092/2092 2091/2091/2091
f 2029/2029/2029 2093/2093/2093 2092/2092/2092
f 2030/2030/2030 2094/2094/2094 2093/2093/2093
f 2031/2031/2031 2095/2095/2095 2094/2094/2094
f 2032/2032/2032 2096/2096/2096 2095/2095/2095
f 2033/2033/2033 2097/2097/2097 2096/2096/2096
f 2036/2036/2036 2097/2097/2097 2034/2034/2034
f 2035/2035/2035 2098/2098/2098 2036/2036/2036
f 2035/2035/2035 2099/2099/2099 2100/2100/2100
f 2039/2039/2039 2099/2099/2099 2037/2037/2037
f 2038/2038/2038 2101/2101/2101 2039/2039/2039
f 2040/2040/2040 2102/2102/2102 2038/2038/2038
f 2042/2042/2042 2103/2103/2103 2040/2040/2040
f 2042/2042/2042 2104/2104/2104 2105/2105/2105
f 2041/2041/2041 2106/2106/2106 2104/2104/2104
f 2044/2044/2044 2107/2107/2107 2106/2106/2106
f 2043/2043/2043 2108/2108/2108 2107/2107/2107
f 2045/2045/2045 2109/2109/2109 2108/2108/2108
f 2047/2047/2047 2109/2109/2109 2046/2046/2046
f 2048/2048/2048 2110/2110/2110 2047/2047/2047
f 2050/2050/2050 2111/2111/2111 2048/2048/2048
f 2049/2049/2049 2112/2112/2112 2050/2050/2050
f 2049/2049/2049 2113/2113/2113 2114/2114/2114
f 2053/2053/2053 2113/2113/2113 2051/2051/2051
f 2052/2052/2052 2115/2115/2115 2053/2053/2053
f 2052/2052/2052 2116/2116/2116 2117/2117/2117
f 2055/2055/2055 2116/2116/2116 2054/2054/2054
f 2056/2056/2056 2118/2118/2118 2055/2055/2055
f 2056/2056/2056 2119/2119/2119 2120/2120/2120
f 2059/2059/2059 2119/2119/2119 2057/2057/2057
f 2059/2059/2059 2121/2121/2121 2122/2122/2122
f 2060/2060/2060 2121/2121/2121 2058/2058/2058
f 2062/2062/2062 2123/2123/2123 2060/2060/2060
f 2061/2061/2061 2124/2124/2124 2062/2062/2062
f 2061/2061/2061 2125/2125/2125 2126/2126/2126
f 2063/2063/2063 2127/2127/2127 2125/2125/2125
f 2065/2065/2065 2127/2127/2127 2064/2064/2064
f 2066/2066/2066 2128/2128/2128 2065/2065/2065
f 2067/2067/2067 2129/2129/2129 2066/2066/2066
f 2068/2068/2068 2130/2130/2130 2067/2067/2067
f 2131/2131/2131 2132/2132/2132 2068/2068/2068
f 2072/2072/2072 2133/2133/2133 2070/2070/2070
f 2071/2071/2071 2134/2134/2134 2072/2072/2072
f 2073/2073/2073 2135/2135/2135 2071/2071/2071
f 2074/2074/2074 2136/2136/2136 2073/2073/2073
f 2075/2075/2075 2137/2137/2137 2074/2074/2074
f 2075/2075/2075 2138/2138/2138 2139/2139/2139
f 2076/2076/2076 2140/2140/2140 2138/2138/2138
f 2077/2077/2077 2140/2140/2140 2078/2078/2078
f 2079/2079/2079 2141/2141/2141 2077/2077/2077
f 2079/2079/2079 2142/2142/2142 2143/2143/2143
f 2081/2081/2081 2144/2144/2144 2142/2142/2142
f 2082/2082/2082 2144/2144/2144 2080/2080/2080
f 2083/2083/2083 2145/2145/2145 2082/2082/2082
f 2084/2084/2084 2146/2146/2146 2083/2083/2083
f 2086/2086/2086 2147/2147/2147 2084/2084/2084
f 2085/2085/2085 2148/2148/2148 2086/2086/2086
f 2085/2085/2085 2149/2149/2149 2150/2150/2150
f 2087/2087/2087 2151/2151/2151 2149/2149/2149
f 2088/2088/2088 2152/2152/2152 2151/2151/2151
f 2090/2090/2090 2152/2152/2152 2089/2089/2089
f 2091/2091/2091 2153/2153/2153 2090/2090/2090
f 2091/2091/2091 2154/2154/2154 2155/2155/2155
f 2093/2093/2093 2154/2154/2154 2092/2092/2092
f 2094/2094/2094 2156/2156/2156 2093/2093/2093
f 2094/2094/2094 2157/2157/2157 2158/2158/2158
f 2095/2095/2095 2159/2159/2159 2157/2157/2157
f 2097/2097/2097 2159/2159/2159 2096/2096/2096
f 2097/2097/2097 2160/2160/2160 2161/2161/2161
f 2098/2098/2098 2162/2162/2162 2160/2160/2160
f 2100/2100/2100 2163/2163/2163 2162/2162/2162
f 2099/2099/2099 2164/2164/2164 2163/2163/2163
f 2102/2102/2102 2164/2164/2164 2101/2101/2101
f 2103/2103/2103 2165/2165/2165 2102/2102/2102
f 2105/2105/2105 2166/2166/2166 2103/2103/2103
f 2104/2104/2104 2167/2167/2167 2105/2105/2105
f 2104/2104/2104 2168/2168/2168 2169/2169/2169
f 2107/2107/2107 2168/2168/2168 2106/2106/2106
f 2108/2108/2108 2170/2170/2170 2107/2107/2107
f 2109/2109/2109 2171/2171/2171 2108/2108/2108
f 2110/2110/2110 2172/2172/2172 2109/2109/2109
f 2110/2110/2110 2173/2173/2173 2174/2174/2174
f 2111/2111/2111 2175/2175/2175 2173/2173/2173
f 2114/2114/2114 2175/2175/2175 2112/2112/2112
f 2113/2113/2113 2176/2176/2176 2114/2114/2114
f 2113/2113/2113 2177/2177/2177 2178/2178/2178
f 2117/2117/2117 2177/2177/2177 2115/2115/2115
f 2116/2116/2116 2179/2179/2179 2117/2117/2117
f 2116/2116/2116 2180/2180/2180 2181/2181/2181
f 2120/2120/2120 2180/2180/2180 2118/2118/2118
f 2120/2120/2120 2182/2182/2182 2183/2183/2183
f 2122/2122/2122 2182/2182/2182 2119/2119/2119
f 2122/2122/2122 2184/2184/2184 2185/2185/2185
f 2123/2123/2123 2184/2184/2184 2121/2121/2121
f 2123/2123/2123 2186/2186/2186 2187/2187/2187
f 2124/2124/2124 2188/2188/2188 2186/2186/2186
f 2125/2125/2125 2188/2188/2188 2126/2126/2126
f 2127/2127/2127 2189/2189/2189 2125/2125/2125
f 2128/2128/2128 2190/2190/2190 2127/2127/2127
f 2128/2128/2128 2191/2191/2191 2192/2192/2192
f 2129/2129/2129 2193/2193/2193 2191/2191/2191
f 2130/2130/2130 2194/2194/2194 2193/2193/2193
f 2132/2132/2132 2195/2195/2195 2194/2194/2194
f 2133/2133/2133 2196/2196/2196 2197/2197/2197
f 2135/2135/2135 2196/2196/2196 2134/2134/2134
f 2135/2135/2135 2198/2198/2198 2199/2199/2199
f 2136/2136/2136 2200/2200/2200 2198/2198/2198
f 2139/2139/2139 2200/2200/2200 2137/2137/2137
f 2139/2139/2139 2201/2201/2201 2202/2202/2202
f 2138/2138/2138 2203/2203/2203 2201/2201/2201
f 2141/2141/2141 2203/2203/2203 2140/2140/2140
f 2143/2143/2143 2204/2204/2204 2141/2141/2141
f 2142/2142/2142 2205/2205/2205 2143/2143/2143
f 2144/2144/2144 2206/2206/2206 2142/2142/2142
f 2145/2145/2145 2207/2207/2207 2144/2144/2144
f 2145/2145/2145 2208/2208/2208 2209/2209/2209
f 2146/2146/2146 2210/2210/2210 2208/2208/2208
f 2147/2147/2147 2211/2211/2211 2210/2210/2210
f 2150/2150/2150 2211/2211/2211 2148/2148/2148
f 2149/2149/2149 2212/2212/2212 2150/2150/2150
f 2151/2151/2151 2213/2213/2213 2149/2149/2149
f 2152/2152/2152 2214/2214/2214 2151/2151/2151
f 2152/2152/2152 2215/2215/2215 2216/2216/2216
f 2153/2153/2153 2217/2217/2217 2215/2215/2215
f 2154/2154/2154 2217/2217/2217 2155/2155/2155
f 2156/2156/2156 2218/2218/2218 2154/2154/2154
f 2156/2156/2156 2219/2219/2219 2220/2220/2220
f 2157/2157/2157 2219/2219/2219 2158/2158/2158
f 2159/2159/2159 2221/2221/2221 2157/2157/2157
f 2161/2161/2161 2222/2222/2222 2159/2159/2159
f 2161/2161/2161 2223/2223/2223 2224/2224/2224
f 2160/2160/2160 2225/2225/2225 2223/2223/2223
f 2163/2163/2163 2225/2225/2225 2162/2162/2162
f 2164/2164/2164 2226/2226/2226 2163/2163/2163
f 2165/2165/2165 2227/2227/2227 2164/2164/2164
f 2165/2165/2165 2228/2228/2228 2229/2229/2229
f 2167/2167/2167 2228/2228/2228 2166/2166/2166
f 2167/2167/2167 2230/2230/2230 2231/2231/2231
f 2169/2169/2169 2232/2232/2232 2230/2230/2230
f 2168/2168/2168 2233/2233/2233 2232/2232/2232
f 2170/2170/2170 2234/2234/2234 2233/2233/2233
f 2172/2172/2172 2234/2234/2234 2171/2171/2171
f 2174/2174/2174 2235/2235/2235 2172/2172/2172
f 2173/2173/2173 2236/2236/2236 2174/2174/2174
f 2175/2175/2175 2237/2237/2237 2173/2173/2173
f 2175/2175/2175 2238/2238/2238 2239/2239/2239
f 2178/2178/2178 2238/2238/2238 2176/2176/2176
f 2178/2178/2178 2240/2240/2240 2241/2241/2241
f 2177/2177/2177 2242/2242/2242 2240/2240/2240
f 2179/2179/2179 2243/2243/2243 2242/2242/2242
f 2181/2181/2181 2244/2244/2244 2243/2243/2243
f 2183/2183/2183 2244/2244/2244 2180/2180/2180
f 2182/2182/2182 2245/2245/2245 2183/2183/2183
f 2185/2185/2185 2246/2246/2246 2182/2182/2182
f 2185/2185/2185 2247/2247/2247 2248/2248/2248
f 2187/2187/2187 2247/2247/2247 2184/2184/2184
f 2186/2186/2186 2249/2249/2249 2187/2187/2187
f 2188/2188/2188 2250/2250/2250 2186/2186/2186
f 2189/2189/2189 2251/2251/2251 2188/2188/2188
f 2190/2190/2190 2252/2252/2252 2189/2189/2189
f 2192/2192/2192 2253/2253/2253 2190/2190/2190
f 2192/2192/2192 2254/2254/2254 2255/2255/2255
f 2193/2193/2193 2254/2254/2254 2191/2191/2191
f 2194/2194/2194 2256/2256/2256 2193/2193/2193
f 2195/2195/2195 2257/2257/2257 2194/2194/2194
f 2197/2197/2197 2258/2258/2258 2259/2259/2259
f 2196/2196/2196 2260/2260/2260 2258/2258/2258
f 2198/2198/2198 2260/2260/2260 2199/2199/2199
f 2198/2198/2198 2261/2261/2261 2262/2262/2262
f 2200/2200/2200 2263/2263/2263 2261/2261/2261
f 2201/2201/2201 2263/2263/2263 2202/2202/2202
f 2203/2203/2203 2264/2264/2264 2201/2201/2201
f 2203/2203/2203 2265/2265/2265 2266/2266/2266
f 2204/2204/2204 2267/2267/2267 2265/2265/2265
f 2205/2205/2205 2268/2268/2268 2267/2267/2267
f 2206/2206/2206 2269/2269/2269 2268/2268/2268
f 2207/2207/2207 2270/2270/2270 2269/2269/2269
f 2209/2209/2209 2271/2271/2271 2270/2270/2270
f 2208/2208/2208 2272/2272/2272 2271/2271/2271
f 2210/2210/2210 2273/2273/2273 2272/2272/2272
f 2211/2211/2211 2274/2274/2274 2273/2273/2273
f 2212/2212/2212 2275/2275/2275 2274/2274/2274
f 2213/2213/2213 2276/2276/2276 2275/2275/2275
f 2214/2214/2214 2277/2277/2277 2276/2276/2276
f 2216/2216/2216 2278/2278/2278 2277/2277/2277
f 2217/2217/2217 2278/2278/2278 2215/2215/2215
f 2217/2217/2217 2279/2279/2279 2280/2280/2280
f 2218/2218/2218 2281/2281/2281 2279/2279/2279
f 2220/2220/2220 2282/2282/2282 2281/2281/2281
f 2219/2219/2219 2283/2283/2283 2282/2282/2282
f 2221/2221/2221 2284/2284/2284 2283/2283/2283
f 2224/2224/2224 2284/2284/2284 2222/2222/2222
f 2223/2223/2223 2285/2285/2285 2224/2224/2224
f 2225/2225/2225 2286/2286/2286 2223/2223/2223
f 2225/2225/2225 2287/2287/2287 2288/2288/2288
f 2226/2226/2226 2289/2289/2289 2287/2287/2287
f 2229/2229/2229 2289/2289/2289 2227/2227/2227
f 2229/2229/2229 2290/2290/2290 2291/2291/2291
f 2228/2228/2228 2292/2292/2292 2290/2290/2290
f 2230/2230/2230 2292/2292/2292 2231/2231/2231
f 2232/2232/2232 2293/2293/2293 2230/2230/2230
f 2233/2233/2233 2294/2294/2294 2232/2232/2232
f 2234/2234/2234 2295/2295/2295 2233/2233/2233
f 2235/2235/2235 2296/2296/2296 2234/2234/2234
f 2235/2235/2235 2297/2297/2297 2298/2298/2298
f 2237/2237/2237 2297/2297/2297 2236/2236/2236
f 2237/2237/2237 2299/2299/2299 2300/2300/2300
f 2238/2238/2238 2299/2299/2299 2239/2239/2239
f 2238/2238/2238 2301/2301/2301 2302/2302/2302
f 2241/2241/2241 2303/2303/2303 2301/2301/2301
f 2240/2240/2240 2304/2304/2304 2303/2303/2303
f 2242/2242/2242 2305/2305/2305 2304/2304/2304
f 2243/2243/2243 2306/2306/2306 2305/2305/2305
f 2245/2245/2245 2306/2306/2306 2244/2244/2244
f 2245/2245/2245 2307/2307/2307 2308/2308/2308
f 2248/2248/2248 2307/2307/2307 2246/2246/2246
f 2248/2248/2248 2309/2309/2309 2310/2310/2310
f 2249/2249/2249 2309/2309/2309 2247/2247/2247
f 2250/2250/2250 2311/2311/2311 2249/2249/2249
f 2251/2251/2251 2312/2312/2312 2250/2250/2250
f 2252/2252/2252 2313/2313/2313 2251/2251/2251
f 2252/2252/2252 2314/2314/2314 2315/2315/2315
f 2253/2253/2253 2316/2316/2316 2314/2314/2314
f 2254/2254/2254 2316/2316/2316 2255/2255/2255
f 2256/2256/2256 2317/2317/2317 2254/2254/2254
f 2256/2256/2256 2318/2318/2318 2319/2319/2319
f 2257/2257/2257 2320/2320/2320 2318/2318/2318
f 2258/2258/2258 2321/2321/2321 2259/2259/2259
f 2260/2260/2260 2322/2322/2322 2258/2258/2258
f 2262/2262/2262 2323/2323/2323 2260/2260/2260
f 2262/2262/2262 2324/2324/2324 2325/2325/2325
f 2263/2263/2263 2324/2324/2324 2261/2261/2261
f 2264/2264/2264 2326/2326/2326 2263/2263/2263
f 2266/2266/2266 2327/2327/2327 2264/2264/2264
f 2266/2266/2266 2328/2328/2328 2329/2329/2329
f 2265/2265/2265 2330/2330/2330 2328/2328/2328
f 2267/2267/2267 2331/2331/2331 2330/2330/2330
f 2269/2269/2269 2331/2331/2331 2268/2268/2268
f 2270/2270/2270 2332/2332/2332 2269/2269/2269
f 2271/2271/2271 2333/2333/2333 2270/2270/2270
f 2272/2272/2272 2334/2334/2334 2271/2271/2271
f 2272/2272/2272 2335/2335/2335 2336/2336/2336
f 2273/2273/2273 2337/2337/2337 2335/2335/2335
f 2274/2274/2274 2338/2338/2338 2337/2337/2337
f 2275/2275/2275 2339/2339/2339 2338/2338/2338
f 2277/2277/2277 2339/2339/2339 2276/2276/2276
f 2277/2277/2277 2340/2340/2340 2341/2341/2341
f 2280/2280/2280 2340/2340/2340 2278/2278/2278
f 2279/2279/2279 2342/2342/2342 2280/2280/2280
f 2281/2281/2281 2343/2343/2343 2279/2279/2279
f 2282/2282/2282 2344/2344/2344 2281/2281/2281
f 2283/2283/2283 2345/2345/2345 2282/2282/2282
f 2284/2284/2284 2346/2346/2346 2283/2283/2283
f 2285/2285/2285 2347/2347/2347 2284/2284/2284
f 2285/2285/2285 2348/2348/2348 2349/2349/2349
f 2286/2286/2286 2350/2350/2350 2348/2348/2348
f 2287/2287/2287 2350/2350/2350 2288/2288/2288
f 2289/2289/2289 2351/2351/2351 2287/2287/2287
f 2289/2289/2289 2352/2352/2352 2353/2353/2353
f 2290/2290/2290 2352/2352/2352 2291/2291/2291
f 2290/2290/2290 2354/2354/2354 2355/2355/2355
f 2292/2292/2292 2356/2356/2356 2354/2354/2354
f 2293/2293/2293 2357/2357/2357 2356/2356/2356
f 2294/2294/2294 2358/2358/2358 2357/2357/2357
f 2295/2295/2295 2359/2359/2359 2358/2358/2358
f 2296/2296/2296 2360/2360/2360 2359/2359/2359
f 2297/2297/2297 2360/2360/2360 2298/2298/2298
f 2300/2300/2300 2361/2361/2361 2297/2297/2297
f 2300/2300/2300 2362/2362/2362 2363/2363/2363
f 2302/2302/2302 2362/2362/2362 2299/2299/2299
f 2302/2302/2302 2364/2364/2364 2365/2365/2365
f 2301/2301/2301 2366/2366/2366 2364/2364/2364
f 2304/2304/2304 2366/2366/2366 2303/2303/2303
f 2305/2305/2305 2367/2367/2367 2304/2304/2304
f 2306/2306/2306 2368/2368/2368 2305/2305/2305
f 2306/2306/2306 2369/2369/2369 2370/2370/2370
f 2308/2308/2308 2371/2371/2371 2369/2369/2369
f 2310/2310/2310 2371/2371/2371 2307/2307/2307
f 2309/2309/2309 2372/2372/2372 2310/2310/2310
f 2311/2311/2311 2373/2373/2373 2309/2309/2309
f 2312/2312/2312 2374/2374/2374 2311/2311/2311
f 2313/2313/2313 2375/2375/2375 2312/2312/2312
f 2313/2313/2313 2376/2376/2376 2377/2377/2377
f 2315/2315/2315 2378/2378/2378 2376/2376/2376
f 2314/2314/2314 2379/2379/2379 2378/2378/2378
f 2316/2316/2316 2380/2380/2380 2379/2379/2379
f 2319/2319/2319 2380/2380/2380 2317/2317/2317
f 2319/2319/2319 2381/2381/2381 2382/2382/2382
f 2318/2318/2318 2383/2383/2383 2381/2381/2381
f 2321/2321/2321 2384/2384/2384 2385/2385/2385
f 2322/2322/2322 2386/2386/2386 2384/2384/2384
f 2323/2323/2323 2387/2387/2387 2386/2386/2386
f 2324/2324/2324 2387/2387/2387 2325/2325/2325
f 2326/2326/2326 2388/2388/2388 2324/2324/2324
f 2327/2327/2327 2389/2389/2389 2326/2326/2326
f 2329/2329/2329 2390/2390/2390 2327/2327/2327
f 2328/2328/2328 2391/2391/2391 2329/2329/2329
f 2330/2330/2330 2392/2392/2392 2328/2328/2328
f 2331/2331/2331 2393/2393/2393 2330/2330/2330
f 2331/2331/2331 2394/2394/2394 2395/2395/2395
f 2332/2332/2332 2396/2396/2396 2394/2394/2394
f 2334/2334/2334 2396/2396/2396 2333/2333/2333
f 2336/2336/2336 2397/2397/2397 2334/2334/2334
f 2336/2336/2336 2398/2398/2398 2399/2399/2399
f 2337/2337/2337 2398/2398/2398 2335/2335/2335
f 2338/2338/2338 2400/2400/2400 2337/2337/2337
f 2338/2338/2338 2401/2401/2401 2402/2402/2402
f 2341/2341/2341 2401/2401/2401 2339/2339/2339
f 2340/2340/2340 2403/2403/2403 2341/2341/2341
f 2342/2342/2342 2404/2404/2404 2340/2340/2340
f 2342/2342/2342 2405/2405/2405 2406/2406/2406
f 2343/2343/2343 2407/2407/2407 2405/2405/2405
f 2344/2344/2344 2408/2408/2408 2407/2407/2407
f 2346/2346/2346 2408/2408/2408 2345/2345/2345
f 2346/2346/2346 2409/2409/2409 2410/2410/2410
f 2347/2347/2347 2411/2411/2411 2409/2409/2409
f 2349/2349/2349 2412/2412/2412 2411/2411/2411
f 2348/2348/2348 2413/2413/2413 2412/2412/2412
f 2350/2350/2350 2414/2414/2414 2413/2413/2413
f 2353/2353/2353 2414/2414/2414 2351/2351/2351
f 2353/2353/2353 2415/2415/2415 2416/2416/2416
f 2355/2355/2355 2415/2415/2415 2352/2352/2352
f 2354/2354/2354 2417/2417/2417 2355/2355/2355
f 2356/2356/2356 2418/2418/2418 2354/2354/2354
f 2357/2357/2357 2419/2419/2419 2356/2356/2356
f 2358/2358/2358 2420/2420/2420 2357/2357/2357
f 2359/2359/2359 2421/2421/2421 2358/2358/2358
f 2359/2359/2359 2422/2422/2422 2423/2423/2423
f 2360/2360/2360 2424/2424/2424 2422/2422/2422
f 2363/2363/2363 2424/2424/2424 2361/2361/2361
f 2363/2363/2363 2425/2425/2425 2426/2426/2426
f 2365/2365/2365 2425/2425/2425 2362/2362/2362
f 2364/2364/2364 2427/2427/2427 2365/2365/2365
f 2366/2366/2366 2428/2428/2428 2364/2364/2364
f 2367/2367/2367 2429/2429/2429 2366/2366/2366
f 2367/2367/2367 2430/2430/2430 2431/2431/2431
f 2370/2370/2370 2430/2430/2430 2368/2368/2368
f 2369/2369/2369 2432/2432/2432 2370/2370/2370
f 2371/2371/2371 2433/2433/2433 2369/2369/2369
f 2372/2372/2372 2434/2434/2434 2371/2371/2371
f 2372/2372/2372 2435/2435/2435 2436/2436/2436
f 2373/2373/2373 2437/2437/2437 2435/2435/2435
f 2374/2374/2374 2438/2438/2438 2437/2437/2437
f 2375/2375/2375 2439/2439/2439 2438/2438/2438
f 2377/2377/2377 2440/2440/2440 2439/2439/2439
f 2378/2378/2378 2440/2440/2440 2376/2376/2376
f 2379/2379/2379 2441/2441/2441 2378/2378/2378
f 2379/2379/2379 2442/2442/2442 2443/2443/2443
f 2382/2382/2382 2442/2442/2442 2380/2380/2380
f 2382/2382/2382 2444/2444/2444 2445/2445/2445
f 2383/2383/2383 2444/2444/2444 2381/2381/2381
f 2384/2384/2384 2446/2446/2446 2385/2385/2385
f 2386/2386/2386 2447/2447/2447 2384/2384/2384
f 2387/2387/2387 2448/2448/2448 2386/2386/2386
f 2388/2388/2388 2449/2449/2449 2387/2387/2387
f 2389/2389/2389 2450/2450/2450 2388/2388/2388
f 2389/2389/2389 2451/2451/2451 2452/2452/2452
f 2391/2391/2391 2451/2451/2451 2390/2390/2390
f 2392/2392/2392 2453/2453/2453 2391/2391/2391
f 2392/2392/2392 2454/2454/2454 2455/2455/2455
f 2393/2393/2393 2456/2456/2456 2454/2454/2454
f 2394/2394/2394 2456/2456/2456 2395/2395/2395
f 2396/2396/2396 2457/2457/2457 2394/2394/2394
f 2397/2397/2397 2458/2458/2458 2396/2396/2396
f 2399/2399/2399 2459/2459/2459 2397/2397/2397
f 2398/2398/2398 2460/2460/2460 2399/2399/2399
f 2400/2400/2400 2461/2461/2461 2398/2398/2398
f 2400/2400/2400 2462/2462/2462 2463/2463/2463
f 2401/2401/2401 2462/2462/2462 2402/2402/2402
f 2401/2401/2401 2464/2464/2464 2465/2465/2465
f 2403/2403/2403 2466/2466/2466 2464/2464/2464
f 2406/2406/2406 2466/2466/2466 2404/2404/2404
f 2406/2406/2406 2467/2467/2467 2468/2468/2468
f 2407/2407/2407 2467/2467/2467 2405/2405/2405
f 2408/2408/2408 2469/2469/2469 2407/2407/2407
f 2408/2408/2408 2470/2470/2470 2471/2471/2471
f 2409/2409/2409 2470/2470/2470 2410/2410/2410
f 2411/2411/2411 2472/2472/2472 2409/2409/2409
f 2411/2411/2411 2473/2473/2473 2474/2474/2474
f 2413/2413/2413 2473/2473/2473 2412/2412/2412
f 2413/2413/2413 2475/2475/2475 2476/2476/2476
f 2414/2414/2414 2477/2477/2477 2475/2475/2475
f 2415/2415/2415 2477/2477/2477 2416/2416/2416
f 2415/2415/2415 2478/2478/2478 2479/2479/2479
f 2417/2417/2417 2480/2480/2480 2478/2478/2478
f 2419/2419/2419 2480/2480/2480 2418/2418/2418
f 2419/2419/2419 2481/2481/2481 2482/2482/2482
f 2420/2420/2420 2483/2483/2483 2481/2481/2481
f 2423/2423/2423 2483/2483/2483 2421/2421/2421
f 2422/2422/2422 2484/2484/2484 2423/2423/2423
f 2424/2424/2424 2485/2485/2485 2422/2422/2422
f 2426/2426/2426 2486/2486/2486 2424/2424/2424
f 2425/2425/2425 2487/2487/2487 2426/2426/2426
f 2427/2427/2427 2488/2488/2488 2425/2425/2425
f 2428/2428/2428 2489/2489/2489 2427/2427/2427
f 2428/2428/2428 2490/2490/2490 2491/2491/2491
f 2429/2429/2429 2492/2492/2492 2490/2490/2490
f 2431/2431/2431 2493/2493/2493 2492/2492/2492
f 2430/2430/2430 2494/2494/2494 2493/2493/2493
f 2432/2432/2432 2495/2495/2495 2494/2494/2494
f 2434/2434/2434 2495/2495/2495 2433/2433/2433
f 2436/2436/2436 2496/2496/2496 2434/2434/2434
f 2435/2435/2435 2497/2497/2497 2436/2436/2436
f 2437/2437/2437 2498/2498/2498 2435/2435/2435
f 2437/2437/2437 2499/2499/2499 2500/2500/2500
f 2438/2438/2438 2501/2501/2501 2499/2499/2499
f 2439/2439/2439 2502/2502/2502 2501/2501/2501
f 2441/2441/2441 2502/2502/2502 2440/2440/2440
f 2443/2443/2443 2503/2503/2503 2441/2441/2441
f 2442/2442/2442 2504/2504/2504 2443/2443/2443
f 2442/2442/2442 2505/2505/2505 2506/2506/2506
f 2445/2445/2445 2507/2507/2507 2505/2505/2505
f 2444/2444/2444 2508/2508/2508 2507/2507/2507
f 2446/2446/2446 2509/2509/2509 2510/2510/2510
f 2447/2447/2447 2511/2511/2511 2509/2509/2509
f 2448/2448/2448 2512/2512/2512 2511/2511/2511
f 2449/2449/2449 2513/2513/2513 2512/2512/2512
f 2452/2452/2452 2513/2513/2513 2450/2450/2450
f 2452/2452/2452 2514/2514/2514 2515/2515/2515
f 2451/2451/2451 2516/2516/2516 2514/2514/2514
f 2453/2453/2453 2517/2517/2517 2516/2516/2516
f 2455/2455/2455 2518/2518/2518 2517/2517/2517
f 2456/2456/2456 2518/2518/2518 2454/2454/2454
f 2457/2457/2457 2519/2519/2519 2456/2456/2456
f 2457/2457/2457 2520/2520/2520 2521/2521/2521
f 2458/2458/2458 2522/2522/2522 2520/2520/2520
f 2459/2459/2459 2523/2523/2523 2522/2522/2522
f 2460/2460/2460 2524/2524/2524 2523/2523/2523
f 2461/2461/2461 2525/2525/2525 2524/2524/2524
f 2462/2462/2462 2525/2525/2525 2463/2463/2463
f 2465/2465/2465 2526/2526/2526 2462/2462/2462
f 2464/2464/2464 2527/2527/2527 2465/2465/2465
f 2466/2466/2466 2528/2528/2528 2464/2464/2464
f 2468/2468/2468 2529/2529/2529 2466/2466/2466
f 2468/2468/2468 2530/2530/2530 2531/2531/2531
f 2469/2469/2469 2530/2530/2530 2467/2467/2467
f 2471/2471/2471 2532/2532/2532 2469/2469/2469
f 2471/2471/2471 2533/2533/2533 2534/2534/2534
f 2472/2472/2472 2533/2533/2533 2470/2470/2470
f 2474/2474/2474 2535/2535/2535 2472/2472/2472
f 2474/2474/2474 2536/2536/2536 2537/2537/2537
f 2473/2473/2473 2538/2538/2538 2536/2536/2536
f 2475/2475/2475 2538/2538/2538 2476/2476/2476
f 2477/2477/2477 2539/2539/2539 2475/2475/2475
f 2477/2477/2477 2540/2540/2540 2541/2541/2541
f 2479/2479/2479 2542/2542/2542 2540/2540/2540
f 2478/2478/2478 2543/2543/2543 2542/2542/2542
f 2482/2482/2482 2543/2543/2543 2480/2480/2480
f 2482/2482/2482 2544/2544/2544 2545/2545/2545
f 2481/2481/2481 2546/2546/2546 2544/2544/2544
f 2484/2484/2484 2546/2546/2546 2483/2483/2483
f 2485/2485/2485 2547/2547/2547 2484/2484/2484
f 2485/2485/2485 2548/2548/2548 2549/2549/2549
f 2486/2486/2486 2550/2550/2550 2548/2548/2548
f 2487/2487/2487 2551/2551/2551 2550/2550/2550
f 2488/2488/2488 2552/2552/2552 2551/2551/2551
f 2491/2491/2491 2552/2552/2552 2489/2489/2489
f 2490/2490/2490 2553/2553/2553 2491/2491/2491
f 2492/2492/2492 2554/2554/2554 2490/2490/2490
f 2493/2493/2493 2555/2555/2555 2492/2492/2492
f 2494/2494/2494 2556/2556/2556 2493/2493/2493
f 2495/2495/2495 2557/2557/2557 2494/2494/2494
f 2496/2496/2496 2558/2558/2558 2495/2495/2495
f 2496/2496/2496 2559/2559/2559 2560/2560/2560
f 2498/2498/2498 2559/2559/2559 2497/2497/2497
f 2500/2500/2500 2561/2561/2561 2498/2498/2498
f 2500/2500/2500 2562/2562/2562 2563/2563/2563
f 2499/2499/2499 2564/2564/2564 2562/2562/2562
f 2502/2502/2502 2564/2564/2564 2501/2501/2501
f 2503/2503/2503 2565/2565/2565 2502/2502/2502
f 2504/2504/2504 2566/2566/2566 2503/2503/2503
f 2506/2506/2506 2567/2567/2567 2504/2504/2504
f 2506/2506/2506 2568/2568/2568 2569/2569/2569
f 2507/2507/2507 2568/2568/2568 2505/2505/2505
f 2507/2507/2507 2570/2570/2570 2571/2571/2571
f 2510/2510/2510 2572/2572/2572 2573/2573/2573
f 2509/2509/2509 2574/2574/2574 2572/2572/2572
f 2512/2512/2512 2574/2574/2574 2511/2511/2511
f 2513/2513/2513 2575/2575/2575 2512/2512/2512
f 2513/2513/2513 2576/2576/2576 2577/2577/2577
f 2514/2514/2514 2576/2576/2576 2515/2515/2515
f 2516/2516/2516 2578/2578/2578 2514/2514/2514
f 2517/2517/2517 2579/2579/2579 2516/2516/2516
f 2518/2518/2518 2580/2580/2580 2517/2517/2517
f 2518/2518/2518 2581/2581/2581 2582/2582/2582
f 2519/2519/2519 2583/2583/2583 2581/2581/2581
f 2521/2521/2521 2584/2584/2584 2583/2583/2583
f 2522/2522/2522 2584/2584/2584 2520/2520/2520
f 2523/2523/2523 2585/2585/2585 2522/2522/2522
f 2524/2524/2524 2586/2586/2586 2523/2523/2523
f 2525/2525/2525 2587/2587/2587 2524/2524/2524
f 2526/2526/2526 2588/2588/2588 2525/2525/2525
f 2527/2527/2527 2589/2589/2589 2526/2526/2526
f 2528/2528/2528 2590/2590/2590 2527/2527/2527
f 2529/2529/2529 2591/2591/2591 2528/2528/2528
f 2531/2531/2531 2592/2592/2592 2529/2529/2529
f 2530/2530/2530 2593/2593/2593 2531/2531/2531
f 2530/2530/2530 2594/2594/2594 2595/2595/2595
f 2532/2532/2532 2596/2596/2596 2594/2594/2594
f 2533/2533/2533 2596/2596/2596 2534/2534/2534
f 2533/2533/2533 2597/2597/2597 2598/2598/2598
f 2535/2535/2535 2599/2599/2599 2597/2597/2597
f 2537/2537/2537 2600/2600/2600 2599/2599/2599
f 2536/2536/2536 2601/2601/2601 2600/2600/2600
f 2538/2538/2538 2602/2602/2602 2601/2601/2601
f 2541/2541/2541 2602/2602/2602 2539/2539/2539
f 2541/2541/2541 2603/2603/2603 2604/2604/2604
f 2542/2542/2542 2603/2603/2603 2540/2540/2540
f 2543/2543/2543 2605/2605/2605 2542/2542/2542
f 2545/2545/2545 2606/2606/2606 2543/2543/2543
f 2544/2544/2544 2607/2607/2607 2545/2545/2545
f 2544/2544/2544 2608/2608/2608 2609/2609/2609
f 2546/2546/2546 2610/2610/2610 2608/2608/2608
f 2549/2549/2549 2610/2610/2610 2547/2547/2547
f 2548/2548/2548 2611/2611/2611 2549/2549/2549
f 2550/2550/2550 2612/2612/2612 2548/2548/2548
f 2550/2550/2550 2613/2613/2613 2614/2614/2614
f 2551/2551/2551 2615/2615/2615 2613/2613/2613
f 2552/2552/2552 2616/2616/2616 2615/2615/2615
f 2553/2553/2553 2617/2617/2617 2616/2616/2616
f 2555/2555/2555 2617/2617/2617 2554/2554/2554
f 2555/2555/2555 2618/2618/2618 2619/2619/2619
f 2557/2557/2557 2618/2618/2618 2556/2556/2556
f 2557/2557/2557 2620/2620/2620 2621/2621/2621
f 2558/2558/2558 2622/2622/2622 2620/2620/2620
f 2560/2560/2560 2623/2623/2623 2622/2622/2622
f 2559/2559/2559 2624/2624/2624 2623/2623/2623
f 2561/2561/2561 2625/2625/2625 2624/2624/2624
f 2562/2562/2562 2625/2625/2625 2563/2563/2563
f 2564/2564/2564 2626/2626/2626 2562/2562/2562
f 2565/2565/2565 2627/2627/2627 2564/2564/2564
f 2566/2566/2566 2628/2628/2628 2565/2565/2565
f 2566/2566/2566 2629/2629/2629 2630/2630/2630
f 2567/2567/2567 2631/2631/2631 2629/2629/2629
f 2569/2569/2569 2632/2632/2632 2631/2631/2631
f 2571/2571/2571 2632/2632/2632 2568/2568/2568
f 2570/2570/2570 2633/2633/2633 2571/2571/2571
f 2572/2572/2572 2634/2634/2634 2573/2573/2573
f 2574/2574/2574 2635/2635/2635 2572/2572/2572
f 2575/2575/2575 2636/2636/2636 2574/2574/2574
f 2575/2575/2575 2637/2637/2637 2638/2638/2638
f 2576/2576/2576 2637/2637/2637 2577/2577/2577
f 2578/2578/2578 2639/2639/2639 2576/2576/2576
f 2578/2578/2578 2640/2640/2640 2641/2641/2641
f 2579/2579/2579 2642/2642/2642 2640/2640/2640
f 2582/2582/2582 2642/2642/2642 2580/2580/2580
f 2582/2582/2582 2643/2643/2643 2644/2644/2644
f 2581/2581/2581 2645/2645/2645 2643/2643/2643
f 2583/2583/2583 2646/2646/2646 2645/2645/2645
f 2585/2585/2585 2646/2646/2646 2584/2584/2584
f 2585/2585/2585 2647/2647/2647 2648/2648/2648
f 2586/2586/2586 2649/2649/2649 2647/2647/2647
f 2587/2587/2587 2650/2650/2650 2649/2649/2649
f 2588/2588/2588 2651/2651/2651 2650/2650/2650
f 2589/2589/2589 2652/2652/2652 2651/2651/2651
f 2590/2590/2590 2653/2653/2653 2652/2652/2652
f 2591/2591/2591 2654/2654/2654 2653/2653/2653
f 2593/2593/2593 2654/2654/2654 2592/2592/2592
f 2595/2595/2595 2655/2655/2655 2593/2593/2593
f 2595/2595/2595 2656/2656/2656 2657/2657/2657
f 2594/2594/2594 2658/2658/2658 2656/2656/2656
f 2596/2596/2596 2659/2659/2659 2658/2658/2658
f 2597/2597/2597 2659/2659/2659 2598/2598/2598
f 2599/2599/2599 2660/2660/2660 2597/2597/2597
f 2599/2599/2599 2661/2661/2661 2662/2662/2662
f 2601/2601/2601 2661/2661/2661 2600/2600/2600
f 2601/2601/2601 2663/2663/2663 2664/2664/2664
f 2604/2604/2604 2663/2663/2663 2602/2602/2602
f 2603/2603/2603 2665/2665/2665 2604/2604/2604
f 2603/2603/2603 2666/2666/2666 2667/2667/2667
f 2605/2605/2605 2668/2668/2668 2666/2666/2666
f 2606/2606/2606 2669/2669/2669 2668/2668/2668
f 2607/2607/2607 2670/2670/2670 2669/2669/2669
f 2608/2608/2608 2670/2670/2670 2609/2609/2609
f 2610/2610/2610 2671/2671/2671 2608/2608/2608
f 2610/2610/2610 2672/2672/2672 2673/2673/2673
f 2612/2612/2612 2672/2672/2672 2611/2611/2611
f 2612/2612/2612 2674/2674/2674 2675/2675/2675
f 2614/2614/2614 2676/2676/2676 2674/2674/2674
f 2615/2615/2615 2676/2676/2676 2613/2613/2613
f 2616/2616/2616 2677/2677/2677 2615/2615/2615
f 2617/2617/2617 2678/2678/2678 2616/2616/2616
f 2617/2617/2617 2679/2679/2679 2680/2680/2680
f 2619/2619/2619 2681/2681/2681 2679/2679/2679
f 2618/2618/2618 2682/2682/2682 2681/2681/2681
f 2621/2621/2621 2683/2683/2683 2682/2682/2682
f 2620/2620/2620 2684/2684/2684 2683/2683/2683
f 2623/2623/2623 2684/2684/2684 2622/2622/2622
f 2624/2624/2624 2685/2685/2685 2623/2623/2623
f 2624/2624/2624 2686/2686/2686 2687/2687/2687
f 2626/2626/2626 2686/2686/2686 2625/2625/2625
f 2627/2627/2627 2688/2688/2688 2626/2626/2626
f 2628/2628/2628 2689/2689/2689 2627/2627/2627
f 2628/2628/2628 2690/2690/2690 2691/2691/2691
f 2629/2629/2629 2690/2690/2690 2630/2630/2630
f 2629/2629/2629 2692/2692/2692 2693/2693/2693
f 2631/2631/2631 2694/2694/2694 2692/2692/2692
f 2633/2633/2633 2694/2694/2694 2632/2632/2632
f 2695/2695/2695 2696/2696/2696 2633/2633/2633
f 2634/2634/2634 2697/2697/2697 2698/2698/2698
f 2635/2635/2635 2699/2699/2699 2697/2697/2697
f 2638/2638/2638 2699/2699/2699 2636/2636/2636
f 2637/2637/2637 2700/2700/2700 2638/2638/2638
f 2637/2637/2637 2701/2701/2701 2702/2702/2702
f 2639/2639/2639 2703/2703/2703 2701/2701/2701
f 2640/2640/2640 2703/2703/2703 2641/2641/2641
f 2640/2640/2640 2704/2704/2704 2705/2705/2705
f 2642/2642/2642 2706/2706/2706 2704/2704/2704
f 2644/2644/2644 2707/2707/2707 2706/2706/2706
f 2645/2645/2645 2707/2707/2707 2643/2643/2643
f 2645/2645/2645 2708/2708/2708 2709/2709/2709
f 2646/2646/2646 2710/2710/2710 2708/2708/2708
f 2648/2648/2648 2711/2711/2711 2710/2710/2710
f 2647/2647/2647 2712/2712/2712 2711/2711/2711
f 2650/2650/2650 2712/2712/2712 2649/2649/2649
f 2651/2651/2651 2713/2713/2713 2650/2650/2650
f 2652/2652/2652 2714/2714/2714 2651/2651/2651
f 2653/2653/2653 2715/2715/2715 2652/2652/2652
f 2653/2653/2653 2716/2716/2716 2717/2717/2717
f 2654/2654/2654 2718/2718/2718 2716/2716/2716
f 2657/2657/2657 2718/2718/2718 2655/2655/2655
f 2657/2657/2657 2719/2719/2719 2720/2720/2720
f 2656/2656/2656 2721/2721/2721 2719/2719/2719
f 2658/2658/2658 2722/2722/2722 2721/2721/2721
f 2659/2659/2659 2723/2723/2723 2722/2722/2722
f 2662/2662/2662 2723/2723/2723 2660/2660/2660
f 2661/2661/2661 2724/2724/2724 2662/2662/2662
f 2664/2664/2664 2725/2725/2725 2661/2661/2661
f 2664/2664/2664 2726/2726/2726 2727/2727/2727
f 2665/2665/2665 2726/2726/2726 2663/2663/2663
f 2665/2665/2665 2728/2728/2728 2729/2729/2729
f 2666/2666/2666 2728/2728/2728 2667/2667/2667
f 2666/2666/2666 2730/2730/2730 2731/2731/2731
f 2668/2668/2668 2732/2732/2732 2730/2730/2730
f 2670/2670/2670 2732/2732/2732 2669/2669/2669
f 2671/2671/2671 2733/2733/2733 2670/2670/2670
f 2673/2673/2673 2734/2734/2734 2671/2671/2671
f 2672/2672/2672 2735/2735/2735 2673/2673/2673
f 2675/2675/2675 2736/2736/2736 2672/2672/2672
f 2674/2674/2674 2737/2737/2737 2675/2675/2675
f 2676/2676/2676 2738/2738/2738 2674/2674/2674
f 2677/2677/2677 2739/2739/2739 2676/2676/2676
f 2677/2677/2677 2740/2740/2740 2741/2741/2741
f 2678/2678/2678 2742/2742/2742 2740/2740/2740
f 2680/2680/2680 2743/2743/2743 2742/2742/2742
f 2681/2681/2681 2743/2743/2743 2679/2679/2679
f 2682/2682/2682 2744/2744/2744 2681/2681/2681
f 2683/2683/2683 2745/2745/2745 2682/2682/2682
f 2684/2684/2684 2746/2746/2746 2683/2683/2683
f 2684/2684/2684 2747/2747/2747 2748/2748/2748
f 2685/2685/2685 2749/2749/2749 2747/2747/2747
f 2687/2687/2687 2750/2750/2750 2749/2749/2749
f 2688/2688/2688 2750/2750/2750 2686/2686/2686
f 2688/2688/2688 2751/2751/2751 2752/2752/2752
f 2689/2689/2689 2753/2753/2753 2751/2751/2751
f 2691/2691/2691 2754/2754/2754 2753/2753/2753
f 2693/2693/2693 2754/2754/2754 2690/2690/2690
f 2692/2692/2692 2755/2755/2755 2693/2693/2693
f 2692/2692/2692 2756/2756/2756 2757/2757/2757
f 2694/2694/2694 2758/2758/2758 2756/2756/2756
f 2696/2696/2696 2759/2759/2759 2758/2758/2758
f 2697/2697/2697 2760/2760/2760 2698/2698/2698
f 2699/2699/2699 2761/2761/2761 2697/2697/2697
f 2699/2699/2699 2762/2762/2762 2763/2763/2763
f 2702/2702/2702 2762/2762/2762 2700/2700/2700
f 2701/2701/2701 2764/2764/2764 2702/2702/2702
f 2701/2701/2701 2765/2765/2765 2766/2766/2766
f 2705/2705/2705 2765/2765/2765 2703/2703/2703
f 2704/2704/2704 2767/2767/2767 2705/2705/2705
f 2706/2706/2706 2768/2768/2768 2704/2704/2704
f 2707/2707/2707 2769/2769/2769 2706/2706/2706
f 2709/2709/2709 2770/2770/2770 2707/2707/2707
f 2708/2708/2708 2771/2771/2771 2709/2709/2709
f 2710/2710/2710 2772/2772/2772 2708/2708/2708
f 2710/2710/2710 2773/2773/2773 2774/2774/2774
f 2712/2712/2712 2773/2773/2773 2711/2711/2711
f 2713/2713/2713 2775/2775/2775 2712/2712/2712
f 2714/2714/2714 2776/2776/2776 2713/2713/2713
f 2715/2715/2715 2777/2777/2777 2714/2714/2714
f 2715/2715/2715 2778/2778/2778 2779/2779/2779
f 2716/2716/2716 2778/2778/2778 2717/2717/2717
f 2718/2718/2718 2780/2780/2780 2716/2716/2716
f 2720/2720/2720 2781/2781/2781 2718/2718/2718
f 2719/2719/2719 2782/2782/2782 2720/2720/2720
f 2721/2721/2721 2783/2783/2783 2719/2719/2719
f 2722/2722/2722 2784/2784/2784 2721/2721/2721
f 2723/2723/2723 2785/2785/2785 2722/2722/2722
f 2723/2723/2723 2786/2786/2786 2787/2787/2787
f 2724/2724/2724 2788/2788/2788 2786/2786/2786
f 2725/2725/2725 2789/2789/2789 2788/2788/2788
f 2727/2727/2727 2790/2790/2790 2789/2789/2789
f 2729/2729/2729 2790/2790/2790 2726/2726/2726
f 2728/2728/2728 2791/2791/2791 2729/2729/2729
f 2731/2731/2731 2792/2792/2792 2728/2728/2728
f 2730/2730/2730 2793/2793/2793 2731/2731/2731
f 2732/2732/2732 2794/2794/2794 2730/2730/2730
f 2732/2732/2732 2795/2795/2795 2796/2796/2796
f 2733/2733/2733 2797/2797/2797 2795/2795/2795
f 2734/2734/2734 2798/2798/2798 2797/2797/2797
f 2735/2735/2735 2799/2799/2799 2798/2798/2798
f 2736/2736/2736 2800/2800/2800 2799/2799/2799
f 2737/2737/2737 2801/2801/2801 2800/2800/2800
f 2739/2739/2739 2801/2801/2801 2738/2738/2738
f 2741/2741/2741 2802/2802/2802 2739/2739/2739
f 2740/2740/2740 2803/2803/2803 2741/2741/2741
f 2742/2742/2742 2804/2804/2804 2740/2740/2740
f 2742/2742/2742 2805/2805/2805 2806/2806/2806
f 2744/2744/2744 2805/2805/2805 2743/2743/2743
f 2744/2744/2744 2807/2807/2807 2808/2808/2808
f 2745/2745/2745 2809/2809/2809 2807/2807/2807
f 2746/2746/2746 2810/2810/2810 2809/2809/2809
f 2748/2748/2748 2811/2811/2811 2810/2810/2810
f 2747/2747/2747 2812/2812/2812 2811/2811/2811
f 2750/2750/2750 2812/2812/2812 2749/2749/2749
f 2750/2750/2750 2813/2813/2813 2814/2814/2814
f 2751/2751/2751 2813/2813/2813 2752/2752/2752
f 2753/2753/2753 2815/2815/2815 2751/2751/2751
f 2753/2753/2753 2816/2816/2816 2817/2817/2817
f 2754/2754/2754 2818/2818/2818 2816/2816/2816
f 2755/2755/2755 2819/2819/2819 2818/2818/2818
f 2757/2757/2757 2820/2820/2820 2819/2819/2819
f 2758/2758/2758 2820/2820/2820 2756/2756/2756
f 2759/2759/2759 2821/2821/2821 2758/2758/2758
f 2760/2760/2760 2822/2822/2822 2823/2823/2823
f 2761/2761/2761 2824/2824/2824 2822/2822/2822
f 2763/2763/2763 2825/2825/2825 2824/2824/2824
f 2762/2762/2762 2826/2826/2826 2825/2825/2825
f 2764/2764/2764 2827/2827/2827 2826/2826/2826
f 2766/2766/2766 2828/2828/2828 2827/2827/2827
f 2765/2765/2765 2829/2829/2829 2828/2828/2828
f 2767/2767/2767 2830/2830/2830 2829/2829/2829
f 2768/2768/2768 2831/2831/2831 2830/2830/2830
f 2770/2770/2770 2831/2831/2831 2769/2769/2769
f 2770/2770/2770 2832/2832/2832 2833/2833/2833
f 2771/2771/2771 2834/2834/2834 2832/2832/2832
f 2774/2774/2774 2834/2834/2834 2772/2772/2772
f 2773/2773/2773 2835/2835/2835 2774/2774/2774
f 2775/2775/2775 2836/2836/2836 2773/2773/2773
f 2776/2776/2776 2837/2837/2837 2775/2775/2775
f 2776/2776/2776 2838/2838/2838 2839/2839/2839
f 2777/2777/2777 2840/2840/2840 2838/2838/2838
f 2778/2778/2778 2840/2840/2840 2779/2779/2779
f 2778/2778/2778 2841/2841/2841 2842/2842/2842
f 2780/2780/2780 2843/2843/2843 2841/2841/2841
f 2781/2781/2781 2844/2844/2844 2843/2843/2843
f 2783/2783/2783 2844/2844/2844 2782/2782/2782
f 2783/2783/2783 2845/2845/2845 2846/2846/2846
f 2785/2785/2785 2845/2845/2845 2784/2784/2784
f 2785/2785/2785 2847/2847/2847 2848/2848/2848
f 2787/2787/2787 2849/2849/2849 2847/2847/2847
f 2788/2788/2788 2849/2849/2849 2786/2786/2786
f 2789/2789/2789 2850/2850/2850 2788/2788/2788
f 2790/2790/2790 2851/2851/2851 2789/2789/2789
f 2791/2791/2791 2852/2852/2852 2790/2790/2790
f 2791/2791/2791 2853/2853/2853 2854/2854/2854
f 2792/2792/2792 2855/2855/2855 2853/2853/2853
f 2793/2793/2793 2856/2856/2856 2855/2855/2855
f 2794/2794/2794 2857/2857/2857 2856/2856/2856
f 2795/2795/2795 2857/2857/2857 2796/2796/2796
f 2797/2797/2797 2858/2858/2858 2795/2795/2795
f 2798/2798/2798 2859/2859/2859 2797/2797/2797
f 2798/2798/2798 2860/2860/2860 2861/2861/2861
f 2799/2799/2799 2862/2862/2862 2860/2860/2860
f 2801/2801/2801 2862/2862/2862 2800/2800/2800
f 2802/2802/2802 2863/2863/2863 2801/2801/2801
f 2802/2802/2802 2864/2864/2864 2865/2865/2865
f 2803/2803/2803 2866/2866/2866 2864/2864/2864
f 2806/2806/2806 2866/2866/2866 2804/2804/2804
f 2806/2806/2806 2867/2867/2867 2868/2868/2868
f 2808/2808/2808 2867/2867/2867 2805/2805/2805
f 2808/2808/2808 2869/2869/2869 2870/2870/2870
f 2809/2809/2809 2869/2869/2869 2807/2807/2807
f 2809/2809/2809 2871/2871/2871 2872/2872/2872
f 2810/2810/2810 2873/2873/2873 2871/2871/2871
f 2812/2812/2812 2873/2873/2873 2811/2811/2811
f 2812/2812/2812 2874/2874/2874 2875/2875/2875
f 2814/2814/2814 2876/2876/2876 2874/2874/2874
f 2815/2815/2815 2876/2876/2876 2813/2813/2813
f 2817/2817/2817 2877/2877/2877 2815/2815/2815
f 2816/2816/2816 2878/2878/2878 2817/2817/2817
f 2818/2818/2818 2879/2879/2879 2816/2816/2816
f 2819/2819/2819 2880/2880/2880 2818/2818/2818
f 2820/2820/2820 2881/2881/2881 2819/2819/2819
f 2821/2821/2821 2882/2882/2882 2820/2820/2820
f 2821/2821/2821 2883/2883/2883 2884/2884/2884
f 2822/2822/2822 2885/2885/2885 2823/2823/2823
f 2824/2824/2824 2886/2886/2886 2822/2822/2822
f 2825/2825/2825 2887/2887/2887 2824/2824/2824
f 2826/2826/2826 2888/2888/2888 2825/2825/2825
f 2826/2826/2826 2889/2889/2889 2890/2890/2890
f 2828/2828/2828 2889/2889/2889 2827/2827/2827
f 2828/2828/2828 2891/2891/2891 2892/2892/2892
f 2829/2829/2829 2893/2893/2893 2891/2891/2891
f 2831/2831/2831 2893/2893/2893 2830/2830/2830
f 2831/2831/2831 2894/2894/2894 2895/2895/2895
f 2832/2832/2832 2894/2894/2894 2833/2833/2833
f 2834/2834/2834 2896/2896/2896 2832/2832/2832
f 2835/2835/2835 2897/2897/2897 2834/2834/2834
f 2835/2835/2835 2898/2898/2898 2899/2899/2899
f 2836/2836/2836 2900/2900/2900 2898/2898/2898
f 2839/2839/2839 2900/2900/2900 2837/2837/2837
f 2838/2838/2838 2901/2901/2901 2839/2839/2839
f 2838/2838/2838 2902/2902/2902 2903/2903/2903
f 2842/2842/2842 2902/2902/2902 2840/2840/2840
f 2841/2841/2841 2904/2904/2904 2842/2842/2842
f 2843/2843/2843 2905/2905/2905 2841/2841/2841
f 2843/2843/2843 2906/2906/2906 2907/2907/2907
f 2844/2844/2844 2908/2908/2908 2906/2906/2906
f 2846/2846/2846 2909/2909/2909 2908/2908/2908
f 2848/2848/2848 2909/2909/2909 2845/2845/2845
f 2847/2847/2847 2910/2910/2910 2848/2848/2848
f 2849/2849/2849 2911/2911/2911 2847/2847/2847
f 2849/2849/2849 2912/2912/2912 2913/2913/2913
f 2850/2850/2850 2914/2914/2914 2912/2912/2912
f 2852/2852/2852 2914/2914/2914 2851/2851/2851
f 2852/2852/2852 2915/2915/2915 2916/2916/2916
f 2854/2854/2854 2917/2917/2917 2915/2915/2915
f 2853/2853/2853 2918/2918/2918 2917/2917/2917
f 2856/2856/2856 2918/2918/2918 2855/2855/2855
f 2857/2857/2857 2919/2919/2919 2856/2856/2856
f 2858/2858/2858 2920/2920/2920 2857/2857/2857
f 2858/2858/2858 2921/2921/2921 2922/2922/2922
f 2859/2859/2859 2923/2923/2923 2921/2921/2921
f 2860/2860/2860 2923/2923/2923 2861/2861/2861
f 2862/2862/2862 2924/2924/2924 2860/2860/2860
f 2863/2863/2863 2925/2925/2925 2862/2862/2862
f 2863/2863/2863 2926/2926/2926 2927/2927/2927
f 2865/2865/2865 2928/2928/2928 2926/2926/2926
f 2866/2866/2866 2928/2928/2928 2864/2864/2864
f 2866/2866/2866 2929/2929/2929 2930/2930/2930
f 2868/2868/2868 2931/2931/2931 2929/2929/2929
f 2870/2870/2870 2931/2931/2931 2867/2867/2867
f 2870/2870/2870 2932/2932/2932 2933/2933/2933
f 2872/2872/2872 2932/2932/2932 2869/2869/2869
f 2871/2871/2871 2934/2934/2934 2872/2872/2872
f 2873/2873/2873 2935/2935/2935 2871/2871/2871
f 2875/2875/2875 2936/2936/2936 2873/2873/2873
f 2874/2874/2874 2937/2937/2937 2875/2875/2875
f 2874/2874/2874 2938/2938/2938 2939/2939/2939
f 2876/2876/2876 2940/2940/2940 2938/2938/2938
f 2877/2877/2877 2941/2941/2941 2940/2940/2940
f 2878/2878/2878 2942/2942/2942 2941/2941/2941
f 2879/2879/2879 2943/2943/2943 2942/2942/2942
f 2881/2881/2881 2943/2943/2943 2880/2880/2880
f 2881/2881/2881 2944/2944/2944 2945/2945/2945
f 2882/2882/2882 2946/2946/2946 2944/2944/2944
f 2884/2884/2884 2947/2947/2947 2946/2946/2946
f 2886/2886/2886 2948/2948/2948 2885/2885/2885
f 2887/2887/2887 2949/2949/2949 2886/2886/2886
f 2888/2888/2888 2950/2950/2950 2887/2887/2887
f 2890/2890/2890 2951/2951/2951 2888/2888/2888
f 2890/2890/2890 2952/2952/2952 2953/2953/2953
f 2889/2889/2889 2954/2954/2954 2952/2952/2952
f 2891/2891/2891 2954/2954/2954 2892/2892/2892
f 2893/2893/2893 2955/2955/2955 2891/2891/2891
f 2893/2893/2893 2956/2956/2956 2957/2957/2957
f 2894/2894/2894 2956/2956/2956 2895/2895/2895
f 2896/2896/2896 2958/2958/2958 2894/2894/2894
f 2896/2896/2896 2959/2959/2959 2960/2960/2960
f 2899/2899/2899 2959/2959/2959 2897/2897/2897
f 2898/2898/2898 2961/2961/2961 2899/2899/2899
f 2898/2898/2898 2962/2962/2962 2963/2963/2963
f 2901/2901/2901 2962/2962/2962 2900/2900/2900
f 2903/2903/2903 2964/2964/2964 2901/2901/2901
f 2903/2903/2903 2965/2965/2965 2966/2966/2966
f 2904/2904/2904 2965/2965/2965 2902/2902/2902
f 2905/2905/2905 2967/2967/2967 2904/2904/2904
f 2905/2905/2905 2968/2968/2968 2969/2969/2969
f 2906/2906/2906 2968/2968/2968 2907/2907/2907
f 2908/2908/2908 2970/2970/2970 2906/2906/2906
f 2909/2909/2909 2971/2971/2971 2908/2908/2908
f 2910/2910/2910 2972/2972/2972 2909/2909/2909
f 2911/2911/2911 2973/2973/2973 2910/2910/2910
f 2913/2913/2913 2974/2974/2974 2911/2911/2911
f 2913/2913/2913 2975/2975/2975 2976/2976/2976
f 2912/2912/2912 2977/2977/2977 2975/2975/2975
f 2914/2914/2914 2978/2978/2978 2977/2977/2977
f 2915/2915/2915 2978/2978/2978 2916/2916/2916
f 2917/2917/2917 2979/2979/2979 2915/2915/2915
f 2918/2918/2918 2980/2980/2980 2917/2917/2917
f 2919/2919/2919 2981/2981/2981 2918/2918/2918
f 2919/2919/2919 2982/2982/2982 2983/2983/2983
f 2920/2920/2920 2984/2984/2984 2982/2982/2982
f 2921/2921/2921 2984/2984/2984 2922/2922/2922
f 2921/2921/2921 2985/2985/2985 2986/2986/2986
f 2924/2924/2924 2985/2985/2985 2923/2923/2923
f 2925/2925/2925 2987/2987/2987 2924/2924/2924
f 2925/2925/2925 2988/2988/2988 2989/2989/2989
f 2926/2926/2926 2988/2988/2988 2927/2927/2927
f 2926/2926/2926 2990/2990/2990 2991/2991/2991
f 2928/2928/2928 2992/2992/2992 2990/2990/2990
f 2930/2930/2930 2993/2993/2993 2992/2992/2992
f 2929/2929/2929 2994/2994/2994 2993/2993/2993
f 2931/2931/2931 2995/2995/2995 2994/2994/2994
f 2933/2933/2933 2996/2996/2996 2995/2995/2995
f 2932/2932/2932 2997/2997/2997 2996/2996/2996
f 2934/2934/2934 2998/2998/2998 2997/2997/2997
f 2936/2936/2936 2998/2998/2998 2935/2935/2935
f 2936/2936/2936 2999/2999/2999 3000/3000/3000
f 2937/2937/2937 3001/3001/3001 2999/2999/2999
f 2939/2939/2939 3002/3002/3002 3001/3001/3001
f 2938/2938/2938 3003/3003/3003 3002/3002/3002
f 2940/2940/2940 3004/3004/3004 3003/3003/3003
f 2942/2942/2942 3004/3004/3004 2941/2941/2941
f 2942/2942/2942 3005/3005/3005 3006/3006/3006
f 2943/2943/2943 3007/3007/3007 3005/3005/3005
f 2945/2945/2945 3008/3008/3008 3007/3007/3007
f 2946/2946/2946 3008/3008/3008 2944/2944/2944
f 2947/2947/2947 3009/3009/3009 2946/2946/2946
f 2949/2949/2949 3010/3010/3010 2948/2948/2948
f 2949/2949/2949 3011/3011/3011 3012/3012/3012
f 2950/2950/2950 3013/3013/3013 3011/3011/3011
f 2953/2953/2953 3013/3013/3013 2951/2951/2951
f 2952/2952/2952 3014/3014/3014 2953/2953/2953
f 2954/2954/2954 3015/3015/3015 2952/2952/2952
f 2954/2954/2954 3016/3016/3016 3017/3017/3017
f 2957/2957/2957 3016/3016/3016 2955/2955/2955
f 2957/2957/2957 3018/3018/3018 3019/3019/3019
f 2958/2958/2958 3018/3018/3018 2956/2956/2956
f 2958/2958/2958 3020/3020/3020 3021/3021/3021
f 2959/2959/2959 3020/3020/3020 2960/2960/2960
f 2959/2959/2959 3022/3022/3022 3023/3023/3023
f 2963/2963/2963 3022/3022/3022 2961/2961/2961
f 2962/2962/2962 3024/3024/3024 2963/2963/2963
f 2962/2962/2962 3025/3025/3025 3026/3026/3026
f 2966/2966/2966 3025/3025/3025 2964/2964/2964
f 2965/2965/2965 3027/3027/3027 2966/2966/2966
f 2965/2965/2965 3028/3028/3028 3029/3029/3029
f 2969/2969/2969 3028/3028/3028 2967/2967/2967
f 2968/2968/2968 3030/3030/3030 2969/2969/2969
f 2970/2970/2970 3031/3031/3031 2968/2968/2968
f 2970/2970/2970 3032/3032/3032 3033/3033/3033
f 2972/2972/2972 3032/3032/3032 2971/2971/2971
f 2972/2972/2972 3034/3034/3034 3035/3035/3035
f 2973/2973/2973 3036/3036/3036 3034/3034/3034
f 2976/2976/2976 3036/3036/3036 2974/2974/2974
f 2975/2975/2975 3037/3037/3037 2976/2976/2976
f 2977/2977/2977 3038/3038/3038 2975/2975/2975
f 2978/2978/2978 3039/3039/3039 2977/2977/2977
f 2979/2979/2979 3040/3040/3040 2978/2978/2978
f 2980/2980/2980 3041/3041/3041 2979/2979/2979
f 2980/2980/2980 3042/3042/3042 3043/3043/3043
f 2981/2981/2981 3044/3044/3044 3042/3042/3042
f 2982/2982/2982 3044/3044/3044 2983/2983/2983
f 2984/2984/2984 3045/3045/3045 2982/2982/2982
f 2986/2986/2986 3046/3046/3046 2984/2984/2984
f 2985/2985/2985 3047/3047/3047 2986/2986/2986
f 2985/2985/2985 3048/3048/3048 3049/3049/3049
f 2989/2989/2989 3048/3048/3048 2987/2987/2987
f 2989/2989/2989 3050/3050/3050 3051/3051/3051
f 2991/2991/2991 3050/3050/3050 2988/2988/2988
f 2990/2990/2990 3052/3052/3052 2991/2991/2991
f 2992/2992/2992 3053/3053/3053 2990/2990/2990
f 2993/2993/2993 3054/3054/3054 2992/2992/2992
f 2993/2993/2993 3055/3055/3055 3056/3056/3056
f 2995/2995/2995 3055/3055/3055 2994/2994/2994
f 2996/2996/2996 3057/3057/3057 2995/2995/2995
f 2997/2997/2997 3058/3058/3058 2996/2996/2996
f 2998/2998/2998 3059/3059/3059 2997/2997/2997
f 3000/3000/3000 3060/3060/3060 2998/2998/2998
f 2999/2999/2999 3061/3061/3061 3000/3000/3000
f 3001/3001/3001 3062/3062/3062 2999/2999/2999
f 3002/3002/3002 3063/3063/3063 3001/3001/3001
f 3003/3003/3003 3064/3064/3064 3002/3002/3002
f 3004/3004/3004 3065/3065/3065 3003/3003/3003
f 3006/3006/3006 3066/3066/3066 3004/3004/3004
f 3006/3006/3006 3067/3067/3067 3068/3068/3068
f 3007/3007/3007 3067/3067/3067 3005/3005/3005
f 3008/3008/3008 3069/3069/3069 3007/3007/3007
f 3009/3009/3009 3070/3070/3070 3008/3008/3008
f 3071/3071/3071 3072/3072/3072 3009/3009/3009
f 3012/3012/3012 3073/3073/3073 3010/3010/3010
f 3011/3011/3011 3074/3074/3074 3012/3012/3012
f 3011/3011/3011 3075/3075/3075 3076/3076/3076
f 3013/3013/3013 3077/3077/3077 3075/3075/3075
f 3014/3014/3014 3078/3078/3078 3077/3077/3077
f 3015/3015/3015 3079/3079/3079 3078/3078/3078
f 3016/3016/3016 3079/3079/3079 3017/3017/3017
f 3019/3019/3019 3080/3080/3080 3016/3016/3016
f 3019/3019/3019 3081/3081/3081 3082/3082/3082
f 3018/3018/3018 3083/3083/3083 3081/3081/3081
f 3021/3021/3021 3084/3084/3084 3083/3083/3083
f 3020/3020/3020 3085/3085/3085 3084/3084/3084
f 3023/3023/3023 3086/3086/3086 3085/3085/3085
f 3022/3022/3022 3087/3087/3087 3086/3086/3086
f 3026/3026/3026 3087/3087/3087 3024/3024/3024
f 3025/3025/3025 3088/3088/3088 3026/3026/3026
f 3025/3025/3025 3089/3089/3089 3090/3090/3090
f 3027/3027/3027 3091/3091/3091 3089/3089/3089
f 3028/3028/3028 3091/3091/3091 3029/3029/3029
f 3030/3030/3030 3092/3092/3092 3028/3028/3028
f 3030/3030/3030 3093/3093/3093 3094/3094/3094
f 3031/3031/3031 3095/3095/3095 3093/3093/3093
f 3032/3032/3032 3095/3095/3095 3033/3033/3033
f 3035/3035/3035 3096/3096/3096 3032/3032/3032
f 3034/3034/3034 3097/3097/3097 3035/3035/3035
f 3036/3036/3036 3098/3098/3098 3034/3034/3034
f 3037/3037/3037 3099/3099/3099 3036/3036/3036
f 3037/3037/3037 3100/3100/3100 3101/3101/3101
f 3038/3038/3038 3102/3102/3102 3100/3100/3100
f 3039/3039/3039 3103/3103/3103 3102/3102/3102
f 3041/3041/3041 3103/3103/3103 3040/3040/3040
f 3041/3041/3041 3104/3104/3104 3105/3105/3105
f 3042/3042/3042 3104/3104/3104 3043/3043/3043
f 3044/3044/3044 3106/3106/3106 3042/3042/3042
f 3045/3045/3045 3107/3107/3107 3044/3044/3044
f 3046/3046/3046 3108/3108/3108 3045/3045/3045
f 3046/3046/3046 3109/3109/3109 3110/3110/3110
f 3047/3047/3047 3111/3111/3111 3109/3109/3109
f 3049/3049/3049 3112/3112/3112 3111/3111/3111
f 3051/3051/3051 3112/3112/3112 3048/3048/3048
f 3051/3051/3051 3113/3113/3113 3114/3114/3114
f 3052/3052/3052 3113/3113/3113 3050/3050/3050
f 3052/3052/3052 3115/3115/3115 3116/3116/3116
f 3053/3053/3053 3117/3117/3117 3115/3115/3115
f 3054/3054/3054 3118/3118/3118 3117/3117/3117
f 3055/3055/3055 3118/3118/3118 3056/3056/3056
f 3057/3057/3057 3119/3119/3119 3055/3055/3055
f 3057/3057/3057 3120/3120/3120 3121/3121/3121
f 3058/3058/3058 3122/3122/3122 3120/3120/3120
f 3059/3059/3059 3123/3123/3123 3122/3122/3122
f 3060/3060/3060 3124/3124/3124 3123/3123/3123
f 3061/3061/3061 3125/3125/3125 3124/3124/3124
f 3063/3063/3063 3125/3125/3125 3062/3062/3062
f 3063/3063/3063 3126/3126/3126 3127/3127/3127
f 3064/3064/3064 3128/3128/3128 3126/3126/3126
f 3065/3065/3065 3129/3129/3129 3128/3128/3128
f 3068/3068/3068 3129/3129/3129 3066/3066/3066
f 3067/3067/3067 3130/3130/3130 3068/3068/3068
f 3069/3069/3069 3131/3131/3131 3067/3067/3067
f 3069/3069/3069 3132/3132/3132 3133/3133/3133
f 3070/3070/3070 3134/3134/3134 3132/3132/3132
f 3135/3135/3135 3134/3134/3134 3072/3072/3072
f 3073/3073/3073 3136/3136/3136 3137/3137/3137
f 3076/3076/3076 3136/3136/3136 3074/3074/3074
f 3075/3075/3075 3138/3138/3138 3076/3076/3076
f 3077/3077/3077 3139/3139/3139 3075/3075/3075
f 3078/3078/3078 3140/3140/3140 3077/3077/3077
f 3079/3079/3079 3141/3141/3141 3078/3078/3078
f 3079/3079/3079 3142/3142/3142 3143/3143/3143
f 3080/3080/3080 3144/3144/3144 3142/3142/3142
f 3081/3081/3081 3144/3144/3144 3082/3082/3082
f 3083/3083/3083 3145/3145/3145 3081/3081/3081
f 3084/3084/3084 3146/3146/3146 3083/3083/3083
f 3085/3085/3085 3147/3147/3147 3084/3084/3084
f 3085/3085/3085 3148/3148/3148 3149/3149/3149
f 3087/3087/3087 3148/3148/3148 3086/3086/3086
f 3088/3088/3088 3150/3150/3150 3087/3087/3087
f 3088/3088/3088 3151/3151/3151 3152/3152/3152
f 3090/3090/3090 3153/3153/3153 3151/3151/3151
f 3091/3091/3091 3153/3153/3153 3089/3089/3089
f 3091/3091/3091 3154/3154/3154 3155/3155/3155
f 3094/3094/3094 3154/3154/3154 3092/3092/3092
f 3093/3093/3093 3156/3156/3156 3094/3094/3094
f 3093/3093/3093 3157/3157/3157 3158/3158/3158
f 3096/3096/3096 3157/3157/3157 3095/3095/3095
f 3097/3097/3097 3159/3159/3159 3096/3096/3096
f 3097/3097/3097 3160/3160/3160 3161/3161/3161
f 3099/3099/3099 3160/3160/3160 3098/3098/3098
f 3099/3099/3099 3162/3162/3162 3163/3163/3163
f 3101/3101/3101 3164/3164/3164 3162/3162/3162
f 3100/3100/3100 3165/3165/3165 3164/3164/3164
f 3102/3102/3102 3166/3166/3166 3165/3165/3165
f 3105/3105/3105 3166/3166/3166 3103/3103/3103
f 3105/3105/3105 3167/3167/3167 3168/3168/3168
f 3106/3106/3106 3167/3167/3167 3104/3104/3104
f 3107/3107/3107 3169/3169/3169 3106/3106/3106
f 3108/3108/3108 3170/3170/3170 3107/3107/3107
f 3110/3110/3110 3171/3171/3171 3108/3108/3108
f 3110/3110/3110 3172/3172/3172 3173/3173/3173
f 3111/3111/3111 3172/3172/3172 3109/3109/3109
f 3112/3112/3112 3174/3174/3174 3111/3111/3111
f 3112/3112/3112 3175/3175/3175 3176/3176/3176
f 3114/3114/3114 3177/3177/3177 3175/3175/3175
f 3113/3113/3113 3178/3178/3178 3177/3177/3177
f 3115/3115/3115 3178/3178/3178 3116/3116/3116
f 3117/3117/3117 3179/3179/3179 3115/3115/3115
f 3118/3118/3118 3180/3180/3180 3117/3117/3117
f 3119/3119/3119 3181/3181/3181 3118/3118/3118
f 3119/3119/3119 3182/3182/3182 3183/3183/3183
f 3121/3121/3121 3184/3184/3184 3182/3182/3182
f 3120/3120/3120 3185/3185/3185 3184/3184/3184
f 3122/3122/3122 3186/3186/3186 3185/3185/3185
f 3123/3123/3123 3187/3187/3187 3186/3186/3186
f 3125/3125/3125 3187/3187/3187 3124/3124/3124
f 3125/3125/3125 3188/3188/3188 3189/3189/3189
f 3127/3127/3127 3190/3190/3190 3188/3188/3188
f 3126/3126/3126 3191/3191/3191 3190/3190/3190
f 3128/3128/3128 3192/3192/3192 3191/3191/3191
f 3130/3130/3130 3192/3192/3192 3129/3129/3129
f 3130/3130/3130 3193/3193/3193 3194/3194/3194
f 3131/3131/3131 3195/3195/3195 3193/3193/3193
f 3133/3133/3133 3196/3196/3196 3195/3195/3195
f 3134/3134/3134 3196/3196/3196 3132/3132/3132
f 3197/3197/3197 3198/3198/3198 3134/3134/3134
f 3136/3136/3136 3199/3199/3199 3137/3137/3137
f 3136/3136/3136 3200/3200/3200 3201/3201/3201
f 3138/3138/3138 3202/3202/3202 3200/3200/3200
f 3140/3140/3140 3202/3202/3202 3139/3139/3139
f 3140/3140/3140 3203/3203/3203 3204/3204/3204
f 3143/3143/3143 3203/3203/3203 3141/3141/3141
f 3143/3143/3143 3205/3205/3205 3206/3206/3206
f 3142/3142/3142 3207/3207/3207 3205/3205/3205
f 3144/3144/3144 3208/3208/3208 3207/3207/3207
f 3145/3145/3145 3209/3209/3209 3208/3208/3208
f 3146/3146/3146 3210/3210/3210 3209/3209/3209
f 3149/3149/3149 3210/3210/3210 3147/3147/3147
f 3149/3149/3149 3211/3211/3211 3212/3212/3212
f 3148/3148/3148 3213/3213/3213 3211/3211/3211
f 3150/3150/3150 3214/3214/3214 3213/3213/3213
f 3152/3152/3152 3215/3215/3215 3214/3214/3214
f 3153/3153/3153 3215/3215/3215 3151/3151/3151
f 3153/3153/3153 3216/3216/3216 3217/3217/3217
f 3155/3155/3155 3218/3218/3218 3216/3216/3216
f 3154/3154/3154 3219/3219/3219 3218/3218/3218
f 3156/3156/3156 3220/3220/3220 3219/3219/3219
f 3157/3157/3157 3220/3220/3220 3158/3158/3158
f 3157/3157/3157 3221/3221/3221 3222/3222/3222
f 3161/3161/3161 3221/3221/3221 3159/3159/3159
f 3161/3161/3161 3223/3223/3223 3224/3224/3224
f 3160/3160/3160 3225/3225/3225 3223/3223/3223
f 3163/3163/3163 3226/3226/3226 3225/3225/3225
f 3164/3164/3164 3226/3226/3226 3162/3162/3162
f 3164/3164/3164 3227/3227/3227 3228/3228/3228
f 3166/3166/3166 3227/3227/3227 3165/3165/3165
f 3168/3168/3168 3229/3229/3229 3166/3166/3166
f 3167/3167/3167 3230/3230/3230 3168/3168/3168
f 3167/3167/3167 3231/3231/3231 3232/3232/3232
f 3169/3169/3169 3233/3233/3233 3231/3231/3231
f 3170/3170/3170 3234/3234/3234 3233/3233/3233
f 3173/3173/3173 3234/3234/3234 3171/3171/3171
f 3172/3172/3172 3235/3235/3235 3173/3173/3173
f 3174/3174/3174 3236/3236/3236 3172/3172/3172
f 3174/3174/3174 3237/3237/3237 3238/3238/3238
f 3175/3175/3175 3237/3237/3237 3176/3176/3176
f 3177/3177/3177 3239/3239/3239 3175/3175/3175
f 3178/3178/3178 3240/3240/3240 3177/3177/3177
f 3179/3179/3179 3241/3241/3241 3178/3178/3178
f 3179/3179/3179 3242/3242/3242 3243/3243/3243
f 3181/3181/3181 3242/3242/3242 3180/3180/3180
f 3181/3181/3181 3244/3244/3244 3245/3245/3245
f 3183/3183/3183 3246/3246/3246 3244/3244/3244
f 3184/3184/3184 3246/3246/3246 3182/3182/3182
f 3185/3185/3185 3247/3247/3247 3184/3184/3184
f 3186/3186/3186 3248/3248/3248 3185/3185/3185
f 3187/3187/3187 3249/3249/3249 3186/3186/3186
f 3189/3189/3189 3250/3250/3250 3187/3187/3187
f 3188/3188/3188 3251/3251/3251 3189/3189/3189
f 3190/3190/3190 3252/3252/3252 3188/3188/3188
f 3191/3191/3191 3253/3253/3253 3190/3190/3190
f 3192/3192/3192 3254/3254/3254 3191/3191/3191
f 3192/3192/3192 3255/3255/3255 3256/3256/3256
f 3193/3193/3193 3255/3255/3255 3194/3194/3194
f 3195/3195/3195 3257/3257/3257 3193/3193/3193
f 3196/3196/3196 3258/3258/3258 3195/3195/3195
f 3196/3196/3196 3259/3259/3259 3260/3260/3260
f 3198/3198/3198 3261/3261/3261 3259/3259/3259
f 3199/3199/3199 3262/3262/3262 3263/3263/3263
f 3201/3201/3201 3264/3264/3264 3262/3262/3262
f 3200/3200/3200 3265/3265/3265 3264/3264/3264
f 3202/3202/3202 3266/3266/3266 3265/3265/3265
f 3204/3204/3204 3267/3267/3267 3266/3266/3266
f 3206/3206/3206 3267/3267/3267 3203/3203/3203
f 3206/3206/3206 3268/3268/3268 3269/3269/3269
f 3207/3207/3207 3268/3268/3268 3205/3205/3205
f 3208/3208/3208 3270/3270/3270 3207/3207/3207
f 3209/3209/3209 3271/3271/3271 3208/3208/3208
f 3210/3210/3210 3272/3272/3272 3209/3209/3209
f 3212/3212/3212 3273/3273/3273 3210/3210/3210
f 3211/3211/3211 3274/3274/3274 3212/3212/3212
f 3213/3213/3213 3275/3275/3275 3211/3211/3211
f 3214/3214/3214 3276/3276/3276 3213/3213/3213
f 3215/3215/3215 3277/3277/3277 3214/3214/3214
f 3217/3217/3217 3278/3278/3278 3215/3215/3215
f 3216/3216/3216 3279/3279/3279 3217/3217/3217
f 3218/3218/3218 3280/3280/3280 3216/3216/3216
f 3219/3219/3219 3281/3281/3281 3218/3218/3218
f 3220/3220/3220 3282/3282/3282 3219/3219/3219
f 3222/3222/3222 3283/3283/3283 3220/3220/3220
f 3222/3222/3222 3284/3284/3284 3285/3285/3285
f 3221/3221/3221 3286/3286/3286 3284/3284/3284
f 3223/3223/3223 3286/3286/3286 3224/3224/3224
f 3225/3225/3225 3287/3287/3287 3223/3223/3223
f 3225/3225/3225 3288/3288/3288 3289/3289/3289
f 3228/3228/3228 3288/3288/3288 3226/3226/3226
f 3227/3227/3227 3290/3290/3290 3228/3228/3228
f 3229/3229/3229 3291/3291/3291 3227/3227/3227
f 3229/3229/3229 3292/3292/3292 3293/3293/3293
f 3230/3230/3230 3294/3294/3294 3292/3292/3292
f 3232/3232/3232 3295/3295/3295 3294/3294/3294
f 3231/3231/3231 3296/3296/3296 3295/3295/3295
f 3234/3234/3234 3296/3296/3296 3233/3233/3233
f 3235/3235/3235 3297/3297/3297 3234/3234/3234
f 3235/3235/3235 3298/3298/3298 3299/3299/3299
f 3238/3238/3238 3298/3298/3298 3236/3236/3236
f 3238/3238/3238 3300/3300/3300 3301/3301/3301
f 3239/3239/3239 3300/3300/3300 3237/3237/3237
f 3240/3240/3240 3302/3302/3302 3239/3239/3239
f 3240/3240/3240 3303/3303/3303 3304/3304/3304
f 3241/3241/3241 3305/3305/3305 3303/3303/3303
f 3242/3242/3242 3305/3305/3305 3243/3243/3243
f 3242/3242/3242 3306/3306/3306 3307/3307/3307
f 3245/3245/3245 3308/3308/3308 3306/3306/3306
f 3246/3246/3246 3308/3308/3308 3244/3244/3244
f 3246/3246/3246 3309/3309/3309 3310/3310/3310
f 3247/3247/3247 3311/3311/3311 3309/3309/3309
f 3248/3248/3248 3312/3312/3312 3311/3311/3311
f 3250/3250/3250 3312/3312/3312 3249/3249/3249
f 3251/3251/3251 3313/3313/3313 3250/3250/3250
f 3251/3251/3251 3314/3314/3314 3315/3315/3315
f 3252/3252/3252 3316/3316/3316 3314/3314/3314
f 3253/3253/3253 3317/3317/3317 3316/3316/3316
f 3254/3254/3254 3318/3318/3318 3317/3317/3317
f 3255/3255/3255 3318/3318/3318 3256/3256/3256
f 3257/3257/3257 3319/3319/3319 3255/3255/3255
f 3257/3257/3257 3320/3320/3320 3321/3321/3321
f 3260/3260/3260 3320/3320/3320 3258/3258/3258
f 3259/3259/3259 3322/3322/3322 3260/3260/3260
f 3261/3261/3261 3323/3323/3323 3259/3259/3259
f 3262/3262/3262 3324/3324/3324 3263/3263/3263
f 3264/3264/3264 3325/3325/3325 3262/3262/3262
f 3265/3265/3265 3326/3326/3326 3264/3264/3264
f 3266/3266/3266 3327/3327/3327 3265/3265/3265
f 3267/3267/3267 3328/3328/3328 3266/3266/3266
f 3269/3269/3269 3329/3329/3329 3267/3267/3267
f 3269/3269/3269 3330/3330/3330 3331/3331/3331
f 3268/3268/3268 3332/3332/3332 3330/3330/3330
f 3271/3271/3271 3332/3332/3332 3270/3270/3270
f 3272/3272/3272 3333/3333/3333 3271/3271/3271
f 3273/3273/3273 3334/3334/3334 3272/3272/3272
f 3274/3274/3274 3335/3335/3335 3273/3273/3273
f 3274/3274/3274 3336/3336/3336 3337/3337/3337
f 3276/3276/3276 3336/3336/3336 3275/3275/3275
f 3277/3277/3277 3338/3338/3338 3276/3276/3276
f 3278/3278/3278 3339/3339/3339 3277/3277/3277
f 3279/3279/3279 3340/3340/3340 3278/3278/3278
f 3279/3279/3279 3341/3341/3341 3342/3342/3342
f 3280/3280/3280 3343/3343/3343 3341/3341/3341
f 3281/3281/3281 3344/3344/3344 3343/3343/3343
f 3283/3283/3283 3344/3344/3344 3282/3282/3282
f 3283/3283/3283 3345/3345/3345 3346/3346/3346
f 3285/3285/3285 3347/3347/3347 3345/3345/3345
f 3286/3286/3286 3347/3347/3347 3284/3284/3284
f 3287/3287/3287 3348/3348/3348 3286/3286/3286
f 3289/3289/3289 3349/3349/3349 3287/3287/3287
f 3288/3288/3288 3350/3350/3350 3289/3289/3289
f 3288/3288/3288 3351/3351/3351 3352/3352/3352
f 3290/3290/3290 3353/3353/3353 3351/3351/3351
f 3291/3291/3291 3354/3354/3354 3353/3353/3353
f 3293/3293/3293 3355/3355/3355 3354/3354/3354
f 3292/3292/3292 3356/3356/3356 3355/3355/3355
f 3295/3295/3295 3356/3356/3356 3294/3294/3294
f 3296/3296/3296 3357/3357/3357 3295/3295/3295
f 3297/3297/3297 3358/3358/3358 3296/3296/3296
f 3297/3297/3297 3359/3359/3359 3360/3360/3360
f 3299/3299/3299 3361/3361/3361 3359/3359/3359
f 3301/3301/3301 3361/3361/3361 3298/3298/3298
f 3301/3301/3301 3362/3362/3362 3363/3363/3363
f 3300/3300/3300 3364/3364/3364 3362/3362/3362
f 3302/3302/3302 3365/3365/3365 3364/3364/3364
f 3304/3304/3304 3366/3366/3366 3365/3365/3365
f 3305/3305/3305 3366/3366/3366 3303/3303/3303
f 3307/3307/3307 3367/3367/3367 3305/3305/3305
f 3306/3306/3306 3368/3368/3368 3307/3307/3307
f 3308/3308/3308 3369/3369/3369 3306/3306/3306
f 3308/3308/3308 3370/3370/3370 3371/3371/3371
f 3310/3310/3310 3372/3372/3372 3370/3370/3370
f 3309/3309/3309 3373/3373/3373 3372/3372/3372
f 3311/3311/3311 3374/3374/3374 3373/3373/3373
f 3312/3312/3312 3375/3375/3375 3374/3374/3374
f 3313/3313/3313 3376/3376/3376 3375/3375/3375
f 3315/3315/3315 3377/3377/3377 3376/3376/3376
f 3314/3314/3314 3378/3378/3378 3377/3377/3377
f 3317/3317/3317 3378/3378/3378 3316/3316/3316
f 3317/3317/3317 3379/3379/3379 3380/3380/3380
f 3318/3318/3318 3381/3381/3381 3379/3379/3379
f 3319/3319/3319 3382/3382/3382 3381/3381/3381
f 3320/3320/3320 3382/3382/3382 3321/3321/3321
f 3322/3322/3322 3383/3383/3383 3320/3320/3320
f 3323/3323/3323 3384/3384/3384 3322/3322/3322
f 3323/3323/3323 3385/3385/3385 3386/3386/3386
f 3324/3324/3324 3387/3387/3387 3388/3388/3388
f 3326/3326/3326 3387/3387/3387 3325/3325/3325
f 3327/3327/3327 3389/3389/3389 3326/3326/3326
f 3327/3327/3327 3390/3390/3390 3391/3391/3391
f 3328/3328/3328 3392/3392/3392 3390/3390/3390
f 3331/3331/3331 3392/3392/3392 3329/3329/3329
f 3331/3331/3331 3393/3393/3393 3394/3394/3394
f 3330/3330/3330 3395/3395/3395 3393/3393/3393
f 3332/3332/3332 3396/3396/3396 3395/3395/3395
f 3334/3334/3334 3396/3396/3396 3333/3333/3333
f 3335/3335/3335 3397/3397/3397 3334/3334/3334
f 3337/3337/3337 3398/3398/3398 3335/3335/3335
f 3336/3336/3336 3399/3399/3399 3337/3337/3337
f 3338/3338/3338 3400/3400/3400 3336/3336/3336
f 3339/3339/3339 3401/3401/3401 3338/3338/3338
f 3339/3339/3339 3402/3402/3402 3403/3403/3403
f 3340/3340/3340 3404/3404/3404 3402/3402/3402
f 3342/3342/3342 3405/3405/3405 3404/3404/3404
f 3343/3343/3343 3405/3405/3405 3341/3341/3341
f 3344/3344/3344 3406/3406/3406 3343/3343/3343
f 3344/3344/3344 3407/3407/3407 3408/3408/3408
f 3345/3345/3345 3407/3407/3407 3346/3346/3346
f 3347/3347/3347 3409/3409/3409 3345/3345/3345
f 3347/3347/3347 3410/3410/3410 3411/3411/3411
f 3348/3348/3348 3412/3412/3412 3410/3410/3410
f 3349/3349/3349 3413/3413/3413 3412/3412/3412
f 3350/3350/3350 3414/3414/3414 3413/3413/3413
f 3351/3351/3351 3414/3414/3414 3352/3352/3352
f 3353/3353/3353 3415/3415/3415 3351/3351/3351
f 3354/3354/3354 3416/3416/3416 3353/3353/3353
f 3355/3355/3355 3417/3417/3417 3354/3354/3354
f 3355/3355/3355 3418/3418/3418 3419/3419/3419
f 3357/3357/3357 3418/3418/3418 3356/3356/3356
f 3357/3357/3357 3420/3420/3420 3421/3421/3421
f 3360/3360/3360 3420/3420/3420 3358/3358/3358
f 3359/3359/3359 3422/3422/3422 3360/3360/3360
f 3361/3361/3361 3423/3423/3423 3359/3359/3359
f 3363/3363/3363 3424/3424/3424 3361/3361/3361
f 3363/3363/3363 3425/3425/3425 3426/3426/3426
f 3364/3364/3364 3425/3425/3425 3362/3362/3362
f 3365/3365/3365 3427/3427/3427 3364/3364/3364
f 3366/3366/3366 3428/3428/3428 3365/3365/3365
f 3367/3367/3367 3429/3429/3429 3366/3366/3366
f 3367/3367/3367 3430/3430/3430 3431/3431/3431
f 3368/3368/3368 3432/3432/3432 3430/3430/3430
f 3369/3369/3369 3433/3433/3433 3432/3432/3432
f 3371/3371/3371 3434/3434/3434 3433/3433/3433
f 3370/3370/3370 3435/3435/3435 3434/3434/3434
f 3373/3373/3373 3435/3435/3435 3372/3372/3372
f 3374/3374/3374 3436/3436/3436 3373/3373/3373
f 3375/3375/3375 3437/3437/3437 3374/3374/3374
f 3375/3375/3375 3438/3438/3438 3439/3439/3439
f 3376/3376/3376 3440/3440/3440 3438/3438/3438
f 3378/3378/3378 3440/3440/3440 3377/3377/3377
f 3380/3380/3380 3441/3441/3441 3378/3378/3378
f 3379/3379/3379 3442/3442/3442 3380/3380/3380
f 3381/3381/3381 3443/3443/3443 3379/3379/3379
f 3382/3382/3382 3444/3444/3444 3381/3381/3381
f 3383/3383/3383 3445/3445/3445 3382/3382/3382
f 3383/3383/3383 3446/3446/3446 3447/3447/3447
f 3384/3384/3384 3448/3448/3448 3446/3446/3446
f 3385/3385/3385 3448/3448/3448 3386/3386/3386
f 3388/3388/3388 3449/3449/3449 3450/3450/3450
f 3387/3387/3387 3451/3451/3451 3449/3449/3449
f 3389/3389/3389 3452/3452/3452 3451/3451/3451
f 3390/3390/3390 3452/3452/3452 3391/3391/3391
f 3390/3390/3390 3453/3453/3453 3454/3454/3454
f 3392/3392/3392 3455/3455/3455 3453/3453/3453
f 3394/3394/3394 3456/3456/3456 3455/3455/3455
f 3393/3393/3393 3457/3457/3457 3456/3456/3456
f 3395/3395/3395 3458/3458/3458 3457/3457/3457
f 3397/3397/3397 3458/3458/3458 3396/3396/3396
f 3398/3398/3398 3459/3459/3459 3397/3397/3397
f 3399/3399/3399 3460/3460/3460 3398/3398/3398
f 3399/3399/3399 3461/3461/3461 3462/3462/3462
f 3400/3400/3400 3463/3463/3463 3461/3461/3461
f 3403/3403/3403 3463/3463/3463 3401/3401/3401
f 3402/3402/3402 3464/3464/3464 3403/3403/3403
f 3402/3402/3402 3465/3465/3465 3466/3466/3466
f 3405/3405/3405 3465/3465/3465 3404/3404/3404
f 3405/3405/3405 3467/3467/3467 3468/3468/3468
f 3406/3406/3406 3469/3469/3469 3467/3467/3467
f 3408/3408/3408 3470/3470/3470 3469/3469/3469
f 3409/3409/3409 3470/3470/3470 3407/3407/3407
f 3411/3411/3411 3471/3471/3471 3409/3409/3409
f 3411/3411/3411 3472/3472/3472 3473/3473/3473
f 3412/3412/3412 3472/3472/3472 3410/3410/3410
f 3412/3412/3412 3474/3474/3474 3475/3475/3475
f 3414/3414/3414 3474/3474/3474 3413/3413/3413
f 3415/3415/3415 3476/3476/3476 3414/3414/3414
f 3415/3415/3415 3477/3477/3477 3478/3478/3478
f 3416/3416/3416 3479/3479/3479 3477/3477/3477
f 3419/3419/3419 3479/3479/3479 3417/3417/3417
f 3419/3419/3419 3480/3480/3480 3481/3481/3481
f 3421/3421/3421 3480/3480/3480 3418/3418/3418
f 3420/3420/3420 3482/3482/3482 3421/3421/3421
f 3422/3422/3422 3483/3483/3483 3420/3420/3420
f 3422/3422/3422 3484/3484/3484 3485/3485/3485
f 3423/3423/3423 3486/3486/3486 3484/3484/3484
f 3426/3426/3426 3486/3486/3486 3424/3424/3424
f 3425/3425/3425 3487/3487/3487 3426/3426/3426
f 3425/3425/3425 3488/3488/3488 3489/3489/3489
f 3427/3427/3427 3490/3490/3490 3488/3488/3488
f 3429/3429/3429 3490/3490/3490 3428/3428/3428
f 3429/3429/3429 3491/3491/3491 3492/3492/3492
f 3431/3431/3431 3493/3493/3493 3491/3491/3491
f 3430/3430/3430 3494/3494/3494 3493/3493/3493
f 3433/3433/3433 3494/3494/3494 3432/3432/3432
f 3434/3434/3434 3495/3495/3495 3433/3433/3433
f 3435/3435/3435 3496/3496/3496 3434/3434/3434
f 3436/3436/3436 3497/3497/3497 3435/3435/3435
f 3437/3437/3437 3498/3498/3498 3436/3436/3436
f 3437/3437/3437 3499/3499/3499 3500/3500/3500
f 3438/3438/3438 3499/3499/3499 3439/3439/3439
f 3440/3440/3440 3501/3501/3501 3438/3438/3438
f 3440/3440/3440 3502/3502/3502 3503/3503/3503
f 3441/3441/3441 3504/3504/3504 3502/3502/3502
f 3443/3443/3443 3504/3504/3504 3442/3442/3442
f 3444/3444/3444 3505/3505/3505 3443/3443/3443
f 3444/3444/3444 3506/3506/3506 3507/3507/3507
f 3445/3445/3445 3508/3508/3508 3506/3506/3506
f 3446/3446/3446 3508/3508/3508 3447/3447/3447
f 3446/3446/3446 3509/3509/3509 3510/3510/3510
f 3448/3448/3448 3511/3511/3511 3509/3509/3509
f 3449/3449/3449 3512/3512/3512 3450/3450/3450
f 3451/3451/3451 3513/3513/3513 3449/3449/3449
f 3452/3452/3452 3514/3514/3514 3451/3451/3451
f 3454/3454/3454 3515/3515/3515 3452/3452/3452
f 3453/3453/3453 3516/3516/3516 3454/3454/3454
f 3455/3455/3455 3517/3517/3517 3453/3453/3453
f 3456/3456/3456 3518/3518/3518 3455/3455/3455
f 3456/3456/3456 3519/3519/3519 3520/3520/3520
f 3458/3458/3458 3519/3519/3519 3457/3457/3457
f 3458/3458/3458 3521/3521/3521 3522/3522/3522
f 3459/3459/3459 3523/3523/3523 3521/3521/3521
f 3460/3460/3460 3524/3524/3524 3523/3523/3523
f 3461/3461/3461 3524/3524/3524 3462/3462/3462
f 3463/3463/3463 3525/3525/3525 3461/3461/3461
f 3463/3463/3463 3526/3526/3526 3527/3527/3527
f 3466/3466/3466 3526/3526/3526 3464/3464/3464
f 3465/3465/3465 3528/3528/3528 3466/3466/3466
f 3468/3468/3468 3529/3529/3529 3465/3465/3465
f 3467/3467/3467 3530/3530/3530 3468/3468/3468
f 3469/3469/3469 3531/3531/3531 3467/3467/3467
f 3470/3470/3470 3532/3532/3532 3469/3469/3469
f 3470/3470/3470 3533/3533/3533 3534/3534/3534
f 3473/3473/3473 3533/3533/3533 3471/3471/3471
f 3473/3473/3473 3535/3535/3535 3536/3536/3536
f 3475/3475/3475 3535/3535/3535 3472/3472/3472
f 3474/3474/3474 3537/3537/3537 3475/3475/3475
f 3476/3476/3476 3538/3538/3538 3474/3474/3474
f 3476/3476/3476 3539/3539/3539 3540/3540/3540
f 3477/3477/3477 3539/3539/3539 3478/3478/3478
f 3479/3479/3479 3541/3541/3541 3477/3477/3477
f 3479/3479/3479 3542/3542/3542 3543/3543/3543
f 3480/3480/3480 3542/3542/3542 3481/3481/3481
f 3482/3482/3482 3544/3544/3544 3480/3480/3480
f 3483/3483/3483 3545/3545/3545 3482/3482/3482
f 3483/3483/3483 3546/3546/3546 3547/3547/3547
f 3484/3484/3484 3546/3546/3546 3485/3485/3485
f 3484/3484/3484 3548/3548/3548 3549/3549/3549
f 3486/3486/3486 3550/3550/3550 3548/3548/3548
f 3489/3489/3489 3550/3550/3550 3487/3487/3487
f 3489/3489/3489 3551/3551/3551 3552/3552/3552
f 3488/3488/3488 3553/3553/3553 3551/3551/3551
f 3490/3490/3490 3554/3554/3554 3553/3553/3553
f 3491/3491/3491 3554/3554/3554 3492/3492/3492
f 3491/3491/3491 3555/3555/3555 3556/3556/3556
f 3493/3493/3493 3557/3557/3557 3555/3555/3555
f 3494/3494/3494 3558/3558/3558 3557/3557/3557
f 3495/3495/3495 3559/3559/3559 3558/3558/3558
f 3497/3497/3497 3559/3559/3559 3496/3496/3496
f 3497/3497/3497 3560/3560/3560 3561/3561/3561
f 3498/3498/3498 3562/3562/3562 3560/3560/3560
f 3500/3500/3500 3563/3563/3563 3562/3562/3562
f 3499/3499/3499 3564/3564/3564 3563/3563/3563
f 3501/3501/3501 3565/3565/3565 3564/3564/3564
f 3503/3503/3503 3566/3566/3566 3565/3565/3565
f 3504/3504/3504 3566/3566/3566 3502/3502/3502
f 3505/3505/3505 3567/3567/3567 3504/3504/3504
f 3505/3505/3505 3568/3568/3568 3569/3569/3569
f 3506/3506/3506 3568/3568/3568 3507/3507/3507
f 3508/3508/3508 3570/3570/3570 3506/3506/3506
f 3508/3508/3508 3571/3571/3571 3572/3572/3572
f 3509/3509/3509 3571/3571/3571 3510/3510/3510
f 3509/3509/3509 3573/3573/3573 3574/3574/3574
f 3513/3513/3513 3575/3575/3575 3512/3512/3512
f 3513/3513/3513 3576/3576/3576 3577/3577/3577
f 3514/3514/3514 3578/3578/3578 3576/3576/3576
f 3516/3516/3516 3578/3578/3578 3515/3515/3515
f 3517/3517/3517 3579/3579/3579 3516/3516/3516
f 3518/3518/3518 3580/3580/3580 3517/3517/3517
f 3520/3520/3520 3581/3581/3581 3518/3518/3518
f 3520/3520/3520 3582/3582/3582 3583/3583/3583
f 3522/3522/3522 3582/3582/3582 3519/3519/3519
f 3521/3521/3521 3584/3584/3584 3522/3522/3522
f 3523/3523/3523 3585/3585/3585 3521/3521/3521
f 3524/3524/3524 3586/3586/3586 3523/3523/3523
f 3524/3524/3524 3587/3587/3587 3588/3588/3588
f 3527/3527/3527 3587/3587/3587 3525/3525/3525
f 3526/3526/3526 3589/3589/3589 3527/3527/3527
f 3528/3528/3528 3590/3590/3590 3526/3526/3526
f 3529/3529/3529 3591/3591/3591 3528/3528/3528
f 3530/3530/3530 3592/3592/3592 3529/3529/3529
f 3530/3530/3530 3593/3593/3593 3594/3594/3594
f 3531/3531/3531 3595/3595/3595 3593/3593/3593
f 3534/3534/3534 3595/3595/3595 3532/3532/3532
f 3533/3533/3533 3596/3596/3596 3534/3534/3534
f 3533/3533/3533 3597/3597/3597 3598/3598/3598
f 3535/3535/3535 3597/3597/3597 3536/3536/3536
f 3535/3535/3535 3599/3599/3599 3600/3600/3600
f 3537/3537/3537 3601/3601/3601 3599/3599/3599
f 3540/3540/3540 3601/3601/3601 3538/3538/3538
f 3539/3539/3539 3602/3602/3602 3540/3540/3540
f 3539/3539/3539 3603/3603/3603 3604/3604/3604
f 3543/3543/3543 3603/3603/3603 3541/3541/3541
f 3542/3542/3542 3605/3605/3605 3543/3543/3543
f 3544/3544/3544 3606/3606/3606 3542/3542/3542
f 3544/3544/3544 3607/3607/3607 3608/3608/3608
f 3545/3545/3545 3609/3609/3609 3607/3607/3607
f 3546/3546/3546 3609/3609/3609 3547/3547/3547
f 3549/3549/3549 3610/3610/3610 3546/3546/3546
f 3548/3548/3548 3611/3611/3611 3549/3549/3549
f 3550/3550/3550 3612/3612/3612 3548/3548/3548
f 3550/3550/3550 3613/3613/3613 3614/3614/3614
f 3551/3551/3551 3613/3613/3613 3552/3552/3552
f 3553/3553/3553 3615/3615/3615 3551/3551/3551
f 3553/3553/3553 3616/3616/3616 3617/3617/3617
f 3556/3556/3556 3616/3616/3616 3554/3554/3554
f 3556/3556/3556 3618/3618/3618 3619/3619/3619
f 3557/3557/3557 3618/3618/3618 3555/3555/3555
f 3558/3558/3558 3620/3620/3620 3557/3557/3557
f 3559/3559/3559 3621/3621/3621 3558/3558/3558
f 3561/3561/3561 3622/3622/3622 3559/3559/3559
f 3561/3561/3561 3623/3623/3623 3624/3624/3624
f 3560/3560/3560 3625/3625/3625 3623/3623/3623
f 3563/3563/3563 3625/3625/3625 3562/3562/3562
f 3564/3564/3564 3626/3626/3626 3563/3563/3563
f 3565/3565/3565 3627/3627/3627 3564/3564/3564
f 3566/3566/3566 3628/3628/3628 3565/3565/3565
f 3567/3567/3567 3629/3629/3629 3566/3566/3566
f 3567/3567/3567 3630/3630/3630 3631/3631/3631
f 3569/3569/3569 3632/3632/3632 3630/3630/3630
f 3568/3568/3568 3633/3633/3633 3632/3632/3632
f 3572/3572/3572 3633/3633/3633 3570/3570/3570
f 3571/3571/3571 3634/3634/3634 3572/3572/3572
f 3574/3574/3574 3635/3635/3635 3571/3571/3571
f 3574/3574/3574 3636/3636/3636 3637/3637/3637
f 3575/3575/3575 3638/3638/3638 3639/3639/3639
f 3576/3576/3576 3638/3638/3638 3577/3577/3577
f 3578/3578/3578 3640/3640/3640 3576/3576/3576
f 3578/3578/3578 3641/3641/3641 3642/3642/3642
f 3579/3579/3579 3643/3643/3643 3641/3641/3641
f 3581/3581/3581 3643/3643/3643 3580/3580/3580
f 3581/3581/3581 3644/3644/3644 3645/3645/3645
f 3583/3583/3583 3646/3646/3646 3644/3644/3644
f 3582/3582/3582 3647/3647/3647 3646/3646/3646
f 3585/3585/3585 3647/3647/3647 3584/3584/3584
f 3585/3585/3585 3648/3648/3648 3649/3649/3649
f 3586/3586/3586 3650/3650/3650 3648/3648/3648
f 3588/3588/3588 3651/3651/3651 3650/3650/3650
f 3587/3587/3587 3652/3652/3652 3651/3651/3651
f 3589/3589/3589 3653/3653/3653 3652/3652/3652
f 3591/3591/3591 3653/3653/3653 3590/3590/3590
f 3591/3591/3591 3654/3654/3654 3655/3655/3655
f 3592/3592/3592 3656/3656/3656 3654/3654/3654
f 3594/3594/3594 3657/3657/3657 3656/3656/3656
f 3593/3593/3593 3658/3658/3658 3657/3657/3657
f 3596/3596/3596 3658/3658/3658 3595/3595/3595
f 3598/3598/3598 3659/3659/3659 3596/3596/3596
f 3597/3597/3597 3660/3660/3660 3598/3598/3598
f 3597/3597/3597 3661/3661/3661 3662/3662/3662
f 3600/3600/3600 3663/3663/3663 3661/3661/3661
f 3601/3601/3601 3663/3663/3663 3599/3599/3599
f 3601/3601/3601 3664/3664/3664 3665/3665/3665
f 3602/3602/3602 3666/3666/3666 3664/3664/3664
f 3604/3604/3604 3667/3667/3667 3666/3666/3666
f 3603/3603/3603 3668/3668/3668 3667/3667/3667
f 3606/3606/3606 3668/3668/3668 3605/3605/3605
f 3606/3606/3606 3669/3669/3669 3670/3670/3670
f 3607/3607/3607 3669/3669/3669 3608/3608/3608
f 3609/3609/3609 3671/3671/3671 3607/3607/3607
f 3610/3610/3610 3672/3672/3672 3609/3609/3609
f 3610/3610/3610 3673/3673/3673 3674/3674/3674
f 3611/3611/3611 3675/3675/3675 3673/3673/3673
f 3612/3612/3612 3676/3676/3676 3675/3675/3675
f 3613/3613/3613 3676/3676/3676 3614/3614/3614
f 3615/3615/3615 3677/3677/3677 3613/3613/3613
f 3615/3615/3615 3678/3678/3678 3679/3679/3679
f 3617/3617/3617 3680/3680/3680 3678/3678/3678
f 3616/3616/3616 3681/3681/3681 3680/3680/3680
f 3619/3619/3619 3682/3682/3682 3681/3681/3681
f 3620/3620/3620 3682/3682/3682 3618/3618/3618
f 3620/3620/3620 3683/3683/3683 3684/3684/3684
f 3622/3622/3622 3683/3683/3683 3621/3621/3621
f 3622/3622/3622 3685/3685/3685 3686/3686/3686
f 3623/3623/3623 3685/3685/3685 3624/3624/3624
f 3623/3623/3623 3687/3687/3687 3688/3688/3688
f 3625/3625/3625 3689/3689/3689 3687/3687/3687
f 3626/3626/3626 3690/3690/3690 3689/3689/3689
f 3627/3627/3627 3691/3691/3691 3690/3690/3690
f 3629/3629/3629 3691/3691/3691 3628/3628/3628
f 3631/3631/3631 3692/3692/3692 3629/3629/3629
f 3631/3631/3631 3693/3693/3693 3694/3694/3694
f 3630/3630/3630 3695/3695/3695 3693/3693/3693
f 3633/3633/3633 3695/3695/3695 3632/3632/3632
f 3633/3633/3633 3696/3696/3696 3697/3697/3697
f 3634/3634/3634 3698/3698/3698 3696/3696/3696
f 3635/3635/3635 3699/3699/3699 3698/3698/3698
f 3636/3636/3636 3699/3699/3699 3637/3637/3637
f 3638/3638/3638 3700/3700/3700 3639/3639/3639
f 3640/3640/3640 3701/3701/3701 3638/3638/3638
f 3640/3640/3640 3702/3702/3702 3703/3703/3703
f 3641/3641/3641 3702/3702/3702 3642/3642/3642
f 3643/3643/3643 3704/3704/3704 3641/3641/3641
f 3645/3645/3645 3705/3705/3705 3643/3643/3643
f 3644/3644/3644 3706/3706/3706 3645/3645/3645
f 3646/3646/3646 3707/3707/3707 3644/3644/3644
f 3647/3647/3647 3708/3708/3708 3646/3646/3646
f 3647/3647/3647 3709/3709/3709 3710/3710/3710
f 3649/3649/3649 3711/3711/3711 3709/3709/3709
f 3650/3650/3650 3711/3711/3711 3648/3648/3648
f 3651/3651/3651 3712/3712/3712 3650/3650/3650
f 3652/3652/3652 3713/3713/3713 3651/3651/3651
f 3653/3653/3653 3714/3714/3714 3652/3652/3652
f 3655/3655/3655 3715/3715/3715 3653/3653/3653
f 3654/3654/3654 3716/3716/3716 3655/3655/3655
f 3656/3656/3656 3717/3717/3717 3654/3654/3654
f 3657/3657/3657 3718/3718/3718 3656/3656/3656
f 3658/3658/3658 3719/3719/3719 3657/3657/3657
f 3658/3658/3658 3720/3720/3720 3721/3721/3721
f 3659/3659/3659 3722/3722/3722 3720/3720/3720
f 3662/3662/3662 3722/3722/3722 3660/3660/3660
f 3661/3661/3661 3723/3723/3723 3662/3662/3662
f 3663/3663/3663 3724/3724/3724 3661/3661/3661
f 3665/3665/3665 3725/3725/3725 3663/3663/3663
f 3665/3665/3665 3726/3726/3726 3727/3727/3727
f 3664/3664/3664 3728/3728/3728 3726/3726/3726
f 3667/3667/3667 3728/3728/3728 3666/3666/3666
f 3668/3668/3668 3729/3729/3729 3667/3667/3667
f 3670/3670/3670 3730/3730/3730 3668/3668/3668
f 3670/3670/3670 3731/3731/3731 3732/3732/3732
f 3669/3669/3669 3733/3733/3733 3731/3731/3731
f 3671/3671/3671 3734/3734/3734 3733/3733/3733
f 3672/3672/3672 3735/3735/3735 3734/3734/3734
f 3673/3673/3673 3735/3735/3735 3674/3674/3674
f 3675/3675/3675 3736/3736/3736 3673/3673/3673
f 3676/3676/3676 3737/3737/3737 3675/3675/3675
f 3676/3676/3676 3738/3738/3738 3739/3739/3739
f 3677/3677/3677 3740/3740/3740 3738/3738/3738
f 3679/3679/3679 3741/3741/3741 3740/3740/3740
f 3678/3678/3678 3742/3742/3742 3741/3741/3741
f 3681/3681/3681 3742/3742/3742 3680/3680/3680
f 3681/3681/3681 3743/3743/3743 3744/3744/3744
f 3684/3684/3684 3743/3743/3743 3682/3682/3682
f 3683/3683/3683 3745/3745/3745 3684/3684/3684
f 3683/3683/3683 3746/3746/3746 3747/3747/3747
f 3685/3685/3685 3746/3746/3746 3686/3686/3686
f 3688/3688/3688 3748/3748/3748 3685/3685/3685
f 3687/3687/3687 3749/3749/3749 3688/3688/3688
f 3689/3689/3689 3750/3750/3750 3687/3687/3687
f 3690/3690/3690 3751/3751/3751 3689/3689/3689
f 3691/3691/3691 3752/3752/3752 3690/3690/3690
f 3692/3692/3692 3753/3753/3753 3691/3691/3691
f 3692/3692/3692 3754/3754/3754 3755/3755/3755
f 3694/3694/3694 3756/3756/3756 3754/3754/3754
f 3693/3693/3693 3757/3757/3757 3756/3756/3756
f 3697/3697/3697 3757/3757/3757 3695/3695/3695
f 3697/3697/3697 3758/3758/3758 3759/3759/3759
f 3698/3698/3698 3758/3758/3758 3696/3696/3696
f 3699/3699/3699 3760/3760/3760 3698/3698/3698
f 3699/3699/3699 3761/3761/3761 3762/3762/3762
f 3700/3700/3700 3763/3763/3763 3764/3764/3764
f 3701/3701/3701 3765/3765/3765 3763/3763/3763
f 3703/3703/3703 3766/3766/3766 3765/3765/3765
f 3702/3702/3702 3767/3767/3767 3766/3766/3766
f 3705/3705/3705 3767/3767/3767 3704/3704/3704
f 3705/3705/3705 3768/3768/3768 3769/3769/3769
f 3706/3706/3706 3770/3770/3770 3768/3768/3768
f 3707/3707/3707 3771/3771/3771 3770/3770/3770
f 3708/3708/3708 3772/3772/3772 3771/3771/3771
f 3710/3710/3710 3773/3773/3773 3772/3772/3772
f 3709/3709/3709 3774/3774/3774 3773/3773/3773
f 3711/3711/3711 3775/3775/3775 3774/3774/3774
f 3712/3712/3712 3776/3776/3776 3775/3775/3775
f 3713/3713/3713 3777/3777/3777 3776/3776/3776
f 3714/3714/3714 3778/3778/3778 3777/3777/3777
f 3715/3715/3715 3779/3779/3779 3778/3778/3778
f 3716/3716/3716 3780/3780/3780 3779/3779/3779
f 3718/3718/3718 3780/3780/3780 3717/3717/3717
f 3718/3718/3718 3781/3781/3781 3782/3782/3782
f 3719/3719/3719 3783/3783/3783 3781/3781/3781
f 3720/3720/3720 3783/3783/3783 3721/3721/3721
f 3722/3722/3722 3784/3784/3784 3720/3720/3720
f 3722/3722/3722 3785/3785/3785 3786/3786/3786
f 3723/3723/3723 3787/3787/3787 3785/3785/3785
f 3724/3724/3724 3788/3788/3788 3787/3787/3787
f 3727/3727/3727 3788/3788/3788 3725/3725/3725
f 3726/3726/3726 3789/3789/3789 3727/3727/3727
f 3726/3726/3726 3790/3790/3790 3791/3791/3791
f 3728/3728/3728 3792/3792/3792 3790/3790/3790
f 3730/3730/3730 3792/3792/3792 3729/3729/3729
f 3732/3732/3732 3793/3793/3793 3730/3730/3730
f 3731/3731/3731 3794/3794/3794 3732/3732/3732
f 3731/3731/3731 3795/3795/3795 3796/3796/3796
f 3734/3734/3734 3795/3795/3795 3733/3733/3733
f 3735/3735/3735 3797/3797/3797 3734/3734/3734
f 3735/3735/3735 3798/3798/3798 3799/3799/3799
f 3736/3736/3736 3800/3800/3800 3798/3798/3798
f 3739/3739/3739 3800/3800/3800 3737/3737/3737
f 3739/3739/3739 3801/3801/3801 3802/3802/3802
f 3738/3738/3738 3803/3803/3803 3801/3801/3801
f 3741/3741/3741 3803/3803/3803 3740/3740/3740
f 3741/3741/3741 3804/3804/3804 3805/3805/3805
f 3744/3744/3744 3804/3804/3804 3742/3742/3742
f 3743/3743/3743 3806/3806/3806 3744/3744/3744
f 3745/3745/3745 3807/3807/3807 3743/3743/3743
f 3745/3745/3745 3808/3808/3808 3809/3809/3809
f 3746/3746/3746 3808/3808/3808 3747/3747/3747
f 3746/3746/3746 3810/3810/3810 3811/3811/3811
f 3748/3748/3748 3812/3812/3812 3810/3810/3810
f 3749/3749/3749 3813/3813/3813 3812/3812/3812
f 3750/3750/3750 3814/3814/3814 3813/3813/3813
f 3751/3751/3751 3815/3815/3815 3814/3814/3814
f 3752/3752/3752 3816/3816/3816 3815/3815/3815
f 3755/3755/3755 3816/3816/3816 3753/3753/3753
f 3755/3755/3755 3817/3817/3817 3818/3818/3818
f 3756/3756/3756 3817/3817/3817 3754/3754/3754
f 3756/3756/3756 3819/3819/3819 3820/3820/3820
f 3757/3757/3757 3821/3821/3821 3819/3819/3819
f 3758/3758/3758 3821/3821/3821 3759/3759/3759
f 3760/3760/3760 3822/3822/3822 3758/3758/3758
f 3760/3760/3760 3823/3823/3823 3824/3824/3824
f 3761/3761/3761 3823/3823/3823 3762/3762/3762
f 3763/3763/3763 3825/3825/3825 3764/3764/3764
f 3765/3765/3765 3826/3826/3826 3763/3763/3763
f 3766/3766/3766 3827/3827/3827 3765/3765/3765
f 3767/3767/3767 3828/3828/3828 3766/3766/3766
f 3767/3767/3767 3829/3829/3829 3830/3830/3830
f 3769/3769/3769 3831/3831/3831 3829/3829/3829
f 3768/3768/3768 3832/3832/3832 3831/3831/3831
f 3770/3770/3770 3833/3833/3833 3832/3832/3832
f 3772/3772/3772 3833/3833/3833 3771/3771/3771
f 3773/3773/3773 3834/3834/3834 3772/3772/3772
f 3773/3773/3773 3835/3835/3835 3836/3836/3836
f 3775/3775/3775 3835/3835/3835 3774/3774/3774
f 3775/3775/3775 3837/3837/3837 3838/3838/3838
f 3777/3777/3777 3837/3837/3837 3776/3776/3776
f 3777/3777/3777 3839/3839/3839 3840/3840/3840
f 3779/3779/3779 3839/3839/3839 3778/3778/3778
f 3780/3780/3780 3841/3841/3841 3779/3779/3779
f 3782/3782/3782 3842/3842/3842 3780/3780/3780
f 3781/3781/3781 3843/3843/3843 3782/3782/3782
f 3781/3781/3781 3844/3844/3844 3845/3845/3845
f 3783/3783/3783 3846/3846/3846 3844/3844/3844
f 3786/3786/3786 3846/3846/3846 3784/3784/3784
f 3786/3786/3786 3847/3847/3847 3848/3848/3848
f 3785/3785/3785 3849/3849/3849 3847/3847/3847
f 3787/3787/3787 3850/3850/3850 3849/3849/3849
f 3788/3788/3788 3851/3851/3851 3850/3850/3850
f 3789/3789/3789 3852/3852/3852 3851/3851/3851
f 3790/3790/3790 3852/3852/3852 3791/3791/3791
f 3792/3792/3792 3853/3853/3853 3790/3790/3790
f 3792/3792/3792 3854/3854/3854 3855/3855/3855
f 3793/3793/3793 3856/3856/3856 3854/3854/3854
f 3794/3794/3794 3857/3857/3857 3856/3856/3856
f 3795/3795/3795 3857/3857/3857 3796/3796/3796
f 3795/3795/3795 3858/3858/3858 3859/3859/3859
f 3799/3799/3799 3858/3858/3858 3797/3797/3797
f 3798/3798/3798 3860/3860/3860 3799/3799/3799
f 3800/3800/3800 3861/3861/3861 3798/3798/3798
f 3802/3802/3802 3862/3862/3862 3800/3800/3800
f 3801/3801/3801 3863/3863/3863 3802/3802/3802
f 3803/3803/3803 3864/3864/3864 3801/3801/3801
f 3805/3805/3805 3865/3865/3865 3803/3803/3803
f 3804/3804/3804 3866/3866/3866 3805/3805/3805
f 3806/3806/3806 3867/3867/3867 3804/3804/3804
f 3807/3807/3807 3868/3868/3868 3806/3806/3806
f 3809/3809/3809 3869/3869/3869 3807/3807/3807
f 3809/3809/3809 3870/3870/3870 3871/3871/3871
f 3811/3811/3811 3870/3870/3870 3808/3808/3808
f 3810/3810/3810 3872/3872/3872 3811/3811/3811
f 3810/3810/3810 3873/3873/3873 3874/3874/3874
f 3812/3812/3812 3875/3875/3875 3873/3873/3873
f 3814/3814/3814 3875/3875/3875 3813/3813/3813
f 3815/3815/3815 3876/3876/3876 3814/3814/3814
f 3815/3815/3815 3877/3877/3877 3878/3878/3878
f 3816/3816/3816 3879/3879/3879 3877/3877/3877
f 3817/3817/3817 3879/3879/3879 3818/3818/3818
f 3820/3820/3820 3880/3880/3880 3817/3817/3817
f 3819/3819/3819 3881/3881/3881 3820/3820/3820
f 3821/3821/3821 3882/3882/3882 3819/3819/3819
f 3821/3821/3821 3883/3883/3883 3884/3884/3884
f 3822/3822/3822 3885/3885/3885 3883/3883/3883
f 3824/3824/3824 3886/3886/3886 3885/3885/3885
f 3887/3887/3887 3886/3886/3886 3823/3823/3823
f 3825/3825/3825 3888/3888/3888 3889/3889/3889
f 3826/3826/3826 3890/3890/3890 3888/3888/3888
f 3827/3827/3827 3891/3891/3891 3890/3890/3890
f 3830/3830/3830 3891/3891/3891 3828/3828/3828
f 3829/3829/3829 3892/3892/3892 3830/3830/3830
f 3831/3831/3831 3893/3893/3893 3829/3829/3829
f 3832/3832/3832 3894/3894/3894 3831/3831/3831
f 3833/3833/3833 3895/3895/3895 3832/3832/3832
f 3833/3833/3833 3896/3896/3896 3897/3897/3897
f 3836/3836/3836 3896/3896/3896 3834/3834/3834
f 3835/3835/3835 3898/3898/3898 3836/3836/3836
f 3838/3838/3838 3899/3899/3899 3835/3835/3835
f 3838/3838/3838 3900/3900/3900 3901/3901/3901
f 3840/3840/3840 3900/3900/3900 3837/3837/3837
f 3839/3839/3839 3902/3902/3902 3840/3840/3840
f 3841/3841/3841 3903/3903/3903 3839/3839/3839
f 3842/3842/3842 3904/3904/3904 3841/3841/3841
f 3842/3842/3842 3905/3905/3905 3906/3906/3906
f 3845/3845/3845 3905/3905/3905 3843/3843/3843
f 3844/3844/3844 3907/3907/3907 3845/3845/3845
f 3844/3844/3844 3908/3908/3908 3909/3909/3909
f 3846/3846/3846 3910/3910/3910 3908/3908/3908
f 3847/3847/3847 3910/3910/3910 3848/3848/3848
f 3849/3849/3849 3911/3911/3911 3847/3847/3847
f 3850/3850/3850 3912/3912/3912 3849/3849/3849
f 3851/3851/3851 3913/3913/3913 3850/3850/3850
f 3851/3851/3851 3914/3914/3914 3915/3915/3915
f 3852/3852/3852 3916/3916/3916 3914/3914/3914
f 3853/3853/3853 3917/3917/3917 3916/3916/3916
f 3854/3854/3854 3917/3917/3917 3855/3855/3855
f 3856/3856/3856 3918/3918/3918 3854/3854/3854
f 3856/3856/3856 3919/3919/3919 3920/3920/3920
f 3857/3857/3857 3921/3921/3921 3919/3919/3919
f 3859/3859/3859 3922/3922/3922 3921/3921/3921
f 3860/3860/3860 3922/3922/3922 3858/3858/3858
f 3860/3860/3860 3923/3923/3923 3924/3924/3924
f 3862/3862/3862 3923/3923/3923 3861/3861/3861
f 3862/3862/3862 3925/3925/3925 3926/3926/3926
f 3863/3863/3863 3927/3927/3927 3925/3925/3925
f 3864/3864/3864 3928/3928/3928 3927/3927/3927
f 3865/3865/3865 3929/3929/3929 3928/3928/3928
f 3866/3866/3866 3930/3930/3930 3929/3929/3929
f 3868/3868/3868 3930/3930/3930 3867/3867/3867
f 3869/3869/3869 3931/3931/3931 3868/3868/3868
f 3869/3869/3869 3932/3932/3932 3933/3933/3933
f 3871/3871/3871 3934/3934/3934 3932/3932/3932
f 3870/3870/3870 3935/3935/3935 3934/3934/3934
f 3872/3872/3872 3936/3936/3936 3935/3935/3935
f 3874/3874/3874 3937/3937/3937 3936/3936/3936
f 3875/3875/3875 3937/3937/3937 3873/3873/3873
f 3876/3876/3876 3938/3938/3938 3875/3875/3875
f 3876/3876/3876 3939/3939/3939 3940/3940/3940
f 3878/3878/3878 3941/3941/3941 3939/3939/3939
f 3877/3877/3877 3942/3942/3942 3941/3941/3941
f 3879/3879/3879 3943/3943/3943 3942/3942/3942
f 3880/3880/3880 3944/3944/3944 3943/3943/3943
f 3881/3881/3881 3945/3945/3945 3944/3944/3944
f 3882/3882/3882 3946/3946/3946 3945/3945/3945
f 3883/3883/3883 3946/3946/3946 3884/3884/3884
f 3885/3885/3885 3947/3947/3947 3883/3883/3883
f 3886/3886/3886 3948/3948/3948 3885/3885/3885
f 3886/3886/3886 3949/3949/3949 3950/3950/3950
f 3951/3951/3951 3952/3952/3952 3953/3953/3953
f 3951/3951/3951 5/5/5 1/1/1
f 3954/3954/3954 5/5/5 3955/3955/3955
f 3956/3956/3956 4/4/4 3954/3954/3954
f 3957/3957/3957 6/6/6 3956/3956/3956
f 3958/3958/3958 10/10/10 3957/3957/3957
f 3959/3959/3959 12/12/12 3958/3958/3958
f 3959/3959/3959 16/16/16 14/14/14
f 3960/3960/3960 16/16/16 3961/3961/3961
f 3962/3962/3962 18/18/18 3960/3960/3960
f 3963/3963/3963 21/21/21 3962/3962/3962
f 3964/3964/3964 20/20/20 3963/3963/3963
f 3965/3965/3965 24/24/24 3964/3964/3964
f 3966/3966/3966 26/26/26 3965/3965/3965
f 3967/3967/3967 28/28/28 3966/3966/3966
f 3968/3968/3968 30/30/30 3967/3967/3967
f 3969/3969/3969 32/32/32 3968/3968/3968
f 3970/3970/3970 35/35/35 3969/3969/3969
f 3971/3971/3971 34/34/34 3970/3970/3970
f 3971/3971/3971 41/41/41 36/36/36
f 3972/3972/3972 41/41/41 3973/3973/3973
f 3972/3972/3972 45/45/45 40/40/40
f 3974/3974/3974 45/45/45 3975/3975/3975
f 3976/3976/3976 44/44/44 3974/3974/3974
f 3977/3977/3977 48/48/48 3976/3976/3976
f 3978/3978/3978 51/51/51 3977/3977/3977
f 3979/3979/3979 50/50/50 3978/3978/3978
f 3979/3979/3979 57/57/57 54/54/54
f 3980/3980/3980 56/56/56 57/57/57
f 3981/3981/3981 56/56/56 3982/3982/3982
f 3983/3983/3983 58/58/58 3981/3981/3981
f 3983/3983/3983 62/62/62 63/63/63
f 3984/3984/3984 62/62/62 3985/3985/3985
f 3986/3986/3986 64/64/64 3984/3984/3984
f 3986/3986/3986 68/68/68 69/69/69
f 3987/3987/3987 72/72/72 68/68/68
f 3988/3988/3988 72/72/72 3989/3989/3989
f 3988/3988/3988 77/77/77 74/74/74
f 3990/3990/3990 77/77/77 3991/3991/3991
f 3990/3990/3990 78/78/78 76/76/76
f 3992/3992/3992 82/82/82 78/78/78
f 3993/3993/3993 82/82/82 3994/3994/3994
f 3995/3995/3995 85/85/85 3993/3993/3993
f 3995/3995/3995 89/89/89 84/84/84
f 3996/3996/3996 89/89/89 3997/3997/3997
f 3996/3996/3996 90/90/90 88/88/88
f 3998/3998/3998 92/92/92 90/90/90
f 3999/3999/3999 96/96/96 92/92/92
f 4000/4000/4000 98/98/98 96/96/96
f 4001/4001/4001 101/101/101 98/98/98
f 4002/4002/4002 101/101/101 4003/4003/4003
f 4002/4002/4002 102/102/102 100/100/100
f 4004/4004/4004 104/104/104 102/102/102
f 4005/4005/4005 106/106/106 104/104/104
f 4006/4006/4006 108/108/108 106/106/106
f 4007/4007/4007 113/113/113 108/108/108
f 4008/4008/4008 112/112/112 113/113/113
f 4009/4009/4009 114/114/114 112/112/112
f 4010/4010/4010 116/116/116 114/114/114
f 4011/4011/4011 121/121/121 116/116/116
f 4012/4012/4012 120/120/120 121/121/121
f 4013/4013/4013 122/122/122 120/120/120
f 4014/4014/4014 122/122/122 4015/4015/4015
f 4014/4014/4014 4016/4016/4016 124/124/124
f 4016/4016/4016 187/187/187 124/124/124
f 187/187/187 4017/4017/4017 251/251/251
f 251/251/251 4018/4018/4018 314/314/314
f 314/314/314 4019/4019/4019 377/377/377
f 4019/4019/4019 4020/4020/4020 377/377/377
f 4020/4020/4020 4021/4021/4021 440/440/440
f 4021/4021/4021 565/565/565 440/440/440
f 565/565/565 4022/4022/4022 627/627/627
f 627/627/627 4023/4023/4023 4024/4024/4024
f 4024/4024/4024 4025/4025/4025 690/690/690
f 4025/4025/4025 4026/4026/4026 690/690/690
f 4026/4026/4026 4027/4027/4027 816/816/816
f 4027/4027/4027 941/941/941 816/816/816
f 941/941/941 4028/4028/4028 4029/4029/4029
f 4028/4028/4028 1004/1004/1004 4029/4029/4029
f 1004/1004/1004 4030/4030/4030 1128/1128/1128
f 4030/4030/4030 4031/4031/4031 1128/1128/1128
f 4032/4032/4032 1191/1191/1191 4031/4031/4031
f 4033/4033/4033 4034/4034/4034 1191/1191/1191
f 4034/4034/4034 4035/4035/4035 1316/1316/1316
f 4035/4035/4035 1441/1441/1441 1316/1316/1316
f 1441/1441/1441 4036/4036/4036 4037/4037/4037
f 4036/4036/4036 1505/1505/1505 4037/4037/4037
f 4038/4038/4038 4039/4039/4039 1505/1505/1505
f 4040/4040/4040 1630/1630/1630 4039/4039/4039
f 1630/1630/1630 4041/4041/4041 4042/4042/4042
f 4041/4041/4041 1755/1755/1755 4042/4042/4042
f 1755/1755/1755 4043/4043/4043 1817/1817/1817
f 4043/4043/4043 1942/1942/1942 1817/1817/1817
f 4044/4044/4044 2006/2006/2006 1942/1942/1942
f 2006/2006/2006 4045/4045/4045 2069/2069/2069
f 4045/4045/4045 2131/2131/2131 2069/2069/2069
f 4046/4046/4046 4047/4047/4047 2131/2131/2131
f 4047/4047/4047 4048/4048/4048 2195/2195/2195
f 2195/2195/2195 4049/4049/4049 4050/4050/4050
f 4049/4049/4049 2320/2320/2320 4050/4050/4050
f 4051/4051/4051 2383/2383/2383 2320/2320/2320
f 4052/4052/4052 4053/4053/4053 2383/2383/2383
f 4053/4053/4053 4054/4054/4054 2508/2508/2508
f 2508/2508/2508 4055/4055/4055 2570/2570/2570
f 4055/4055/4055 2695/2695/2695 2570/2570/2570
f 2695/2695/2695 4056/4056/4056 4057/4057/4057
f 4056/4056/4056 2759/2759/2759 4057/4057/4057
f 4058/4058/4058 4059/4059/4059 2759/2759/2759
f 4059/4059/4059 4060/4060/4060 2883/2883/2883
f 4060/4060/4060 2947/2947/2947 2883/2883/2883
f 4061/4061/4061 3071/3071/3071 2947/2947/2947
f 4062/4062/4062 3135/3135/3135 3071/3071/3071
f 4063/4063/4063 3197/3197/3197 3135/3135/3135
f 3197/3197/3197 4064/4064/4064 4065/4065/4065
f 4064/4064/4064 3261/3261/3261 4065/4065/4065
f 4066/4066/4066 4067/4067/4067 3261/3261/3261
f 4068/4068/4068 3385/3385/3385 4067/4067/4067
f 4069/4069/4069 4070/4070/4070 3385/3385/3385
f 4071/4071/4071 3511/3511/3511 4070/4070/4070
f 3511/3511/3511 4072/4072/4072 3573/3573/3573
f 4072/4072/4072 3636/3636/3636 3573/3573/3573
f 3636/3636/3636 4073/4073/4073 4074/4074/4074
f 4073/4073/4073 3761/3761/3761 4074/4074/4074
f 4075/4075/4075 3887/3887/3887 3761/3761/3761
f 3887/3887/3887 4076/4076/4076 4077/4077/4077
f 4077/4077/4077 4078/4078/4078 3949/3949/3949
f 4078/4078/4078 4079/4079/4079 3949/3949/3949
f 3950/3950/3950 4079/4079/4079 4080/4080/4080
f 3950/3950/3950 4081/4081/4081 3948/3948/3948
f 3948/3948/3948 4082/4082/4082 3947/3947/3947
f 3947/3947/3947 4083/4083/4083 3946/3946/3946
f 3946/3946/3946 4084/4084/4084 3945/3945/3945
f 3945/3945/3945 4085/4085/4085 3944/3944/3944
f 3944/3944/3944 4086/4086/4086 3943/3943/3943
f 3943/3943/3943 4087/4087/4087 3942/3942/3942
f 3942/3942/3942 4088/4088/4088 3941/3941/3941
f 3941/3941/3941 4089/4089/4089 3939/3939/3939
f 3939/3939/3939 4090/4090/4090 3940/3940/3940
f 3938/3938/3938 4090/4090/4090 4091/4091/4091
f 3938/3938/3938 4092/4092/4092 3937/3937/3937
f 3937/3937/3937 4093/4093/4093 3936/3936/3936
f 3936/3936/3936 4094/4094/4094 3935/3935/3935
f 3935/3935/3935 4095/4095/4095 3934/3934/3934
f 3934/3934/3934 4096/4096/4096 3932/3932/3932
f 3932/3932/3932 4097/4097/4097 3933/3933/3933
f 3931/3931/3931 4097/4097/4097 4098/4098/4098
f 3930/3930/3930 4098/4098/4098 4099/4099/4099
f 3929/3929/3929 4099/4099/4099 4100/4100/4100
f 3928/3928/3928 4100/4100/4100 4101/4101/4101
f 3928/3928/3928 4102/4102/4102 3927/3927/3927
f 3927/3927/3927 4103/4103/4103 3925/3925/3925
f 3926/3926/3926 4103/4103/4103 4104/4104/4104
f 3923/3923/3923 4104/4104/4104 4105/4105/4105
f 3924/3924/3924 4105/4105/4105 4106/4106/4106
f 3924/3924/3924 4107/4107/4107 3922/3922/3922
f 3921/3921/3921 4107/4107/4107 4108/4108/4108
f 3919/3919/3919 4108/4108/4108 4109/4109/4109
f 3920/3920/3920 4109/4109/4109 4110/4110/4110
f 3918/3918/3918 4110/4110/4110 4111/4111/4111
f 3917/3917/3917 4111/4111/4111 4112/4112/4112
f 3916/3916/3916 4112/4112/4112 4113/4113/4113
f 3916/3916/3916 4114/4114/4114 3914/3914/3914
f 3915/3915/3915 4114/4114/4114 4115/4115/4115
f 3915/3915/3915 4116/4116/4116 3913/3913/3913
f 3913/3913/3913 4117/4117/4117 3912/3912/3912
f 3911/3911/3911 4117/4117/4117 4118/4118/4118
f 3910/3910/3910 4118/4118/4118 4119/4119/4119
f 3908/3908/3908 4119/4119/4119 4120/4120/4120
f 3908/3908/3908 4121/4121/4121 3909/3909/3909
f 3907/3907/3907 4121/4121/4121 4122/4122/4122
f 3905/3905/3905 4122/4122/4122 4123/4123/4123
f 3906/3906/3906 4123/4123/4123 4124/4124/4124
f 3904/3904/3904 4124/4124/4124 4125/4125/4125
f 3903/3903/3903 4125/4125/4125 4126/4126/4126
f 3902/3902/3902 4126/4126/4126 4127/4127/4127
f 3900/3900/3900 4127/4127/4127 4128/4128/4128
f 3901/3901/3901 4128/4128/4128 4129/4129/4129
f 3899/3899/3899 4129/4129/4129 4130/4130/4130
f 3898/3898/3898 4130/4130/4130 4131/4131/4131
f 3896/3896/3896 4131/4131/4131 4132/4132/4132
f 3897/3897/3897 4132/4132/4132 4133/4133/4133
f 3895/3895/3895 4133/4133/4133 4134/4134/4134
f 3894/3894/3894 4134/4134/4134 4135/4135/4135
f 3893/3893/3893 4135/4135/4135 4136/4136/4136
f 3892/3892/3892 4136/4136/4136 4137/4137/4137
f 3892/3892/3892 4138/4138/4138 3891/3891/3891
f 3890/3890/3890 4138/4138/4138 4139/4139/4139
f 3890/3890/3890 4140/4140/4140 3888/3888/3888
f 3889/3889/3889 4140/4140/4140 4141/4141/4141
f 4142/4142/4142 4141/4141/4141 4143/4143/4143
f 3825/3825/3825 4142/4142/4142 4144/4144/4144
f 3764/3764/3764 4144/4144/4144 4145/4145/4145
f 4146/4146/4146 3764/3764/3764 4145/4145/4145
f 4147/4147/4147 3700/3700/3700 4146/4146/4146
f 4148/4148/4148 3639/3639/3639 4147/4147/4147
f 4149/4149/4149 3575/3575/3575 4148/4148/4148
f 3450/3450/3450 4149/4149/4149 4150/4150/4150
f 3388/3388/3388 4150/4150/4150 4151/4151/4151
f 4152/4152/4152 3388/3388/3388 4151/4151/4151
f 3263/3263/3263 4152/4152/4152 4153/4153/4153
f 4154/4154/4154 3263/3263/3263 4153/4153/4153
f 3137/3137/3137 4154/4154/4154 4155/4155/4155
f 4156/4156/4156 3137/3137/3137 4155/4155/4155
f 3010/3010/3010 4156/4156/4156 4157/4157/4157
f 2948/2948/2948 4157/4157/4157 4158/4158/4158
f 2885/2885/2885 4158/4158/4158 4159/4159/4159
f 2823/2823/2823 4159/4159/4159 4160/4160/4160
f 2760/2760/2760 4160/4160/4160 4161/4161/4161
f 4162/4162/4162 2760/2760/2760 4161/4161/4161
f 2634/2634/2634 4162/4162/4162 4163/4163/4163
f 4164/4164/4164 2634/2634/2634 4163/4163/4163
f 4165/4165/4165 2573/2573/2573 4164/4164/4164
f 4166/4166/4166 2510/2510/2510 4165/4165/4165
f 2385/2385/2385 4166/4166/4166 4167/4167/4167
f 4168/4168/4168 2385/2385/2385 4167/4167/4167
f 2259/2259/2259 4168/4168/4168 4169/4169/4169
f 2197/2197/2197 4169/4169/4169 4170/4170/4170
f 4171/4171/4171 2197/2197/2197 4170/4170/4170
f 2070/2070/2070 4171/4171/4171 4172/4172/4172
f 2007/2007/2007 4172/4172/4172 4173/4173/4173
f 1945/1945/1945 4173/4173/4173 4174/4174/4174
f 1882/1882/1882 4174/4174/4174 4175/4175/4175
f 4176/4176/4176 1882/1882/1882 4175/4175/4175
f 4177/4177/4177 1819/1819/1819 4176/4176/4176
f 4178/4178/4178 1756/1756/1756 4177/4177/4177
f 1632/1632/1632 4178/4178/4178 4179/4179/4179
f 4180/4180/4180 1632/1632/1632 4179/4179/4179
f 1507/1507/1507 4180/4180/4180 4181/4181/4181
f 4182/4182/4182 1507/1507/1507 4181/4181/4181
f 4183/4183/4183 1443/1443/1443 4182/4182/4182
f 1319/1319/1319 4183/4183/4183 4184/4184/4184
f 4185/4185/4185 1319/1319/1319 4184/4184/4184
f 4186/4186/4186 1256/1256/1256 4185/4185/4185
f 4187/4187/4187 1193/1193/1193 4186/4186/4186
f 4188/4188/4188 1130/1130/1130 4187/4187/4187
f 4189/4189/4189 1068/1068/1068 4188/4188/4188
f 943/943/943 4189/4189/4189 4190/4190/4190
f 4191/4191/4191 943/943/943 4190/4190/4190
f 817/817/817 4191/4191/4191 4192/4192/4192
f 755/755/755 4192/4192/4192 4193/4193/4193
f 4194/4194/4194 755/755/755 4193/4193/4193
f 629/629/629 4194/4194/4194 4195/4195/4195
f 566/566/566 4195/4195/4195 4196/4196/4196
f 504/504/504 4196/4196/4196 4197/4197/4197
f 4198/4198/4198 504/504/504 4197/4197/4197
f 378/378/378 4198/4198/4198 4199/4199/4199
f 316/316/316 4199/4199/4199 4200/4200/4200
f 4201/4201/4201 316/316/316 4200/4200/4200
f 190/190/190 4201/4201/4201 4202/4202/4202
f 126/126/126 4202/4202/4202 4203/4203/4203
f 4204/4204/4204 126/126/126 4203/4203/4203
f 3952/3952/3952 3/3/3 4204/4204/4204
f 1/1/1 5/5/5 2/2/2
f 4/4/4 7/7/7 2/2/2
f 6/6/6 9/9/9 7/7/7
f 6/6/6 10/10/10 8/8/8
f 10/10/10 12/12/12 11/11/11
f 12/12/12 14/14/14 13/13/13
f 14/14/14 16/16/16 15/15/15
f 16/16/16 18/18/18 17/17/17
f 18/18/18 21/21/21 19/19/19
f 20/20/20 23/23/23 19/19/19
f 20/20/20 24/24/24 22/22/22
f 24/24/24 26/26/26 25/25/25
f 26/26/26 28/28/28 27/27/27
f 28/28/28 30/30/30 29/29/29
f 30/30/30 32/32/32 31/31/31
f 32/32/32 35/35/35 33/33/33
f 34/34/34 37/37/37 33/33/33
f 36/36/36 39/39/39 37/37/37
f 36/36/36 41/41/41 38/38/38
f 40/40/40 43/43/43 38/38/38
f 40/40/40 45/45/45 42/42/42
f 44/44/44 47/47/47 42/42/42
f 44/44/44 48/48/48 46/46/46
f 48/48/48 51/51/51 49/49/49
f 50/50/50 53/53/53 49/49/49
f 50/50/50 54/54/54 52/52/52
f 54/54/54 57/57/57 55/55/55
f 56/56/56 59/59/59 55/55/55
f 58/58/58 61/61/61 59/59/59
f 58/58/58 63/63/63 60/60/60
f 62/62/62 65/65/65 60/60/60
f 64/64/64 67/67/67 65/65/65
f 64/64/64 69/69/69 66/66/66
f 68/68/68 71/71/71 66/66/66
f 68/68/68 72/72/72 70/70/70
f 72/72/72 74/74/74 73/73/73
f 74/74/74 77/77/77 75/75/75
f 76/76/76 79/79/79 75/75/75
f 78/78/78 81/81/81 79/79/79
f 78/78/78 82/82/82 80/80/80
f 82/82/82 85/85/85 83/83/83
f 84/84/84 87/87/87 83/83/83
f 84/84/84 89/89/89 86/86/86
f 88/88/88 91/91/91 86/86/86
f 90/90/90 93/93/93 91/91/91
f 92/92/92 95/95/95 93/93/93
f 92/92/92 96/96/96 94/94/94
f 96/96/96 98/98/98 97/97/97
f 98/98/98 101/101/101 99/99/99
f 100/100/100 103/103/103 99/99/99
f 102/102/102 105/105/105 103/103/103
f 104/104/104 107/107/107 105/105/105
f 106/106/106 109/109/109 107/107/107
f 108/108/108 111/111/111 109/109/109
f 108/108/108 113/113/113 110/110/110
f 112/112/112 115/115/115 110/110/110
f 114/114/114 117/117/117 115/115/115
f 116/116/116 119/119/119 117/117/117
f 116/116/116 121/121/121 118/118/118
f 120/120/120 123/123/123 118/118/118
f 122/122/122 125/125/125 123/123/123
f 124/124/124 187/187/187 125/125/125
f 2/2/2 127/127/127 126/126/126
f 7/7/7 129/129/129 127/127/127
f 7/7/7 9/9/9 128/128/128
f 9/9/9 8/8/8 130/130/130
f 11/11/11 131/131/131 130/130/130
f 13/13/13 132/132/132 131/131/131
f 15/15/15 133/133/133 132/132/132
f 17/17/17 134/134/134 133/133/133
f 19/19/19 136/136/136 134/134/134
f 19/19/19 23/23/23 135/135/135
f 23/23/23 22/22/22 137/137/137
f 25/25/25 138/138/138 137/137/137
f 27/27/27 140/140/140 138/138/138
f 27/27/27 29/29/29 139/139/139
f 29/29/29 31/31/31 141/141/141
f 31/31/31 33/33/33 142/142/142
f 33/33/33 37/37/37 143/143/143
f 37/37/37 39/39/39 144/144/144
f 38/38/38 145/145/145 144/144/144
f 43/43/43 146/146/146 145/145/145
f 42/42/42 148/148/148 146/146/146
f 42/42/42 47/47/47 147/147/147
f 46/46/46 149/149/149 147/147/147
f 49/49/49 151/151/151 149/149/149
f 49/49/49 53/53/53 150/150/150
f 52/52/52 152/152/152 150/150/150
f 55/55/55 154/154/154 152/152/152
f 55/55/55 59/59/59 153/153/153
f 59/59/59 61/61/61 155/155/155
f 60/60/60 156/156/156 155/155/155
f 65/65/65 158/158/158 156/156/156
f 65/65/65 67/67/67 157/157/157
f 67/67/67 66/66/66 159/159/159
f 71/71/71 160/160/160 159/159/159
f 70/70/70 162/162/162 160/160/160
f 70/70/70 73/73/73 161/161/161
f 73/73/73 75/75/75 163/163/163
f 79/79/79 164/164/164 163/163/163
f 81/81/81 166/166/166 164/164/164
f 81/81/81 80/80/80 165/165/165
f 80/80/80 83/83/83 167/167/167
f 87/87/87 168/168/168 167/167/167
f 86/86/86 170/170/170 168/168/168
f 86/86/86 91/91/91 169/169/169
f 93/93/93 171/171/171 169/169/169
f 95/95/95 172/172/172 171/171/171
f 94/94/94 173/173/173 172/172/172
f 97/97/97 174/174/174 173/173/173
f 99/99/99 176/176/176 174/174/174
f 99/99/99 103/103/103 175/175/175
f 103/103/103 105/105/105 177/177/177
f 107/107/107 179/179/179 177/177/177
f 107/107/107 109/109/109 178/178/178
f 111/111/111 181/181/181 178/178/178
f 111/111/111 110/110/110 180/180/180
f 110/110/110 115/115/115 182/182/182
f 115/115/115 117/117/117 183/183/183
f 117/117/117 119/119/119 184/184/184
f 119/119/119 118/118/118 185/185/185
f 118/118/118 123/123/123 186/186/186
f 125/125/125 188/188/188 186/186/186
f 187/187/187 251/251/251 188/188/188
f 126/126/126 127/127/127 189/189/189
f 129/129/129 191/191/191 189/189/189
f 128/128/128 193/193/193 191/191/191
f 128/128/128 130/130/130 192/192/192
f 130/130/130 131/131/131 194/194/194
f 131/131/131 132/132/132 195/195/195
f 132/132/132 133/133/133 196/196/196
f 133/133/133 134/134/134 197/197/197
f 134/134/134 136/136/136 198/198/198
f 135/135/135 199/199/199 198/198/198
f 137/137/137 200/200/200 199/199/199
f 138/138/138 202/202/202 200/200/200
f 138/138/138 140/140/140 201/201/201
f 139/139/139 203/203/203 201/201/201
f 141/141/141 204/204/204 203/203/203
f 142/142/142 205/205/205 204/204/204
f 143/143/143 206/206/206 205/205/205
f 144/144/144 208/208/208 206/206/206
f 144/144/144 145/145/145 207/207/207
f 146/146/146 209/209/209 207/207/207
f 148/148/148 211/211/211 209/209/209
f 148/148/148 147/147/147 210/210/210
f 147/147/147 149/149/149 212/212/212
f 149/149/149 151/151/151 213/213/213
f 151/151/151 150/150/150 214/214/214
f 152/152/152 216/216/216 214/214/214
f 152/152/152 154/154/154 215/215/215
f 153/153/153 218/218/218 215/215/215
f 153/153/153 155/155/155 217/217/217
f 155/155/155 156/156/156 219/219/219
f 158/158/158 220/220/220 219/219/219
f 157/157/157 221/221/221 220/220/220
f 159/159/159 222/222/222 221/221/221
f 160/160/160 224/224/224 222/222/222
f 160/160/160 162/162/162 223/223/223
f 161/161/161 226/226/226 223/223/223
f 161/161/161 163/163/163 225/225/225
f 163/163/163 164/164/164 227/227/227
f 166/166/166 228/228/228 227/227/227
f 165/165/165 230/230/230 228/228/228
f 165/165/165 167/167/167 229/229/229
f 167/167/167 168/168/168 231/231/231
f 168/168/168 170/170/170 232/232/232
f 169/169/169 234/234/234 232/232/232
f 169/169/169 171/171/171 233/233/233
f 172/172/172 235/235/235 233/233/233
f 173/173/173 237/237/237 235/235/235
f 173/173/173 174/174/174 236/236/236
f 176/176/176 238/238/238 236/236/236
f 175/175/175 240/240/240 238/238/238
f 175/175/175 177/177/177 239/239/239
f 179/179/179 242/242/242 239/239/239
f 179/179/179 178/178/178 241/241/241
f 181/181/181 243/243/243 241/241/241
f 180/180/180 245/245/245 243/243/243
f 180/180/180 182/182/182 244/244/244
f 183/183/183 246/246/246 244/244/244
f 184/184/184 248/248/248 246/246/246
f 184/184/184 185/185/185 247/247/247
f 185/185/185 186/186/186 249/249/249
f 186/186/186 188/188/188 250/250/250
f 251/251/251 314/314/314 250/250/250
f 189/189/189 253/253/253 252/252/252
f 191/191/191 255/255/255 253/253/253
f 191/191/191 193/193/193 254/254/254
f 193/193/193 192/192/192 256/256/256
f 192/192/192 194/194/194 257/257/257
f 195/195/195 259/259/259 257/257/257
f 195/195/195 196/196/196 258/258/258
f 196/196/196 197/197/197 260/260/260
f 197/197/197 198/198/198 261/261/261
f 199/199/199 263/263/263 261/261/261
f 199/199/199 200/200/200 262/262/262
f 200/200/200 202/202/202 264/264/264
f 201/201/201 265/265/265 264/264/264
f 203/203/203 266/266/266 265/265/265
f 204/204/204 268/268/268 266/266/266
f 204/204/204 205/205/205 267/267/267
f 205/205/205 206/206/206 269/269/269
f 208/208/208 271/271/271 269/269/269
f 208/208/208 207/207/207 270/270/270
f 207/207/207 209/209/209 272/272/272
f 211/211/211 274/274/274 272/272/272
f 211/211/211 210/210/210 273/273/273
f 210/210/210 212/212/212 275/275/275
f 213/213/213 277/277/277 275/275/275
f 213/213/213 214/214/214 276/276/276
f 214/214/214 216/216/216 278/278/278
f 215/215/215 279/279/279 278/278/278
f 218/218/218 280/280/280 279/279/279
f 217/217/217 282/282/282 280/280/280
f 217/217/217 219/219/219 281/281/281
f 219/219/219 220/220/220 283/283/283
f 221/221/221 285/285/285 283/283/283
f 221/221/221 222/222/222 284/284/284
f 224/224/224 286/286/286 284/284/284
f 223/223/223 288/288/288 286/286/286
f 223/223/223 226/226/226 287/287/287
f 226/226/226 225/225/225 289/289/289
f 225/225/225 227/227/227 290/290/290
f 227/227/227 228/228/228 291/291/291
f 228/228/228 230/230/230 292/292/292
f 229/229/229 293/293/293 292/292/292
f 231/231/231 295/295/295 293/293/293
f 231/231/231 232/232/232 294/294/294
f 234/234/234 297/297/297 294/294/294
f 234/234/234 233/233/233 296/296/296
f 233/233/233 235/235/235 298/298/298
f 237/237/237 300/300/300 298/298/298
f 237/237/237 236/236/236 299/299/299
f 236/236/236 238/238/238 301/301/301
f 238/238/238 240/240/240 302/302/302
f 239/239/239 303/303/303 302/302/302
f 242/242/242 304/304/304 303/303/303
f 241/241/241 305/305/305 304/304/304
f 243/243/243 306/306/306 305/305/305
f 245/245/245 308/308/308 306/306/306
f 245/245/245 244/244/244 307/307/307
f 244/244/244 246/246/246 309/309/309
f 248/248/248 310/310/310 309/309/309
f 247/247/247 312/312/312 310/310/310
f 247/247/247 249/249/249 311/311/311
f 249/249/249 250/250/250 313/313/313
f 314/314/314 377/377/377 313/313/313
f 252/252/252 253/253/253 315/315/315
f 253/253/253 255/255/255 317/317/317
f 254/254/254 318/318/318 317/317/317
f 256/256/256 319/319/319 318/318/318
f 257/257/257 321/321/321 319/319/319
f 257/257/257 259/259/259 320/320/320
f 258/258/258 322/322/322 320/320/320
f 260/260/260 323/323/323 322/322/322
f 261/261/261 324/324/324 323/323/323
f 263/263/263 325/325/325 324/324/324
f 262/262/262 327/327/327 325/325/325
f 262/262/262 264/264/264 326/326/326
f 264/264/264 265/265/265 328/328/328
f 266/266/266 329/329/329 328/328/328
f 268/268/268 330/330/330 329/329/329
f 267/267/267 331/331/331 330/330/330
f 269/269/269 332/332/332 331/331/331
f 271/271/271 334/334/334 332/332/332
f 271/271/271 270/270/270 333/333/333
f 272/272/272 336/336/336 333/333/333
f 272/272/272 274/274/274 335/335/335
f 274/274/274 273/273/273 337/337/337
f 275/275/275 338/338/338 337/337/337
f 277/277/277 340/340/340 338/338/338
f 277/277/277 276/276/276 339/339/339
f 278/278/278 341/341/341 339/339/339
f 279/279/279 342/342/342 341/341/341
f 280/280/280 344/344/344 342/342/342
f 280/280/280 282/282/282 343/343/343
f 281/281/281 346/346/346 343/343/343
f 281/281/281 283/283/283 345/345/345
f 285/285/285 348/348/348 345/345/345
f 285/285/285 284/284/284 347/347/347
f 284/284/284 286/286/286 349/349/349
f 286/286/286 288/288/288 350/350/350
f 287/287/287 351/351/351 350/350/350
f 289/289/289 352/352/352 351/351/351
f 290/290/290 354/354/354 352/352/352
f 290/290/290 291/291/291 353/353/353
f 292/292/292 355/355/355 353/353/353
f 293/293/293 357/357/357 355/355/355
f 293/293/293 295/295/295 356/356/356
f 295/295/295 294/294/294 358/358/358
f 297/297/297 360/360/360 358/358/358
f 297/297/297 296/296/296 359/359/359
f 296/296/296 298/298/298 361/361/361
f 298/298/298 300/300/300 362/362/362
f 299/299/299 363/363/363 362/362/362
f 301/301/301 364/364/364 363/363/363
f 302/302/302 365/365/365 364/364/364
f 303/303/303 367/367/367 365/365/365
f 303/303/303 304/304/304 366/366/366
f 304/304/304 305/305/305 368/368/368
f 306/306/306 369/369/369 368/368/368
f 308/308/308 370/370/370 369/369/369
f 307/307/307 372/372/372 370/370/370
f 307/307/307 309/309/309 371/371/371
f 309/309/309 310/310/310 373/373/373
f 310/310/310 312/312/312 374/374/374
f 311/311/311 376/376/376 374/374/374
f 311/311/311 313/313/313 375/375/375
f 377/377/377 4020/4020/4020 375/375/375
f 315/315/315 379/379/379 378/378/378
f 317/317/317 380/380/380 379/379/379
f 318/318/318 382/382/382 380/380/380
f 318/318/318 319/319/319 381/381/381
f 319/319/319 321/321/321 383/383/383
f 320/320/320 385/385/385 383/383/383
f 320/320/320 322/322/322 384/384/384
f 322/322/322 323/323/323 386/386/386
f 323/323/323 324/324/324 387/387/387
f 324/324/324 325/325/325 388/388/388
f 327/327/327 390/390/390 388/388/388
f 327/327/327 326/326/326 389/389/389
f 328/328/328 391/391/391 389/389/389
f 329/329/329 392/392/392 391/391/391
f 330/330/330 394/394/394 392/392/392
f 330/330/330 331/331/331 393/393/393
f 332/332/332 396/396/396 393/393/393
f 332/332/332 334/334/334 395/395/395
f 333/333/333 397/397/397 395/395/395
f 336/336/336 399/399/399 397/397/397
f 336/336/336 335/335/335 398/398/398
f 337/337/337 400/400/400 398/398/398
f 338/338/338 401/401/401 400/400/400
f 340/340/340 402/402/402 401/401/401
f 339/339/339 403/403/403 402/402/402
f 341/341/341 404/404/404 403/403/403
f 342/342/342 405/405/405 404/404/404
f 344/344/344 406/406/406 405/405/405
f 343/343/343 408/408/408 406/406/406
f 343/343/343 346/346/346 407/407/407
f 346/346/346 345/345/345 409/409/409
f 348/348/348 410/410/410 409/409/409
f 347/347/347 411/411/411 410/410/410
f 349/349/349 412/412/412 411/411/411
f 350/350/350 413/413/413 412/412/412
f 351/351/351 415/415/415 413/413/413
f 351/351/351 352/352/352 414/414/414
f 354/354/354 417/417/417 414/414/414
f 354/354/354 353/353/353 416/416/416
f 353/353/353 355/355/355 418/418/418
f 355/355/355 357/357/357 419/419/419
f 356/356/356 421/421/421 419/419/419
f 356/356/356 358/358/358 420/420/420
f 360/360/360 422/422/422 420/420/420
f 359/359/359 424/424/424 422/422/422
f 359/359/359 361/361/361 423/423/423
f 361/361/361 362/362/362 425/425/425
f 362/362/362 363/363/363 426/426/426
f 363/363/363 364/364/364 427/427/427
f 364/364/364 365/365/365 428/428/428
f 367/367/367 430/430/430 428/428/428
f 367/367/367 366/366/366 429/429/429
f 368/368/368 431/431/431 429/429/429
f 369/369/369 433/433/433 431/431/431
f 369/369/369 370/370/370 432/432/432
f 372/372/372 434/434/434 432/432/432
f 371/371/371 435/435/435 434/434/434
f 373/373/373 436/436/436 435/435/435
f 374/374/374 438/438/438 436/436/436
f 374/374/374 376/376/376 437/437/437
f 376/376/376 375/375/375 439/439/439
f 375/375/375 4020/4020/4020 440/440/440
f 378/378/378 379/379/379 441/441/441
f 380/380/380 443/443/443 441/441/441
f 382/382/382 445/445/445 443/443/443
f 382/382/382 381/381/381 444/444/444
f 381/381/381 383/383/383 446/446/446
f 385/385/385 448/448/448 446/446/446
f 385/385/385 384/384/384 447/447/447
f 386/386/386 449/449/449 447/447/447
f 387/387/387 450/450/450 449/449/449
f 388/388/388 452/452/452 450/450/450
f 388/388/388 390/390/390 451/451/451
f 389/389/389 453/453/453 451/451/451
f 391/391/391 454/454/454 453/453/453
f 392/392/392 455/455/455 454/454/454
f 394/394/394 457/457/457 455/455/455
f 394/394/394 393/393/393 456/456/456
f 393/393/393 396/396/396 458/458/458
f 396/396/396 395/395/395 459/459/459
f 395/395/395 397/397/397 460/460/460
f 397/397/397 399/399/399 461/461/461
f 399/399/399 398/398/398 462/462/462
f 400/400/400 463/463/463 462/462/462
f 401/401/401 465/465/465 463/463/463
f 401/401/401 402/402/402 464/464/464
f 402/402/402 403/403/403 466/466/466
f 403/403/403 404/404/404 467/467/467
f 404/404/404 405/405/405 468/468/468
f 405/405/405 406/406/406 469/469/469
f 408/408/408 471/471/471 469/469/469
f 408/408/408 407/407/407 470/470/470
f 407/407/407 409/409/409 472/472/472
f 410/410/410 473/473/473 472/472/472
f 411/411/411 475/475/475 473/473/473
f 411/411/411 412/412/412 474/474/474
f 412/412/412 413/413/413 476/476/476
f 415/415/415 478/478/478 476/476/476
f 415/415/415 414/414/414 477/477/477
f 417/417/417 479/479/479 477/477/477
f 416/416/416 480/480/480 479/479/479
f 418/418/418 481/481/481 480/480/480
f 419/419/419 482/482/482 481/481/481
f 421/421/421 483/483/483 482/482/482
f 420/420/420 484/484/484 483/483/483
f 422/422/422 485/485/485 484/484/484
f 424/424/424 486/486/486 485/485/485
f 423/423/423 487/487/487 486/486/486
f 425/425/425 488/488/488 487/487/487
f 426/426/426 489/489/489 488/488/488
f 427/427/427 491/491/491 489/489/489
f 427/427/427 428/428/428 490/490/490
f 428/428/428 430/430/430 492/492/492
f 429/429/429 494/494/494 492/492/492
f 429/429/429 431/431/431 493/493/493
f 433/433/433 495/495/495 493/493/493
f 432/432/432 496/496/496 495/495/495
f 434/434/434 498/498/498 496/496/496
f 434/434/434 435/435/435 497/497/497
f 435/435/435 436/436/436 499/499/499
f 438/438/438 500/500/500 499/499/499
f 437/437/437 502/502/502 500/500/500
f 437/437/437 439/439/439 501/501/501
f 440/440/440 565/565/565 501/501/501
f 442/442/442 441/441/441 503/503/503
f 441/441/441 443/443/443 505/505/505
f 443/443/443 445/445/445 506/506/506
f 444/444/444 507/507/507 506/506/506
f 446/446/446 509/509/509 507/507/507
f 446/446/446 448/448/448 508/508/508
f 447/447/447 510/510/510 508/508/508
f 449/449/449 512/512/512 510/510/510
f 449/449/449 450/450/450 511/511/511
f 450/450/450 452/452/452 513/513/513
f 452/452/452 451/451/451 514/514/514
f 451/451/451 453/453/453 515/515/515
f 453/453/453 454/454/454 516/516/516
f 454/454/454 455/455/455 517/517/517
f 457/457/457 519/519/519 517/517/517
f 457/457/457 456/456/456 518/518/518
f 458/458/458 520/520/520 518/518/518
f 459/459/459 521/521/521 520/520/520
f 460/460/460 522/522/522 521/521/521
f 461/461/461 523/523/523 522/522/522
f 462/462/462 525/525/525 523/523/523
f 462/462/462 463/463/463 524/524/524
f 463/463/463 465/465/465 526/526/526
f 464/464/464 527/527/527 526/526/526
f 466/466/466 528/528/528 527/527/527
f 467/467/467 529/529/529 528/528/528
f 468/468/468 531/531/531 529/529/529
f 468/468/468 469/469/469 530/530/530
f 469/469/469 471/471/471 532/532/532
f 471/471/471 470/470/470 533/533/533
f 470/470/470 472/472/472 534/534/534
f 472/472/472 473/473/473 535/535/535
f 473/473/473 475/475/475 536/536/536
f 475/475/475 474/474/474 537/537/537
f 476/476/476 538/538/538 537/537/537
f 478/478/478 539/539/539 538/538/538
f 477/477/477 540/540/540 539/539/539
f 479/479/479 542/542/542 540/540/540
f 479/479/479 480/480/480 541/541/541
f 481/481/481 543/543/543 541/541/541
f 482/482/482 545/545/545 543/543/543
f 482/482/482 483/483/483 544/544/544
f 483/483/483 484/484/484 546/546/546
f 485/485/485 548/548/548 546/546/546
f 485/485/485 486/486/486 547/547/547
f 486/486/486 487/487/487 549/549/549
f 487/487/487 488/488/488 550/550/550
f 489/489/489 551/551/551 550/550/550
f 491/491/491 552/552/552 551/551/551
f 490/490/490 553/553/553 552/552/552
f 492/492/492 554/554/554 553/553/553
f 494/494/494 556/556/556 554/554/554
f 494/494/494 493/493/493 555/555/555
f 495/495/495 557/557/557 555/555/555
f 496/496/496 559/559/559 557/557/557
f 496/496/496 498/498/498 558/558/558
f 497/497/497 560/560/560 558/558/558
f 499/499/499 561/561/561 560/560/560
f 500/500/500 562/562/562 561/561/561
f 502/502/502 564/564/564 562/562/562
f 502/502/502 501/501/501 563/563/563
f 565/565/565 627/627/627 563/563/563
f 503/503/503 567/567/567 566/566/566
f 505/505/505 569/569/569 567/567/567
f 505/505/505 506/506/506 568/568/568
f 506/506/506 507/507/507 570/570/570
f 509/509/509 572/572/572 570/570/570
f 509/509/509 508/508/508 571/571/571
f 508/508/508 510/510/510 573/573/573
f 510/510/510 512/512/512 574/574/574
f 511/511/511 575/575/575 574/574/574
f 513/513/513 576/576/576 575/575/575
f 514/514/514 577/577/577 576/576/576
f 515/515/515 578/578/578 577/577/577
f 516/516/516 580/580/580 578/578/578
f 516/516/516 517/517/517 579/579/579
f 519/519/519 582/582/582 579/579/579
f 519/519/519 518/518/518 581/581/581
f 518/518/518 520/520/520 583/583/583
f 520/520/520 521/521/521 584/584/584
f 521/521/521 522/522/522 585/585/585
f 522/522/522 523/523/523 586/586/586
f 523/523/523 525/525/525 587/587/587
f 525/525/525 524/524/524 588/588/588
f 524/524/524 526/526/526 589/589/589
f 527/527/527 590/590/590 589/589/589
f 528/528/528 591/591/591 590/590/590
f 529/529/529 592/592/592 591/591/591
f 531/531/531 594/594/594 592/592/592
f 531/531/531 530/530/530 593/593/593
f 532/532/532 595/595/595 593/593/593
f 533/533/533 596/596/596 595/595/595
f 534/534/534 598/598/598 596/596/596
f 534/534/534 535/535/535 597/597/597
f 535/535/535 536/536/536 599/599/599
f 536/536/536 537/537/537 600/600/600
f 538/538/538 602/602/602 600/600/600
f 538/538/538 539/539/539 601/601/601
f 539/539/539 540/540/540 603/603/603
f 540/540/540 542/542/542 604/604/604
f 541/541/541 605/605/605 604/604/604
f 543/543/543 606/606/606 605/605/605
f 545/545/545 608/608/608 606/606/606
f 545/545/545 544/544/544 607/607/607
f 544/544/544 546/546/546 609/609/609
f 546/546/546 548/548/548 610/610/610
f 548/548/548 547/547/547 611/611/611
f 549/549/549 613/613/613 611/611/611
f 549/549/549 550/550/550 612/612/612
f 550/550/550 551/551/551 614/614/614
f 552/552/552 616/616/616 614/614/614
f 552/552/552 553/553/553 615/615/615
f 553/553/553 554/554/554 617/617/617
f 554/554/554 556/556/556 618/618/618
f 555/555/555 620/620/620 618/618/618
f 555/555/555 557/557/557 619/619/619
f 559/559/559 621/621/621 619/619/619
f 558/558/558 623/623/623 621/621/621
f 558/558/558 560/560/560 622/622/622
f 560/560/560 561/561/561 624/624/624
f 562/562/562 625/625/625 624/624/624
f 564/564/564 626/626/626 625/625/625
f 563/563/563 628/628/628 626/626/626
f 627/627/627 4024/4024/4024 628/628/628
f 567/567/567 631/631/631 629/629/629
f 567/567/567 569/569/569 630/630/630
f 568/568/568 633/633/633 630/630/630
f 568/568/568 570/570/570 632/632/632
f 570/570/570 572/572/572 634/634/634
f 572/572/572 571/571/571 635/635/635
f 571/571/571 573/573/573 636/636/636
f 573/573/573 574/574/574 637/637/637
f 574/574/574 575/575/575 638/638/638
f 575/575/575 576/576/576 639/639/639
f 577/577/577 640/640/640 639/639/639
f 578/578/578 642/642/642 640/640/640
f 578/578/578 580/580/580 641/641/641
f 580/580/580 579/579/579 643/643/643
f 582/582/582 644/644/644 643/643/643
f 581/581/581 646/646/646 644/644/644
f 581/581/581 583/583/583 645/645/645
f 584/584/584 647/647/647 645/645/645
f 585/585/585 648/648/648 647/647/647
f 586/586/586 650/650/650 648/648/648
f 586/586/586 587/587/587 649/649/649
f 588/588/588 651/651/651 649/649/649
f 589/589/589 652/652/652 651/651/651
f 590/590/590 654/654/654 652/652/652
f 590/590/590 591/591/591 653/653/653
f 592/592/592 656/656/656 653/653/653
f 592/592/592 594/594/594 655/655/655
f 594/594/594 593/593/593 657/657/657
f 593/593/593 595/595/595 658/658/658
f 595/595/595 596/596/596 659/659/659
f 598/598/598 660/660/660 659/659/659
f 597/597/597 661/661/661 660/660/660
f 599/599/599 663/663/663 661/661/661
f 599/599/599 600/600/600 662/662/662
f 602/602/602 664/664/664 662/662/662
f 601/601/601 665/665/665 664/664/664
f 603/603/603 666/666/666 665/665/665
f 604/604/604 668/668/668 666/666/666
f 604/604/604 605/605/605 667/667/667
f 606/606/606 670/670/670 667/667/667
f 606/606/606 608/608/608 669/669/669
f 607/607/607 672/672/672 669/669/669
f 607/607/607 609/609/609 671/671/671
f 609/609/609 610/610/610 673/673/673
f 611/611/611 674/674/674 673/673/673
f 613/613/613 676/676/676 674/674/674
f 613/613/613 612/612/612 675/675/675
f 614/614/614 677/677/677 675/675/675
f 616/616/616 678/678/678 677/677/677
f 615/615/615 679/679/679 678/678/678
f 617/617/617 681/681/681 679/679/679
f 617/617/617 618/618/618 680/680/680
f 620/620/620 682/682/682 680/680/680
f 619/619/619 684/684/684 682/682/682
f 619/619/619 621/621/621 683/683/683
f 621/621/621 623/623/623 685/685/685
f 622/622/622 686/686/686 685/685/685
f 624/624/624 687/687/687 686/686/686
f 625/625/625 689/689/689 687/687/687
f 625/625/625 626/626/626 688/688/688
f 628/628/628 691/691/691 688/688/688
f 628/628/628 4024/4024/4024 690/690/690
f 631/631/631 694/694/694 692/692/692
f 631/631/631 630/630/630 693/693/693
f 630/630/630 633/633/633 695/695/695
f 632/632/632 696/696/696 695/695/695
f 634/634/634 697/697/697 696/696/696
f 635/635/635 698/698/698 697/697/697
f 636/636/636 699/699/699 698/698/698
f 637/637/637 700/700/700 699/699/699
f 638/638/638 701/701/701 700/700/700
f 639/639/639 703/703/703 701/701/701
f 639/639/639 640/640/640 702/702/702
f 640/640/640 642/642/642 704/704/704
f 642/642/642 641/641/641 705/705/705
f 643/643/643 706/706/706 705/705/705
f 644/644/644 707/707/707 706/706/706
f 646/646/646 708/708/708 707/707/707
f 645/645/645 709/709/709 708/708/708
f 647/647/647 711/711/711 709/709/709
f 647/647/647 648/648/648 710/710/710
f 648/648/648 650/650/650 712/712/712
f 649/649/649 713/713/713 712/712/712
f 651/651/651 714/714/714 713/713/713
f 652/652/652 715/715/715 714/714/714
f 654/654/654 717/717/717 715/715/715
f 654/654/654 653/653/653 716/716/716
f 656/656/656 718/718/718 716/716/716
f 655/655/655 719/719/719 718/718/718
f 657/657/657 720/720/720 719/719/719
f 658/658/658 721/721/721 720/720/720
f 659/659/659 723/723/723 721/721/721
f 659/659/659 660/660/660 722/722/722
f 661/661/661 724/724/724 722/722/722
f 663/663/663 725/725/725 724/724/724
f 662/662/662 727/727/727 725/725/725
f 662/662/662 664/664/664 726/726/726
f 665/665/665 729/729/729 726/726/726
f 665/665/665 666/666/666 728/728/728
f 666/666/666 668/668/668 730/730/730
f 668/668/668 667/667/667 731/731/731
f 667/667/667 670/670/670 732/732/732
f 670/670/670 669/669/669 733/733/733
f 669/669/669 672/672/672 734/734/734
f 672/672/672 671/671/671 735/735/735
f 673/673/673 736/736/736 735/735/735
f 674/674/674 737/737/737 736/736/736
f 676/676/676 738/738/738 737/737/737
f 675/675/675 739/739/739 738/738/738
f 677/677/677 740/740/740 739/739/739
f 678/678/678 741/741/741 740/740/740
f 679/679/679 742/742/742 741/741/741
f 681/681/681 743/743/743 742/742/742
f 680/680/680 744/744/744 743/743/743
f 682/682/682 745/745/745 744/744/744
f 684/684/684 746/746/746 745/745/745
f 683/683/683 747/747/747 746/746/746
f 685/685/685 749/749/749 747/747/747
f 685/685/685 686/686/686 748/748/748
f 687/687/687 750/750/750 748/748/748
f 689/689/689 752/752/752 750/750/750
f 689/689/689 688/688/688 751/751/751
f 691/691/691 753/753/753 751/751/751
f 690/690/690 4026/4026/4026 753/753/753
f 692/692/692 694/694/694 754/754/754
f 694/694/694 693/693/693 756/756/756
f 695/695/695 757/757/757 756/756/756
f 696/696/696 759/759/759 757/757/757
f 696/696/696 697/697/697 758/758/758
f 697/697/697 698/698/698 760/760/760
f 699/699/699 761/761/761 760/760/760
f 700/700/700 763/763/763 761/761/761
f 700/700/700 701/701/701 762/762/762
f 701/701/701 703/703/703 764/764/764
f 702/702/702 765/765/765 764/764/764
f 704/704/704 766/766/766 765/765/765
f 705/705/705 767/767/767 766/766/766
f 706/706/706 768/768/768 767/767/767
f 707/707/707 770/770/770 768/768/768
f 707/707/707 708/708/708 769/769/769
f 708/708/708 709/709/709 771/771/771
f 709/709/709 711/711/711 772/772/772
f 710/710/710 773/773/773 772/772/772
f 712/712/712 775/775/775 773/773/773
f 712/712/712 713/713/713 774/774/774
f 713/713/713 714/714/714 776/776/776
f 714/714/714 715/715/715 777/777/777
f 717/717/717 778/778/778 777/777/777
f 716/716/716 779/779/779 778/778/778
f 718/718/718 781/781/781 779/779/779
f 718/718/718 719/719/719 780/780/780
f 719/719/719 720/720/720 782/782/782
f 721/721/721 783/783/783 782/782/782
f 723/723/723 785/785/785 783/783/783
f 723/723/723 722/722/722 784/784/784
f 722/722/722 724/724/724 786/786/786
f 725/725/725 788/788/788 786/786/786
f 725/725/725 727/727/727 787/787/787
f 726/726/726 790/790/790 787/787/787
f 726/726/726 729/729/729 789/789/789
f 729/729/729 728/728/728 791/791/791
f 730/730/730 792/792/792 791/791/791
f 731/731/731 794/794/794 792/792/792
f 731/731/731 732/732/732 793/793/793
f 733/733/733 795/795/795 793/793/793
f 734/734/734 797/797/797 795/795/795
f 734/734/734 735/735/735 796/796/796
f 735/735/735 736/736/736 798/798/798
f 736/736/736 737/737/737 799/799/799
f 737/737/737 738/738/738 800/800/800
f 738/738/738 739/739/739 801/801/801
f 739/739/739 740/740/740 802/802/802
f 740/740/740 741/741/741 803/803/803
f 741/741/741 742/742/742 804/804/804
f 742/742/742 743/743/743 805/805/805
f 744/744/744 806/806/806 805/805/805
f 745/745/745 808/808/808 806/806/806
f 745/745/745 746/746/746 807/807/807
f 746/746/746 747/747/747 809/809/809
f 747/747/747 749/749/749 810/810/810
f 749/749/749 748/748/748 811/811/811
f 748/748/748 750/750/750 812/812/812
f 752/752/752 814/814/814 812/812/812
f 752/752/752 751/751/751 813/813/813
f 751/751/751 753/753/753 815/815/815
f 753/753/753 4026/4026/4026 816/816/816
f 754/754/754 818/818/818 817/817/817
f 756/756/756 819/819/819 818/818/818
f 757/757/757 821/821/821 819/819/819
f 757/757/757 759/759/759 820/820/820
f 759/759/759 758/758/758 822/822/822
f 758/758/758 760/760/760 823/823/823
f 760/760/760 761/761/761 824/824/824
f 763/763/763 825/825/825 824/824/824
f 762/762/762 827/827/827 825/825/825
f 762/762/762 764/764/764 826/826/826
f 765/765/765 829/829/829 826/826/826
f 765/765/765 766/766/766 828/828/828
f 766/766/766 767/767/767 830/830/830
f 768/768/768 831/831/831 830/830/830
f 770/770/770 833/833/833 831/831/831
f 770/770/770 769/769/769 832/832/832
f 769/769/769 771/771/771 834/834/834
f 771/771/771 772/772/772 835/835/835
f 773/773/773 836/836/836 835/835/835
f 775/775/775 838/838/838 836/836/836
f 775/775/775 774/774/774 837/837/837
f 774/774/774 776/776/776 839/839/839
f 777/777/777 840/840/840 839/839/839
f 778/778/778 842/842/842 840/840/840
f 778/778/778 779/779/779 841/841/841
f 781/781/781 844/844/844 841/841/841
f 781/781/781 780/780/780 843/843/843
f 780/780/780 782/782/782 845/845/845
f 782/782/782 783/783/783 846/846/846
f 783/783/783 785/785/785 847/847/847
f 785/785/785 784/784/784 848/848/848
f 786/786/786 849/849/849 848/848/848
f 788/788/788 851/851/851 849/849/849
f 788/788/788 787/787/787 850/850/850
f 790/790/790 852/852/852 850/850/850
f 789/789/789 854/854/854 852/852/852
f 789/789/789 791/791/791 853/853/853
f 792/792/792 855/855/855 853/853/853
f 794/794/794 857/857/857 855/855/855
f 794/794/794 793/793/793 856/856/856
f 795/795/795 858/858/858 856/856/856
f 797/797/797 860/860/860 858/858/858
f 797/797/797 796/796/796 859/859/859
f 796/796/796 798/798/798 861/861/861
f 799/799/799 862/862/862 861/861/861
f 800/800/800 864/864/864 862/862/862
f 800/800/800 801/801/801 863/863/863
f 802/802/802 866/866/866 863/863/863
f 802/802/802 803/803/803 865/865/865
f 803/803/803 804/804/804 867/867/867
f 804/804/804 805/805/805 868/868/868
f 805/805/805 806/806/806 869/869/869
f 806/806/806 808/808/808 870/870/870
f 808/808/808 807/807/807 871/871/871
f 807/807/807 809/809/809 872/872/872
f 810/810/810 873/873/873 872/872/872
f 811/811/811 874/874/874 873/873/873
f 812/812/812 875/875/875 874/874/874
f 814/814/814 876/876/876 875/875/875
f 813/813/813 877/877/877 876/876/876
f 815/815/815 878/878/878 877/877/877
f 816/816/816 941/941/941 878/878/878
f 818/818/818 881/881/881 879/879/879
f 818/818/818 819/819/819 880/880/880
f 819/819/819 821/821/821 882/882/882
f 820/820/820 883/883/883 882/882/882
f 822/822/822 884/884/884 883/883/883
f 823/823/823 886/886/886 884/884/884
f 823/823/823 824/824/824 885/885/885
f 824/824/824 825/825/825 887/887/887
f 825/825/825 827/827/827 888/888/888
f 827/827/827 826/826/826 889/889/889
f 829/829/829 890/890/890 889/889/889
f 828/828/828 891/891/891 890/890/890
f 830/830/830 892/892/892 891/891/891
f 831/831/831 894/894/894 892/892/892
f 831/831/831 833/833/833 893/893/893
f 832/832/832 895/895/895 893/893/893
f 834/834/834 896/896/896 895/895/895
f 835/835/835 898/898/898 896/896/896
f 835/835/835 836/836/836 897/897/897
f 836/836/836 838/838/838 899/899/899
f 837/837/837 900/900/900 899/899/899
f 839/839/839 901/901/901 900/900/900
f 840/840/840 903/903/903 901/901/901
f 840/840/840 842/842/842 902/902/902
f 842/842/842 841/841/841 904/904/904
f 844/844/844 905/905/905 904/904/904
f 843/843/843 906/906/906 905/905/905
f 845/845/845 907/907/907 906/906/906
f 846/846/846 908/908/908 907/907/907
f 847/847/847 910/910/910 908/908/908
f 847/847/847 848/848/848 909/909/909
f 849/849/849 912/912/912 909/909/909
f 849/849/849 851/851/851 911/911/911
f 851/851/851 850/850/850 913/913/913
f 850/850/850 852/852/852 914/914/914
f 854/854/854 916/916/916 914/914/914
f 854/854/854 853/853/853 915/915/915
f 855/855/855 918/918/918 915/915/915
f 855/855/855 857/857/857 917/917/917
f 857/857/857 856/856/856 919/919/919
f 856/856/856 858/858/858 920/920/920
f 858/858/858 860/860/860 921/921/921
f 859/859/859 922/922/922 921/921/921
f 861/861/861 923/923/923 922/922/922
f 862/862/862 924/924/924 923/923/923
f 864/864/864 926/926/926 924/924/924
f 864/864/864 863/863/863 925/925/925
f 866/866/866 928/928/928 925/925/925
f 866/866/866 865/865/865 927/927/927
f 867/867/867 930/930/930 927/927/927
f 867/867/867 868/868/868 929/929/929
f 868/868/868 869/869/869 931/931/931
f 870/870/870 932/932/932 931/931/931
f 871/871/871 933/933/933 932/932/932
f 872/872/872 934/934/934 933/933/933
f 873/873/873 936/936/936 934/934/934
f 873/873/873 874/874/874 935/935/935
f 874/874/874 875/875/875 937/937/937
f 876/876/876 939/939/939 937/937/937
f 876/876/876 877/877/877 938/938/938
f 877/877/877 878/878/878 940/940/940
f 941/941/941 4029/4029/4029 940/940/940
f 879/879/879 881/881/881 942/942/942
f 881/881/881 880/880/880 944/944/944
f 882/882/882 945/945/945 944/944/944
f 883/883/883 947/947/947 945/945/945
f 883/883/883 884/884/884 946/946/946
f 886/886/886 948/948/948 946/946/946
f 885/885/885 949/949/949 948/948/948
f 887/887/887 951/951/951 949/949/949
f 887/887/887 888/888/888 950/950/950
f 889/889/889 952/952/952 950/950/950
f 890/890/890 953/953/953 952/952/952
f 891/891/891 954/954/954 953/953/953
f 892/892/892 955/955/955 954/954/954
f 894/894/894 956/956/956 955/955/955
f 893/893/893 957/957/957 956/956/956
f 895/895/895 959/959/959 957/957/957
f 895/895/895 896/896/896 958/958/958
f 896/896/896 898/898/898 960/960/960
f 897/897/897 961/961/961 960/960/960
f 899/899/899 962/962/962 961/961/961
f 900/900/900 964/964/964 962/962/962
f 900/900/900 901/901/901 963/963/963
f 901/901/901 903/903/903 965/965/965
f 903/903/903 902/902/902 966/966/966
f 902/902/902 904/904/904 967/967/967
f 905/905/905 968/968/968 967/967/967
f 906/906/906 969/969/969 968/968/968
f 907/907/907 971/971/971 969/969/969
f 907/907/907 908/908/908 970/970/970
f 908/908/908 910/910/910 972/972/972
f 910/910/910 909/909/909 973/973/973
f 912/912/912 974/974/974 973/973/973
f 911/911/911 975/975/975 974/974/974
f 913/913/913 977/977/977 975/975/975
f 913/913/913 914/914/914 976/976/976
f 914/914/914 916/916/916 978/978/978
f 916/916/916 915/915/915 979/979/979
f 915/915/915 918/918/918 980/980/980
f 918/918/918 917/917/917 981/981/981
f 919/919/919 982/982/982 981/981/981
f 920/920/920 984/984/984 982/982/982
f 920/920/920 921/921/921 983/983/983
f 921/921/921 922/922/922 985/985/985
f 922/922/922 923/923/923 986/986/986
f 923/923/923 924/924/924 987/987/987
f 924/924/924 926/926/926 988/988/988
f 926/926/926 925/925/925 989/989/989
f 928/928/928 991/991/991 989/989/989
f 928/928/928 927/927/927 990/990/990
f 927/927/927 930/930/930 992/992/992
f 929/929/929 994/994/994 992/992/992
f 929/929/929 931/931/931 993/993/993
f 932/932/932 995/995/995 993/993/993
f 933/933/933 997/997/997 995/995/995
f 933/933/933 934/934/934 996/996/996
f 934/934/934 936/936/936 998/998/998
f 936/936/936 935/935/935 999/999/999
f 935/935/935 937/937/937 1000/1000/1000
f 939/939/939 1002/1002/1002 1000/1000/1000
f 939/939/939 938/938/938 1001/1001/1001
f 938/938/938 940/940/940 1003/1003/1003
f 940/940/940 4029/4029/4029 1004/1004/1004
f 942/942/942 1007/1007/1007 1005/1005/1005
f 942/942/942 944/944/944 1006/1006/1006
f 944/944/944 945/945/945 1008/1008/1008
f 945/945/945 947/947/947 1009/1009/1009
f 946/946/946 1010/1010/1010 1009/1009/1009
f 948/948/948 1012/1012/1012 1010/1010/1010
f 948/948/948 949/949/949 1011/1011/1011
f 949/949/949 951/951/951 1013/1013/1013
f 950/950/950 1015/1015/1015 1013/1013/1013
f 950/950/950 952/952/952 1014/1014/1014
f 952/952/952 953/953/953 1016/1016/1016
f 954/954/954 1017/1017/1017 1016/1016/1016
f 955/955/955 1019/1019/1019 1017/1017/1017
f 955/955/955 956/956/956 1018/1018/1018
f 957/957/957 1021/1021/1021 1018/1018/1018
f 957/957/957 959/959/959 1020/1020/1020
f 959/959/959 958/958/958 1022/1022/1022
f 960/960/960 1024/1024/1024 1022/1022/1022
f 960/960/960 961/961/961 1023/1023/1023
f 961/961/961 962/962/962 1025/1025/1025
f 964/964/964 1027/1027/1027 1025/1025/1025
f 964/964/964 963/963/963 1026/1026/1026
f 963/963/963 965/965/965 1028/1028/1028
f 965/965/965 966/966/966 1029/1029/1029
f 966/966/966 967/967/967 1030/1030/1030
f 968/968/968 1031/1031/1031 1030/1030/1030
f 969/969/969 1033/1033/1033 1031/1031/1031
f 969/969/969 971/971/971 1032/1032/1032
f 970/970/970 1034/1034/1034 1032/1032/1032
f 972/972/972 1036/1036/1036 1034/1034/1034
f 972/972/972 973/973/973 1035/1035/1035
f 974/974/974 1037/1037/1037 1035/1035/1035
f 975/975/975 1039/1039/1039 1037/1037/1037
f 975/975/975 977/977/977 1038/1038/1038
f 976/976/976 1040/1040/1040 1038/1038/1038
f 978/978/978 1041/1041/1041 1040/1040/1040
f 979/979/979 1042/1042/1042 1041/1041/1041
f 980/980/980 1043/1043/1043 1042/1042/1042
f 981/981/981 1045/1045/1045 1043/1043/1043
f 981/981/981 982/982/982 1044/1044/1044
f 984/984/984 1047/1047/1047 1044/1044/1044
f 984/984/984 983/983/983 1046/1046/1046
f 985/985/985 1048/1048/1048 1046/1046/1046
f 986/986/986 1049/1049/1049 1048/1048/1048
f 987/987/987 1051/1051/1051 1049/1049/1049
f 987/987/987 988/988/988 1050/1050/1050
f 989/989/989 1052/1052/1052 1050/1050/1050
f 991/991/991 1053/1053/1053 1052/1052/1052
f 990/990/990 1054/1054/1054 1053/1053/1053
f 992/992/992 1055/1055/1055 1054/1054/1054
f 994/994/994 1056/1056/1056 1055/1055/1055
f 993/993/993 1057/1057/1057 1056/1056/1056
f 995/995/995 1059/1059/1059 1057/1057/1057
f 995/995/995 997/997/997 1058/1058/1058
f 997/997/997 996/996/996 1060/1060/1060
f 998/998/998 1061/1061/1061 1060/1060/1060
f 999/999/999 1063/1063/1063 1061/1061/1061
f 999/999/999 1000/1000/1000 1062/1062/1062
f 1002/1002/1002 1065/1065/1065 1062/1062/1062
f 1002/1002/1002 1001/1001/1001 1064/1064/1064
f 1001/1001/1001 1003/1003/1003 1066/1066/1066
f 1004/1004/1004 1128/1128/1128 1066/1066/1066
f 1005/1005/1005 1007/1007/1007 1067/1067/1067
f 1007/1007/1007 1006/1006/1006 1069/1069/1069
f 1008/1008/1008 1070/1070/1070 1069/1069/1069
f 1009/1009/1009 1071/1071/1071 1070/1070/1070
f 1010/1010/1010 1073/1073/1073 1071/1071/1071
f 1010/1010/1010 1012/1012/1012 1072/1072/1072
f 1012/1012/1012 1011/1011/1011 1074/1074/1074
f 1011/1011/1011 1013/1013/1013 1075/1075/1075
f 1015/1015/1015 1077/1077/1077 1075/1075/1075
f 1015/1015/1015 1014/1014/1014 1076/1076/1076
f 1014/1014/1014 1016/1016/1016 1078/1078/1078
f 1016/1016/1016 1017/1017/1017 1079/1079/1079
f 1017/1017/1017 1019/1019/1019 1080/1080/1080
f 1018/1018/1018 1081/1081/1081 1080/1080/1080
f 1021/1021/1021 1083/1083/1083 1081/1081/1081
f 1021/1021/1021 1020/1020/1020 1082/1082/1082
f 1020/1020/1020 1022/1022/1022 1084/1084/1084
f 1022/1022/1022 1024/1024/1024 1085/1085/1085
f 1023/1023/1023 1087/1087/1087 1085/1085/1085
f 1023/1023/1023 1025/1025/1025 1086/1086/1086
f 1027/1027/1027 1088/1088/1088 1086/1086/1086
f 1026/1026/1026 1089/1089/1089 1088/1088/1088
f 1028/1028/1028 1090/1090/1090 1089/1089/1089
f 1029/1029/1029 1091/1091/1091 1090/1090/1090
f 1030/1030/1030 1092/1092/1092 1091/1091/1091
f 1031/1031/1031 1094/1094/1094 1092/1092/1092
f 1031/1031/1031 1033/1033/1033 1093/1093/1093
f 1033/1033/1033 1032/1032/1032 1095/1095/1095
f 1034/1034/1034 1096/1096/1096 1095/1095/1095
f 1036/1036/1036 1098/1098/1098 1096/1096/1096
f 1036/1036/1036 1035/1035/1035 1097/1097/1097
f 1037/1037/1037 1100/1100/1100 1097/1097/1097
f 1037/1037/1037 1039/1039/1039 1099/1099/1099
f 1039/1039/1039 1038/1038/1038 1101/1101/1101
f 1040/1040/1040 1103/1103/1103 1101/1101/1101
f 1040/1040/1040 1041/1041/1041 1102/1102/1102
f 1041/1041/1041 1042/1042/1042 1104/1104/1104
f 1042/1042/1042 1043/1043/1043 1105/1105/1105
f 1043/1043/1043 1045/1045/1045 1106/1106/1106
f 1045/1045/1045 1044/1044/1044 1107/1107/1107
f 1047/1047/1047 1108/1108/1108 1107/1107/1107
f 1046/1046/1046 1109/1109/1109 1108/1108/1108
f 1048/1048/1048 1111/1111/1111 1109/1109/1109
f 1048/1048/1048 1049/1049/1049 1110/1110/1110
f 1051/1051/1051 1112/1112/1112 1110/1110/1110
f 1050/1050/1050 1113/1113/1113 1112/1112/1112
f 1052/1052/1052 1115/1115/1115 1113/1113/1113
f 1052/1052/1052 1053/1053/1053 1114/1114/1114
f 1053/1053/1053 1054/1054/1054 1116/1116/1116
f 1054/1054/1054 1055/1055/1055 1117/1117/1117
f 1055/1055/1055 1056/1056/1056 1118/1118/1118
f 1057/1057/1057 1120/1120/1120 1118/1118/1118
f 1057/1057/1057 1059/1059/1059 1119/1119/1119
f 1059/1059/1059 1058/1058/1058 1121/1121/1121
f 1060/1060/1060 1122/1122/1122 1121/1121/1121
f 1061/1061/1061 1124/1124/1124 1122/1122/1122
f 1061/1061/1061 1063/1063/1063 1123/1123/1123
f 1063/1063/1063 1062/1062/1062 1125/1125/1125
f 1065/1065/1065 1127/1127/1127 1125/1125/1125
f 1065/1065/1065 1064/1064/1064 1126/1126/1126
f 1066/1066/1066 1129/1129/1129 1126/1126/1126
f 1128/1128/1128 4031/4031/4031 1129/1129/1129
f 1067/1067/1067 1131/1131/1131 1130/1130/1130
f 1069/1069/1069 1133/1133/1133 1131/1131/1131
f 1069/1069/1069 1070/1070/1070 1132/1132/1132
f 1071/1071/1071 1134/1134/1134 1132/1132/1132
f 1073/1073/1073 1135/1135/1135 1134/1134/1134
f 1072/1072/1072 1136/1136/1136 1135/1135/1135
f 1074/1074/1074 1137/1137/1137 1136/1136/1136
f 1075/1075/1075 1138/1138/1138 1137/1137/1137
f 1077/1077/1077 1140/1140/1140 1138/1138/1138
f 1077/1077/1077 1076/1076/1076 1139/1139/1139
f 1078/1078/1078 1141/1141/1141 1139/1139/1139
f 1079/1079/1079 1142/1142/1142 1141/1141/1141
f 1080/1080/1080 1144/1144/1144 1142/1142/1142
f 1080/1080/1080 1081/1081/1081 1143/1143/1143
f 1081/1081/1081 1083/1083/1083 1145/1145/1145
f 1083/1083/1083 1082/1082/1082 1146/1146/1146
f 1082/1082/1082 1084/1084/1084 1147/1147/1147
f 1085/1085/1085 1148/1148/1148 1147/1147/1147
f 1087/1087/1087 1149/1149/1149 1148/1148/1148
f 1086/1086/1086 1150/1150/1150 1149/1149/1149
f 1088/1088/1088 1151/1151/1151 1150/1150/1150
f 1089/1089/1089 1153/1153/1153 1151/1151/1151
f 1089/1089/1089 1090/1090/1090 1152/1152/1152
f 1090/1090/1090 1091/1091/1091 1154/1154/1154
f 1091/1091/1091 1092/1092/1092 1155/1155/1155
f 1094/1094/1094 1156/1156/1156 1155/1155/1155
f 1093/1093/1093 1158/1158/1158 1156/1156/1156
f 1093/1093/1093 1095/1095/1095 1157/1157/1157
f 1095/1095/1095 1096/1096/1096 1159/1159/1159
f 1098/1098/1098 1161/1161/1161 1159/1159/1159
f 1098/1098/1098 1097/1097/1097 1160/1160/1160
f 1097/1097/1097 1100/1100/1100 1162/1162/1162
f 1100/1100/1100 1099/1099/1099 1163/1163/1163
f 1101/1101/1101 1165/1165/1165 1163/1163/1163
f 1101/1101/1101 1103/1103/1103 1164/1164/1164
f 1102/1102/1102 1166/1166/1166 1164/1164/1164
f 1104/1104/1104 1167/1167/1167 1166/1166/1166
f 1105/1105/1105 1168/1168/1168 1167/1167/1167
f 1106/1106/1106 1169/1169/1169 1168/1168/1168
f 1107/1107/1107 1170/1170/1170 1169/1169/1169
f 1108/1108/1108 1171/1171/1171 1170/1170/1170
f 1109/1109/1109 1172/1172/1172 1171/1171/1171
f 1111/1111/1111 1173/1173/1173 1172/1172/1172
f 1110/1110/1110 1175/1175/1175 1173/1173/1173
f 1110/1110/1110 1112/1112/1112 1174/1174/1174
f 1112/1112/1112 1113/1113/1113 1176/1176/1176
f 1115/1115/1115 1178/1178/1178 1176/1176/1176
f 1115/1115/1115 1114/1114/1114 1177/1177/1177
f 1116/1116/1116 1179/1179/1179 1177/1177/1177
f 1117/1117/1117 1181/1181/1181 1179/1179/1179
f 1117/1117/1117 1118/1118/1118 1180/1180/1180
f 1118/1118/1118 1120/1120/1120 1182/1182/1182
f 1119/1119/1119 1183/1183/1183 1182/1182/1182
f 1121/1121/1121 1185/1185/1185 1183/1183/1183
f 1121/1121/1121 1122/1122/1122 1184/1184/1184
f 1124/1124/1124 1186/1186/1186 1184/1184/1184
f 1123/1123/1123 1188/1188/1188 1186/1186/1186
f 1123/1123/1123 1125/1125/1125 1187/1187/1187
f 1125/1125/1125 1127/1127/1127 1189/1189/1189
f 1127/1127/1127 1126/1126/1126 1190/1190/1190
f 1129/1129/1129 1192/1192/1192 1190/1190/1190
f 1129/1129/1129 4031/4031/4031 1191/1191/1191
f 1131/1131/1131 1195/1195/1195 1193/1193/1193
f 1131/1131/1131 1133/1133/1133 1194/1194/1194
f 1133/1133/1133 1132/1132/1132 1196/1196/1196
f 1132/1132/1132 1134/1134/1134 1197/1197/1197
f 1134/1134/1134 1135/1135/1135 1198/1198/1198
f 1135/1135/1135 1136/1136/1136 1199/1199/1199
f 1137/1137/1137 1201/1201/1201 1199/1199/1199
f 1137/1137/1137 1138/1138/1138 1200/1200/1200
f 1138/1138/1138 1140/1140/1140 1202/1202/1202
f 1139/1139/1139 1203/1203/1203 1202/1202/1202
f 1141/1141/1141 1205/1205/1205 1203/1203/1203
f 1141/1141/1141 1142/1142/1142 1204/1204/1204
f 1144/1144/1144 1206/1206/1206 1204/1204/1204
f 1143/1143/1143 1207/1207/1207 1206/1206/1206
f 1145/1145/1145 1208/1208/1208 1207/1207/1207
f 1146/1146/1146 1210/1210/1210 1208/1208/1208
f 1146/1146/1146 1147/1147/1147 1209/1209/1209
f 1148/1148/1148 1212/1212/1212 1209/1209/1209
f 1148/1148/1148 1149/1149/1149 1211/1211/1211
f 1149/1149/1149 1150/1150/1150 1213/1213/1213
f 1151/1151/1151 1215/1215/1215 1213/1213/1213
f 1151/1151/1151 1153/1153/1153 1214/1214/1214
f 1152/1152/1152 1216/1216/1216 1214/1214/1214
f 1154/1154/1154 1218/1218/1218 1216/1216/1216
f 1154/1154/1154 1155/1155/1155 1217/1217/1217
f 1155/1155/1155 1156/1156/1156 1219/1219/1219
f 1158/1158/1158 1221/1221/1221 1219/1219/1219
f 1158/1158/1158 1157/1157/1157 1220/1220/1220
f 1157/1157/1157 1159/1159/1159 1222/1222/1222
f 1159/1159/1159 1161/1161/1161 1223/1223/1223
f 1161/1161/1161 1160/1160/1160 1224/1224/1224
f 1162/1162/1162 1226/1226/1226 1224/1224/1224
f 1162/1162/1162 1163/1163/1163 1225/1225/1225
f 1165/1165/1165 1228/1228/1228 1225/1225/1225
f 1165/1165/1165 1164/1164/1164 1227/1227/1227
f 1166/1166/1166 1229/1229/1229 1227/1227/1227
f 1167/1167/1167 1230/1230/1230 1229/1229/1229
f 1168/1168/1168 1231/1231/1231 1230/1230/1230
f 1169/1169/1169 1233/1233/1233 1231/1231/1231
f 1169/1169/1169 1170/1170/1170 1232/1232/1232
f 1171/1171/1171 1235/1235/1235 1232/1232/1232
f 1171/1171/1171 1172/1172/1172 1234/1234/1234
f 1172/1172/1172 1173/1173/1173 1236/1236/1236
f 1175/1175/1175 1237/1237/1237 1236/1236/1236
f 1174/1174/1174 1239/1239/1239 1237/1237/1237
f 1174/1174/1174 1176/1176/1176 1238/1238/1238
f 1176/1176/1176 1178/1178/1178 1240/1240/1240
f 1177/1177/1177 1241/1241/1241 1240/1240/1240
f 1179/1179/1179 1243/1243/1243 1241/1241/1241
f 1179/1179/1179 1181/1181/1181 1242/1242/1242
f 1180/1180/1180 1244/1244/1244 1242/1242/1242
f 1182/1182/1182 1246/1246/1246 1244/1244/1244
f 1182/1182/1182 1183/1183/1183 1245/1245/1245
f 1185/1185/1185 1248/1248/1248 1245/1245/1245
f 1185/1185/1185 1184/1184/1184 1247/1247/1247
f 1186/1186/1186 1250/1250/1250 1247/1247/1247
f 1186/1186/1186 1188/1188/1188 1249/1249/1249
f 1187/1187/1187 1251/1251/1251 1249/1249/1249
f 1189/1189/1189 1253/1253/1253 1251/1251/1251
f 1189/1189/1189 1190/1190/1190 1252/1252/1252
f 1190/1190/1190 1192/1192/1192 1254/1254/1254
f 1191/1191/1191 4034/4034/4034 1254/1254/1254
f 1193/1193/1193 1195/1195/1195 1255/1255/1255
f 1194/1194/1194 1257/1257/1257 1255/1255/1255
f 1196/1196/1196 1258/1258/1258 1257/1257/1257
f 1197/1197/1197 1259/1259/1259 1258/1258/1258
f 1198/1198/1198 1260/1260/1260 1259/1259/1259
f 1199/1199/1199 1262/1262/1262 1260/1260/1260
f 1199/1199/1199 1201/1201/1201 1261/1261/1261
f 1201/1201/1201 1200/1200/1200 1263/1263/1263
f 1202/1202/1202 1264/1264/1264 1263/1263/1263
f 1203/1203/1203 1266/1266/1266 1264/1264/1264
f 1203/1203/1203 1205/1205/1205 1265/1265/1265
f 1204/1204/1204 1268/1268/1268 1265/1265/1265
f 1204/1204/1204 1206/1206/1206 1267/1267/1267
f 1206/1206/1206 1207/1207/1207 1269/1269/1269
f 1207/1207/1207 1208/1208/1208 1270/1270/1270
f 1210/1210/1210 1271/1271/1271 1270/1270/1270
f 1209/1209/1209 1272/1272/1272 1271/1271/1271
f 1212/1212/1212 1273/1273/1273 1272/1272/1272
f 1211/1211/1211 1274/1274/1274 1273/1273/1273
f 1213/1213/1213 1275/1275/1275 1274/1274/1274
f 1215/1215/1215 1276/1276/1276 1275/1275/1275
f 1214/1214/1214 1277/1277/1277 1276/1276/1276
f 1216/1216/1216 1278/1278/1278 1277/1277/1277
f 1218/1218/1218 1280/1280/1280 1278/1278/1278
f 1218/1218/1218 1217/1217/1217 1279/1279/1279
f 1219/1219/1219 1281/1281/1281 1279/1279/1279
f 1221/1221/1221 1282/1282/1282 1281/1281/1281
f 1220/1220/1220 1283/1283/1283 1282/1282/1282
f 1222/1222/1222 1284/1284/1284 1283/1283/1283
f 1223/1223/1223 1285/1285/1285 1284/1284/1284
f 1224/1224/1224 1286/1286/1286 1285/1285/1285
f 1226/1226/1226 1288/1288/1288 1286/1286/1286
f 1226/1226/1226 1225/1225/1225 1287/1287/1287
f 1225/1225/1225 1228/1228/1228 1289/1289/1289
f 1228/1228/1228 1227/1227/1227 1290/1290/1290
f 1227/1227/1227 1229/1229/1229 1291/1291/1291
f 1229/1229/1229 1230/1230/1230 1292/1292/1292
f 1230/1230/1230 1231/1231/1231 1293/1293/1293
f 1233/1233/1233 1295/1295/1295 1293/1293/1293
f 1233/1233/1233 1232/1232/1232 1294/1294/1294
f 1235/1235/1235 1296/1296/1296 1294/1294/1294
f 1234/1234/1234 1297/1297/1297 1296/1296/1296
f 1236/1236/1236 1299/1299/1299 1297/1297/1297
f 1236/1236/1236 1237/1237/1237 1298/1298/1298
f 1239/1239/1239 1300/1300/1300 1298/1298/1298
f 1238/1238/1238 1302/1302/1302 1300/1300/1300
f 1238/1238/1238 1240/1240/1240 1301/1301/1301
f 1240/1240/1240 1241/1241/1241 1303/1303/1303
f 1243/1243/1243 1305/1305/1305 1303/1303/1303
f 1243/1243/1243 1242/1242/1242 1304/1304/1304
f 1242/1242/1242 1244/1244/1244 1306/1306/1306
f 1244/1244/1244 1246/1246/1246 1307/1307/1307
f 1246/1246/1246 1245/1245/1245 1308/1308/1308
f 1245/1245/1245 1248/1248/1248 1309/1309/1309
f 1247/1247/1247 1310/1310/1310 1309/1309/1309
f 1250/1250/1250 1312/1312/1312 1310/1310/1310
f 1250/1250/1250 1249/1249/1249 1311/1311/1311
f 1249/1249/1249 1251/1251/1251 1313/1313/1313
f 1251/1251/1251 1253/1253/1253 1314/1314/1314
f 1253/1253/1253 1252/1252/1252 1315/1315/1315
f 1254/1254/1254 1317/1317/1317 1315/1315/1315
f 1254/1254/1254 4034/4034/4034 1316/1316/1316
f 1256/1256/1256 1255/1255/1255 1318/1318/1318
f 1255/1255/1255 1257/1257/1257 1320/1320/1320
f 1257/1257/1257 1258/1258/1258 1321/1321/1321
f 1258/1258/1258 1259/1259/1259 1322/1322/1322
f 1259/1259/1259 1260/1260/1260 1323/1323/1323
f 1260/1260/1260 1262/1262/1262 1324/1324/1324
f 1261/1261/1261 1325/1325/1325 1324/1324/1324
f 1263/1263/1263 1327/1327/1327 1325/1325/1325
f 1263/1263/1263 1264/1264/1264 1326/1326/1326
f 1264/1264/1264 1266/1266/1266 1328/1328/1328
f 1266/1266/1266 1265/1265/1265 1329/1329/1329
f 1268/1268/1268 1331/1331/1331 1329/1329/1329
f 1268/1268/1268 1267/1267/1267 1330/1330/1330
f 1269/1269/1269 1332/1332/1332 1330/1330/1330
f 1270/1270/1270 1334/1334/1334 1332/1332/1332
f 1270/1270/1270 1271/1271/1271 1333/1333/1333
f 1271/1271/1271 1272/1272/1272 1335/1335/1335
f 1272/1272/1272 1273/1273/1273 1336/1336/1336
f 1273/1273/1273 1274/1274/1274 1337/1337/1337
f 1274/1274/1274 1275/1275/1275 1338/1338/1338
f 1275/1275/1275 1276/1276/1276 1339/1339/1339
f 1277/1277/1277 1341/1341/1341 1339/1339/1339
f 1277/1277/1277 1278/1278/1278 1340/1340/1340
f 1280/1280/1280 1343/1343/1343 1340/1340/1340
f 1280/1280/1280 1279/1279/1279 1342/1342/1342
f 1281/1281/1281 1345/1345/1345 1342/1342/1342
f 1281/1281/1281 1282/1282/1282 1344/1344/1344
f 1282/1282/1282 1283/1283/1283 1346/1346/1346
f 1283/1283/1283 1284/1284/1284 1347/1347/1347
f 1285/1285/1285 1348/1348/1348 1347/1347/1347
f 1286/1286/1286 1350/1350/1350 1348/1348/1348
f 1286/1286/1286 1288/1288/1288 1349/1349/1349
f 1288/1288/1288 1287/1287/1287 1351/1351/1351
f 1289/1289/1289 1352/1352/1352 1351/1351/1351
f 1290/1290/1290 1354/1354/1354 1352/1352/1352
f 1290/1290/1290 1291/1291/1291 1353/1353/1353
f 1291/1291/1291 1292/1292/1292 1355/1355/1355
f 1292/1292/1292 1293/1293/1293 1356/1356/1356
f 1293/1293/1293 1295/1295/1295 1357/1357/1357
f 1295/1295/1295 1294/1294/1294 1358/1358/1358
f 1294/1294/1294 1296/1296/1296 1359/1359/1359
f 1297/1297/1297 1360/1360/1360 1359/1359/1359
f 1299/1299/1299 1362/1362/1362 1360/1360/1360
f 1299/1299/1299 1298/1298/1298 1361/1361/1361
f 1298/1298/1298 1300/1300/1300 1363/1363/1363
f 1300/1300/1300 1302/1302/1302 1364/1364/1364
f 1301/1301/1301 1366/1366/1366 1364/1364/1364
f 1301/1301/1301 1303/1303/1303 1365/1365/1365
f 1303/1303/1303 1305/1305/1305 1367/1367/1367
f 1304/1304/1304 1369/1369/1369 1367/1367/1367
f 1304/1304/1304 1306/1306/1306 1368/1368/1368
f 1307/1307/1307 1370/1370/1370 1368/1368/1368
f 1308/1308/1308 1372/1372/1372 1370/1370/1370
f 1308/1308/1308 1309/1309/1309 1371/1371/1371
f 1309/1309/1309 1310/1310/1310 1373/1373/1373
f 1312/1312/1312 1374/1374/1374 1373/1373/1373
f 1311/1311/1311 1375/1375/1375 1374/1374/1374
f 1313/1313/1313 1376/1376/1376 1375/1375/1375
f 1314/1314/1314 1378/1378/1378 1376/1376/1376
f 1314/1314/1314 1315/1315/1315 1377/1377/1377
f 1315/1315/1315 1317/1317/1317 1379/1379/1379
f 1316/1316/1316 1441/1441/1441 1379/1379/1379
f 1318/1318/1318 1382/1382/1382 1380/1380/1380
f 1318/1318/1318 1320/1320/1320 1381/1381/1381
f 1320/1320/1320 1321/1321/1321 1383/1383/1383
f 1322/1322/1322 1384/1384/1384 1383/1383/1383
f 1323/1323/1323 1386/1386/1386 1384/1384/1384
f 1323/1323/1323 1324/1324/1324 1385/1385/1385
f 1324/1324/1324 1325/1325/1325 1387/1387/1387
f 1325/1325/1325 1327/1327/1327 1388/1388/1388
f 1326/1326/1326 1389/1389/1389 1388/1388/1388
f 1328/1328/1328 1390/1390/1390 1389/1389/1389
f 1329/1329/1329 1392/1392/1392 1390/1390/1390
f 1329/1329/1329 1331/1331/1331 1391/1391/1391
f 1331/1331/1331 1330/1330/1330 1393/1393/1393
f 1330/1330/1330 1332/1332/1332 1394/1394/1394
f 1332/1332/1332 1334/1334/1334 1395/1395/1395
f 1334/1334/1334 1333/1333/1333 1396/1396/1396
f 1335/1335/1335 1397/1397/1397 1396/1396/1396
f 1336/1336/1336 1399/1399/1399 1397/1397/1397
f 1336/1336/1336 1337/1337/1337 1398/1398/1398
f 1337/1337/1337 1338/1338/1338 1400/1400/1400
f 1339/1339/1339 1401/1401/1401 1400/1400/1400
f 1341/1341/1341 1403/1403/1403 1401/1401/1401
f 1341/1341/1341 1340/1340/1340 1402/1402/1402
f 1343/1343/1343 1405/1405/1405 1402/1402/1402
f 1343/1343/1343 1342/1342/1342 1404/1404/1404
f 1345/1345/1345 1406/1406/1406 1404/1404/1404
f 1344/1344/1344 1408/1408/1408 1406/1406/1406
f 1344/1344/1344 1346/1346/1346 1407/1407/1407
f 1347/1347/1347 1409/1409/1409 1407/1407/1407
f 1348/1348/1348 1411/1411/1411 1409/1409/1409
f 1348/1348/1348 1350/1350/1350 1410/1410/1410
f 1349/1349/1349 1412/1412/1412 1410/1410/1410
f 1351/1351/1351 1413/1413/1413 1412/1412/1412
f 1352/1352/1352 1414/1414/1414 1413/1413/1413
f 1354/1354/1354 1416/1416/1416 1414/1414/1414
f 1354/1354/1354 1353/1353/1353 1415/1415/1415
f 1355/1355/1355 1417/1417/1417 1415/1415/1415
f 1356/1356/1356 1418/1418/1418 1417/1417/1417
f 1357/1357/1357 1419/1419/1419 1418/1418/1418
f 1358/1358/1358 1420/1420/1420 1419/1419/1419
f 1359/1359/1359 1421/1421/1421 1420/1420/1420
f 1360/1360/1360 1423/1423/1423 1421/1421/1421
f 1360/1360/1360 1362/1362/1362 1422/1422/1422
f 1361/1361/1361 1425/1425/1425 1422/1422/1422
f 1361/1361/1361 1363/1363/1363 1424/1424/1424
f 1363/1363/1363 1364/1364/1364 1426/1426/1426
f 1366/1366/1366 1428/1428/1428 1426/1426/1426
f 1366/1366/1366 1365/1365/1365 1427/1427/1427
f 1367/1367/1367 1429/1429/1429 1427/1427/1427
f 1369/1369/1369 1431/1431/1431 1429/1429/1429
f 1369/1369/1369 1368/1368/1368 1430/1430/1430
f 1368/1368/1368 1370/1370/1370 1432/1432/1432
f 1372/1372/1372 1434/1434/1434 1432/1432/1432
f 1372/1372/1372 1371/1371/1371 1433/1433/1433
f 1371/1371/1371 1373/1373/1373 1435/1435/1435
f 1373/1373/1373 1374/1374/1374 1436/1436/1436
f 1374/1374/1374 1375/1375/1375 1437/1437/1437
f 1376/1376/1376 1438/1438/1438 1437/1437/1437
f 1378/1378/1378 1439/1439/1439 1438/1438/1438
f 1377/1377/1377 1440/1440/1440 1439/1439/1439
f 1379/1379/1379 1442/1442/1442 1440/1440/1440
f 1441/1441/1441 4037/4037/4037 1442/1442/1442
f 1382/1382/1382 1444/1444/1444 1443/1443/1443
f 1381/1381/1381 1445/1445/1445 1444/1444/1444
f 1383/1383/1383 1447/1447/1447 1445/1445/1445
f 1383/1383/1383 1384/1384/1384 1446/1446/1446
f 1384/1384/1384 1386/1386/1386 1448/1448/1448
f 1385/1385/1385 1449/1449/1449 1448/1448/1448
f 1387/1387/1387 1450/1450/1450 1449/1449/1449
f 1388/1388/1388 1451/1451/1451 1450/1450/1450
f 1389/1389/1389 1453/1453/1453 1451/1451/1451
f 1389/1389/1389 1390/1390/1390 1452/1452/1452
f 1392/1392/1392 1454/1454/1454 1452/1452/1452
f 1391/1391/1391 1455/1455/1455 1454/1454/1454
f 1393/1393/1393 1456/1456/1456 1455/1455/1455
f 1394/1394/1394 1457/1457/1457 1456/1456/1456
f 1395/1395/1395 1458/1458/1458 1457/1457/1457
f 1396/1396/1396 1459/1459/1459 1458/1458/1458
f 1397/1397/1397 1461/1461/1461 1459/1459/1459
f 1397/1397/1397 1399/1399/1399 1460/1460/1460
f 1398/1398/1398 1462/1462/1462 1460/1460/1460
f 1400/1400/1400 1464/1464/1464 1462/1462/1462
f 1400/1400/1400 1401/1401/1401 1463/1463/1463
f 1403/1403/1403 1466/1466/1466 1463/1463/1463
f 1403/1403/1403 1402/1402/1402 1465/1465/1465
f 1402/1402/1402 1405/1405/1405 1467/1467/1467
f 1404/1404/1404 1468/1468/1468 1467/1467/1467
f 1406/1406/1406 1469/1469/1469 1468/1468/1468
f 1408/1408/1408 1470/1470/1470 1469/1469/1469
f 1407/1407/1407 1472/1472/1472 1470/1470/1470
f 1407/1407/1407 1409/1409/1409 1471/1471/1471
f 1409/1409/1409 1411/1411/1411 1473/1473/1473
f 1410/1410/1410 1475/1475/1475 1473/1473/1473
f 1410/1410/1410 1412/1412/1412 1474/1474/1474
f 1412/1412/1412 1413/1413/1413 1476/1476/1476
f 1414/1414/1414 1478/1478/1478 1476/1476/1476
f 1414/1414/1414 1416/1416/1416 1477/1477/1477
f 1416/1416/1416 1415/1415/1415 1479/1479/1479
f 1415/1415/1415 1417/1417/1417 1480/1480/1480
f 1418/1418/1418 1481/1481/1481 1480/1480/1480
f 1419/1419/1419 1483/1483/1483 1481/1481/1481
f 1419/1419/1419 1420/1420/1420 1482/1482/1482
f 1421/1421/1421 1484/1484/1484 1482/1482/1482
f 1423/1423/1423 1486/1486/1486 1484/1484/1484
f 1423/1423/1423 1422/1422/1422 1485/1485/1485
f 1425/1425/1425 1487/1487/1487 1485/1485/1485
f 1424/1424/1424 1489/1489/1489 1487/1487/1487
f 1424/1424/1424 1426/1426/1426 1488/1488/1488
f 1426/1426/1426 1428/1428/1428 1490/1490/1490
f 1427/1427/1427 1491/1491/1491 1490/1490/1490
f 1429/1429/1429 1492/1492/1492 1491/1491/1491
f 1431/1431/1431 1493/1493/1493 1492/1492/1492
f 1430/1430/1430 1495/1495/1495 1493/1493/1493
f 1430/1430/1430 1432/1432/1432 1494/1494/1494
f 1432/1432/1432 1434/1434/1434 1496/1496/1496
f 1433/1433/1433 1497/1497/1497 1496/1496/1496
f 1435/1435/1435 1498/1498/1498 1497/1497/1497
f 1436/1436/1436 1500/1500/1500 1498/1498/1498
f 1436/1436/1436 1437/1437/1437 1499/1499/1499
f 1437/1437/1437 1438/1438/1438 1501/1501/1501
f 1438/1438/1438 1439/1439/1439 1502/1502/1502
f 1439/1439/1439 1440/1440/1440 1503/1503/1503
f 1440/1440/1440 1442/1442/1442 1504/1504/1504
f 1442/1442/1442 4037/4037/4037 1505/1505/1505
f 1443/1443/1443 1444/1444/1444 1506/1506/1506
f 1444/1444/1444 1445/1445/1445 1508/1508/1508
f 1445/1445/1445 1447/1447/1447 1509/1509/1509
f 1447/1447/1447 1446/1446/1446 1510/1510/1510
f 1448/1448/1448 1511/1511/1511 1510/1510/1510
f 1449/1449/1449 1513/1513/1513 1511/1511/1511
f 1449/1449/1449 1450/1450/1450 1512/1512/1512
f 1450/1450/1450 1451/1451/1451 1514/1514/1514
f 1451/1451/1451 1453/1453/1453 1515/1515/1515
f 1453/1453/1453 1452/1452/1452 1516/1516/1516
f 1452/1452/1452 1454/1454/1454 1517/1517/1517
f 1454/1454/1454 1455/1455/1455 1518/1518/1518
f 1455/1455/1455 1456/1456/1456 1519/1519/1519
f 1456/1456/1456 1457/1457/1457 1520/1520/1520
f 1457/1457/1457 1458/1458/1458 1521/1521/1521
f 1458/1458/1458 1459/1459/1459 1522/1522/1522
f 1461/1461/1461 1524/1524/1524 1522/1522/1522
f 1461/1461/1461 1460/1460/1460 1523/1523/1523
f 1462/1462/1462 1525/1525/1525 1523/1523/1523
f 1464/1464/1464 1526/1526/1526 1525/1525/1525
f 1463/1463/1463 1528/1528/1528 1526/1526/1526
f 1463/1463/1463 1466/1466/1466 1527/1527/1527
f 1466/1466/1466 1465/1465/1465 1529/1529/1529
f 1465/1465/1465 1467/1467/1467 1530/1530/1530
f 1468/1468/1468 1532/1532/1532 1530/1530/1530
f 1468/1468/1468 1469/1469/1469 1531/1531/1531
f 1470/1470/1470 1533/1533/1533 1531/1531/1531
f 1472/1472/1472 1535/1535/1535 1533/1533/1533
f 1472/1472/1472 1471/1471/1471 1534/1534/1534
f 1473/1473/1473 1536/1536/1536 1534/1534/1534
f 1475/1475/1475 1537/1537/1537 1536/1536/1536
f 1474/1474/1474 1539/1539/1539 1537/1537/1537
f 1474/1474/1474 1476/1476/1476 1538/1538/1538
f 1478/1478/1478 1540/1540/1540 1538/1538/1538
f 1477/1477/1477 1541/1541/1541 1540/1540/1540
f 1479/1479/1479 1542/1542/1542 1541/1541/1541
f 1480/1480/1480 1543/1543/1543 1542/1542/1542
f 1481/1481/1481 1544/1544/1544 1543/1543/1543
f 1483/1483/1483 1546/1546/1546 1544/1544/1544
f 1483/1483/1483 1482/1482/1482 1545/1545/1545
f 1482/1482/1482 1484/1484/1484 1547/1547/1547
f 1484/1484/1484 1486/1486/1486 1548/1548/1548
f 1486/1486/1486 1485/1485/1485 1549/1549/1549
f 1487/1487/1487 1550/1550/1550 1549/1549/1549
f 1489/1489/1489 1551/1551/1551 1550/1550/1550
f 1488/1488/1488 1552/1552/1552 1551/1551/1551
f 1490/1490/1490 1554/1554/1554 1552/1552/1552
f 1490/1490/1490 1491/1491/1491 1553/1553/1553
f 1491/1491/1491 1492/1492/1492 1555/1555/1555
f 1492/1492/1492 1493/1493/1493 1556/1556/1556
f 1495/1495/1495 1558/1558/1558 1556/1556/1556
f 1495/1495/1495 1494/1494/1494 1557/1557/1557
f 1496/1496/1496 1559/1559/1559 1557/1557/1557
f 1497/1497/1497 1561/1561/1561 1559/1559/1559
f 1497/1497/1497 1498/1498/1498 1560/1560/1560
f 1498/1498/1498 1500/1500/1500 1562/1562/1562
f 1500/1500/1500 1499/1499/1499 1563/1563/1563
f 1499/1499/1499 1501/1501/1501 1564/1564/1564
f 1502/1502/1502 1565/1565/1565 1564/1564/1564
f 1503/1503/1503 1566/1566/1566 1565/1565/1565
f 1504/1504/1504 1567/1567/1567 1566/1566/1566
f 1505/1505/1505 4039/4039/4039 1567/1567/1567
f 1506/1506/1506 1569/1569/1569 1568/1568/1568
f 1508/1508/1508 1570/1570/1570 1569/1569/1569
f 1509/1509/1509 1571/1571/1571 1570/1570/1570
f 1510/1510/1510 1572/1572/1572 1571/1571/1571
f 1511/1511/1511 1574/1574/1574 1572/1572/1572
f 1511/1511/1511 1513/1513/1513 1573/1573/1573
f 1513/1513/1513 1512/1512/1512 1575/1575/1575
f 1512/1512/1512 1514/1514/1514 1576/1576/1576
f 1514/1514/1514 1515/1515/1515 1577/1577/1577
f 1515/1515/1515 1516/1516/1516 1578/1578/1578
f 1517/1517/1517 1579/1579/1579 1578/1578/1578
f 1518/1518/1518 1580/1580/1580 1579/1579/1579
f 1519/1519/1519 1581/1581/1581 1580/1580/1580
f 1520/1520/1520 1582/1582/1582 1581/1581/1581
f 1521/1521/1521 1584/1584/1584 1582/1582/1582
f 1521/1521/1521 1522/1522/1522 1583/1583/1583
f 1524/1524/1524 1585/1585/1585 1583/1583/1583
f 1523/1523/1523 1587/1587/1587 1585/1585/1585
f 1523/1523/1523 1525/1525/1525 1586/1586/1586
f 1525/1525/1525 1526/1526/1526 1588/1588/1588
f 1526/1526/1526 1528/1528/1528 1589/1589/1589
f 1528/1528/1528 1527/1527/1527 1590/1590/1590
f 1529/1529/1529 1592/1592/1592 1590/1590/1590
f 1529/1529/1529 1530/1530/1530 1591/1591/1591
f 1532/1532/1532 1593/1593/1593 1591/1591/1591
f 1531/1531/1531 1595/1595/1595 1593/1593/1593
f 1531/1531/1531 1533/1533/1533 1594/1594/1594
f 1535/1535/1535 1596/1596/1596 1594/1594/1594
f 1534/1534/1534 1598/1598/1598 1596/1596/1596
f 1534/1534/1534 1536/1536/1536 1597/1597/1597
f 1536/1536/1536 1537/1537/1537 1599/1599/1599
f 1539/1539/1539 1600/1600/1600 1599/1599/1599
f 1538/1538/1538 1602/1602/1602 1600/1600/1600
f 1538/1538/1538 1540/1540/1540 1601/1601/1601
f 1540/1540/1540 1541/1541/1541 1603/1603/1603
f 1541/1541/1541 1542/1542/1542 1604/1604/1604
f 1542/1542/1542 1543/1543/1543 1605/1605/1605
f 1544/1544/1544 1607/1607/1607 1605/1605/1605
f 1544/1544/1544 1546/1546/1546 1606/1606/1606
f 1546/1546/1546 1545/1545/1545 1608/1608/1608
f 1547/1547/1547 1609/1609/1609 1608/1608/1608
f 1548/1548/1548 1610/1610/1610 1609/1609/1609
f 1549/1549/1549 1612/1612/1612 1610/1610/1610
f 1549/1549/1549 1550/1550/1550 1611/1611/1611
f 1550/1550/1550 1551/1551/1551 1613/1613/1613
f 1552/1552/1552 1614/1614/1614 1613/1613/1613
f 1554/1554/1554 1615/1615/1615 1614/1614/1614
f 1553/1553/1553 1616/1616/1616 1615/1615/1615
f 1555/1555/1555 1617/1617/1617 1616/1616/1616
f 1556/1556/1556 1618/1618/1618 1617/1617/1617
f 1558/1558/1558 1619/1619/1619 1618/1618/1618
f 1557/1557/1557 1620/1620/1620 1619/1619/1619
f 1559/1559/1559 1621/1621/1621 1620/1620/1620
f 1561/1561/1561 1622/1622/1622 1621/1621/1621
f 1560/1560/1560 1623/1623/1623 1622/1622/1622
f 1562/1562/1562 1624/1624/1624 1623/1623/1623
f 1563/1563/1563 1625/1625/1625 1624/1624/1624
f 1564/1564/1564 1627/1627/1627 1625/1625/1625
f 1564/1564/1564 1565/1565/1565 1626/1626/1626
f 1566/1566/1566 1629/1629/1629 1626/1626/1626
f 1566/1566/1566 1567/1567/1567 1628/1628/1628
f 1567/1567/1567 4039/4039/4039 1630/1630/1630
f 1568/1568/1568 1569/1569/1569 1631/1631/1631
f 1570/1570/1570 1634/1634/1634 1631/1631/1631
f 1570/1570/1570 1571/1571/1571 1633/1633/1633
f 1571/1571/1571 1572/1572/1572 1635/1635/1635
f 1572/1572/1572 1574/1574/1574 1636/1636/1636
f 1573/1573/1573 1637/1637/1637 1636/1636/1636
f 1575/1575/1575 1638/1638/1638 1637/1637/1637
f 1576/1576/1576 1639/1639/1639 1638/1638/1638
f 1577/1577/1577 1640/1640/1640 1639/1639/1639
f 1578/1578/1578 1642/1642/1642 1640/1640/1640
f 1578/1578/1578 1579/1579/1579 1641/1641/1641
f 1579/1579/1579 1580/1580/1580 1643/1643/1643
f 1580/1580/1580 1581/1581/1581 1644/1644/1644
f 1582/1582/1582 1646/1646/1646 1644/1644/1644
f 1582/1582/1582 1584/1584/1584 1645/1645/1645
f 1584/1584/1584 1583/1583/1583 1647/1647/1647
f 1583/1583/1583 1585/1585/1585 1648/1648/1648
f 1585/1585/1585 1587/1587/1587 1649/1649/1649
f 1587/1587/1587 1586/1586/1586 1650/1650/1650
f 1588/1588/1588 1652/1652/1652 1650/1650/1650
f 1588/1588/1588 1589/1589/1589 1651/1651/1651
f 1590/1590/1590 1654/1654/1654 1651/1651/1651
f 1590/1590/1590 1592/1592/1592 1653/1653/1653
f 1592/1592/1592 1591/1591/1591 1655/1655/1655
f 1591/1591/1591 1593/1593/1593 1656/1656/1656
f 1593/1593/1593 1595/1595/1595 1657/1657/1657
f 1594/1594/1594 1658/1658/1658 1657/1657/1657
f 1596/1596/1596 1659/1659/1659 1658/1658/1658
f 1598/1598/1598 1660/1660/1660 1659/1659/1659
f 1597/1597/1597 1661/1661/1661 1660/1660/1660
f 1599/1599/1599 1663/1663/1663 1661/1661/1661
f 1599/1599/1599 1600/1600/1600 1662/1662/1662
f 1602/1602/1602 1664/1664/1664 1662/1662/1662
f 1601/1601/1601 1665/1665/1665 1664/1664/1664
f 1603/1603/1603 1667/1667/1667 1665/1665/1665
f 1603/1603/1603 1604/1604/1604 1666/1666/1666
f 1604/1604/1604 1605/1605/1605 1668/1668/1668
f 1607/1607/1607 1669/1669/1669 1668/1668/1668
f 1606/1606/1606 1670/1670/1670 1669/1669/1669
f 1608/1608/1608 1672/1672/1672 1670/1670/1670
f 1608/1608/1608 1609/1609/1609 1671/1671/1671
f 1609/1609/1609 1610/1610/1610 1673/1673/1673
f 1610/1610/1610 1612/1612/1612 1674/1674/1674
f 1611/1611/1611 1675/1675/1675 1674/1674/1674
f 1613/1613/1613 1676/1676/1676 1675/1675/1675
f 1614/1614/1614 1678/1678/1678 1676/1676/1676
f 1614/1614/1614 1615/1615/1615 1677/1677/1677
f 1615/1615/1615 1616/1616/1616 1679/1679/1679
f 1616/1616/1616 1617/1617/1617 1680/1680/1680
f 1617/1617/1617 1618/1618/1618 1681/1681/1681
f 1618/1618/1618 1619/1619/1619 1682/1682/1682
f 1619/1619/1619 1620/1620/1620 1683/1683/1683
f 1620/1620/1620 1621/1621/1621 1684/1684/1684
f 1621/1621/1621 1622/1622/1622 1685/1685/1685
f 1623/1623/1623 1686/1686/1686 1685/1685/1685
f 1624/1624/1624 1687/1687/1687 1686/1686/1686
f 1625/1625/1625 1688/1688/1688 1687/1687/1687
f 1627/1627/1627 1689/1689/1689 1688/1688/1688
f 1626/1626/1626 1690/1690/1690 1689/1689/1689
f 1629/1629/1629 1691/1691/1691 1690/1690/1690
f 1628/1628/1628 1692/1692/1692 1691/1691/1691
f 1630/1630/1630 4042/4042/4042 1692/1692/1692
f 1632/1632/1632 1631/1631/1631 1693/1693/1693
f 1631/1631/1631 1634/1634/1634 1695/1695/1695
f 1633/1633/1633 1696/1696/1696 1695/1695/1695
f 1635/1635/1635 1698/1698/1698 1696/1696/1696
f 1635/1635/1635 1636/1636/1636 1697/1697/1697
f 1637/1637/1637 1699/1699/1699 1697/1697/1697
f 1638/1638/1638 1701/1701/1701 1699/1699/1699
f 1638/1638/1638 1639/1639/1639 1700/1700/1700
f 1640/1640/1640 1702/1702/1702 1700/1700/1700
f 1642/1642/1642 1703/1703/1703 1702/1702/1702
f 1641/1641/1641 1704/1704/1704 1703/1703/1703
f 1643/1643/1643 1706/1706/1706 1704/1704/1704
f 1643/1643/1643 1644/1644/1644 1705/1705/1705
f 1644/1644/1644 1646/1646/1646 1707/1707/1707
f 1645/1645/1645 1709/1709/1709 1707/1707/1707
f 1645/1645/1645 1647/1647/1647 1708/1708/1708
f 1647/1647/1647 1648/1648/1648 1710/1710/1710
f 1648/1648/1648 1649/1649/1649 1711/1711/1711
f 1650/1650/1650 1712/1712/1712 1711/1711/1711
f 1652/1652/1652 1714/1714/1714 1712/1712/1712
f 1652/1652/1652 1651/1651/1651 1713/1713/1713
f 1654/1654/1654 1715/1715/1715 1713/1713/1713
f 1653/1653/1653 1717/1717/1717 1715/1715/1715
f 1653/1653/1653 1655/1655/1655 1716/1716/1716
f 1656/1656/1656 1719/1719/1719 1716/1716/1716
f 1656/1656/1656 1657/1657/1657 1718/1718/1718
f 1657/1657/1657 1658/1658/1658 1720/1720/1720
f 1658/1658/1658 1659/1659/1659 1721/1721/1721
f 1659/1659/1659 1660/1660/1660 1722/1722/1722
f 1661/1661/1661 1723/1723/1723 1722/1722/1722
f 1663/1663/1663 1725/1725/1725 1723/1723/1723
f 1663/1663/1663 1662/1662/1662 1724/1724/1724
f 1664/1664/1664 1727/1727/1727 1724/1724/1724
f 1664/1664/1664 1665/1665/1665 1726/1726/1726
f 1665/1665/1665 1667/1667/1667 1728/1728/1728
f 1666/1666/1666 1729/1729/1729 1728/1728/1728
f 1668/1668/1668 1731/1731/1731 1729/1729/1729
f 1668/1668/1668 1669/1669/1669 1730/1730/1730
f 1669/1669/1669 1670/1670/1670 1732/1732/1732
f 1670/1670/1670 1672/1672/1672 1733/1733/1733
f 1671/1671/1671 1734/1734/1734 1733/1733/1733
f 1673/1673/1673 1736/1736/1736 1734/1734/1734
f 1673/1673/1673 1674/1674/1674 1735/1735/1735
f 1675/1675/1675 1737/1737/1737 1735/1735/1735
f 1676/1676/1676 1739/1739/1739 1737/1737/1737
f 1676/1676/1676 1678/1678/1678 1738/1738/1738
f 1678/1678/1678 1677/1677/1677 1740/1740/1740
f 1677/1677/1677 1679/1679/1679 1741/1741/1741
f 1680/1680/1680 1742/1742/1742 1741/1741/1741
f 1681/1681/1681 1743/1743/1743 1742/1742/1742
f 1682/1682/1682 1745/1745/1745 1743/1743/1743
f 1682/1682/1682 1683/1683/1683 1744/1744/1744
f 1683/1683/1683 1684/1684/1684 1746/1746/1746
f 1684/1684/1684 1685/1685/1685 1747/1747/1747
f 1685/1685/1685 1686/1686/1686 1748/1748/1748
f 1686/1686/1686 1687/1687/1687 1749/1749/1749
f 1688/1688/1688 1750/1750/1750 1749/1749/1749
f 1689/1689/1689 1752/1752/1752 1750/1750/1750
f 1689/1689/1689 1690/1690/1690 1751/1751/1751
f 1690/1690/1690 1691/1691/1691 1753/1753/1753
f 1691/1691/1691 1692/1692/1692 1754/1754/1754
f 1692/1692/1692 4042/4042/4042 1755/1755/1755
f 1693/1693/1693 1757/1757/1757 1756/1756/1756
f 1695/1695/1695 1758/1758/1758 1757/1757/1757
f 1696/1696/1696 1759/1759/1759 1758/1758/1758
f 1698/1698/1698 1760/1760/1760 1759/1759/1759
f 1697/1697/1697 1761/1761/1761 1760/1760/1760
f 1699/1699/1699 1762/1762/1762 1761/1761/1761
f 1701/1701/1701 1763/1763/1763 1762/1762/1762
f 1700/1700/1700 1764/1764/1764 1763/1763/1763
f 1702/1702/1702 1766/1766/1766 1764/1764/1764
f 1702/1702/1702 1703/1703/1703 1765/1765/1765
f 1704/1704/1704 1768/1768/1768 1765/1765/1765
f 1704/1704/1704 1706/1706/1706 1767/1767/1767
f 1705/1705/1705 1769/1769/1769 1767/1767/1767
f 1707/1707/1707 1770/1770/1770 1769/1769/1769
f 1709/1709/1709 1771/1771/1771 1770/1770/1770
f 1708/1708/1708 1772/1772/1772 1771/1771/1771
f 1710/1710/1710 1773/1773/1773 1772/1772/1772
f 1711/1711/1711 1775/1775/1775 1773/1773/1773
f 1711/1711/1711 1712/1712/1712 1774/1774/1774
f 1712/1712/1712 1714/1714/1714 1776/1776/1776
f 1713/1713/1713 1778/1778/1778 1776/1776/1776
f 1713/1713/1713 1715/1715/1715 1777/1777/1777
f 1715/1715/1715 1717/1717/1717 1779/1779/1779
f 1717/1717/1717 1716/1716/1716 1780/1780/1780
f 1719/1719/1719 1781/1781/1781 1780/1780/1780
f 1718/1718/1718 1782/1782/1782 1781/1781/1781
f 1720/1720/1720 1784/1784/1784 1782/1782/1782
f 1720/1720/1720 1721/1721/1721 1783/1783/1783
f 1721/1721/1721 1722/1722/1722 1785/1785/1785
f 1722/1722/1722 1723/1723/1723 1786/1786/1786
f 1723/1723/1723 1725/1725/1725 1787/1787/1787
f 1724/1724/1724 1788/1788/1788 1787/1787/1787
f 1727/1727/1727 1790/1790/1790 1788/1788/1788
f 1727/1727/1727 1726/1726/1726 1789/1789/1789
f 1728/1728/1728 1792/1792/1792 1789/1789/1789
f 1728/1728/1728 1729/1729/1729 1791/1791/1791
f 1729/1729/1729 1731/1731/1731 1793/1793/1793
f 1731/1731/1731 1730/1730/1730 1794/1794/1794
f 1730/1730/1730 1732/1732/1732 1795/1795/1795
f 1732/1732/1732 1733/1733/1733 1796/1796/1796
f 1733/1733/1733 1734/1734/1734 1797/1797/1797
f 1734/1734/1734 1736/1736/1736 1798/1798/1798
f 1735/1735/1735 1800/1800/1800 1798/1798/1798
f 1735/1735/1735 1737/1737/1737 1799/1799/1799
f 1737/1737/1737 1739/1739/1739 1801/1801/1801
f 1739/1739/1739 1738/1738/1738 1802/1802/1802
f 1740/1740/1740 1803/1803/1803 1802/1802/1802
f 1741/1741/1741 1804/1804/1804 1803/1803/1803
f 1742/1742/1742 1805/1805/1805 1804/1804/1804
f 1743/1743/1743 1806/1806/1806 1805/1805/1805
f 1745/1745/1745 1807/1807/1807 1806/1806/1806
f 1744/1744/1744 1809/1809/1809 1807/1807/1807
f 1744/1744/1744 1746/1746/1746 1808/1808/1808
f 1746/1746/1746 1747/1747/1747 1810/1810/1810
f 1748/1748/1748 1811/1811/1811 1810/1810/1810
f 1749/1749/1749 1813/1813/1813 1811/1811/1811
f 1749/1749/1749 1750/1750/1750 1812/1812/1812
f 1750/1750/1750 1752/1752/1752 1814/1814/1814
f 1751/1751/1751 1815/1815/1815 1814/1814/1814
f 1753/1753/1753 1816/1816/1816 1815/1815/1815
f 1754/1754/1754 1818/1818/1818 1816/1816/1816
f 1754/1754/1754 1755/1755/1755 1817/1817/1817
f 1757/1757/1757 1821/1821/1821 1819/1819/1819
f 1757/1757/1757 1758/1758/1758 1820/1820/1820
f 1758/1758/1758 1759/1759/1759 1822/1822/1822
f 1759/1759/1759 1760/1760/1760 1823/1823/1823
f 1760/1760/1760 1761/1761/1761 1824/1824/1824
f 1762/1762/1762 1825/1825/1825 1824/1824/1824
f 1763/1763/1763 1827/1827/1827 1825/1825/1825
f 1763/1763/1763 1764/1764/1764 1826/1826/1826
f 1764/1764/1764 1766/1766/1766 1828/1828/1828
f 1765/1765/1765 1830/1830/1830 1828/1828/1828
f 1765/1765/1765 1768/1768/1768 1829/1829/1829
f 1767/1767/1767 1831/1831/1831 1829/1829/1829
f 1769/1769/1769 1832/1832/1832 1831/1831/1831
f 1770/1770/1770 1834/1834/1834 1832/1832/1832
f 1770/1770/1770 1771/1771/1771 1833/1833/1833
f 1771/1771/1771 1772/1772/1772 1835/1835/1835
f 1772/1772/1772 1773/1773/1773 1836/1836/1836
f 1775/1775/1775 1838/1838/1838 1836/1836/1836
f 1775/1775/1775 1774/1774/1774 1837/1837/1837
f 1774/1774/1774 1776/1776/1776 1839/1839/1839
f 1776/1776/1776 1778/1778/1778 1840/1840/1840
f 1777/1777/1777 1842/1842/1842 1840/1840/1840
f 1777/1777/1777 1779/1779/1779 1841/1841/1841
f 1779/1779/1779 1780/1780/1780 1843/1843/1843
f 1781/1781/1781 1844/1844/1844 1843/1843/1843
f 1782/1782/1782 1845/1845/1845 1844/1844/1844
f 1784/1784/1784 1846/1846/1846 1845/1845/1845
f 1783/1783/1783 1847/1847/1847 1846/1846/1846
f 1785/1785/1785 1849/1849/1849 1847/1847/1847
f 1785/1785/1785 1786/1786/1786 1848/1848/1848
f 1787/1787/1787 1851/1851/1851 1848/1848/1848
f 1787/1787/1787 1788/1788/1788 1850/1850/1850
f 1788/1788/1788 1790/1790/1790 1852/1852/1852
f 1790/1790/1790 1789/1789/1789 1853/1853/1853
f 1792/1792/1792 1855/1855/1855 1853/1853/1853
f 1792/1792/1792 1791/1791/1791 1854/1854/1854
f 1791/1791/1791 1793/1793/1793 1856/1856/1856
f 1793/1793/1793 1794/1794/1794 1857/1857/1857
f 1795/1795/1795 1858/1858/1858 1857/1857/1857
f 1796/1796/1796 1859/1859/1859 1858/1858/1858
f 1797/1797/1797 1860/1860/1860 1859/1859/1859
f 1798/1798/1798 1862/1862/1862 1860/1860/1860
f 1798/1798/1798 1800/1800/1800 1861/1861/1861
f 1799/1799/1799 1863/1863/1863 1861/1861/1861
f 1801/1801/1801 1864/1864/1864 1863/1863/1863
f 1802/1802/1802 1865/1865/1865 1864/1864/1864
f 1803/1803/1803 1866/1866/1866 1865/1865/1865
f 1804/1804/1804 1868/1868/1868 1866/1866/1866
f 1804/1804/1804 1805/1805/1805 1867/1867/1867
f 1805/1805/1805 1806/1806/1806 1869/1869/1869
f 1807/1807/1807 1870/1870/1870 1869/1869/1869
f 1809/1809/1809 1871/1871/1871 1870/1870/1870
f 1808/1808/1808 1872/1872/1872 1871/1871/1871
f 1810/1810/1810 1874/1874/1874 1872/1872/1872
f 1810/1810/1810 1811/1811/1811 1873/1873/1873
f 1811/1811/1811 1813/1813/1813 1875/1875/1875
f 1813/1813/1813 1812/1812/1812 1876/1876/1876
f 1812/1812/1812 1814/1814/1814 1877/1877/1877
f 1815/1815/1815 1878/1878/1878 1877/1877/1877
f 1816/1816/1816 1879/1879/1879 1878/1878/1878
f 1818/1818/1818 1880/1880/1880 1879/1879/1879
f 1817/1817/1817 1942/1942/1942 1880/1880/1880
f 1819/1819/1819 1821/1821/1821 1881/1881/1881
f 1820/1820/1820 1884/1884/1884 1881/1881/1881
f 1820/1820/1820 1822/1822/1822 1883/1883/1883
f 1823/1823/1823 1886/1886/1886 1883/1883/1883
f 1823/1823/1823 1824/1824/1824 1885/1885/1885
f 1824/1824/1824 1825/1825/1825 1887/1887/1887
f 1825/1825/1825 1827/1827/1827 1888/1888/1888
f 1826/1826/1826 1889/1889/1889 1888/1888/1888
f 1828/1828/1828 1891/1891/1891 1889/1889/1889
f 1828/1828/1828 1830/1830/1830 1890/1890/1890
f 1829/1829/1829 1893/1893/1893 1890/1890/1890
f 1829/1829/1829 1831/1831/1831 1892/1892/1892
f 1831/1831/1831 1832/1832/1832 1894/1894/1894
f 1834/1834/1834 1895/1895/1895 1894/1894/1894
f 1833/1833/1833 1896/1896/1896 1895/1895/1895
f 1835/1835/1835 1898/1898/1898 1896/1896/1896
f 1835/1835/1835 1836/1836/1836 1897/1897/1897
f 1836/1836/1836 1838/1838/1838 1899/1899/1899
f 1837/1837/1837 1900/1900/1900 1899/1899/1899
f 1839/1839/1839 1901/1901/1901 1900/1900/1900
f 1840/1840/1840 1902/1902/1902 1901/1901/1901
f 1842/1842/1842 1903/1903/1903 1902/1902/1902
f 1841/1841/1841 1904/1904/1904 1903/1903/1903
f 1843/1843/1843 1905/1905/1905 1904/1904/1904
f 1844/1844/1844 1907/1907/1907 1905/1905/1905
f 1844/1844/1844 1845/1845/1845 1906/1906/1906
f 1845/1845/1845 1846/1846/1846 1908/1908/1908
f 1846/1846/1846 1847/1847/1847 1909/1909/1909
f 1849/1849/1849 1910/1910/1910 1909/1909/1909
f 1848/1848/1848 1911/1911/1911 1910/1910/1910
f 1851/1851/1851 1913/1913/1913 1911/1911/1911
f 1851/1851/1851 1850/1850/1850 1912/1912/1912
f 1850/1850/1850 1852/1852/1852 1914/1914/1914
f 1853/1853/1853 1915/1915/1915 1914/1914/1914
f 1855/1855/1855 1916/1916/1916 1915/1915/1915
f 1854/1854/1854 1917/1917/1917 1916/1916/1916
f 1856/1856/1856 1918/1918/1918 1917/1917/1917
f 1857/1857/1857 1920/1920/1920 1918/1918/1918
f 1857/1857/1857 1858/1858/1858 1919/1919/1919
f 1859/1859/1859 1922/1922/1922 1919/1919/1919
f 1859/1859/1859 1860/1860/1860 1921/1921/1921
f 1862/1862/1862 1923/1923/1923 1921/1921/1921
f 1861/1861/1861 1924/1924/1924 1923/1923/1923
f 1863/1863/1863 1926/1926/1926 1924/1924/1924
f 1863/1863/1863 1864/1864/1864 1925/1925/1925
f 1865/1865/1865 1927/1927/1927 1925/1925/1925
f 1866/1866/1866 1929/1929/1929 1927/1927/1927
f 1866/1866/1866 1868/1868/1868 1928/1928/1928
f 1868/1868/1868 1867/1867/1867 1930/1930/1930
f 1869/1869/1869 1932/1932/1932 1930/1930/1930
f 1869/1869/1869 1870/1870/1870 1931/1931/1931
f 1870/1870/1870 1871/1871/1871 1933/1933/1933
f 1871/1871/1871 1872/1872/1872 1934/1934/1934
f 1872/1872/1872 1874/1874/1874 1935/1935/1935
f 1873/1873/1873 1936/1936/1936 1935/1935/1935
f 1875/1875/1875 1937/1937/1937 1936/1936/1936
f 1876/1876/1876 1938/1938/1938 1937/1937/1937
f 1877/1877/1877 1940/1940/1940 1938/1938/1938
f 1877/1877/1877 1878/1878/1878 1939/1939/1939
f 1879/1879/1879 1941/1941/1941 1939/1939/1939
f 1880/1880/1880 1943/1943/1943 1941/1941/1941
f 1942/1942/1942 2006/2006/2006 1943/1943/1943
f 1882/1882/1882 1881/1881/1881 1944/1944/1944
f 1881/1881/1881 1884/1884/1884 1946/1946/1946
f 1884/1884/1884 1883/1883/1883 1947/1947/1947
f 1886/1886/1886 1948/1948/1948 1947/1947/1947
f 1885/1885/1885 1950/1950/1950 1948/1948/1948
f 1885/1885/1885 1887/1887/1887 1949/1949/1949
f 1887/1887/1887 1888/1888/1888 1951/1951/1951
f 1888/1888/1888 1889/1889/1889 1952/1952/1952
f 1889/1889/1889 1891/1891/1891 1953/1953/1953
f 1891/1891/1891 1890/1890/1890 1954/1954/1954
f 1890/1890/1890 1893/1893/1893 1955/1955/1955
f 1893/1893/1893 1892/1892/1892 1956/1956/1956
f 1892/1892/1892 1894/1894/1894 1957/1957/1957
f 1894/1894/1894 1895/1895/1895 1958/1958/1958
f 1895/1895/1895 1896/1896/1896 1959/1959/1959
f 1896/1896/1896 1898/1898/1898 1960/1960/1960
f 1898/1898/1898 1897/1897/1897 1961/1961/1961
f 1899/1899/1899 1962/1962/1962 1961/1961/1961
f 1900/1900/1900 1963/1963/1963 1962/1962/1962
f 1901/1901/1901 1964/1964/1964 1963/1963/1963
f 1902/1902/1902 1966/1966/1966 1964/1964/1964
f 1902/1902/1902 1903/1903/1903 1965/1965/1965
f 1903/1903/1903 1904/1904/1904 1967/1967/1967
f 1904/1904/1904 1905/1905/1905 1968/1968/1968
f 1905/1905/1905 1907/1907/1907 1969/1969/1969
f 1906/1906/1906 1970/1970/1970 1969/1969/1969
f 1908/1908/1908 1972/1972/1972 1970/1970/1970
f 1908/1908/1908 1909/1909/1909 1971/1971/1971
f 1910/1910/1910 1973/1973/1973 1971/1971/1971
f 1911/1911/1911 1975/1975/1975 1973/1973/1973
f 1911/1911/1911 1913/1913/1913 1974/1974/1974
f 1912/1912/1912 1977/1977/1977 1974/1974/1974
f 1912/1912/1912 1914/1914/1914 1976/1976/1976
f 1914/1914/1914 1915/1915/1915 1978/1978/1978
f 1916/1916/1916 1979/1979/1979 1978/1978/1978
f 1917/1917/1917 1980/1980/1980 1979/1979/1979
f 1918/1918/1918 1981/1981/1981 1980/1980/1980
f 1920/1920/1920 1983/1983/1983 1981/1981/1981
f 1920/1920/1920 1919/1919/1919 1982/1982/1982
f 1922/1922/1922 1984/1984/1984 1982/1982/1982
f 1921/1921/1921 1986/1986/1986 1984/1984/1984
f 1921/1921/1921 1923/1923/1923 1985/1985/1985
f 1923/1923/1923 1924/1924/1924 1987/1987/1987
f 1926/1926/1926 1989/1989/1989 1987/1987/1987
f 1926/1926/1926 1925/1925/1925 1988/1988/1988
f 1927/1927/1927 1990/1990/1990 1988/1988/1988
f 1929/1929/1929 1991/1991/1991 1990/1990/1990
f 1928/1928/1928 1992/1992/1992 1991/1991/1991
f 1930/1930/1930 1993/1993/1993 1992/1992/1992
f 1932/1932/1932 1994/1994/1994 1993/1993/1993
f 1931/1931/1931 1995/1995/1995 1994/1994/1994
f 1933/1933/1933 1996/1996/1996 1995/1995/1995
f 1934/1934/1934 1998/1998/1998 1996/1996/1996
f 1934/1934/1934 1935/1935/1935 1997/1997/1997
f 1936/1936/1936 1999/1999/1999 1997/1997/1997
f 1937/1937/1937 2001/2001/2001 1999/1999/1999
f 1937/1937/1937 1938/1938/1938 2000/2000/2000
f 1940/1940/1940 2002/2002/2002 2000/2000/2000
f 1939/1939/1939 2004/2004/2004 2002/2002/2002
f 1939/1939/1939 1941/1941/1941 2003/2003/2003
f 1941/1941/1941 1943/1943/1943 2005/2005/2005
f 2006/2006/2006 2069/2069/2069 2005/2005/2005
f 1944/1944/1944 2008/2008/2008 2007/2007/2007
f 1946/1946/1946 2009/2009/2009 2008/2008/2008
f 1947/1947/1947 2010/2010/2010 2009/2009/2009
f 1948/1948/1948 2011/2011/2011 2010/2010/2010
f 1950/1950/1950 2012/2012/2012 2011/2011/2011
f 1949/1949/1949 2014/2014/2014 2012/2012/2012
f 1949/1949/1949 1951/1951/1951 2013/2013/2013
f 1952/1952/1952 2015/2015/2015 2013/2013/2013
f 1953/1953/1953 2016/2016/2016 2015/2015/2015
f 1954/1954/1954 2017/2017/2017 2016/2016/2016
f 1955/1955/1955 2018/2018/2018 2017/2017/2017
f 1956/1956/1956 2020/2020/2020 2018/2018/2018
f 1956/1956/1956 1957/1957/1957 2019/2019/2019
f 1958/1958/1958 2021/2021/2021 2019/2019/2019
f 1959/1959/1959 2022/2022/2022 2021/2021/2021
f 1960/1960/1960 2023/2023/2023 2022/2022/2022
f 1961/1961/1961 2024/2024/2024 2023/2023/2023
f 1962/1962/1962 2026/2026/2026 2024/2024/2024
f 1962/1962/1962 1963/1963/1963 2025/2025/2025
f 1963/1963/1963 1964/1964/1964 2027/2027/2027
f 1966/1966/1966 2028/2028/2028 2027/2027/2027
f 1965/1965/1965 2029/2029/2029 2028/2028/2028
f 1967/1967/1967 2030/2030/2030 2029/2029/2029
f 1968/1968/1968 2031/2031/2031 2030/2030/2030
f 1969/1969/1969 2032/2032/2032 2031/2031/2031
f 1970/1970/1970 2033/2033/2033 2032/2032/2032
f 1972/1972/1972 2034/2034/2034 2033/2033/2033
f 1971/1971/1971 2036/2036/2036 2034/2034/2034
f 1971/1971/1971 1973/1973/1973 2035/2035/2035
f 1975/1975/1975 2037/2037/2037 2035/2035/2035
f 1974/1974/1974 2039/2039/2039 2037/2037/2037
f 1974/1974/1974 1977/1977/1977 2038/2038/2038
f 1976/1976/1976 2040/2040/2040 2038/2038/2038
f 1978/1978/1978 2042/2042/2042 2040/2040/2040
f 1978/1978/1978 1979/1979/1979 2041/2041/2041
f 1980/1980/1980 2044/2044/2044 2041/2041/2041
f 1980/1980/1980 1981/1981/1981 2043/2043/2043
f 1981/1981/1981 1983/1983/1983 2045/2045/2045
f 1983/1983/1983 1982/1982/1982 2046/2046/2046
f 1982/1982/1982 1984/1984/1984 2047/2047/2047
f 1984/1984/1984 1986/1986/1986 2048/2048/2048
f 1985/1985/1985 2050/2050/2050 2048/2048/2048
f 1985/1985/1985 1987/1987/1987 2049/2049/2049
f 1987/1987/1987 1989/1989/1989 2051/2051/2051
f 1988/1988/1988 2053/2053/2053 2051/2051/2051
f 1988/1988/1988 1990/1990/1990 2052/2052/2052
f 1990/1990/1990 1991/1991/1991 2054/2054/2054
f 1991/1991/1991 1992/1992/1992 2055/2055/2055
f 1992/1992/1992 1993/1993/1993 2056/2056/2056
f 1993/1993/1993 1994/1994/1994 2057/2057/2057
f 1995/1995/1995 2059/2059/2059 2057/2057/2057
f 1995/1995/1995 1996/1996/1996 2058/2058/2058
f 1996/1996/1996 1998/1998/1998 2060/2060/2060
f 1997/1997/1997 2062/2062/2062 2060/2060/2060
f 1997/1997/1997 1999/1999/1999 2061/2061/2061
f 1999/1999/1999 2001/2001/2001 2063/2063/2063
f 2001/2001/2001 2000/2000/2000 2064/2064/2064
f 2000/2000/2000 2002/2002/2002 2065/2065/2065
f 2002/2002/2002 2004/2004/2004 2066/2066/2066
f 2004/2004/2004 2003/2003/2003 2067/2067/2067
f 2003/2003/2003 2005/2005/2005 2068/2068/2068
f 2069/2069/2069 2131/2131/2131 2068/2068/2068
f 2008/2008/2008 2072/2072/2072 2070/2070/2070
f 2008/2008/2008 2009/2009/2009 2071/2071/2071
f 2009/2009/2009 2010/2010/2010 2073/2073/2073
f 2010/2010/2010 2011/2011/2011 2074/2074/2074
f 2012/2012/2012 2075/2075/2075 2074/2074/2074
f 2014/2014/2014 2076/2076/2076 2075/2075/2075
f 2013/2013/2013 2078/2078/2078 2076/2076/2076
f 2013/2013/2013 2015/2015/2015 2077/2077/2077
f 2015/2015/2015 2016/2016/2016 2079/2079/2079
f 2017/2017/2017 2081/2081/2081 2079/2079/2079
f 2017/2017/2017 2018/2018/2018 2080/2080/2080
f 2018/2018/2018 2020/2020/2020 2082/2082/2082
f 2019/2019/2019 2083/2083/2083 2082/2082/2082
f 2021/2021/2021 2084/2084/2084 2083/2083/2083
f 2022/2022/2022 2086/2086/2086 2084/2084/2084
f 2022/2022/2022 2023/2023/2023 2085/2085/2085
f 2023/2023/2023 2024/2024/2024 2087/2087/2087
f 2024/2024/2024 2026/2026/2026 2088/2088/2088
f 2026/2026/2026 2025/2025/2025 2089/2089/2089
f 2025/2025/2025 2027/2027/2027 2090/2090/2090
f 2027/2027/2027 2028/2028/2028 2091/2091/2091
f 2028/2028/2028 2029/2029/2029 2092/2092/2092
f 2029/2029/2029 2030/2030/2030 2093/2093/2093
f 2030/2030/2030 2031/2031/2031 2094/2094/2094
f 2031/2031/2031 2032/2032/2032 2095/2095/2095
f 2032/2032/2032 2033/2033/2033 2096/2096/2096
f 2033/2033/2033 2034/2034/2034 2097/2097/2097
f 2036/2036/2036 2098/2098/2098 2097/2097/2097
f 2035/2035/2035 2100/2100/2100 2098/2098/2098
f 2035/2035/2035 2037/2037/2037 2099/2099/2099
f 2039/2039/2039 2101/2101/2101 2099/2099/2099
f 2038/2038/2038 2102/2102/2102 2101/2101/2101
f 2040/2040/2040 2103/2103/2103 2102/2102/2102
f 2042/2042/2042 2105/2105/2105 2103/2103/2103
f 2042/2042/2042 2041/2041/2041 2104/2104/2104
f 2041/2041/2041 2044/2044/2044 2106/2106/2106
f 2044/2044/2044 2043/2043/2043 2107/2107/2107
f 2043/2043/2043 2045/2045/2045 2108/2108/2108
f 2045/2045/2045 2046/2046/2046 2109/2109/2109
f 2047/2047/2047 2110/2110/2110 2109/2109/2109
f 2048/2048/2048 2111/2111/2111 2110/2110/2110
f 2050/2050/2050 2112/2112/2112 2111/2111/2111
f 2049/2049/2049 2114/2114/2114 2112/2112/2112
f 2049/2049/2049 2051/2051/2051 2113/2113/2113
f 2053/2053/2053 2115/2115/2115 2113/2113/2113
f 2052/2052/2052 2117/2117/2117 2115/2115/2115
f 2052/2052/2052 2054/2054/2054 2116/2116/2116
f 2055/2055/2055 2118/2118/2118 2116/2116/2116
f 2056/2056/2056 2120/2120/2120 2118/2118/2118
f 2056/2056/2056 2057/2057/2057 2119/2119/2119
f 2059/2059/2059 2122/2122/2122 2119/2119/2119
f 2059/2059/2059 2058/2058/2058 2121/2121/2121
f 2060/2060/2060 2123/2123/2123 2121/2121/2121
f 2062/2062/2062 2124/2124/2124 2123/2123/2123
f 2061/2061/2061 2126/2126/2126 2124/2124/2124
f 2061/2061/2061 2063/2063/2063 2125/2125/2125
f 2063/2063/2063 2064/2064/2064 2127/2127/2127
f 2065/2065/2065 2128/2128/2128 2127/2127/2127
f 2066/2066/2066 2129/2129/2129 2128/2128/2128
f 2067/2067/2067 2130/2130/2130 2129/2129/2129
f 2068/2068/2068 2132/2132/2132 2130/2130/2130
f 2131/2131/2131 4047/4047/4047 2132/2132/2132
f 2072/2072/2072 2134/2134/2134 2133/2133/2133
f 2071/2071/2071 2135/2135/2135 2134/2134/2134
f 2073/2073/2073 2136/2136/2136 2135/2135/2135
f 2074/2074/2074 2137/2137/2137 2136/2136/2136
f 2075/2075/2075 2139/2139/2139 2137/2137/2137
f 2075/2075/2075 2076/2076/2076 2138/2138/2138
f 2076/2076/2076 2078/2078/2078 2140/2140/2140
f 2077/2077/2077 2141/2141/2141 2140/2140/2140
f 2079/2079/2079 2143/2143/2143 2141/2141/2141
f 2079/2079/2079 2081/2081/2081 2142/2142/2142
f 2081/2081/2081 2080/2080/2080 2144/2144/2144
f 2082/2082/2082 2145/2145/2145 2144/2144/2144
f 2083/2083/2083 2146/2146/2146 2145/2145/2145
f 2084/2084/2084 2147/2147/2147 2146/2146/2146
f 2086/2086/2086 2148/2148/2148 2147/2147/2147
f 2085/2085/2085 2150/2150/2150 2148/2148/2148
f 2085/2085/2085 2087/2087/2087 2149/2149/2149
f 2087/2087/2087 2088/2088/2088 2151/2151/2151
f 2088/2088/2088 2089/2089/2089 2152/2152/2152
f 2090/2090/2090 2153/2153/2153 2152/2152/2152
f 2091/2091/2091 2155/2155/2155 2153/2153/2153
f 2091/2091/2091 2092/2092/2092 2154/2154/2154
f 2093/2093/2093 2156/2156/2156 2154/2154/2154
f 2094/2094/2094 2158/2158/2158 2156/2156/2156
f 2094/2094/2094 2095/2095/2095 2157/2157/2157
f 2095/2095/2095 2096/2096/2096 2159/2159/2159
f 2097/2097/2097 2161/2161/2161 2159/2159/2159
f 2097/2097/2097 2098/2098/2098 2160/2160/2160
f 2098/2098/2098 2100/2100/2100 2162/2162/2162
f 2100/2100/2100 2099/2099/2099 2163/2163/2163
f 2099/2099/2099 2101/2101/2101 2164/2164/2164
f 2102/2102/2102 2165/2165/2165 2164/2164/2164
f 2103/2103/2103 2166/2166/2166 2165/2165/2165
f 2105/2105/2105 2167/2167/2167 2166/2166/2166
f 2104/2104/2104 2169/2169/2169 2167/2167/2167
f 2104/2104/2104 2106/2106/2106 2168/2168/2168
f 2107/2107/2107 2170/2170/2170 2168/2168/2168
f 2108/2108/2108 2171/2171/2171 2170/2170/2170
f 2109/2109/2109 2172/2172/2172 2171/2171/2171
f 2110/2110/2110 2174/2174/2174 2172/2172/2172
f 2110/2110/2110 2111/2111/2111 2173/2173/2173
f 2111/2111/2111 2112/2112/2112 2175/2175/2175
f 2114/2114/2114 2176/2176/2176 2175/2175/2175
f 2113/2113/2113 2178/2178/2178 2176/2176/2176
f 2113/2113/2113 2115/2115/2115 2177/2177/2177
f 2117/2117/2117 2179/2179/2179 2177/2177/2177
f 2116/2116/2116 2181/2181/2181 2179/2179/2179
f 2116/2116/2116 2118/2118/2118 2180/2180/2180
f 2120/2120/2120 2183/2183/2183 2180/2180/2180
f 2120/2120/2120 2119/2119/2119 2182/2182/2182
f 2122/2122/2122 2185/2185/2185 2182/2182/2182
f 2122/2122/2122 2121/2121/2121 2184/2184/2184
f 2123/2123/2123 2187/2187/2187 2184/2184/2184
f 2123/2123/2123 2124/2124/2124 2186/2186/2186
f 2124/2124/2124 2126/2126/2126 2188/2188/2188
f 2125/2125/2125 2189/2189/2189 2188/2188/2188
f 2127/2127/2127 2190/2190/2190 2189/2189/2189
f 2128/2128/2128 2192/2192/2192 2190/2190/2190
f 2128/2128/2128 2129/2129/2129 2191/2191/2191
f 2129/2129/2129 2130/2130/2130 2193/2193/2193
f 2130/2130/2130 2132/2132/2132 2194/2194/2194
f 2132/2132/2132 4047/4047/4047 2195/2195/2195
f 2133/2133/2133 2134/2134/2134 2196/2196/2196
f 2135/2135/2135 2199/2199/2199 2196/2196/2196
f 2135/2135/2135 2136/2136/2136 2198/2198/2198
f 2136/2136/2136 2137/2137/2137 2200/2200/2200
f 2139/2139/2139 2202/2202/2202 2200/2200/2200
f 2139/2139/2139 2138/2138/2138 2201/2201/2201
f 2138/2138/2138 2140/2140/2140 2203/2203/2203
f 2141/2141/2141 2204/2204/2204 2203/2203/2203
f 2143/2143/2143 2205/2205/2205 2204/2204/2204
f 2142/2142/2142 2206/2206/2206 2205/2205/2205
f 2144/2144/2144 2207/2207/2207 2206/2206/2206
f 2145/2145/2145 2209/2209/2209 2207/2207/2207
f 2145/2145/2145 2146/2146/2146 2208/2208/2208
f 2146/2146/2146 2147/2147/2147 2210/2210/2210
f 2147/2147/2147 2148/2148/2148 2211/2211/2211
f 2150/2150/2150 2212/2212/2212 2211/2211/2211
f 2149/2149/2149 2213/2213/2213 2212/2212/2212
f 2151/2151/2151 2214/2214/2214 2213/2213/2213
f 2152/2152/2152 2216/2216/2216 2214/2214/2214
f 2152/2152/2152 2153/2153/2153 2215/2215/2215
f 2153/2153/2153 2155/2155/2155 2217/2217/2217
f 2154/2154/2154 2218/2218/2218 2217/2217/2217
f 2156/2156/2156 2220/2220/2220 2218/2218/2218
f 2156/2156/2156 2158/2158/2158 2219/2219/2219
f 2157/2157/2157 2221/2221/2221 2219/2219/2219
f 2159/2159/2159 2222/2222/2222 2221/2221/2221
f 2161/2161/2161 2224/2224/2224 2222/2222/2222
f 2161/2161/2161 2160/2160/2160 2223/2223/2223
f 2160/2160/2160 2162/2162/2162 2225/2225/2225
f 2163/2163/2163 2226/2226/2226 2225/2225/2225
f 2164/2164/2164 2227/2227/2227 2226/2226/2226
f 2165/2165/2165 2229/2229/2229 2227/2227/2227
f 2165/2165/2165 2166/2166/2166 2228/2228/2228
f 2167/2167/2167 2231/2231/2231 2228/2228/2228
f 2167/2167/2167 2169/2169/2169 2230/2230/2230
f 2169/2169/2169 2168/2168/2168 2232/2232/2232
f 2168/2168/2168 2170/2170/2170 2233/2233/2233
f 2170/2170/2170 2171/2171/2171 2234/2234/2234
f 2172/2172/2172 2235/2235/2235 2234/2234/2234
f 2174/2174/2174 2236/2236/2236 2235/2235/2235
f 2173/2173/2173 2237/2237/2237 2236/2236/2236
f 2175/2175/2175 2239/2239/2239 2237/2237/2237
f 2175/2175/2175 2176/2176/2176 2238/2238/2238
f 2178/2178/2178 2241/2241/2241 2238/2238/2238
f 2178/2178/2178 2177/2177/2177 2240/2240/2240
f 2177/2177/2177 2179/2179/2179 2242/2242/2242
f 2179/2179/2179 2181/2181/2181 2243/2243/2243
f 2181/2181/2181 2180/2180/2180 2244/2244/2244
f 2183/2183/2183 2245/2245/2245 2244/2244/2244
f 2182/2182/2182 2246/2246/2246 2245/2245/2245
f 2185/2185/2185 2248/2248/2248 2246/2246/2246
f 2185/2185/2185 2184/2184/2184 2247/2247/2247
f 2187/2187/2187 2249/2249/2249 2247/2247/2247
f 2186/2186/2186 2250/2250/2250 2249/2249/2249
f 2188/2188/2188 2251/2251/2251 2250/2250/2250
f 2189/2189/2189 2252/2252/2252 2251/2251/2251
f 2190/2190/2190 2253/2253/2253 2252/2252/2252
f 2192/2192/2192 2255/2255/2255 2253/2253/2253
f 2192/2192/2192 2191/2191/2191 2254/2254/2254
f 2193/2193/2193 2256/2256/2256 2254/2254/2254
f 2194/2194/2194 2257/2257/2257 2256/2256/2256
f 2195/2195/2195 4050/4050/4050 2257/2257/2257
f 2197/2197/2197 2196/2196/2196 2258/2258/2258
f 2196/2196/2196 2199/2199/2199 2260/2260/2260
f 2198/2198/2198 2262/2262/2262 2260/2260/2260
f 2198/2198/2198 2200/2200/2200 2261/2261/2261
f 2200/2200/2200 2202/2202/2202 2263/2263/2263
f 2201/2201/2201 2264/2264/2264 2263/2263/2263
f 2203/2203/2203 2266/2266/2266 2264/2264/2264
f 2203/2203/2203 2204/2204/2204 2265/2265/2265
f 2204/2204/2204 2205/2205/2205 2267/2267/2267
f 2205/2205/2205 2206/2206/2206 2268/2268/2268
f 2206/2206/2206 2207/2207/2207 2269/2269/2269
f 2207/2207/2207 2209/2209/2209 2270/2270/2270
f 2209/2209/2209 2208/2208/2208 2271/2271/2271
f 2208/2208/2208 2210/2210/2210 2272/2272/2272
f 2210/2210/2210 2211/2211/2211 2273/2273/2273
f 2211/2211/2211 2212/2212/2212 2274/2274/2274
f 2212/2212/2212 2213/2213/2213 2275/2275/2275
f 2213/2213/2213 2214/2214/2214 2276/2276/2276
f 2214/2214/2214 2216/2216/2216 2277/2277/2277
f 2216/2216/2216 2215/2215/2215 2278/2278/2278
f 2217/2217/2217 2280/2280/2280 2278/2278/2278
f 2217/2217/2217 2218/2218/2218 2279/2279/2279
f 2218/2218/2218 2220/2220/2220 2281/2281/2281
f 2220/2220/2220 2219/2219/2219 2282/2282/2282
f 2219/2219/2219 2221/2221/2221 2283/2283/2283
f 2221/2221/2221 2222/2222/2222 2284/2284/2284
f 2224/2224/2224 2285/2285/2285 2284/2284/2284
f 2223/2223/2223 2286/2286/2286 2285/2285/2285
f 2225/2225/2225 2288/2288/2288 2286/2286/2286
f 2225/2225/2225 2226/2226/2226 2287/2287/2287
f 2226/2226/2226 2227/2227/2227 2289/2289/2289
f 2229/2229/2229 2291/2291/2291 2289/2289/2289
f 2229/2229/2229 2228/2228/2228 2290/2290/2290
f 2228/2228/2228 2231/2231/2231 2292/2292/2292
f 2230/2230/2230 2293/2293/2293 2292/2292/2292
f 2232/2232/2232 2294/2294/2294 2293/2293/2293
f 2233/2233/2233 2295/2295/2295 2294/2294/2294
f 2234/2234/2234 2296/2296/2296 2295/2295/2295
f 2235/2235/2235 2298/2298/2298 2296/2296/2296
f 2235/2235/2235 2236/2236/2236 2297/2297/2297
f 2237/2237/2237 2300/2300/2300 2297/2297/2297
f 2237/2237/2237 2239/2239/2239 2299/2299/2299
f 2238/2238/2238 2302/2302/2302 2299/2299/2299
f 2238/2238/2238 2241/2241/2241 2301/2301/2301
f 2241/2241/2241 2240/2240/2240 2303/2303/2303
f 2240/2240/2240 2242/2242/2242 2304/2304/2304
f 2242/2242/2242 2243/2243/2243 2305/2305/2305
f 2243/2243/2243 2244/2244/2244 2306/2306/2306
f 2245/2245/2245 2308/2308/2308 2306/2306/2306
f 2245/2245/2245 2246/2246/2246 2307/2307/2307
f 2248/2248/2248 2310/2310/2310 2307/2307/2307
f 2248/2248/2248 2247/2247/2247 2309/2309/2309
f 2249/2249/2249 2311/2311/2311 2309/2309/2309
f 2250/2250/2250 2312/2312/2312 2311/2311/2311
f 2251/2251/2251 2313/2313/2313 2312/2312/2312
f 2252/2252/2252 2315/2315/2315 2313/2313/2313
f 2252/2252/2252 2253/2253/2253 2314/2314/2314
f 2253/2253/2253 2255/2255/2255 2316/2316/2316
f 2254/2254/2254 2317/2317/2317 2316/2316/2316
f 2256/2256/2256 2319/2319/2319 2317/2317/2317
f 2256/2256/2256 2257/2257/2257 2318/2318/2318
f 2257/2257/2257 4050/4050/4050 2320/2320/2320
f 2258/2258/2258 2322/2322/2322 2321/2321/2321
f 2260/2260/2260 2323/2323/2323 2322/2322/2322
f 2262/2262/2262 2325/2325/2325 2323/2323/2323
f 2262/2262/2262 2261/2261/2261 2324/2324/2324
f 2263/2263/2263 2326/2326/2326 2324/2324/2324
f 2264/2264/2264 2327/2327/2327 2326/2326/2326
f 2266/2266/2266 2329/2329/2329 2327/2327/2327
f 2266/2266/2266 2265/2265/2265 2328/2328/2328
f 2265/2265/2265 2267/2267/2267 2330/2330/2330
f 2267/2267/2267 2268/2268/2268 2331/2331/2331
f 2269/2269/2269 2332/2332/2332 2331/2331/2331
f 2270/2270/2270 2333/2333/2333 2332/2332/2332
f 2271/2271/2271 2334/2334/2334 2333/2333/2333
f 2272/2272/2272 2336/2336/2336 2334/2334/2334
f 2272/2272/2272 2273/2273/2273 2335/2335/2335
f 2273/2273/2273 2274/2274/2274 2337/2337/2337
f 2274/2274/2274 2275/2275/2275 2338/2338/2338
f 2275/2275/2275 2276/2276/2276 2339/2339/2339
f 2277/2277/2277 2341/2341/2341 2339/2339/2339
f 2277/2277/2277 2278/2278/2278 2340/2340/2340
f 2280/2280/2280 2342/2342/2342 2340/2340/2340
f 2279/2279/2279 2343/2343/2343 2342/2342/2342
f 2281/2281/2281 2344/2344/2344 2343/2343/2343
f 2282/2282/2282 2345/2345/2345 2344/2344/2344
f 2283/2283/2283 2346/2346/2346 2345/2345/2345
f 2284/2284/2284 2347/2347/2347 2346/2346/2346
f 2285/2285/2285 2349/2349/2349 2347/2347/2347
f 2285/2285/2285 2286/2286/2286 2348/2348/2348
f 2286/2286/2286 2288/2288/2288 2350/2350/2350
f 2287/2287/2287 2351/2351/2351 2350/2350/2350
f 2289/2289/2289 2353/2353/2353 2351/2351/2351
f 2289/2289/2289 2291/2291/2291 2352/2352/2352
f 2290/2290/2290 2355/2355/2355 2352/2352/2352
f 2290/2290/2290 2292/2292/2292 2354/2354/2354
f 2292/2292/2292 2293/2293/2293 2356/2356/2356
f 2293/2293/2293 2294/2294/2294 2357/2357/2357
f 2294/2294/2294 2295/2295/2295 2358/2358/2358
f 2295/2295/2295 2296/2296/2296 2359/2359/2359
f 2296/2296/2296 2298/2298/2298 2360/2360/2360
f 2297/2297/2297 2361/2361/2361 2360/2360/2360
f 2300/2300/2300 2363/2363/2363 2361/2361/2361
f 2300/2300/2300 2299/2299/2299 2362/2362/2362
f 2302/2302/2302 2365/2365/2365 2362/2362/2362
f 2302/2302/2302 2301/2301/2301 2364/2364/2364
f 2301/2301/2301 2303/2303/2303 2366/2366/2366
f 2304/2304/2304 2367/2367/2367 2366/2366/2366
f 2305/2305/2305 2368/2368/2368 2367/2367/2367
f 2306/2306/2306 2370/2370/2370 2368/2368/2368
f 2306/2306/2306 2308/2308/2308 2369/2369/2369
f 2308/2308/2308 2307/2307/2307 2371/2371/2371
f 2310/2310/2310 2372/2372/2372 2371/2371/2371
f 2309/2309/2309 2373/2373/2373 2372/2372/2372
f 2311/2311/2311 2374/2374/2374 2373/2373/2373
f 2312/2312/2312 2375/2375/2375 2374/2374/2374
f 2313/2313/2313 2377/2377/2377 2375/2375/2375
f 2313/2313/2313 2315/2315/2315 2376/2376/2376
f 2315/2315/2315 2314/2314/2314 2378/2378/2378
f 2314/2314/2314 2316/2316/2316 2379/2379/2379
f 2316/2316/2316 2317/2317/2317 2380/2380/2380
f 2319/2319/2319 2382/2382/2382 2380/2380/2380
f 2319/2319/2319 2318/2318/2318 2381/2381/2381
f 2318/2318/2318 2320/2320/2320 2383/2383/2383
f 2321/2321/2321 2322/2322/2322 2384/2384/2384
f 2322/2322/2322 2323/2323/2323 2386/2386/2386
f 2323/2323/2323 2325/2325/2325 2387/2387/2387
f 2324/2324/2324 2388/2388/2388 2387/2387/2387
f 2326/2326/2326 2389/2389/2389 2388/2388/2388
f 2327/2327/2327 2390/2390/2390 2389/2389/2389
f 2329/2329/2329 2391/2391/2391 2390/2390/2390
f 2328/2328/2328 2392/2392/2392 2391/2391/2391
f 2330/2330/2330 2393/2393/2393 2392/2392/2392
f 2331/2331/2331 2395/2395/2395 2393/2393/2393
f 2331/2331/2331 2332/2332/2332 2394/2394/2394
f 2332/2332/2332 2333/2333/2333 2396/2396/2396
f 2334/2334/2334 2397/2397/2397 2396/2396/2396
f 2336/2336/2336 2399/2399/2399 2397/2397/2397
f 2336/2336/2336 2335/2335/2335 2398/2398/2398
f 2337/2337/2337 2400/2400/2400 2398/2398/2398
f 2338/2338/2338 2402/2402/2402 2400/2400/2400
f 2338/2338/2338 2339/2339/2339 2401/2401/2401
f 2341/2341/2341 2403/2403/2403 2401/2401/2401
f 2340/2340/2340 2404/2404/2404 2403/2403/2403
f 2342/2342/2342 2406/2406/2406 2404/2404/2404
f 2342/2342/2342 2343/2343/2343 2405/2405/2405
f 2343/2343/2343 2344/2344/2344 2407/2407/2407
f 2344/2344/2344 2345/2345/2345 2408/2408/2408
f 2346/2346/2346 2410/2410/2410 2408/2408/2408
f 2346/2346/2346 2347/2347/2347 2409/2409/2409
f 2347/2347/2347 2349/2349/2349 2411/2411/2411
f 2349/2349/2349 2348/2348/2348 2412/2412/2412
f 2348/2348/2348 2350/2350/2350 2413/2413/2413
f 2350/2350/2350 2351/2351/2351 2414/2414/2414
f 2353/2353/2353 2416/2416/2416 2414/2414/2414
f 2353/2353/2353 2352/2352/2352 2415/2415/2415
f 2355/2355/2355 2417/2417/2417 2415/2415/2415
f 2354/2354/2354 2418/2418/2418 2417/2417/2417
f 2356/2356/2356 2419/2419/2419 2418/2418/2418
f 2357/2357/2357 2420/2420/2420 2419/2419/2419
f 2358/2358/2358 2421/2421/2421 2420/2420/2420
f 2359/2359/2359 2423/2423/2423 2421/2421/2421
f 2359/2359/2359 2360/2360/2360 2422/2422/2422
f 2360/2360/2360 2361/2361/2361 2424/2424/2424
f 2363/2363/2363 2426/2426/2426 2424/2424/2424
f 2363/2363/2363 2362/2362/2362 2425/2425/2425
f 2365/2365/2365 2427/2427/2427 2425/2425/2425
f 2364/2364/2364 2428/2428/2428 2427/2427/2427
f 2366/2366/2366 2429/2429/2429 2428/2428/2428
f 2367/2367/2367 2431/2431/2431 2429/2429/2429
f 2367/2367/2367 2368/2368/2368 2430/2430/2430
f 2370/2370/2370 2432/2432/2432 2430/2430/2430
f 2369/2369/2369 2433/2433/2433 2432/2432/2432
f 2371/2371/2371 2434/2434/2434 2433/2433/2433
f 2372/2372/2372 2436/2436/2436 2434/2434/2434
f 2372/2372/2372 2373/2373/2373 2435/2435/2435
f 2373/2373/2373 2374/2374/2374 2437/2437/2437
f 2374/2374/2374 2375/2375/2375 2438/2438/2438
f 2375/2375/2375 2377/2377/2377 2439/2439/2439
f 2377/2377/2377 2376/2376/2376 2440/2440/2440
f 2378/2378/2378 2441/2441/2441 2440/2440/2440
f 2379/2379/2379 2443/2443/2443 2441/2441/2441
f 2379/2379/2379 2380/2380/2380 2442/2442/2442
f 2382/2382/2382 2445/2445/2445 2442/2442/2442
f 2382/2382/2382 2381/2381/2381 2444/2444/2444
f 2383/2383/2383 4053/4053/4053 2444/2444/2444
f 2384/2384/2384 2447/2447/2447 2446/2446/2446
f 2386/2386/2386 2448/2448/2448 2447/2447/2447
f 2387/2387/2387 2449/2449/2449 2448/2448/2448
f 2388/2388/2388 2450/2450/2450 2449/2449/2449
f 2389/2389/2389 2452/2452/2452 2450/2450/2450
f 2389/2389/2389 2390/2390/2390 2451/2451/2451
f 2391/2391/2391 2453/2453/2453 2451/2451/2451
f 2392/2392/2392 2455/2455/2455 2453/2453/2453
f 2392/2392/2392 2393/2393/2393 2454/2454/2454
f 2393/2393/2393 2395/2395/2395 2456/2456/2456
f 2394/2394/2394 2457/2457/2457 2456/2456/2456
f 2396/2396/2396 2458/2458/2458 2457/2457/2457
f 2397/2397/2397 2459/2459/2459 2458/2458/2458
f 2399/2399/2399 2460/2460/2460 2459/2459/2459
f 2398/2398/2398 2461/2461/2461 2460/2460/2460
f 2400/2400/2400 2463/2463/2463 2461/2461/2461
f 2400/2400/2400 2402/2402/2402 2462/2462/2462
f 2401/2401/2401 2465/2465/2465 2462/2462/2462
f 2401/2401/2401 2403/2403/2403 2464/2464/2464
f 2403/2403/2403 2404/2404/2404 2466/2466/2466
f 2406/2406/2406 2468/2468/2468 2466/2466/2466
f 2406/2406/2406 2405/2405/2405 2467/2467/2467
f 2407/2407/2407 2469/2469/2469 2467/2467/2467
f 2408/2408/2408 2471/2471/2471 2469/2469/2469
f 2408/2408/2408 2410/2410/2410 2470/2470/2470
f 2409/2409/2409 2472/2472/2472 2470/2470/2470
f 2411/2411/2411 2474/2474/2474 2472/2472/2472
f 2411/2411/2411 2412/2412/2412 2473/2473/2473
f 2413/2413/2413 2476/2476/2476 2473/2473/2473
f 2413/2413/2413 2414/2414/2414 2475/2475/2475
f 2414/2414/2414 2416/2416/2416 2477/2477/2477
f 2415/2415/2415 2479/2479/2479 2477/2477/2477
f 2415/2415/2415 2417/2417/2417 2478/2478/2478
f 2417/2417/2417 2418/2418/2418 2480/2480/2480
f 2419/2419/2419 2482/2482/2482 2480/2480/2480
f 2419/2419/2419 2420/2420/2420 2481/2481/2481
f 2420/2420/2420 2421/2421/2421 2483/2483/2483
f 2423/2423/2423 2484/2484/2484 2483/2483/2483
f 2422/2422/2422 2485/2485/2485 2484/2484/2484
f 2424/2424/2424 2486/2486/2486 2485/2485/2485
f 2426/2426/2426 2487/2487/2487 2486/2486/2486
f 2425/2425/2425 2488/2488/2488 2487/2487/2487
f 2427/2427/2427 2489/2489/2489 2488/2488/2488
f 2428/2428/2428 2491/2491/2491 2489/2489/2489
f 2428/2428/2428 2429/2429/2429 2490/2490/2490
f 2429/2429/2429 2431/2431/2431 2492/2492/2492
f 2431/2431/2431 2430/2430/2430 2493/2493/2493
f 2430/2430/2430 2432/2432/2432 2494/2494/2494
f 2432/2432/2432 2433/2433/2433 2495/2495/2495
f 2434/2434/2434 2496/2496/2496 2495/2495/2495
f 2436/2436/2436 2497/2497/2497 2496/2496/2496
f 2435/2435/2435 2498/2498/2498 2497/2497/2497
f 2437/2437/2437 2500/2500/2500 2498/2498/2498
f 2437/2437/2437 2438/2438/2438 2499/2499/2499
f 2438/2438/2438 2439/2439/2439 2501/2501/2501
f 2439/2439/2439 2440/2440/2440 2502/2502/2502
f 2441/2441/2441 2503/2503/2503 2502/2502/2502
f 2443/2443/2443 2504/2504/2504 2503/2503/2503
f 2442/2442/2442 2506/2506/2506 2504/2504/2504
f 2442/2442/2442 2445/2445/2445 2505/2505/2505
f 2445/2445/2445 2444/2444/2444 2507/2507/2507
f 2444/2444/2444 4053/4053/4053 2508/2508/2508
f 2446/2446/2446 2447/2447/2447 2509/2509/2509
f 2447/2447/2447 2448/2448/2448 2511/2511/2511
f 2448/2448/2448 2449/2449/2449 2512/2512/2512
f 2449/2449/2449 2450/2450/2450 2513/2513/2513
f 2452/2452/2452 2515/2515/2515 2513/2513/2513
f 2452/2452/2452 2451/2451/2451 2514/2514/2514
f 2451/2451/2451 2453/2453/2453 2516/2516/2516
f 2453/2453/2453 2455/2455/2455 2517/2517/2517
f 2455/2455/2455 2454/2454/2454 2518/2518/2518
f 2456/2456/2456 2519/2519/2519 2518/2518/2518
f 2457/2457/2457 2521/2521/2521 2519/2519/2519
f 2457/2457/2457 2458/2458/2458 2520/2520/2520
f 2458/2458/2458 2459/2459/2459 2522/2522/2522
f 2459/2459/2459 2460/2460/2460 2523/2523/2523
f 2460/2460/2460 2461/2461/2461 2524/2524/2524
f 2461/2461/2461 2463/2463/2463 2525/2525/2525
f 2462/2462/2462 2526/2526/2526 2525/2525/2525
f 2465/2465/2465 2527/2527/2527 2526/2526/2526
f 2464/2464/2464 2528/2528/2528 2527/2527/2527
f 2466/2466/2466 2529/2529/2529 2528/2528/2528
f 2468/2468/2468 2531/2531/2531 2529/2529/2529
f 2468/2468/2468 2467/2467/2467 2530/2530/2530
f 2469/2469/2469 2532/2532/2532 2530/2530/2530
f 2471/2471/2471 2534/2534/2534 2532/2532/2532
f 2471/2471/2471 2470/2470/2470 2533/2533/2533
f 2472/2472/2472 2535/2535/2535 2533/2533/2533
f 2474/2474/2474 2537/2537/2537 2535/2535/2535
f 2474/2474/2474 2473/2473/2473 2536/2536/2536
f 2473/2473/2473 2476/2476/2476 2538/2538/2538
f 2475/2475/2475 2539/2539/2539 2538/2538/2538
f 2477/2477/2477 2541/2541/2541 2539/2539/2539
f 2477/2477/2477 2479/2479/2479 2540/2540/2540
f 2479/2479/2479 2478/2478/2478 2542/2542/2542
f 2478/2478/2478 2480/2480/2480 2543/2543/2543
f 2482/2482/2482 2545/2545/2545 2543/2543/2543
f 2482/2482/2482 2481/2481/2481 2544/2544/2544
f 2481/2481/2481 2483/2483/2483 2546/2546/2546
f 2484/2484/2484 2547/2547/2547 2546/2546/2546
f 2485/2485/2485 2549/2549/2549 2547/2547/2547
f 2485/2485/2485 2486/2486/2486 2548/2548/2548
f 2486/2486/2486 2487/2487/2487 2550/2550/2550
f 2487/2487/2487 2488/2488/2488 2551/2551/2551
f 2488/2488/2488 2489/2489/2489 2552/2552/2552
f 2491/2491/2491 2553/2553/2553 2552/2552/2552
f 2490/2490/2490 2554/2554/2554 2553/2553/2553
f 2492/2492/2492 2555/2555/2555 2554/2554/2554
f 2493/2493/2493 2556/2556/2556 2555/2555/2555
f 2494/2494/2494 2557/2557/2557 2556/2556/2556
f 2495/2495/2495 2558/2558/2558 2557/2557/2557
f 2496/2496/2496 2560/2560/2560 2558/2558/2558
f 2496/2496/2496 2497/2497/2497 2559/2559/2559
f 2498/2498/2498 2561/2561/2561 2559/2559/2559
f 2500/2500/2500 2563/2563/2563 2561/2561/2561
f 2500/2500/2500 2499/2499/2499 2562/2562/2562
f 2499/2499/2499 2501/2501/2501 2564/2564/2564
f 2502/2502/2502 2565/2565/2565 2564/2564/2564
f 2503/2503/2503 2566/2566/2566 2565/2565/2565
f 2504/2504/2504 2567/2567/2567 2566/2566/2566
f 2506/2506/2506 2569/2569/2569 2567/2567/2567
f 2506/2506/2506 2505/2505/2505 2568/2568/2568
f 2507/2507/2507 2571/2571/2571 2568/2568/2568
f 2507/2507/2507 2508/2508/2508 2570/2570/2570
f 2510/2510/2510 2509/2509/2509 2572/2572/2572
f 2509/2509/2509 2511/2511/2511 2574/2574/2574
f 2512/2512/2512 2575/2575/2575 2574/2574/2574
f 2513/2513/2513 2577/2577/2577 2575/2575/2575
f 2513/2513/2513 2515/2515/2515 2576/2576/2576
f 2514/2514/2514 2578/2578/2578 2576/2576/2576
f 2516/2516/2516 2579/2579/2579 2578/2578/2578
f 2517/2517/2517 2580/2580/2580 2579/2579/2579
f 2518/2518/2518 2582/2582/2582 2580/2580/2580
f 2518/2518/2518 2519/2519/2519 2581/2581/2581
f 2519/2519/2519 2521/2521/2521 2583/2583/2583
f 2521/2521/2521 2520/2520/2520 2584/2584/2584
f 2522/2522/2522 2585/2585/2585 2584/2584/2584
f 2523/2523/2523 2586/2586/2586 2585/2585/2585
f 2524/2524/2524 2587/2587/2587 2586/2586/2586
f 2525/2525/2525 2588/2588/2588 2587/2587/2587
f 2526/2526/2526 2589/2589/2589 2588/2588/2588
f 2527/2527/2527 2590/2590/2590 2589/2589/2589
f 2528/2528/2528 2591/2591/2591 2590/2590/2590
f 2529/2529/2529 2592/2592/2592 2591/2591/2591
f 2531/2531/2531 2593/2593/2593 2592/2592/2592
f 2530/2530/2530 2595/2595/2595 2593/2593/2593
f 2530/2530/2530 2532/2532/2532 2594/2594/2594
f 2532/2532/2532 2534/2534/2534 2596/2596/2596
f 2533/2533/2533 2598/2598/2598 2596/2596/2596
f 2533/2533/2533 2535/2535/2535 2597/2597/2597
f 2535/2535/2535 2537/2537/2537 2599/2599/2599
f 2537/2537/2537 2536/2536/2536 2600/2600/2600
f 2536/2536/2536 2538/2538/2538 2601/2601/2601
f 2538/2538/2538 2539/2539/2539 2602/2602/2602
f 2541/2541/2541 2604/2604/2604 2602/2602/2602
f 2541/2541/2541 2540/2540/2540 2603/2603/2603
f 2542/2542/2542 2605/2605/2605 2603/2603/2603
f 2543/2543/2543 2606/2606/2606 2605/2605/2605
f 2545/2545/2545 2607/2607/2607 2606/2606/2606
f 2544/2544/2544 2609/2609/2609 2607/2607/2607
f 2544/2544/2544 2546/2546/2546 2608/2608/2608
f 2546/2546/2546 2547/2547/2547 2610/2610/2610
f 2549/2549/2549 2611/2611/2611 2610/2610/2610
f 2548/2548/2548 2612/2612/2612 2611/2611/2611
f 2550/2550/2550 2614/2614/2614 2612/2612/2612
f 2550/2550/2550 2551/2551/2551 2613/2613/2613
f 2551/2551/2551 2552/2552/2552 2615/2615/2615
f 2552/2552/2552 2553/2553/2553 2616/2616/2616
f 2553/2553/2553 2554/2554/2554 2617/2617/2617
f 2555/2555/2555 2619/2619/2619 2617/2617/2617
f 2555/2555/2555 2556/2556/2556 2618/2618/2618
f 2557/2557/2557 2621/2621/2621 2618/2618/2618
f 2557/2557/2557 2558/2558/2558 2620/2620/2620
f 2558/2558/2558 2560/2560/2560 2622/2622/2622
f 2560/2560/2560 2559/2559/2559 2623/2623/2623
f 2559/2559/2559 2561/2561/2561 2624/2624/2624
f 2561/2561/2561 2563/2563/2563 2625/2625/2625
f 2562/2562/2562 2626/2626/2626 2625/2625/2625
f 2564/2564/2564 2627/2627/2627 2626/2626/2626
f 2565/2565/2565 2628/2628/2628 2627/2627/2627
f 2566/2566/2566 2630/2630/2630 2628/2628/2628
f 2566/2566/2566 2567/2567/2567 2629/2629/2629
f 2567/2567/2567 2569/2569/2569 2631/2631/2631
f 2569/2569/2569 2568/2568/2568 2632/2632/2632
f 2571/2571/2571 2633/2633/2633 2632/2632/2632
f 2570/2570/2570 2695/2695/2695 2633/2633/2633
f 2572/2572/2572 2635/2635/2635 2634/2634/2634
f 2574/2574/2574 2636/2636/2636 2635/2635/2635
f 2575/2575/2575 2638/2638/2638 2636/2636/2636
f 2575/2575/2575 2577/2577/2577 2637/2637/2637
f 2576/2576/2576 2639/2639/2639 2637/2637/2637
f 2578/2578/2578 2641/2641/2641 2639/2639/2639
f 2578/2578/2578 2579/2579/2579 2640/2640/2640
f 2579/2579/2579 2580/2580/2580 2642/2642/2642
f 2582/2582/2582 2644/2644/2644 2642/2642/2642
f 2582/2582/2582 2581/2581/2581 2643/2643/2643
f 2581/2581/2581 2583/2583/2583 2645/2645/2645
f 2583/2583/2583 2584/2584/2584 2646/2646/2646
f 2585/2585/2585 2648/2648/2648 2646/2646/2646
f 2585/2585/2585 2586/2586/2586 2647/2647/2647
f 2586/2586/2586 2587/2587/2587 2649/2649/2649
f 2587/2587/2587 2588/2588/2588 2650/2650/2650
f 2588/2588/2588 2589/2589/2589 2651/2651/2651
f 2589/2589/2589 2590/2590/2590 2652/2652/2652
f 2590/2590/2590 2591/2591/2591 2653/2653/2653
f 2591/2591/2591 2592/2592/2592 2654/2654/2654
f 2593/2593/2593 2655/2655/2655 2654/2654/2654
f 2595/2595/2595 2657/2657/2657 2655/2655/2655
f 2595/2595/2595 2594/2594/2594 2656/2656/2656
f 2594/2594/2594 2596/2596/2596 2658/2658/2658
f 2596/2596/2596 2598/2598/2598 2659/2659/2659
f 2597/2597/2597 2660/2660/2660 2659/2659/2659
f 2599/2599/2599 2662/2662/2662 2660/2660/2660
f 2599/2599/2599 2600/2600/2600 2661/2661/2661
f 2601/2601/2601 2664/2664/2664 2661/2661/2661
f 2601/2601/2601 2602/2602/2602 2663/2663/2663
f 2604/2604/2604 2665/2665/2665 2663/2663/2663
f 2603/2603/2603 2667/2667/2667 2665/2665/2665
f 2603/2603/2603 2605/2605/2605 2666/2666/2666
f 2605/2605/2605 2606/2606/2606 2668/2668/2668
f 2606/2606/2606 2607/2607/2607 2669/2669/2669
f 2607/2607/2607 2609/2609/2609 2670/2670/2670
f 2608/2608/2608 2671/2671/2671 2670/2670/2670
f 2610/2610/2610 2673/2673/2673 2671/2671/2671
f 2610/2610/2610 2611/2611/2611 2672/2672/2672
f 2612/2612/2612 2675/2675/2675 2672/2672/2672
f 2612/2612/2612 2614/2614/2614 2674/2674/2674
f 2614/2614/2614 2613/2613/2613 2676/2676/2676
f 2615/2615/2615 2677/2677/2677 2676/2676/2676
f 2616/2616/2616 2678/2678/2678 2677/2677/2677
f 2617/2617/2617 2680/2680/2680 2678/2678/2678
f 2617/2617/2617 2619/2619/2619 2679/2679/2679
f 2619/2619/2619 2618/2618/2618 2681/2681/2681
f 2618/2618/2618 2621/2621/2621 2682/2682/2682
f 2621/2621/2621 2620/2620/2620 2683/2683/2683
f 2620/2620/2620 2622/2622/2622 2684/2684/2684
f 2623/2623/2623 2685/2685/2685 2684/2684/2684
f 2624/2624/2624 2687/2687/2687 2685/2685/2685
f 2624/2624/2624 2625/2625/2625 2686/2686/2686
f 2626/2626/2626 2688/2688/2688 2686/2686/2686
f 2627/2627/2627 2689/2689/2689 2688/2688/2688
f 2628/2628/2628 2691/2691/2691 2689/2689/2689
f 2628/2628/2628 2630/2630/2630 2690/2690/2690
f 2629/2629/2629 2693/2693/2693 2690/2690/2690
f 2629/2629/2629 2631/2631/2631 2692/2692/2692
f 2631/2631/2631 2632/2632/2632 2694/2694/2694
f 2633/2633/2633 2696/2696/2696 2694/2694/2694
f 2695/2695/2695 4057/4057/4057 2696/2696/2696
f 2634/2634/2634 2635/2635/2635 2697/2697/2697
f 2635/2635/2635 2636/2636/2636 2699/2699/2699
f 2638/2638/2638 2700/2700/2700 2699/2699/2699
f 2637/2637/2637 2702/2702/2702 2700/2700/2700
f 2637/2637/2637 2639/2639/2639 2701/2701/2701
f 2639/2639/2639 2641/2641/2641 2703/2703/2703
f 2640/2640/2640 2705/2705/2705 2703/2703/2703
f 2640/2640/2640 2642/2642/2642 2704/2704/2704
f 2642/2642/2642 2644/2644/2644 2706/2706/2706
f 2644/2644/2644 2643/2643/2643 2707/2707/2707
f 2645/2645/2645 2709/2709/2709 2707/2707/2707
f 2645/2645/2645 2646/2646/2646 2708/2708/2708
f 2646/2646/2646 2648/2648/2648 2710/2710/2710
f 2648/2648/2648 2647/2647/2647 2711/2711/2711
f 2647/2647/2647 2649/2649/2649 2712/2712/2712
f 2650/2650/2650 2713/2713/2713 2712/2712/2712
f 2651/2651/2651 2714/2714/2714 2713/2713/2713
f 2652/2652/2652 2715/2715/2715 2714/2714/2714
f 2653/2653/2653 2717/2717/2717 2715/2715/2715
f 2653/2653/2653 2654/2654/2654 2716/2716/2716
f 2654/2654/2654 2655/2655/2655 2718/2718/2718
f 2657/2657/2657 2720/2720/2720 2718/2718/2718
f 2657/2657/2657 2656/2656/2656 2719/2719/2719
f 2656/2656/2656 2658/2658/2658 2721/2721/2721
f 2658/2658/2658 2659/2659/2659 2722/2722/2722
f 2659/2659/2659 2660/2660/2660 2723/2723/2723
f 2662/2662/2662 2724/2724/2724 2723/2723/2723
f 2661/2661/2661 2725/2725/2725 2724/2724/2724
f 2664/2664/2664 2727/2727/2727 2725/2725/2725
f 2664/2664/2664 2663/2663/2663 2726/2726/2726
f 2665/2665/2665 2729/2729/2729 2726/2726/2726
f 2665/2665/2665 2667/2667/2667 2728/2728/2728
f 2666/2666/2666 2731/2731/2731 2728/2728/2728
f 2666/2666/2666 2668/2668/2668 2730/2730/2730
f 2668/2668/2668 2669/2669/2669 2732/2732/2732
f 2670/2670/2670 2733/2733/2733 2732/2732/2732
f 2671/2671/2671 2734/2734/2734 2733/2733/2733
f 2673/2673/2673 2735/2735/2735 2734/2734/2734
f 2672/2672/2672 2736/2736/2736 2735/2735/2735
f 2675/2675/2675 2737/2737/2737 2736/2736/2736
f 2674/2674/2674 2738/2738/2738 2737/2737/2737
f 2676/2676/2676 2739/2739/2739 2738/2738/2738
f 2677/2677/2677 2741/2741/2741 2739/2739/2739
f 2677/2677/2677 2678/2678/2678 2740/2740/2740
f 2678/2678/2678 2680/2680/2680 2742/2742/2742
f 2680/2680/2680 2679/2679/2679 2743/2743/2743
f 2681/2681/2681 2744/2744/2744 2743/2743/2743
f 2682/2682/2682 2745/2745/2745 2744/2744/2744
f 2683/2683/2683 2746/2746/2746 2745/2745/2745
f 2684/2684/2684 2748/2748/2748 2746/2746/2746
f 2684/2684/2684 2685/2685/2685 2747/2747/2747
f 2685/2685/2685 2687/2687/2687 2749/2749/2749
f 2687/2687/2687 2686/2686/2686 2750/2750/2750
f 2688/2688/2688 2752/2752/2752 2750/2750/2750
f 2688/2688/2688 2689/2689/2689 2751/2751/2751
f 2689/2689/2689 2691/2691/2691 2753/2753/2753
f 2691/2691/2691 2690/2690/2690 2754/2754/2754
f 2693/2693/2693 2755/2755/2755 2754/2754/2754
f 2692/2692/2692 2757/2757/2757 2755/2755/2755
f 2692/2692/2692 2694/2694/2694 2756/2756/2756
f 2694/2694/2694 2696/2696/2696 2758/2758/2758
f 2696/2696/2696 4057/4057/4057 2759/2759/2759
f 2697/2697/2697 2761/2761/2761 2760/2760/2760
f 2699/2699/2699 2763/2763/2763 2761/2761/2761
f 2699/2699/2699 2700/2700/2700 2762/2762/2762
f 2702/2702/2702 2764/2764/2764 2762/2762/2762
f 2701/2701/2701 2766/2766/2766 2764/2764/2764
f 2701/2701/2701 2703/2703/2703 2765/2765/2765
f 2705/2705/2705 2767/2767/2767 2765/2765/2765
f 2704/2704/2704 2768/2768/2768 2767/2767/2767
f 2706/2706/2706 2769/2769/2769 2768/2768/2768
f 2707/2707/2707 2770/2770/2770 2769/2769/2769
f 2709/2709/2709 2771/2771/2771 2770/2770/2770
f 2708/2708/2708 2772/2772/2772 2771/2771/2771
f 2710/2710/2710 2774/2774/2774 2772/2772/2772
f 2710/2710/2710 2711/2711/2711 2773/2773/2773
f 2712/2712/2712 2775/2775/2775 2773/2773/2773
f 2713/2713/2713 2776/2776/2776 2775/2775/2775
f 2714/2714/2714 2777/2777/2777 2776/2776/2776
f 2715/2715/2715 2779/2779/2779 2777/2777/2777
f 2715/2715/2715 2717/2717/2717 2778/2778/2778
f 2716/2716/2716 2780/2780/2780 2778/2778/2778
f 2718/2718/2718 2781/2781/2781 2780/2780/2780
f 2720/2720/2720 2782/2782/2782 2781/2781/2781
f 2719/2719/2719 2783/2783/2783 2782/2782/2782
f 2721/2721/2721 2784/2784/2784 2783/2783/2783
f 2722/2722/2722 2785/2785/2785 2784/2784/2784
f 2723/2723/2723 2787/2787/2787 2785/2785/2785
f 2723/2723/2723 2724/2724/2724 2786/2786/2786
f 2724/2724/2724 2725/2725/2725 2788/2788/2788
f 2725/2725/2725 2727/2727/2727 2789/2789/2789
f 2727/2727/2727 2726/2726/2726 2790/2790/2790
f 2729/2729/2729 2791/2791/2791 2790/2790/2790
f 2728/2728/2728 2792/2792/2792 2791/2791/2791
f 2731/2731/2731 2793/2793/2793 2792/2792/2792
f 2730/2730/2730 2794/2794/2794 2793/2793/2793
f 2732/2732/2732 2796/2796/2796 2794/2794/2794
f 2732/2732/2732 2733/2733/2733 2795/2795/2795
f 2733/2733/2733 2734/2734/2734 2797/2797/2797
f 2734/2734/2734 2735/2735/2735 2798/2798/2798
f 2735/2735/2735 2736/2736/2736 2799/2799/2799
f 2736/2736/2736 2737/2737/2737 2800/2800/2800
f 2737/2737/2737 2738/2738/2738 2801/2801/2801
f 2739/2739/2739 2802/2802/2802 2801/2801/2801
f 2741/2741/2741 2803/2803/2803 2802/2802/2802
f 2740/2740/2740 2804/2804/2804 2803/2803/2803
f 2742/2742/2742 2806/2806/2806 2804/2804/2804
f 2742/2742/2742 2743/2743/2743 2805/2805/2805
f 2744/2744/2744 2808/2808/2808 2805/2805/2805
f 2744/2744/2744 2745/2745/2745 2807/2807/2807
f 2745/2745/2745 2746/2746/2746 2809/2809/2809
f 2746/2746/2746 2748/2748/2748 2810/2810/2810
f 2748/2748/2748 2747/2747/2747 2811/2811/2811
f 2747/2747/2747 2749/2749/2749 2812/2812/2812
f 2750/2750/2750 2814/2814/2814 2812/2812/2812
f 2750/2750/2750 2752/2752/2752 2813/2813/2813
f 2751/2751/2751 2815/2815/2815 2813/2813/2813
f 2753/2753/2753 2817/2817/2817 2815/2815/2815
f 2753/2753/2753 2754/2754/2754 2816/2816/2816
f 2754/2754/2754 2755/2755/2755 2818/2818/2818
f 2755/2755/2755 2757/2757/2757 2819/2819/2819
f 2757/2757/2757 2756/2756/2756 2820/2820/2820
f 2758/2758/2758 2821/2821/2821 2820/2820/2820
f 2759/2759/2759 4059/4059/4059 2821/2821/2821
f 2760/2760/2760 2761/2761/2761 2822/2822/2822
f 2761/2761/2761 2763/2763/2763 2824/2824/2824
f 2763/2763/2763 2762/2762/2762 2825/2825/2825
f 2762/2762/2762 2764/2764/2764 2826/2826/2826
f 2764/2764/2764 2766/2766/2766 2827/2827/2827
f 2766/2766/2766 2765/2765/2765 2828/2828/2828
f 2765/2765/2765 2767/2767/2767 2829/2829/2829
f 2767/2767/2767 2768/2768/2768 2830/2830/2830
f 2768/2768/2768 2769/2769/2769 2831/2831/2831
f 2770/2770/2770 2833/2833/2833 2831/2831/2831
f 2770/2770/2770 2771/2771/2771 2832/2832/2832
f 2771/2771/2771 2772/2772/2772 2834/2834/2834
f 2774/2774/2774 2835/2835/2835 2834/2834/2834
f 2773/2773/2773 2836/2836/2836 2835/2835/2835
f 2775/2775/2775 2837/2837/2837 2836/2836/2836
f 2776/2776/2776 2839/2839/2839 2837/2837/2837
f 2776/2776/2776 2777/2777/2777 2838/2838/2838
f 2777/2777/2777 2779/2779/2779 2840/2840/2840
f 2778/2778/2778 2842/2842/2842 2840/2840/2840
f 2778/2778/2778 2780/2780/2780 2841/2841/2841
f 2780/2780/2780 2781/2781/2781 2843/2843/2843
f 2781/2781/2781 2782/2782/2782 2844/2844/2844
f 2783/2783/2783 2846/2846/2846 2844/2844/2844
f 2783/2783/2783 2784/2784/2784 2845/2845/2845
f 2785/2785/2785 2848/2848/2848 2845/2845/2845
f 2785/2785/2785 2787/2787/2787 2847/2847/2847
f 2787/2787/2787 2786/2786/2786 2849/2849/2849
f 2788/2788/2788 2850/2850/2850 2849/2849/2849
f 2789/2789/2789 2851/2851/2851 2850/2850/2850
f 2790/2790/2790 2852/2852/2852 2851/2851/2851
f 2791/2791/2791 2854/2854/2854 2852/2852/2852
f 2791/2791/2791 2792/2792/2792 2853/2853/2853
f 2792/2792/2792 2793/2793/2793 2855/2855/2855
f 2793/2793/2793 2794/2794/2794 2856/2856/2856
f 2794/2794/2794 2796/2796/2796 2857/2857/2857
f 2795/2795/2795 2858/2858/2858 2857/2857/2857
f 2797/2797/2797 2859/2859/2859 2858/2858/2858
f 2798/2798/2798 2861/2861/2861 2859/2859/2859
f 2798/2798/2798 2799/2799/2799 2860/2860/2860
f 2799/2799/2799 2800/2800/2800 2862/2862/2862
f 2801/2801/2801 2863/2863/2863 2862/2862/2862
f 2802/2802/2802 2865/2865/2865 2863/2863/2863
f 2802/2802/2802 2803/2803/2803 2864/2864/2864
f 2803/2803/2803 2804/2804/2804 2866/2866/2866
f 2806/2806/2806 2868/2868/2868 2866/2866/2866
f 2806/2806/2806 2805/2805/2805 2867/2867/2867
f 2808/2808/2808 2870/2870/2870 2867/2867/2867
f 2808/2808/2808 2807/2807/2807 2869/2869/2869
f 2809/2809/2809 2872/2872/2872 2869/2869/2869
f 2809/2809/2809 2810/2810/2810 2871/2871/2871
f 2810/2810/2810 2811/2811/2811 2873/2873/2873
f 2812/2812/2812 2875/2875/2875 2873/2873/2873
f 2812/2812/2812 2814/2814/2814 2874/2874/2874
f 2814/2814/2814 2813/2813/2813 2876/2876/2876
f 2815/2815/2815 2877/2877/2877 2876/2876/2876
f 2817/2817/2817 2878/2878/2878 2877/2877/2877
f 2816/2816/2816 2879/2879/2879 2878/2878/2878
f 2818/2818/2818 2880/2880/2880 2879/2879/2879
f 2819/2819/2819 2881/2881/2881 2880/2880/2880
f 2820/2820/2820 2882/2882/2882 2881/2881/2881
f 2821/2821/2821 2884/2884/2884 2882/2882/2882
f 2821/2821/2821 4059/4059/4059 2883/2883/2883
f 2822/2822/2822 2886/2886/2886 2885/2885/2885
f 2824/2824/2824 2887/2887/2887 2886/2886/2886
f 2825/2825/2825 2888/2888/2888 2887/2887/2887
f 2826/2826/2826 2890/2890/2890 2888/2888/2888
f 2826/2826/2826 2827/2827/2827 2889/2889/2889
f 2828/2828/2828 2892/2892/2892 2889/2889/2889
f 2828/2828/2828 2829/2829/2829 2891/2891/2891
f 2829/2829/2829 2830/2830/2830 2893/2893/2893
f 2831/2831/2831 2895/2895/2895 2893/2893/2893
f 2831/2831/2831 2833/2833/2833 2894/2894/2894
f 2832/2832/2832 2896/2896/2896 2894/2894/2894
f 2834/2834/2834 2897/2897/2897 2896/2896/2896
f 2835/2835/2835 2899/2899/2899 2897/2897/2897
f 2835/2835/2835 2836/2836/2836 2898/2898/2898
f 2836/2836/2836 2837/2837/2837 2900/2900/2900
f 2839/2839/2839 2901/2901/2901 2900/2900/2900
f 2838/2838/2838 2903/2903/2903 2901/2901/2901
f 2838/2838/2838 2840/2840/2840 2902/2902/2902
f 2842/2842/2842 2904/2904/2904 2902/2902/2902
f 2841/2841/2841 2905/2905/2905 2904/2904/2904
f 2843/2843/2843 2907/2907/2907 2905/2905/2905
f 2843/2843/2843 2844/2844/2844 2906/2906/2906
f 2844/2844/2844 2846/2846/2846 2908/2908/2908
f 2846/2846/2846 2845/2845/2845 2909/2909/2909
f 2848/2848/2848 2910/2910/2910 2909/2909/2909
f 2847/2847/2847 2911/2911/2911 2910/2910/2910
f 2849/2849/2849 2913/2913/2913 2911/2911/2911
f 2849/2849/2849 2850/2850/2850 2912/2912/2912
f 2850/2850/2850 2851/2851/2851 2914/2914/2914
f 2852/2852/2852 2916/2916/2916 2914/2914/2914
f 2852/2852/2852 2854/2854/2854 2915/2915/2915
f 2854/2854/2854 2853/2853/2853 2917/2917/2917
f 2853/2853/2853 2855/2855/2855 2918/2918/2918
f 2856/2856/2856 2919/2919/2919 2918/2918/2918
f 2857/2857/2857 2920/2920/2920 2919/2919/2919
f 2858/2858/2858 2922/2922/2922 2920/2920/2920
f 2858/2858/2858 2859/2859/2859 2921/2921/2921
f 2859/2859/2859 2861/2861/2861 2923/2923/2923
f 2860/2860/2860 2924/2924/2924 2923/2923/2923
f 2862/2862/2862 2925/2925/2925 2924/2924/2924
f 2863/2863/2863 2927/2927/2927 2925/2925/2925
f 2863/2863/2863 2865/2865/2865 2926/2926/2926
f 2865/2865/2865 2864/2864/2864 2928/2928/2928
f 2866/2866/2866 2930/2930/2930 2928/2928/2928
f 2866/2866/2866 2868/2868/2868 2929/2929/2929
f 2868/2868/2868 2867/2867/2867 2931/2931/2931
f 2870/2870/2870 2933/2933/2933 2931/2931/2931
f 2870/2870/2870 2869/2869/2869 2932/2932/2932
f 2872/2872/2872 2934/2934/2934 2932/2932/2932
f 2871/2871/2871 2935/2935/2935 2934/2934/2934
f 2873/2873/2873 2936/2936/2936 2935/2935/2935
f 2875/2875/2875 2937/2937/2937 2936/2936/2936
f 2874/2874/2874 2939/2939/2939 2937/2937/2937
f 2874/2874/2874 2876/2876/2876 2938/2938/2938
f 2876/2876/2876 2877/2877/2877 2940/2940/2940
f 2877/2877/2877 2878/2878/2878 2941/2941/2941
f 2878/2878/2878 2879/2879/2879 2942/2942/2942
f 2879/2879/2879 2880/2880/2880 2943/2943/2943
f 2881/2881/2881 2945/2945/2945 2943/2943/2943
f 2881/2881/2881 2882/2882/2882 2944/2944/2944
f 2882/2882/2882 2884/2884/2884 2946/2946/2946
f 2884/2884/2884 2883/2883/2883 2947/2947/2947
f 2886/2886/2886 2949/2949/2949 2948/2948/2948
f 2887/2887/2887 2950/2950/2950 2949/2949/2949
f 2888/2888/2888 2951/2951/2951 2950/2950/2950
f 2890/2890/2890 2953/2953/2953 2951/2951/2951
f 2890/2890/2890 2889/2889/2889 2952/2952/2952
f 2889/2889/2889 2892/2892/2892 2954/2954/2954
f 2891/2891/2891 2955/2955/2955 2954/2954/2954
f 2893/2893/2893 2957/2957/2957 2955/2955/2955
f 2893/2893/2893 2895/2895/2895 2956/2956/2956
f 2894/2894/2894 2958/2958/2958 2956/2956/2956
f 2896/2896/2896 2960/2960/2960 2958/2958/2958
f 2896/2896/2896 2897/2897/2897 2959/2959/2959
f 2899/2899/2899 2961/2961/2961 2959/2959/2959
f 2898/2898/2898 2963/2963/2963 2961/2961/2961
f 2898/2898/2898 2900/2900/2900 2962/2962/2962
f 2901/2901/2901 2964/2964/2964 2962/2962/2962
f 2903/2903/2903 2966/2966/2966 2964/2964/2964
f 2903/2903/2903 2902/2902/2902 2965/2965/2965
f 2904/2904/2904 2967/2967/2967 2965/2965/2965
f 2905/2905/2905 2969/2969/2969 2967/2967/2967
f 2905/2905/2905 2907/2907/2907 2968/2968/2968
f 2906/2906/2906 2970/2970/2970 2968/2968/2968
f 2908/2908/2908 2971/2971/2971 2970/2970/2970
f 2909/2909/2909 2972/2972/2972 2971/2971/2971
f 2910/2910/2910 2973/2973/2973 2972/2972/2972
f 2911/2911/2911 2974/2974/2974 2973/2973/2973
f 2913/2913/2913 2976/2976/2976 2974/2974/2974
f 2913/2913/2913 2912/2912/2912 2975/2975/2975
f 2912/2912/2912 2914/2914/2914 2977/2977/2977
f 2914/2914/2914 2916/2916/2916 2978/2978/2978
f 2915/2915/2915 2979/2979/2979 2978/2978/2978
f 2917/2917/2917 2980/2980/2980 2979/2979/2979
f 2918/2918/2918 2981/2981/2981 2980/2980/2980
f 2919/2919/2919 2983/2983/2983 2981/2981/2981
f 2919/2919/2919 2920/2920/2920 2982/2982/2982
f 2920/2920/2920 2922/2922/2922 2984/2984/2984
f 2921/2921/2921 2986/2986/2986 2984/2984/2984
f 2921/2921/2921 2923/2923/2923 2985/2985/2985
f 2924/2924/2924 2987/2987/2987 2985/2985/2985
f 2925/2925/2925 2989/2989/2989 2987/2987/2987
f 2925/2925/2925 2927/2927/2927 2988/2988/2988
f 2926/2926/2926 2991/2991/2991 2988/2988/2988
f 2926/2926/2926 2928/2928/2928 2990/2990/2990
f 2928/2928/2928 2930/2930/2930 2992/2992/2992
f 2930/2930/2930 2929/2929/2929 2993/2993/2993
f 2929/2929/2929 2931/2931/2931 2994/2994/2994
f 2931/2931/2931 2933/2933/2933 2995/2995/2995
f 2933/2933/2933 2932/2932/2932 2996/2996/2996
f 2932/2932/2932 2934/2934/2934 2997/2997/2997
f 2934/2934/2934 2935/2935/2935 2998/2998/2998
f 2936/2936/2936 3000/3000/3000 2998/2998/2998
f 2936/2936/2936 2937/2937/2937 2999/2999/2999
f 2937/2937/2937 2939/2939/2939 3001/3001/3001
f 2939/2939/2939 2938/2938/2938 3002/3002/3002
f 2938/2938/2938 2940/2940/2940 3003/3003/3003
f 2940/2940/2940 2941/2941/2941 3004/3004/3004
f 2942/2942/2942 3006/3006/3006 3004/3004/3004
f 2942/2942/2942 2943/2943/2943 3005/3005/3005
f 2943/2943/2943 2945/2945/2945 3007/3007/3007
f 2945/2945/2945 2944/2944/2944 3008/3008/3008
f 2946/2946/2946 3009/3009/3009 3008/3008/3008
f 2947/2947/2947 3071/3071/3071 3009/3009/3009
f 2949/2949/2949 3012/3012/3012 3010/3010/3010
f 2949/2949/2949 2950/2950/2950 3011/3011/3011
f 2950/2950/2950 2951/2951/2951 3013/3013/3013
f 2953/2953/2953 3014/3014/3014 3013/3013/3013
f 2952/2952/2952 3015/3015/3015 3014/3014/3014
f 2954/2954/2954 3017/3017/3017 3015/3015/3015
f 2954/2954/2954 2955/2955/2955 3016/3016/3016
f 2957/2957/2957 3019/3019/3019 3016/3016/3016
f 2957/2957/2957 2956/2956/2956 3018/3018/3018
f 2958/2958/2958 3021/3021/3021 3018/3018/3018
f 2958/2958/2958 2960/2960/2960 3020/3020/3020
f 2959/2959/2959 3023/3023/3023 3020/3020/3020
f 2959/2959/2959 2961/2961/2961 3022/3022/3022
f 2963/2963/2963 3024/3024/3024 3022/3022/3022
f 2962/2962/2962 3026/3026/3026 3024/3024/3024
f 2962/2962/2962 2964/2964/2964 3025/3025/3025
f 2966/2966/2966 3027/3027/3027 3025/3025/3025
f 2965/2965/2965 3029/3029/3029 3027/3027/3027
f 2965/2965/2965 2967/2967/2967 3028/3028/3028
f 2969/2969/2969 3030/3030/3030 3028/3028/3028
f 2968/2968/2968 3031/3031/3031 3030/3030/3030
f 2970/2970/2970 3033/3033/3033 3031/3031/3031
f 2970/2970/2970 2971/2971/2971 3032/3032/3032
f 2972/2972/2972 3035/3035/3035 3032/3032/3032
f 2972/2972/2972 2973/2973/2973 3034/3034/3034
f 2973/2973/2973 2974/2974/2974 3036/3036/3036
f 2976/2976/2976 3037/3037/3037 3036/3036/3036
f 2975/2975/2975 3038/3038/3038 3037/3037/3037
f 2977/2977/2977 3039/3039/3039 3038/3038/3038
f 2978/2978/2978 3040/3040/3040 3039/3039/3039
f 2979/2979/2979 3041/3041/3041 3040/3040/3040
f 2980/2980/2980 3043/3043/3043 3041/3041/3041
f 2980/2980/2980 2981/2981/2981 3042/3042/3042
f 2981/2981/2981 2983/2983/2983 3044/3044/3044
f 2982/2982/2982 3045/3045/3045 3044/3044/3044
f 2984/2984/2984 3046/3046/3046 3045/3045/3045
f 2986/2986/2986 3047/3047/3047 3046/3046/3046
f 2985/2985/2985 3049/3049/3049 3047/3047/3047
f 2985/2985/2985 2987/2987/2987 3048/3048/3048
f 2989/2989/2989 3051/3051/3051 3048/3048/3048
f 2989/2989/2989 2988/2988/2988 3050/3050/3050
f 2991/2991/2991 3052/3052/3052 3050/3050/3050
f 2990/2990/2990 3053/3053/3053 3052/3052/3052
f 2992/2992/2992 3054/3054/3054 3053/3053/3053
f 2993/2993/2993 3056/3056/3056 3054/3054/3054
f 2993/2993/2993 2994/2994/2994 3055/3055/3055
f 2995/2995/2995 3057/3057/3057 3055/3055/3055
f 2996/2996/2996 3058/3058/3058 3057/3057/3057
f 2997/2997/2997 3059/3059/3059 3058/3058/3058
f 2998/2998/2998 3060/3060/3060 3059/3059/3059
f 3000/3000/3000 3061/3061/3061 3060/3060/3060
f 2999/2999/2999 3062/3062/3062 3061/3061/3061
f 3001/3001/3001 3063/3063/3063 3062/3062/3062
f 3002/3002/3002 3064/3064/3064 3063/3063/3063
f 3003/3003/3003 3065/3065/3065 3064/3064/3064
f 3004/3004/3004 3066/3066/3066 3065/3065/3065
f 3006/3006/3006 3068/3068/3068 3066/3066/3066
f 3006/3006/3006 3005/3005/3005 3067/3067/3067
f 3007/3007/3007 3069/3069/3069 3067/3067/3067
f 3008/3008/3008 3070/3070/3070 3069/3069/3069
f 3009/3009/3009 3072/3072/3072 3070/3070/3070
f 3071/3071/3071 3135/3135/3135 3072/3072/3072
f 3012/3012/3012 3074/3074/3074 3073/3073/3073
f 3011/3011/3011 3076/3076/3076 3074/3074/3074
f 3011/3011/3011 3013/3013/3013 3075/3075/3075
f 3013/3013/3013 3014/3014/3014 3077/3077/3077
f 3014/3014/3014 3015/3015/3015 3078/3078/3078
f 3015/3015/3015 3017/3017/3017 3079/3079/3079
f 3016/3016/3016 3080/3080/3080 3079/3079/3079
f 3019/3019/3019 3082/3082/3082 3080/3080/3080
f 3019/3019/3019 3018/3018/3018 3081/3081/3081
f 3018/3018/3018 3021/3021/3021 3083/3083/3083
f 3021/3021/3021 3020/3020/3020 3084/3084/3084
f 3020/3020/3020 3023/3023/3023 3085/3085/3085
f 3023/3023/3023 3022/3022/3022 3086/3086/3086
f 3022/3022/3022 3024/3024/3024 3087/3087/3087
f 3026/3026/3026 3088/3088/3088 3087/3087/3087
f 3025/3025/3025 3090/3090/3090 3088/3088/3088
f 3025/3025/3025 3027/3027/3027 3089/3089/3089
f 3027/3027/3027 3029/3029/3029 3091/3091/3091
f 3028/3028/3028 3092/3092/3092 3091/3091/3091
f 3030/3030/3030 3094/3094/3094 3092/3092/3092
f 3030/3030/3030 3031/3031/3031 3093/3093/3093
f 3031/3031/3031 3033/3033/3033 3095/3095/3095
f 3032/3032/3032 3096/3096/3096 3095/3095/3095
f 3035/3035/3035 3097/3097/3097 3096/3096/3096
f 3034/3034/3034 3098/3098/3098 3097/3097/3097
f 3036/3036/3036 3099/3099/3099 3098/3098/3098
f 3037/3037/3037 3101/3101/3101 3099/3099/3099
f 3037/3037/3037 3038/3038/3038 3100/3100/3100
f 3038/3038/3038 3039/3039/3039 3102/3102/3102
f 3039/3039/3039 3040/3040/3040 3103/3103/3103
f 3041/3041/3041 3105/3105/3105 3103/3103/3103
f 3041/3041/3041 3043/3043/3043 3104/3104/3104
f 3042/3042/3042 3106/3106/3106 3104/3104/3104
f 3044/3044/3044 3107/3107/3107 3106/3106/3106
f 3045/3045/3045 3108/3108/3108 3107/3107/3107
f 3046/3046/3046 3110/3110/3110 3108/3108/3108
f 3046/3046/3046 3047/3047/3047 3109/3109/3109
f 3047/3047/3047 3049/3049/3049 3111/3111/3111
f 3049/3049/3049 3048/3048/3048 3112/3112/3112
f 3051/3051/3051 3114/3114/3114 3112/3112/3112
f 3051/3051/3051 3050/3050/3050 3113/3113/3113
f 3052/3052/3052 3116/3116/3116 3113/3113/3113
f 3052/3052/3052 3053/3053/3053 3115/3115/3115
f 3053/3053/3053 3054/3054/3054 3117/3117/3117
f 3054/3054/3054 3056/3056/3056 3118/3118/3118
f 3055/3055/3055 3119/3119/3119 3118/3118/3118
f 3057/3057/3057 3121/3121/3121 3119/3119/3119
f 3057/3057/3057 3058/3058/3058 3120/3120/3120
f 3058/3058/3058 3059/3059/3059 3122/3122/3122
f 3059/3059/3059 3060/3060/3060 3123/3123/3123
f 3060/3060/3060 3061/3061/3061 3124/3124/3124
f 3061/3061/3061 3062/3062/3062 3125/3125/3125
f 3063/3063/3063 3127/3127/3127 3125/3125/3125
f 3063/3063/3063 3064/3064/3064 3126/3126/3126
f 3064/3064/3064 3065/3065/3065 3128/3128/3128
f 3065/3065/3065 3066/3066/3066 3129/3129/3129
f 3068/3068/3068 3130/3130/3130 3129/3129/3129
f 3067/3067/3067 3131/3131/3131 3130/3130/3130
f 3069/3069/3069 3133/3133/3133 3131/3131/3131
f 3069/3069/3069 3070/3070/3070 3132/3132/3132
f 3070/3070/3070 3072/3072/3072 3134/3134/3134
f 3135/3135/3135 3197/3197/3197 3134/3134/3134
f 3073/3073/3073 3074/3074/3074 3136/3136/3136
f 3076/3076/3076 3138/3138/3138 3136/3136/3136
f 3075/3075/3075 3139/3139/3139 3138/3138/3138
f 3077/3077/3077 3140/3140/3140 3139/3139/3139
f 3078/3078/3078 3141/3141/3141 3140/3140/3140
f 3079/3079/3079 3143/3143/3143 3141/3141/3141
f 3079/3079/3079 3080/3080/3080 3142/3142/3142
f 3080/3080/3080 3082/3082/3082 3144/3144/3144
f 3081/3081/3081 3145/3145/3145 3144/3144/3144
f 3083/3083/3083 3146/3146/3146 3145/3145/3145
f 3084/3084/3084 3147/3147/3147 3146/3146/3146
f 3085/3085/3085 3149/3149/3149 3147/3147/3147
f 3085/3085/3085 3086/3086/3086 3148/3148/3148
f 3087/3087/3087 3150/3150/3150 3148/3148/3148
f 3088/3088/3088 3152/3152/3152 3150/3150/3150
f 3088/3088/3088 3090/3090/3090 3151/3151/3151
f 3090/3090/3090 3089/3089/3089 3153/3153/3153
f 3091/3091/3091 3155/3155/3155 3153/3153/3153
f 3091/3091/3091 3092/3092/3092 3154/3154/3154
f 3094/3094/3094 3156/3156/3156 3154/3154/3154
f 3093/3093/3093 3158/3158/3158 3156/3156/3156
f 3093/3093/3093 3095/3095/3095 3157/3157/3157
f 3096/3096/3096 3159/3159/3159 3157/3157/3157
f 3097/3097/3097 3161/3161/3161 3159/3159/3159
f 3097/3097/3097 3098/3098/3098 3160/3160/3160
f 3099/3099/3099 3163/3163/3163 3160/3160/3160
f 3099/3099/3099 3101/3101/3101 3162/3162/3162
f 3101/3101/3101 3100/3100/3100 3164/3164/3164
f 3100/3100/3100 3102/3102/3102 3165/3165/3165
f 3102/3102/3102 3103/3103/3103 3166/3166/3166
f 3105/3105/3105 3168/3168/3168 3166/3166/3166
f 3105/3105/3105 3104/3104/3104 3167/3167/3167
f 3106/3106/3106 3169/3169/3169 3167/3167/3167
f 3107/3107/3107 3170/3170/3170 3169/3169/3169
f 3108/3108/3108 3171/3171/3171 3170/3170/3170
f 3110/3110/3110 3173/3173/3173 3171/3171/3171
f 3110/3110/3110 3109/3109/3109 3172/3172/3172
f 3111/3111/3111 3174/3174/3174 3172/3172/3172
f 3112/3112/3112 3176/3176/3176 3174/3174/3174
f 3112/3112/3112 3114/3114/3114 3175/3175/3175
f 3114/3114/3114 3113/3113/3113 3177/3177/3177
f 3113/3113/3113 3116/3116/3116 3178/3178/3178
f 3115/3115/3115 3179/3179/3179 3178/3178/3178
f 3117/3117/3117 3180/3180/3180 3179/3179/3179
f 3118/3118/3118 3181/3181/3181 3180/3180/3180
f 3119/3119/3119 3183/3183/3183 3181/3181/3181
f 3119/3119/3119 3121/3121/3121 3182/3182/3182
f 3121/3121/3121 3120/3120/3120 3184/3184/3184
f 3120/3120/3120 3122/3122/3122 3185/3185/3185
f 3122/3122/3122 3123/3123/3123 3186/3186/3186
f 3123/3123/3123 3124/3124/3124 3187/3187/3187
f 3125/3125/3125 3189/3189/3189 3187/3187/3187
f 3125/3125/3125 3127/3127/3127 3188/3188/3188
f 3127/3127/3127 3126/3126/3126 3190/3190/3190
f 3126/3126/3126 3128/3128/3128 3191/3191/3191
f 3128/3128/3128 3129/3129/3129 3192/3192/3192
f 3130/3130/3130 3194/3194/3194 3192/3192/3192
f 3130/3130/3130 3131/3131/3131 3193/3193/3193
f 3131/3131/3131 3133/3133/3133 3195/3195/3195
f 3133/3133/3133 3132/3132/3132 3196/3196/3196
f 3134/3134/3134 3198/3198/3198 3196/3196/3196
f 3197/3197/3197 4065/4065/4065 3198/3198/3198
f 3136/3136/3136 3201/3201/3201 3199/3199/3199
f 3136/3136/3136 3138/3138/3138 3200/3200/3200
f 3138/3138/3138 3139/3139/3139 3202/3202/3202
f 3140/3140/3140 3204/3204/3204 3202/3202/3202
f 3140/3140/3140 3141/3141/3141 3203/3203/3203
f 3143/3143/3143 3206/3206/3206 3203/3203/3203
f 3143/3143/3143 3142/3142/3142 3205/3205/3205
f 3142/3142/3142 3144/3144/3144 3207/3207/3207
f 3144/3144/3144 3145/3145/3145 3208/3208/3208
f 3145/3145/3145 3146/3146/3146 3209/3209/3209
f 3146/3146/3146 3147/3147/3147 3210/3210/3210
f 3149/3149/3149 3212/3212/3212 3210/3210/3210
f 3149/3149/3149 3148/3148/3148 3211/3211/3211
f 3148/3148/3148 3150/3150/3150 3213/3213/3213
f 3150/3150/3150 3152/3152/3152 3214/3214/3214
f 3152/3152/3152 3151/3151/3151 3215/3215/3215
f 3153/3153/3153 3217/3217/3217 3215/3215/3215
f 3153/3153/3153 3155/3155/3155 3216/3216/3216
f 3155/3155/3155 3154/3154/3154 3218/3218/3218
f 3154/3154/3154 3156/3156/3156 3219/3219/3219
f 3156/3156/3156 3158/3158/3158 3220/3220/3220
f 3157/3157/3157 3222/3222/3222 3220/3220/3220
f 3157/3157/3157 3159/3159/3159 3221/3221/3221
f 3161/3161/3161 3224/3224/3224 3221/3221/3221
f 3161/3161/3161 3160/3160/3160 3223/3223/3223
f 3160/3160/3160 3163/3163/3163 3225/3225/3225
f 3163/3163/3163 3162/3162/3162 3226/3226/3226
f 3164/3164/3164 3228/3228/3228 3226/3226/3226
f 3164/3164/3164 3165/3165/3165 3227/3227/3227
f 3166/3166/3166 3229/3229/3229 3227/3227/3227
f 3168/3168/3168 3230/3230/3230 3229/3229/3229
f 3167/3167/3167 3232/3232/3232 3230/3230/3230
f 3167/3167/3167 3169/3169/3169 3231/3231/3231
f 3169/3169/3169 3170/3170/3170 3233/3233/3233
f 3170/3170/3170 3171/3171/3171 3234/3234/3234
f 3173/3173/3173 3235/3235/3235 3234/3234/3234
f 3172/3172/3172 3236/3236/3236 3235/3235/3235
f 3174/3174/3174 3238/3238/3238 3236/3236/3236
f 3174/3174/3174 3176/3176/3176 3237/3237/3237
f 3175/3175/3175 3239/3239/3239 3237/3237/3237
f 3177/3177/3177 3240/3240/3240 3239/3239/3239
f 3178/3178/3178 3241/3241/3241 3240/3240/3240
f 3179/3179/3179 3243/3243/3243 3241/3241/3241
f 3179/3179/3179 3180/3180/3180 3242/3242/3242
f 3181/3181/3181 3245/3245/3245 3242/3242/3242
f 3181/3181/3181 3183/3183/3183 3244/3244/3244
f 3183/3183/3183 3182/3182/3182 3246/3246/3246
f 3184/3184/3184 3247/3247/3247 3246/3246/3246
f 3185/3185/3185 3248/3248/3248 3247/3247/3247
f 3186/3186/3186 3249/3249/3249 3248/3248/3248
f 3187/3187/3187 3250/3250/3250 3249/3249/3249
f 3189/3189/3189 3251/3251/3251 3250/3250/3250
f 3188/3188/3188 3252/3252/3252 3251/3251/3251
f 3190/3190/3190 3253/3253/3253 3252/3252/3252
f 3191/3191/3191 3254/3254/3254 3253/3253/3253
f 3192/3192/3192 3256/3256/3256 3254/3254/3254
f 3192/3192/3192 3194/3194/3194 3255/3255/3255
f 3193/3193/3193 3257/3257/3257 3255/3255/3255
f 3195/3195/3195 3258/3258/3258 3257/3257/3257
f 3196/3196/3196 3260/3260/3260 3258/3258/3258
f 3196/3196/3196 3198/3198/3198 3259/3259/3259
f 3198/3198/3198 4065/4065/4065 3261/3261/3261
f 3199/3199/3199 3201/3201/3201 3262/3262/3262
f 3201/3201/3201 3200/3200/3200 3264/3264/3264
f 3200/3200/3200 3202/3202/3202 3265/3265/3265
f 3202/3202/3202 3204/3204/3204 3266/3266/3266
f 3204/3204/3204 3203/3203/3203 3267/3267/3267
f 3206/3206/3206 3269/3269/3269 3267/3267/3267
f 3206/3206/3206 3205/3205/3205 3268/3268/3268
f 3207/3207/3207 3270/3270/3270 3268/3268/3268
f 3208/3208/3208 3271/3271/3271 3270/3270/3270
f 3209/3209/3209 3272/3272/3272 3271/3271/3271
f 3210/3210/3210 3273/3273/3273 3272/3272/3272
f 3212/3212/3212 3274/3274/3274 3273/3273/3273
f 3211/3211/3211 3275/3275/3275 3274/3274/3274
f 3213/3213/3213 3276/3276/3276 3275/3275/3275
f 3214/3214/3214 3277/3277/3277 3276/3276/3276
f 3215/3215/3215 3278/3278/3278 3277/3277/3277
f 3217/3217/3217 3279/3279/3279 3278/3278/3278
f 3216/3216/3216 3280/3280/3280 3279/3279/3279
f 3218/3218/3218 3281/3281/3281 3280/3280/3280
f 3219/3219/3219 3282/3282/3282 3281/3281/3281
f 3220/3220/3220 3283/3283/3283 3282/3282/3282
f 3222/3222/3222 3285/3285/3285 3283/3283/3283
f 3222/3222/3222 3221/3221/3221 3284/3284/3284
f 3221/3221/3221 3224/3224/3224 3286/3286/3286
f 3223/3223/3223 3287/3287/3287 3286/3286/3286
f 3225/3225/3225 3289/3289/3289 3287/3287/3287
f 3225/3225/3225 3226/3226/3226 3288/3288/3288
f 3228/3228/3228 3290/3290/3290 3288/3288/3288
f 3227/3227/3227 3291/3291/3291 3290/3290/3290
f 3229/3229/3229 3293/3293/3293 3291/3291/3291
f 3229/3229/3229 3230/3230/3230 3292/3292/3292
f 3230/3230/3230 3232/3232/3232 3294/3294/3294
f 3232/3232/3232 3231/3231/3231 3295/3295/3295
f 3231/3231/3231 3233/3233/3233 3296/3296/3296
f 3234/3234/3234 3297/3297/3297 3296/3296/3296
f 3235/3235/3235 3299/3299/3299 3297/3297/3297
f 3235/3235/3235 3236/3236/3236 3298/3298/3298
f 3238/3238/3238 3301/3301/3301 3298/3298/3298
f 3238/3238/3238 3237/3237/3237 3300/3300/3300
f 3239/3239/3239 3302/3302/3302 3300/3300/3300
f 3240/3240/3240 3304/3304/3304 3302/3302/3302
f 3240/3240/3240 3241/3241/3241 3303/3303/3303
f 3241/3241/3241 3243/3243/3243 3305/3305/3305
f 3242/3242/3242 3307/3307/3307 3305/3305/3305
f 3242/3242/3242 3245/3245/3245 3306/3306/3306
f 3245/3245/3245 3244/3244/3244 3308/3308/3308
f 3246/3246/3246 3310/3310/3310 3308/3308/3308
f 3246/3246/3246 3247/3247/3247 3309/3309/3309
f 3247/3247/3247 3248/3248/3248 3311/3311/3311
f 3248/3248/3248 3249/3249/3249 3312/3312/3312
f 3250/3250/3250 3313/3313/3313 3312/3312/3312
f 3251/3251/3251 3315/3315/3315 3313/3313/3313
f 3251/3251/3251 3252/3252/3252 3314/3314/3314
f 3252/3252/3252 3253/3253/3253 3316/3316/3316
f 3253/3253/3253 3254/3254/3254 3317/3317/3317
f 3254/3254/3254 3256/3256/3256 3318/3318/3318
f 3255/3255/3255 3319/3319/3319 3318/3318/3318
f 3257/3257/3257 3321/3321/3321 3319/3319/3319
f 3257/3257/3257 3258/3258/3258 3320/3320/3320
f 3260/3260/3260 3322/3322/3322 3320/3320/3320
f 3259/3259/3259 3323/3323/3323 3322/3322/3322
f 3261/3261/3261 4067/4067/4067 3323/3323/3323
f 3262/3262/3262 3325/3325/3325 3324/3324/3324
f 3264/3264/3264 3326/3326/3326 3325/3325/3325
f 3265/3265/3265 3327/3327/3327 3326/3326/3326
f 3266/3266/3266 3328/3328/3328 3327/3327/3327
f 3267/3267/3267 3329/3329/3329 3328/3328/3328
f 3269/3269/3269 3331/3331/3331 3329/3329/3329
f 3269/3269/3269 3268/3268/3268 3330/3330/3330
f 3268/3268/3268 3270/3270/3270 3332/3332/3332
f 3271/3271/3271 3333/3333/3333 3332/3332/3332
f 3272/3272/3272 3334/3334/3334 3333/3333/3333
f 3273/3273/3273 3335/3335/3335 3334/3334/3334
f 3274/3274/3274 3337/3337/3337 3335/3335/3335
f 3274/3274/3274 3275/3275/3275 3336/3336/3336
f 3276/3276/3276 3338/3338/3338 3336/3336/3336
f 3277/3277/3277 3339/3339/3339 3338/3338/3338
f 3278/3278/3278 3340/3340/3340 3339/3339/3339
f 3279/3279/3279 3342/3342/3342 3340/3340/3340
f 3279/3279/3279 3280/3280/3280 3341/3341/3341
f 3280/3280/3280 3281/3281/3281 3343/3343/3343
f 3281/3281/3281 3282/3282/3282 3344/3344/3344
f 3283/3283/3283 3346/3346/3346 3344/3344/3344
f 3283/3283/3283 3285/3285/3285 3345/3345/3345
f 3285/3285/3285 3284/3284/3284 3347/3347/3347
f 3286/3286/3286 3348/3348/3348 3347/3347/3347
f 3287/3287/3287 3349/3349/3349 3348/3348/3348
f 3289/3289/3289 3350/3350/3350 3349/3349/3349
f 3288/3288/3288 3352/3352/3352 3350/3350/3350
f 3288/3288/3288 3290/3290/3290 3351/3351/3351
f 3290/3290/3290 3291/3291/3291 3353/3353/3353
f 3291/3291/3291 3293/3293/3293 3354/3354/3354
f 3293/3293/3293 3292/3292/3292 3355/3355/3355
f 3292/3292/3292 3294/3294/3294 3356/3356/3356
f 3295/3295/3295 3357/3357/3357 3356/3356/3356
f 3296/3296/3296 3358/3358/3358 3357/3357/3357
f 3297/3297/3297 3360/3360/3360 3358/3358/3358
f 3297/3297/3297 3299/3299/3299 3359/3359/3359
f 3299/3299/3299 3298/3298/3298 3361/3361/3361
f 3301/3301/3301 3363/3363/3363 3361/3361/3361
f 3301/3301/3301 3300/3300/3300 3362/3362/3362
f 3300/3300/3300 3302/3302/3302 3364/3364/3364
f 3302/3302/3302 3304/3304/3304 3365/3365/3365
f 3304/3304/3304 3303/3303/3303 3366/3366/3366
f 3305/3305/3305 3367/3367/3367 3366/3366/3366
f 3307/3307/3307 3368/3368/3368 3367/3367/3367
f 3306/3306/3306 3369/3369/3369 3368/3368/3368
f 3308/3308/3308 3371/3371/3371 3369/3369/3369
f 3308/3308/3308 3310/3310/3310 3370/3370/3370
f 3310/3310/3310 3309/3309/3309 3372/3372/3372
f 3309/3309/3309 3311/3311/3311 3373/3373/3373
f 3311/3311/3311 3312/3312/3312 3374/3374/3374
f 3312/3312/3312 3313/3313/3313 3375/3375/3375
f 3313/3313/3313 3315/3315/3315 3376/3376/3376
f 3315/3315/3315 3314/3314/3314 3377/3377/3377
f 3314/3314/3314 3316/3316/3316 3378/3378/3378
f 3317/3317/3317 3380/3380/3380 3378/3378/3378
f 3317/3317/3317 3318/3318/3318 3379/3379/3379
f 3318/3318/3318 3319/3319/3319 3381/3381/3381
f 3319/3319/3319 3321/3321/3321 3382/3382/3382
f 3320/3320/3320 3383/3383/3383 3382/3382/3382
f 3322/3322/3322 3384/3384/3384 3383/3383/3383
f 3323/3323/3323 3386/3386/3386 3384/3384/3384
f 3323/3323/3323 4067/4067/4067 3385/3385/3385
f 3324/3324/3324 3325/3325/3325 3387/3387/3387
f 3326/3326/3326 3389/3389/3389 3387/3387/3387
f 3327/3327/3327 3391/3391/3391 3389/3389/3389
f 3327/3327/3327 3328/3328/3328 3390/3390/3390
f 3328/3328/3328 3329/3329/3329 3392/3392/3392
f 3331/3331/3331 3394/3394/3394 3392/3392/3392
f 3331/3331/3331 3330/3330/3330 3393/3393/3393
f 3330/3330/3330 3332/3332/3332 3395/3395/3395
f 3332/3332/3332 3333/3333/3333 3396/3396/3396
f 3334/3334/3334 3397/3397/3397 3396/3396/3396
f 3335/3335/3335 3398/3398/3398 3397/3397/3397
f 3337/3337/3337 3399/3399/3399 3398/3398/3398
f 3336/3336/3336 3400/3400/3400 3399/3399/3399
f 3338/3338/3338 3401/3401/3401 3400/3400/3400
f 3339/3339/3339 3403/3403/3403 3401/3401/3401
f 3339/3339/3339 3340/3340/3340 3402/3402/3402
f 3340/3340/3340 3342/3342/3342 3404/3404/3404
f 3342/3342/3342 3341/3341/3341 3405/3405/3405
f 3343/3343/3343 3406/3406/3406 3405/3405/3405
f 3344/3344/3344 3408/3408/3408 3406/3406/3406
f 3344/3344/3344 3346/3346/3346 3407/3407/3407
f 3345/3345/3345 3409/3409/3409 3407/3407/3407
f 3347/3347/3347 3411/3411/3411 3409/3409/3409
f 3347/3347/3347 3348/3348/3348 3410/3410/3410
f 3348/3348/3348 3349/3349/3349 3412/3412/3412
f 3349/3349/3349 3350/3350/3350 3413/3413/3413
f 3350/3350/3350 3352/3352/3352 3414/3414/3414
f 3351/3351/3351 3415/3415/3415 3414/3414/3414
f 3353/3353/3353 3416/3416/3416 3415/3415/3415
f 3354/3354/3354 3417/3417/3417 3416/3416/3416
f 3355/3355/3355 3419/3419/3419 3417/3417/3417
f 3355/3355/3355 3356/3356/3356 3418/3418/3418
f 3357/3357/3357 3421/3421/3421 3418/3418/3418
f 3357/3357/3357 3358/3358/3358 3420/3420/3420
f 3360/3360/3360 3422/3422/3422 3420/3420/3420
f 3359/3359/3359 3423/3423/3423 3422/3422/3422
f 3361/3361/3361 3424/3424/3424 3423/3423/3423
f 3363/3363/3363 3426/3426/3426 3424/3424/3424
f 3363/3363/3363 3362/3362/3362 3425/3425/3425
f 3364/3364/3364 3427/3427/3427 3425/3425/3425
f 3365/3365/3365 3428/3428/3428 3427/3427/3427
f 3366/3366/3366 3429/3429/3429 3428/3428/3428
f 3367/3367/3367 3431/3431/3431 3429/3429/3429
f 3367/3367/3367 3368/3368/3368 3430/3430/3430
f 3368/3368/3368 3369/3369/3369 3432/3432/3432
f 3369/3369/3369 3371/3371/3371 3433/3433/3433
f 3371/3371/3371 3370/3370/3370 3434/3434/3434
f 3370/3370/3370 3372/3372/3372 3435/3435/3435
f 3373/3373/3373 3436/3436/3436 3435/3435/3435
f 3374/3374/3374 3437/3437/3437 3436/3436/3436
f 3375/3375/3375 3439/3439/3439 3437/3437/3437
f 3375/3375/3375 3376/3376/3376 3438/3438/3438
f 3376/3376/3376 3377/3377/3377 3440/3440/3440
f 3378/3378/3378 3441/3441/3441 3440/3440/3440
f 3380/3380/3380 3442/3442/3442 3441/3441/3441
f 3379/3379/3379 3443/3443/3443 3442/3442/3442
f 3381/3381/3381 3444/3444/3444 3443/3443/3443
f 3382/3382/3382 3445/3445/3445 3444/3444/3444
f 3383/3383/3383 3447/3447/3447 3445/3445/3445
f 3383/3383/3383 3384/3384/3384 3446/3446/3446
f 3384/3384/3384 3386/3386/3386 3448/3448/3448
f 3385/3385/3385 4070/4070/4070 3448/3448/3448
f 3388/3388/3388 3387/3387/3387 3449/3449/3449
f 3387/3387/3387 3389/3389/3389 3451/3451/3451
f 3389/3389/3389 3391/3391/3391 3452/3452/3452
f 3390/3390/3390 3454/3454/3454 3452/3452/3452
f 3390/3390/3390 3392/3392/3392 3453/3453/3453
f 3392/3392/3392 3394/3394/3394 3455/3455/3455
f 3394/3394/3394 3393/3393/3393 3456/3456/3456
f 3393/3393/3393 3395/3395/3395 3457/3457/3457
f 3395/3395/3395 3396/3396/3396 3458/3458/3458
f 3397/3397/3397 3459/3459/3459 3458/3458/3458
f 3398/3398/3398 3460/3460/3460 3459/3459/3459
f 3399/3399/3399 3462/3462/3462 3460/3460/3460
f 3399/3399/3399 3400/3400/3400 3461/3461/3461
f 3400/3400/3400 3401/3401/3401 3463/3463/3463
f 3403/3403/3403 3464/3464/3464 3463/3463/3463
f 3402/3402/3402 3466/3466/3466 3464/3464/3464
f 3402/3402/3402 3404/3404/3404 3465/3465/3465
f 3405/3405/3405 3468/3468/3468 3465/3465/3465
f 3405/3405/3405 3406/3406/3406 3467/3467/3467
f 3406/3406/3406 3408/3408/3408 3469/3469/3469
f 3408/3408/3408 3407/3407/3407 3470/3470/3470
f 3409/3409/3409 3471/3471/3471 3470/3470/3470
f 3411/3411/3411 3473/3473/3473 3471/3471/3471
f 3411/3411/3411 3410/3410/3410 3472/3472/3472
f 3412/3412/3412 3475/3475/3475 3472/3472/3472
f 3412/3412/3412 3413/3413/3413 3474/3474/3474
f 3414/3414/3414 3476/3476/3476 3474/3474/3474
f 3415/3415/3415 3478/3478/3478 3476/3476/3476
f 3415/3415/3415 3416/3416/3416 3477/3477/3477
f 3416/3416/3416 3417/3417/3417 3479/3479/3479
f 3419/3419/3419 3481/3481/3481 3479/3479/3479
f 3419/3419/3419 3418/3418/3418 3480/3480/3480
f 3421/3421/3421 3482/3482/3482 3480/3480/3480
f 3420/3420/3420 3483/3483/3483 3482/3482/3482
f 3422/3422/3422 3485/3485/3485 3483/3483/3483
f 3422/3422/3422 3423/3423/3423 3484/3484/3484
f 3423/3423/3423 3424/3424/3424 3486/3486/3486
f 3426/3426/3426 3487/3487/3487 3486/3486/3486
f 3425/3425/3425 3489/3489/3489 3487/3487/3487
f 3425/3425/3425 3427/3427/3427 3488/3488/3488
f 3427/3427/3427 3428/3428/3428 3490/3490/3490
f 3429/3429/3429 3492/3492/3492 3490/3490/3490
f 3429/3429/3429 3431/3431/3431 3491/3491/3491
f 3431/3431/3431 3430/3430/3430 3493/3493/3493
f 3430/3430/3430 3432/3432/3432 3494/3494/3494
f 3433/3433/3433 3495/3495/3495 3494/3494/3494
f 3434/3434/3434 3496/3496/3496 3495/3495/3495
f 3435/3435/3435 3497/3497/3497 3496/3496/3496
f 3436/3436/3436 3498/3498/3498 3497/3497/3497
f 3437/3437/3437 3500/3500/3500 3498/3498/3498
f 3437/3437/3437 3439/3439/3439 3499/3499/3499
f 3438/3438/3438 3501/3501/3501 3499/3499/3499
f 3440/3440/3440 3503/3503/3503 3501/3501/3501
f 3440/3440/3440 3441/3441/3441 3502/3502/3502
f 3441/3441/3441 3442/3442/3442 3504/3504/3504
f 3443/3443/3443 3505/3505/3505 3504/3504/3504
f 3444/3444/3444 3507/3507/3507 3505/3505/3505
f 3444/3444/3444 3445/3445/3445 3506/3506/3506
f 3445/3445/3445 3447/3447/3447 3508/3508/3508
f 3446/3446/3446 3510/3510/3510 3508/3508/3508
f 3446/3446/3446 3448/3448/3448 3509/3509/3509
f 3448/3448/3448 4070/4070/4070 3511/3511/3511
f 3449/3449/3449 3513/3513/3513 3512/3512/3512
f 3451/3451/3451 3514/3514/3514 3513/3513/3513
f 3452/3452/3452 3515/3515/3515 3514/3514/3514
f 3454/3454/3454 3516/3516/3516 3515/3515/3515
f 3453/3453/3453 3517/3517/3517 3516/3516/3516
f 3455/3455/3455 3518/3518/3518 3517/3517/3517
f 3456/3456/3456 3520/3520/3520 3518/3518/3518
f 3456/3456/3456 3457/3457/3457 3519/3519/3519
f 3458/3458/3458 3522/3522/3522 3519/3519/3519
f 3458/3458/3458 3459/3459/3459 3521/3521/3521
f 3459/3459/3459 3460/3460/3460 3523/3523/3523
f 3460/3460/3460 3462/3462/3462 3524/3524/3524
f 3461/3461/3461 3525/3525/3525 3524/3524/3524
f 3463/3463/3463 3527/3527/3527 3525/3525/3525
f 3463/3463/3463 3464/3464/3464 3526/3526/3526
f 3466/3466/3466 3528/3528/3528 3526/3526/3526
f 3465/3465/3465 3529/3529/3529 3528/3528/3528
f 3468/3468/3468 3530/3530/3530 3529/3529/3529
f 3467/3467/3467 3531/3531/3531 3530/3530/3530
f 3469/3469/3469 3532/3532/3532 3531/3531/3531
f 3470/3470/3470 3534/3534/3534 3532/3532/3532
f 3470/3470/3470 3471/3471/3471 3533/3533/3533
f 3473/3473/3473 3536/3536/3536 3533/3533/3533
f 3473/3473/3473 3472/3472/3472 3535/3535/3535
f 3475/3475/3475 3537/3537/3537 3535/3535/3535
f 3474/3474/3474 3538/3538/3538 3537/3537/3537
f 3476/3476/3476 3540/3540/3540 3538/3538/3538
f 3476/3476/3476 3478/3478/3478 3539/3539/3539
f 3477/3477/3477 3541/3541/3541 3539/3539/3539
f 3479/3479/3479 3543/3543/3543 3541/3541/3541
f 3479/3479/3479 3481/3481/3481 3542/3542/3542
f 3480/3480/3480 3544/3544/3544 3542/3542/3542
f 3482/3482/3482 3545/3545/3545 3544/3544/3544
f 3483/3483/3483 3547/3547/3547 3545/3545/3545
f 3483/3483/3483 3485/3485/3485 3546/3546/3546
f 3484/3484/3484 3549/3549/3549 3546/3546/3546
f 3484/3484/3484 3486/3486/3486 3548/3548/3548
f 3486/3486/3486 3487/3487/3487 3550/3550/3550
f 3489/3489/3489 3552/3552/3552 3550/3550/3550
f 3489/3489/3489 3488/3488/3488 3551/3551/3551
f 3488/3488/3488 3490/3490/3490 3553/3553/3553
f 3490/3490/3490 3492/3492/3492 3554/3554/3554
f 3491/3491/3491 3556/3556/3556 3554/3554/3554
f 3491/3491/3491 3493/3493/3493 3555/3555/3555
f 3493/3493/3493 3494/3494/3494 3557/3557/3557
f 3494/3494/3494 3495/3495/3495 3558/3558/3558
f 3495/3495/3495 3496/3496/3496 3559/3559/3559
f 3497/3497/3497 3561/3561/3561 3559/3559/3559
f 3497/3497/3497 3498/3498/3498 3560/3560/3560
f 3498/3498/3498 3500/3500/3500 3562/3562/3562
f 3500/3500/3500 3499/3499/3499 3563/3563/3563
f 3499/3499/3499 3501/3501/3501 3564/3564/3564
f 3501/3501/3501 3503/3503/3503 3565/3565/3565
f 3503/3503/3503 3502/3502/3502 3566/3566/3566
f 3504/3504/3504 3567/3567/3567 3566/3566/3566
f 3505/3505/3505 3569/3569/3569 3567/3567/3567
f 3505/3505/3505 3507/3507/3507 3568/3568/3568
f 3506/3506/3506 3570/3570/3570 3568/3568/3568
f 3508/3508/3508 3572/3572/3572 3570/3570/3570
f 3508/3508/3508 3510/3510/3510 3571/3571/3571
f 3509/3509/3509 3574/3574/3574 3571/3571/3571
f 3509/3509/3509 3511/3511/3511 3573/3573/3573
f 3513/3513/3513 3577/3577/3577 3575/3575/3575
f 3513/3513/3513 3514/3514/3514 3576/3576/3576
f 3514/3514/3514 3515/3515/3515 3578/3578/3578
f 3516/3516/3516 3579/3579/3579 3578/3578/3578
f 3517/3517/3517 3580/3580/3580 3579/3579/3579
f 3518/3518/3518 3581/3581/3581 3580/3580/3580
f 3520/3520/3520 3583/3583/3583 3581/3581/3581
f 3520/3520/3520 3519/3519/3519 3582/3582/3582
f 3522/3522/3522 3584/3584/3584 3582/3582/3582
f 3521/3521/3521 3585/3585/3585 3584/3584/3584
f 3523/3523/3523 3586/3586/3586 3585/3585/3585
f 3524/3524/3524 3588/3588/3588 3586/3586/3586
f 3524/3524/3524 3525/3525/3525 3587/3587/3587
f 3527/3527/3527 3589/3589/3589 3587/3587/3587
f 3526/3526/3526 3590/3590/3590 3589/3589/3589
f 3528/3528/3528 3591/3591/3591 3590/3590/3590
f 3529/3529/3529 3592/3592/3592 3591/3591/3591
f 3530/3530/3530 3594/3594/3594 3592/3592/3592
f 3530/3530/3530 3531/3531/3531 3593/3593/3593
f 3531/3531/3531 3532/3532/3532 3595/3595/3595
f 3534/3534/3534 3596/3596/3596 3595/3595/3595
f 3533/3533/3533 3598/3598/3598 3596/3596/3596
f 3533/3533/3533 3536/3536/3536 3597/3597/3597
f 3535/3535/3535 3600/3600/3600 3597/3597/3597
f 3535/3535/3535 3537/3537/3537 3599/3599/3599
f 3537/3537/3537 3538/3538/3538 3601/3601/3601
f 3540/3540/3540 3602/3602/3602 3601/3601/3601
f 3539/3539/3539 3604/3604/3604 3602/3602/3602
f 3539/3539/3539 3541/3541/3541 3603/3603/3603
f 3543/3543/3543 3605/3605/3605 3603/3603/3603
f 3542/3542/3542 3606/3606/3606 3605/3605/3605
f 3544/3544/3544 3608/3608/3608 3606/3606/3606
f 3544/3544/3544 3545/3545/3545 3607/3607/3607
f 3545/3545/3545 3547/3547/3547 3609/3609/3609
f 3546/3546/3546 3610/3610/3610 3609/3609/3609
f 3549/3549/3549 3611/3611/3611 3610/3610/3610
f 3548/3548/3548 3612/3612/3612 3611/3611/3611
f 3550/3550/3550 3614/3614/3614 3612/3612/3612
f 3550/3550/3550 3552/3552/3552 3613/3613/3613
f 3551/3551/3551 3615/3615/3615 3613/3613/3613
f 3553/3553/3553 3617/3617/3617 3615/3615/3615
f 3553/3553/3553 3554/3554/3554 3616/3616/3616
f 3556/3556/3556 3619/3619/3619 3616/3616/3616
f 3556/3556/3556 3555/3555/3555 3618/3618/3618
f 3557/3557/3557 3620/3620/3620 3618/3618/3618
f 3558/3558/3558 3621/3621/3621 3620/3620/3620
f 3559/3559/3559 3622/3622/3622 3621/3621/3621
f 3561/3561/3561 3624/3624/3624 3622/3622/3622
f 3561/3561/3561 3560/3560/3560 3623/3623/3623
f 3560/3560/3560 3562/3562/3562 3625/3625/3625
f 3563/3563/3563 3626/3626/3626 3625/3625/3625
f 3564/3564/3564 3627/3627/3627 3626/3626/3626
f 3565/3565/3565 3628/3628/3628 3627/3627/3627
f 3566/3566/3566 3629/3629/3629 3628/3628/3628
f 3567/3567/3567 3631/3631/3631 3629/3629/3629
f 3567/3567/3567 3569/3569/3569 3630/3630/3630
f 3569/3569/3569 3568/3568/3568 3632/3632/3632
f 3568/3568/3568 3570/3570/3570 3633/3633/3633
f 3572/3572/3572 3634/3634/3634 3633/3633/3633
f 3571/3571/3571 3635/3635/3635 3634/3634/3634
f 3574/3574/3574 3637/3637/3637 3635/3635/3635
f 3574/3574/3574 3573/3573/3573 3636/3636/3636
f 3575/3575/3575 3577/3577/3577 3638/3638/3638
f 3576/3576/3576 3640/3640/3640 3638/3638/3638
f 3578/3578/3578 3642/3642/3642 3640/3640/3640
f 3578/3578/3578 3579/3579/3579 3641/3641/3641
f 3579/3579/3579 3580/3580/3580 3643/3643/3643
f 3581/3581/3581 3645/3645/3645 3643/3643/3643
f 3581/3581/3581 3583/3583/3583 3644/3644/3644
f 3583/3583/3583 3582/3582/3582 3646/3646/3646
f 3582/3582/3582 3584/3584/3584 3647/3647/3647
f 3585/3585/3585 3649/3649/3649 3647/3647/3647
f 3585/3585/3585 3586/3586/3586 3648/3648/3648
f 3586/3586/3586 3588/3588/3588 3650/3650/3650
f 3588/3588/3588 3587/3587/3587 3651/3651/3651
f 3587/3587/3587 3589/3589/3589 3652/3652/3652
f 3589/3589/3589 3590/3590/3590 3653/3653/3653
f 3591/3591/3591 3655/3655/3655 3653/3653/3653
f 3591/3591/3591 3592/3592/3592 3654/3654/3654
f 3592/3592/3592 3594/3594/3594 3656/3656/3656
f 3594/3594/3594 3593/3593/3593 3657/3657/3657
f 3593/3593/3593 3595/3595/3595 3658/3658/3658
f 3596/3596/3596 3659/3659/3659 3658/3658/3658
f 3598/3598/3598 3660/3660/3660 3659/3659/3659
f 3597/3597/3597 3662/3662/3662 3660/3660/3660
f 3597/3597/3597 3600/3600/3600 3661/3661/3661
f 3600/3600/3600 3599/3599/3599 3663/3663/3663
f 3601/3601/3601 3665/3665/3665 3663/3663/3663
f 3601/3601/3601 3602/3602/3602 3664/3664/3664
f 3602/3602/3602 3604/3604/3604 3666/3666/3666
f 3604/3604/3604 3603/3603/3603 3667/3667/3667
f 3603/3603/3603 3605/3605/3605 3668/3668/3668
f 3606/3606/3606 3670/3670/3670 3668/3668/3668
f 3606/3606/3606 3608/3608/3608 3669/3669/3669
f 3607/3607/3607 3671/3671/3671 3669/3669/3669
f 3609/3609/3609 3672/3672/3672 3671/3671/3671
f 3610/3610/3610 3674/3674/3674 3672/3672/3672
f 3610/3610/3610 3611/3611/3611 3673/3673/3673
f 3611/3611/3611 3612/3612/3612 3675/3675/3675
f 3612/3612/3612 3614/3614/3614 3676/3676/3676
f 3613/3613/3613 3677/3677/3677 3676/3676/3676
f 3615/3615/3615 3679/3679/3679 3677/3677/3677
f 3615/3615/3615 3617/3617/3617 3678/3678/3678
f 3617/3617/3617 3616/3616/3616 3680/3680/3680
f 3616/3616/3616 3619/3619/3619 3681/3681/3681
f 3619/3619/3619 3618/3618/3618 3682/3682/3682
f 3620/3620/3620 3684/3684/3684 3682/3682/3682
f 3620/3620/3620 3621/3621/3621 3683/3683/3683
f 3622/3622/3622 3686/3686/3686 3683/3683/3683
f 3622/3622/3622 3624/3624/3624 3685/3685/3685
f 3623/3623/3623 3688/3688/3688 3685/3685/3685
f 3623/3623/3623 3625/3625/3625 3687/3687/3687
f 3625/3625/3625 3626/3626/3626 3689/3689/3689
f 3626/3626/3626 3627/3627/3627 3690/3690/3690
f 3627/3627/3627 3628/3628/3628 3691/3691/3691
f 3629/3629/3629 3692/3692/3692 3691/3691/3691
f 3631/3631/3631 3694/3694/3694 3692/3692/3692
f 3631/3631/3631 3630/3630/3630 3693/3693/3693
f 3630/3630/3630 3632/3632/3632 3695/3695/3695
f 3633/3633/3633 3697/3697/3697 3695/3695/3695
f 3633/3633/3633 3634/3634/3634 3696/3696/3696
f 3634/3634/3634 3635/3635/3635 3698/3698/3698
f 3635/3635/3635 3637/3637/3637 3699/3699/3699
f 3636/3636/3636 4074/4074/4074 3699/3699/3699
f 3638/3638/3638 3701/3701/3701 3700/3700/3700
f 3640/3640/3640 3703/3703/3703 3701/3701/3701
f 3640/3640/3640 3642/3642/3642 3702/3702/3702
f 3641/3641/3641 3704/3704/3704 3702/3702/3702
f 3643/3643/3643 3705/3705/3705 3704/3704/3704
f 3645/3645/3645 3706/3706/3706 3705/3705/3705
f 3644/3644/3644 3707/3707/3707 3706/3706/3706
f 3646/3646/3646 3708/3708/3708 3707/3707/3707
f 3647/3647/3647 3710/3710/3710 3708/3708/3708
f 3647/3647/3647 3649/3649/3649 3709/3709/3709
f 3649/3649/3649 3648/3648/3648 3711/3711/3711
f 3650/3650/3650 3712/3712/3712 3711/3711/3711
f 3651/3651/3651 3713/3713/3713 3712/3712/3712
f 3652/3652/3652 3714/3714/3714 3713/3713/3713
f 3653/3653/3653 3715/3715/3715 3714/3714/3714
f 3655/3655/3655 3716/3716/3716 3715/3715/3715
f 3654/3654/3654 3717/3717/3717 3716/3716/3716
f 3656/3656/3656 3718/3718/3718 3717/3717/3717
f 3657/3657/3657 3719/3719/3719 3718/3718/3718
f 3658/3658/3658 3721/3721/3721 3719/3719/3719
f 3658/3658/3658 3659/3659/3659 3720/3720/3720
f 3659/3659/3659 3660/3660/3660 3722/3722/3722
f 3662/3662/3662 3723/3723/3723 3722/3722/3722
f 3661/3661/3661 3724/3724/3724 3723/3723/3723
f 3663/3663/3663 3725/3725/3725 3724/3724/3724
f 3665/3665/3665 3727/3727/3727 3725/3725/3725
f 3665/3665/3665 3664/3664/3664 3726/3726/3726
f 3664/3664/3664 3666/3666/3666 3728/3728/3728
f 3667/3667/3667 3729/3729/3729 3728/3728/3728
f 3668/3668/3668 3730/3730/3730 3729/3729/3729
f 3670/3670/3670 3732/3732/3732 3730/3730/3730
f 3670/3670/3670 3669/3669/3669 3731/3731/3731
f 3669/3669/3669 3671/3671/3671 3733/3733/3733
f 3671/3671/3671 3672/3672/3672 3734/3734/3734
f 3672/3672/3672 3674/3674/3674 3735/3735/3735
f 3673/3673/3673 3736/3736/3736 3735/3735/3735
f 3675/3675/3675 3737/3737/3737 3736/3736/3736
f 3676/3676/3676 3739/3739/3739 3737/3737/3737
f 3676/3676/3676 3677/3677/3677 3738/3738/3738
f 3677/3677/3677 3679/3679/3679 3740/3740/3740
f 3679/3679/3679 3678/3678/3678 3741/3741/3741
f 3678/3678/3678 3680/3680/3680 3742/3742/3742
f 3681/3681/3681 3744/3744/3744 3742/3742/3742
f 3681/3681/3681 3682/3682/3682 3743/3743/3743
f 3684/3684/3684 3745/3745/3745 3743/3743/3743
f 3683/3683/3683 3747/3747/3747 3745/3745/3745
f 3683/3683/3683 3686/3686/3686 3746/3746/3746
f 3685/3685/3685 3748/3748/3748 3746/3746/3746
f 3688/3688/3688 3749/3749/3749 3748/3748/3748
f 3687/3687/3687 3750/3750/3750 3749/3749/3749
f 3689/3689/3689 3751/3751/3751 3750/3750/3750
f 3690/3690/3690 3752/3752/3752 3751/3751/3751
f 3691/3691/3691 3753/3753/3753 3752/3752/3752
f 3692/3692/3692 3755/3755/3755 3753/3753/3753
f 3692/3692/3692 3694/3694/3694 3754/3754/3754
f 3694/3694/3694 3693/3693/3693 3756/3756/3756
f 3693/3693/3693 3695/3695/3695 3757/3757/3757
f 3697/3697/3697 3759/3759/3759 3757/3757/3757
f 3697/3697/3697 3696/3696/3696 3758/3758/3758
f 3698/3698/3698 3760/3760/3760 3758/3758/3758
f 3699/3699/3699 3762/3762/3762 3760/3760/3760
f 3699/3699/3699 4074/4074/4074 3761/3761/3761
f 3700/3700/3700 3701/3701/3701 3763/3763/3763
f 3701/3701/3701 3703/3703/3703 3765/3765/3765
f 3703/3703/3703 3702/3702/3702 3766/3766/3766
f 3702/3702/3702 3704/3704/3704 3767/3767/3767
f 3705/3705/3705 3769/3769/3769 3767/3767/3767
f 3705/3705/3705 3706/3706/3706 3768/3768/3768
f 3706/3706/3706 3707/3707/3707 3770/3770/3770
f 3707/3707/3707 3708/3708/3708 3771/3771/3771
f 3708/3708/3708 3710/3710/3710 3772/3772/3772
f 3710/3710/3710 3709/3709/3709 3773/3773/3773
f 3709/3709/3709 3711/3711/3711 3774/3774/3774
f 3711/3711/3711 3712/3712/3712 3775/3775/3775
f 3712/3712/3712 3713/3713/3713 3776/3776/3776
f 3713/3713/3713 3714/3714/3714 3777/3777/3777
f 3714/3714/3714 3715/3715/3715 3778/3778/3778
f 3715/3715/3715 3716/3716/3716 3779/3779/3779
f 3716/3716/3716 3717/3717/3717 3780/3780/3780
f 3718/3718/3718 3782/3782/3782 3780/3780/3780
f 3718/3718/3718 3719/3719/3719 3781/3781/3781
f 3719/3719/3719 3721/3721/3721 3783/3783/3783
f 3720/3720/3720 3784/3784/3784 3783/3783/3783
f 3722/3722/3722 3786/3786/3786 3784/3784/3784
f 3722/3722/3722 3723/3723/3723 3785/3785/3785
f 3723/3723/3723 3724/3724/3724 3787/3787/3787
f 3724/3724/3724 3725/3725/3725 3788/3788/3788
f 3727/3727/3727 3789/3789/3789 3788/3788/3788
f 3726/3726/3726 3791/3791/3791 3789/3789/3789
f 3726/3726/3726 3728/3728/3728 3790/3790/3790
f 3728/3728/3728 3729/3729/3729 3792/3792/3792
f 3730/3730/3730 3793/3793/3793 3792/3792/3792
f 3732/3732/3732 3794/3794/3794 3793/3793/3793
f 3731/3731/3731 3796/3796/3796 3794/3794/3794
f 3731/3731/3731 3733/3733/3733 3795/3795/3795
f 3734/3734/3734 3797/3797/3797 3795/3795/3795
f 3735/3735/3735 3799/3799/3799 3797/3797/3797
f 3735/3735/3735 3736/3736/3736 3798/3798/3798
f 3736/3736/3736 3737/3737/3737 3800/3800/3800
f 3739/3739/3739 3802/3802/3802 3800/3800/3800
f 3739/3739/3739 3738/3738/3738 3801/3801/3801
f 3738/3738/3738 3740/3740/3740 3803/3803/3803
f 3741/3741/3741 3805/3805/3805 3803/3803/3803
f 3741/3741/3741 3742/3742/3742 3804/3804/3804
f 3744/3744/3744 3806/3806/3806 3804/3804/3804
f 3743/3743/3743 3807/3807/3807 3806/3806/3806
f 3745/3745/3745 3809/3809/3809 3807/3807/3807
f 3745/3745/3745 3747/3747/3747 3808/3808/3808
f 3746/3746/3746 3811/3811/3811 3808/3808/3808
f 3746/3746/3746 3748/3748/3748 3810/3810/3810
f 3748/3748/3748 3749/3749/3749 3812/3812/3812
f 3749/3749/3749 3750/3750/3750 3813/3813/3813
f 3750/3750/3750 3751/3751/3751 3814/3814/3814
f 3751/3751/3751 3752/3752/3752 3815/3815/3815
f 3752/3752/3752 3753/3753/3753 3816/3816/3816
f 3755/3755/3755 3818/3818/3818 3816/3816/3816
f 3755/3755/3755 3754/3754/3754 3817/3817/3817
f 3756/3756/3756 3820/3820/3820 3817/3817/3817
f 3756/3756/3756 3757/3757/3757 3819/3819/3819
f 3757/3757/3757 3759/3759/3759 3821/3821/3821
f 3758/3758/3758 3822/3822/3822 3821/3821/3821
f 3760/3760/3760 3824/3824/3824 3822/3822/3822
f 3760/3760/3760 3762/3762/3762 3823/3823/3823
f 3761/3761/3761 3887/3887/3887 3823/3823/3823
f 3763/3763/3763 3826/3826/3826 3825/3825/3825
f 3765/3765/3765 3827/3827/3827 3826/3826/3826
f 3766/3766/3766 3828/3828/3828 3827/3827/3827
f 3767/3767/3767 3830/3830/3830 3828/3828/3828
f 3767/3767/3767 3769/3769/3769 3829/3829/3829
f 3769/3769/3769 3768/3768/3768 3831/3831/3831
f 3768/3768/3768 3770/3770/3770 3832/3832/3832
f 3770/3770/3770 3771/3771/3771 3833/3833/3833
f 3772/3772/3772 3834/3834/3834 3833/3833/3833
f 3773/3773/3773 3836/3836/3836 3834/3834/3834
f 3773/3773/3773 3774/3774/3774 3835/3835/3835
f 3775/3775/3775 3838/3838/3838 3835/3835/3835
f 3775/3775/3775 3776/3776/3776 3837/3837/3837
f 3777/3777/3777 3840/3840/3840 3837/3837/3837
f 3777/3777/3777 3778/3778/3778 3839/3839/3839
f 3779/3779/3779 3841/3841/3841 3839/3839/3839
f 3780/3780/3780 3842/3842/3842 3841/3841/3841
f 3782/3782/3782 3843/3843/3843 3842/3842/3842
f 3781/3781/3781 3845/3845/3845 3843/3843/3843
f 3781/3781/3781 3783/3783/3783 3844/3844/3844
f 3783/3783/3783 3784/3784/3784 3846/3846/3846
f 3786/3786/3786 3848/3848/3848 3846/3846/3846
f 3786/3786/3786 3785/3785/3785 3847/3847/3847
f 3785/3785/3785 3787/3787/3787 3849/3849/3849
f 3787/3787/3787 3788/3788/3788 3850/3850/3850
f 3788/3788/3788 3789/3789/3789 3851/3851/3851
f 3789/3789/3789 3791/3791/3791 3852/3852/3852
f 3790/3790/3790 3853/3853/3853 3852/3852/3852
f 3792/3792/3792 3855/3855/3855 3853/3853/3853
f 3792/3792/3792 3793/3793/3793 3854/3854/3854
f 3793/3793/3793 3794/3794/3794 3856/3856/3856
f 3794/3794/3794 3796/3796/3796 3857/3857/3857
f 3795/3795/3795 3859/3859/3859 3857/3857/3857
f 3795/3795/3795 3797/3797/3797 3858/3858/3858
f 3799/3799/3799 3860/3860/3860 3858/3858/3858
f 3798/3798/3798 3861/3861/3861 3860/3860/3860
f 3800/3800/3800 3862/3862/3862 3861/3861/3861
f 3802/3802/3802 3863/3863/3863 3862/3862/3862
f 3801/3801/3801 3864/3864/3864 3863/3863/3863
f 3803/3803/3803 3865/3865/3865 3864/3864/3864
f 3805/3805/3805 3866/3866/3866 3865/3865/3865
f 3804/3804/3804 3867/3867/3867 3866/3866/3866
f 3806/3806/3806 3868/3868/3868 3867/3867/3867
f 3807/3807/3807 3869/3869/3869 3868/3868/3868
f 3809/3809/3809 3871/3871/3871 3869/3869/3869
f 3809/3809/3809 3808/3808/3808 3870/3870/3870
f 3811/3811/3811 3872/3872/3872 3870/3870/3870
f 3810/3810/3810 3874/3874/3874 3872/3872/3872
f 3810/3810/3810 3812/3812/3812 3873/3873/3873
f 3812/3812/3812 3813/3813/3813 3875/3875/3875
f 3814/3814/3814 3876/3876/3876 3875/3875/3875
f 3815/3815/3815 3878/3878/3878 3876/3876/3876
f 3815/3815/3815 3816/3816/3816 3877/3877/3877
f 3816/3816/3816 3818/3818/3818 3879/3879/3879
f 3817/3817/3817 3880/3880/3880 3879/3879/3879
f 3820/3820/3820 3881/3881/3881 3880/3880/3880
f 3819/3819/3819 3882/3882/3882 3881/3881/3881
f 3821/3821/3821 3884/3884/3884 3882/3882/3882
f 3821/3821/3821 3822/3822/3822 3883/3883/3883
f 3822/3822/3822 3824/3824/3824 3885/3885/3885
f 3824/3824/3824 3823/3823/3823 3886/3886/3886
f 3887/3887/3887 4077/4077/4077 3886/3886/3886
f 3825/3825/3825 3826/3826/3826 3888/3888/3888
f 3826/3826/3826 3827/3827/3827 3890/3890/3890
f 3827/3827/3827 3828/3828/3828 3891/3891/3891
f 3830/3830/3830 3892/3892/3892 3891/3891/3891
f 3829/3829/3829 3893/3893/3893 3892/3892/3892
f 3831/3831/3831 3894/3894/3894 3893/3893/3893
f 3832/3832/3832 3895/3895/3895 3894/3894/3894
f 3833/3833/3833 3897/3897/3897 3895/3895/3895
f 3833/3833/3833 3834/3834/3834 3896/3896/3896
f 3836/3836/3836 3898/3898/3898 3896/3896/3896
f 3835/3835/3835 3899/3899/3899 3898/3898/3898
f 3838/3838/3838 3901/3901/3901 3899/3899/3899
f 3838/3838/3838 3837/3837/3837 3900/3900/3900
f 3840/3840/3840 3902/3902/3902 3900/3900/3900
f 3839/3839/3839 3903/3903/3903 3902/3902/3902
f 3841/3841/3841 3904/3904/3904 3903/3903/3903
f 3842/3842/3842 3906/3906/3906 3904/3904/3904
f 3842/3842/3842 3843/3843/3843 3905/3905/3905
f 3845/3845/3845 3907/3907/3907 3905/3905/3905
f 3844/3844/3844 3909/3909/3909 3907/3907/3907
f 3844/3844/3844 3846/3846/3846 3908/3908/3908
f 3846/3846/3846 3848/3848/3848 3910/3910/3910
f 3847/3847/3847 3911/3911/3911 3910/3910/3910
f 3849/3849/3849 3912/3912/3912 3911/3911/3911
f 3850/3850/3850 3913/3913/3913 3912/3912/3912
f 3851/3851/3851 3915/3915/3915 3913/3913/3913
f 3851/3851/3851 3852/3852/3852 3914/3914/3914
f 3852/3852/3852 3853/3853/3853 3916/3916/3916
f 3853/3853/3853 3855/3855/3855 3917/3917/3917
f 3854/3854/3854 3918/3918/3918 3917/3917/3917
f 3856/3856/3856 3920/3920/3920 3918/3918/3918
f 3856/3856/3856 3857/3857/3857 3919/3919/3919
f 3857/3857/3857 3859/3859/3859 3921/3921/3921
f 3859/3859/3859 3858/3858/3858 3922/3922/3922
f 3860/3860/3860 3924/3924/3924 3922/3922/3922
f 3860/3860/3860 3861/3861/3861 3923/3923/3923
f 3862/3862/3862 3926/3926/3926 3923/3923/3923
f 3862/3862/3862 3863/3863/3863 3925/3925/3925
f 3863/3863/3863 3864/3864/3864 3927/3927/3927
f 3864/3864/3864 3865/3865/3865 3928/3928/3928
f 3865/3865/3865 3866/3866/3866 3929/3929/3929
f 3866/3866/3866 3867/3867/3867 3930/3930/3930
f 3868/3868/3868 3931/3931/3931 3930/3930/3930
f 3869/3869/3869 3933/3933/3933 3931/3931/3931
f 3869/3869/3869 3871/3871/3871 3932/3932/3932
f 3871/3871/3871 3870/3870/3870 3934/3934/3934
f 3870/3870/3870 3872/3872/3872 3935/3935/3935
f 3872/3872/3872 3874/3874/3874 3936/3936/3936
f 3874/3874/3874 3873/3873/3873 3937/3937/3937
f 3875/3875/3875 3938/3938/3938 3937/3937/3937
f 3876/3876/3876 3940/3940/3940 3938/3938/3938
f 3876/3876/3876 3878/3878/3878 3939/3939/3939
f 3878/3878/3878 3877/3877/3877 3941/3941/3941
f 3877/3877/3877 3879/3879/3879 3942/3942/3942
f 3879/3879/3879 3880/3880/3880 3943/3943/3943
f 3880/3880/3880 3881/3881/3881 3944/3944/3944
f 3881/3881/3881 3882/3882/3882 3945/3945/3945
f 3882/3882/3882 3884/3884/3884 3946/3946/3946
f 3883/3883/3883 3947/3947/3947 3946/3946/3946
f 3885/3885/3885 3948/3948/3948 3947/3947/3947
f 3886/3886/3886 3950/3950/3950 3948/3948/3948
f 3886/3886/3886 4077/4077/4077 3949/3949/3949
f 3951/3951/3951 1/1/1 3952/3952/3952
f 3951/3951/3951 3955/3955/3955 5/5/5
f 3954/3954/3954 4/4/4 5/5/5
f 3956/3956/3956 6/6/6 4/4/4
f 3957/3957/3957 10/10/10 6/6/6
f 3958/3958/3958 12/12/12 10/10/10
f 3959/3959/3959 14/14/14 12/12/12
f 3959/3959/3959 3961/3961/3961 16/16/16
f 3960/3960/3960 18/18/18 16/16/16
f 3962/3962/3962 21/21/21 18/18/18
f 3963/3963/3963 20/20/20 21/21/21
f 3964/3964/3964 24/24/24 20/20/20
f 3965/3965/3965 26/26/26 24/24/24
f 3966/3966/3966 28/28/28 26/26/26
f 3967/3967/3967 30/30/30 28/28/28
f 3968/3968/3968 32/32/32 30/30/30
f 3969/3969/3969 35/35/35 32/32/32
f 3970/3970/3970 34/34/34 35/35/35
f 3971/3971/3971 36/36/36 34/34/34
f 3971/3971/3971 3973/3973/3973 41/41/41
f 3972/3972/3972 40/40/40 41/41/41
f 3972/3972/3972 3975/3975/3975 45/45/45
f 3974/3974/3974 44/44/44 45/45/45
f 3976/3976/3976 48/48/48 44/44/44
f 3977/3977/3977 51/51/51 48/48/48
f 3978/3978/3978 50/50/50 51/51/51
f 3979/3979/3979 54/54/54 50/50/50
f 3979/3979/3979 3980/3980/3980 57/57/57
f 3980/3980/3980 3982/3982/3982 56/56/56
f 3981/3981/3981 58/58/58 56/56/56
f 3983/3983/3983 63/63/63 58/58/58
f 3983/3983/3983 3985/3985/3985 62/62/62
f 3984/3984/3984 64/64/64 62/62/62
f 3986/3986/3986 69/69/69 64/64/64
f 3986/3986/3986 3987/3987/3987 68/68/68
f 3987/3987/3987 3989/3989/3989 72/72/72
f 3988/3988/3988 74/74/74 72/72/72
f 3988/3988/3988 3991/3991/3991 77/77/77
f 3990/3990/3990 76/76/76 77/77/77
f 3990/3990/3990 3992/3992/3992 78/78/78
f 3992/3992/3992 3994/3994/3994 82/82/82
f 3993/3993/3993 85/85/85 82/82/82
f 3995/3995/3995 84/84/84 85/85/85
f 3995/3995/3995 3997/3997/3997 89/89/89
f 3996/3996/3996 88/88/88 89/89/89
f 3996/3996/3996 3998/3998/3998 90/90/90
f 3998/3998/3998 3999/3999/3999 92/92/92
f 3999/3999/3999 4000/4000/4000 96/96/96
f 4000/4000/4000 4001/4001/4001 98/98/98
f 4001/4001/4001 4003/4003/4003 101/101/101
f 4002/4002/4002 100/100/100 101/101/101
f 4002/4002/4002 4004/4004/4004 102/102/102
f 4004/4004/4004 4005/4005/4005 104/104/104
f 4005/4005/4005 4006/4006/4006 106/106/106
f 4006/4006/4006 4007/4007/4007 108/108/108
f 4007/4007/4007 4008/4008/4008 113/113/113
f 4008/4008/4008 4009/4009/4009 112/112/112
f 4009/4009/4009 4010/4010/4010 114/114/114
f 4010/4010/4010 4011/4011/4011 116/116/116
f 4011/4011/4011 4012/4012/4012 121/121/121
f 4012/4012/4012 4013/4013/4013 120/120/120
f 4013/4013/4013 4015/4015/4015 122/122/122
f 4014/4014/4014 124/124/124 122/122/122
f 4014/4014/4014 4205/4205/4205 4016/4016/4016
f 4016/4016/4016 4206/4206/4206 187/187/187
f 187/187/187 4206/4206/4206 4017/4017/4017
f 251/251/251 4017/4017/4017 4018/4018/4018
f 314/314/314 4018/4018/4018 4019/4019/4019
f 4019/4019/4019 4207/4207/4207 4020/4020/4020
f 4020/4020/4020 4207/4207/4207 4021/4021/4021
f 4021/4021/4021 4208/4208/4208 565/565/565
f 565/565/565 4208/4208/4208 4022/4022/4022
f 627/627/627 4022/4022/4022 4023/4023/4023
f 4024/4024/4024 4023/4023/4023 4025/4025/4025
f 4025/4025/4025 4209/4209/4209 4026/4026/4026
f 4026/4026/4026 4209/4209/4209 4027/4027/4027
f 4027/4027/4027 4210/4210/4210 941/941/941
f 941/941/941 4210/4210/4210 4028/4028/4028
f 4028/4028/4028 4211/4211/4211 1004/1004/1004
f 1004/1004/1004 4211/4211/4211 4030/4030/4030
f 4030/4030/4030 4032/4032/4032 4031/4031/4031
f 4032/4032/4032 4033/4033/4033 1191/1191/1191
f 4033/4033/4033 4212/4212/4212 4034/4034/4034
f 4034/4034/4034 4212/4212/4212 4035/4035/4035
f 4035/4035/4035 4213/4213/4213 1441/1441/1441
f 1441/1441/1441 4213/4213/4213 4036/4036/4036
f 4036/4036/4036 4038/4038/4038 1505/1505/1505
f 4038/4038/4038 4040/4040/4040 4039/4039/4039
f 4040/4040/4040 4214/4214/4214 1630/1630/1630
f 1630/1630/1630 4214/4214/4214 4041/4041/4041
f 4041/4041/4041 4215/4215/4215 1755/1755/1755
f 1755/1755/1755 4215/4215/4215 4043/4043/4043
f 4043/4043/4043 4044/4044/4044 1942/1942/1942
f 4044/4044/4044 4216/4216/4216 2006/2006/2006
f 2006/2006/2006 4216/4216/4216 4045/4045/4045
f 4045/4045/4045 4046/4046/4046 2131/2131/2131
f 4046/4046/4046 4217/4217/4217 4047/4047/4047
f 4047/4047/4047 4217/4217/4217 4048/4048/4048
f 2195/2195/2195 4048/4048/4048 4049/4049/4049
f 4049/4049/4049 4051/4051/4051 2320/2320/2320
f 4051/4051/4051 4052/4052/4052 2383/2383/2383
f 4052/4052/4052 4218/4218/4218 4053/4053/4053
f 4053/4053/4053 4218/4218/4218 4054/4054/4054
f 2508/2508/2508 4054/4054/4054 4055/4055/4055
f 4055/4055/4055 4219/4219/4219 2695/2695/2695
f 2695/2695/2695 4219/4219/4219 4056/4056/4056
f 4056/4056/4056 4058/4058/4058 2759/2759/2759
f 4058/4058/4058 4220/4220/4220 4059/4059/4059
f 4059/4059/4059 4220/4220/4220 4060/4060/4060
f 4060/4060/4060 4061/4061/4061 2947/2947/2947
f 4061/4061/4061 4062/4062/4062 3071/3071/3071
f 4062/4062/4062 4063/4063/4063 3135/3135/3135
f 4063/4063/4063 4221/4221/4221 3197/3197/3197
f 3197/3197/3197 4221/4221/4221 4064/4064/4064
f 4064/4064/4064 4066/4066/4066 3261/3261/3261
f 4066/4066/4066 4068/4068/4068 4067/4067/4067
f 4068/4068/4068 4069/4069/4069 3385/3385/3385
f 4069/4069/4069 4071/4071/4071 4070/4070/4070
f 4071/4071/4071 4222/4222/4222 3511/3511/3511
f 3511/3511/3511 4222/4222/4222 4072/4072/4072
f 4072/4072/4072 4223/4223/4223 3636/3636/3636
f 3636/3636/3636 4223/4223/4223 4073/4073/4073
f 4073/4073/4073 4075/4075/4075 3761/3761/3761
f 4075/4075/4075 4224/4224/4224 3887/3887/3887
f 3887/3887/3887 4224/4224/4224 4076/4076/4076
f 4077/4077/4077 4076/4076/4076 4078/4078/4078
f 4078/4078/4078 4225/4225/4225 4079/4079/4079
f 3950/3950/3950 3949/3949/3949 4079/4079/4079
f 3950/3950/3950 4080/4080/4080 4081/4081/4081
f 3948/3948/3948 4081/4081/4081 4082/4082/4082
f 3947/3947/3947 4082/4082/4082 4083/4083/4083
f 3946/3946/3946 4083/4083/4083 4084/4084/4084
f 3945/3945/3945 4084/4084/4084 4085/4085/4085
f 3944/3944/3944 4085/4085/4085 4086/4086/4086
f 3943/3943/3943 4086/4086/4086 4087/4087/4087
f 3942/3942/3942 4087/4087/4087 4088/4088/4088
f 3941/3941/3941 4088/4088/4088 4089/4089/4089
f 3939/3939/3939 4089/4089/4089 4090/4090/4090
f 3938/3938/3938 3940/3940/3940 4090/4090/4090
f 3938/3938/3938 4091/4091/4091 4092/4092/4092
f 3937/3937/3937 4092/4092/4092 4093/4093/4093
f 3936/3936/3936 4093/4093/4093 4094/4094/4094
f 3935/3935/3935 4094/4094/4094 4095/4095/4095
f 3934/3934/3934 4095/4095/4095 4096/4096/4096
f 3932/3932/3932 4096/4096/4096 4097/4097/4097
f 3931/3931/3931 3933/3933/3933 4097/4097/4097
f 3930/3930/3930 3931/3931/3931 4098/4098/4098
f 3929/3929/3929 3930/3930/3930 4099/4099/4099
f 3928/3928/3928 3929/3929/3929 4100/4100/4100
f 3928/3928/3928 4101/4101/4101 4102/4102/4102
f 3927/3927/3927 4102/4102/4102 4103/4103/4103
f 3926/3926/3926 3925/3925/3925 4103/4103/4103
f 3923/3923/3923 3926/3926/3926 4104/4104/4104
f 3924/3924/3924 3923/3923/3923 4105/4105/4105
f 3924/3924/3924 4106/4106/4106 4107/4107/4107
f 3921/3921/3921 3922/3922/3922 4107/4107/4107
f 3919/3919/3919 3921/3921/3921 4108/4108/4108
f 3920/3920/3920 3919/3919/3919 4109/4109/4109
f 3918/3918/3918 3920/3920/3920 4110/4110/4110
f 3917/3917/3917 3918/3918/3918 4111/4111/4111
f 3916/3916/3916 3917/3917/3917 4112/4112/4112
f 3916/3916/3916 4113/4113/4113 4114/4114/4114
f 3915/3915/3915 3914/3914/3914 4114/4114/4114
f 3915/3915/3915 4115/4115/4115 4116/4116/4116
f 3913/3913/3913 4116/4116/4116 4117/4117/4117
f 3911/3911/3911 3912/3912/3912 4117/4117/4117
f 3910/3910/3910 3911/3911/3911 4118/4118/4118
f 3908/3908/3908 3910/3910/3910 4119/4119/4119
f 3908/3908/3908 4120/4120/4120 4121/4121/4121
f 3907/3907/3907 3909/3909/3909 4121/4121/4121
f 3905/3905/3905 3907/3907/3907 4122/4122/4122
f 3906/3906/3906 3905/3905/3905 4123/4123/4123
f 3904/3904/3904 3906/3906/3906 4124/4124/4124
f 3903/3903/3903 3904/3904/3904 4125/4125/4125
f 3902/3902/3902 3903/3903/3903 4126/4126/4126
f 3900/3900/3900 3902/3902/3902 4127/4127/4127
f 3901/3901/3901 3900/3900/3900 4128/4128/4128
f 3899/3899/3899 3901/3901/3901 4129/4129/4129
f 3898/3898/3898 3899/3899/3899 4130/4130/4130
f 3896/3896/3896 3898/3898/3898 4131/4131/4131
f 3897/3897/3897 3896/3896/3896 4132/4132/4132
f 3895/3895/3895 3897/3897/3897 4133/4133/4133
f 3894/3894/3894 3895/3895/3895 4134/4134/4134
f 3893/3893/3893 3894/3894/3894 4135/4135/4135
f 3892/3892/3892 3893/3893/3893 4136/4136/4136
f 3892/3892/3892 4137/4137/4137 4138/4138/4138
f 3890/3890/3890 3891/3891/3891 4138/4138/4138
f 3890/3890/3890 4139/4139/4139 4140/4140/4140
f 3889/3889/3889 3888/3888/3888 4140/4140/4140
f 4142/4142/4142 3889/3889/3889 4141/4141/4141
f 3825/3825/3825 3889/3889/3889 4142/4142/4142
f 3764/3764/3764 3825/3825/3825 4144/4144/4144
f 4146/4146/4146 3700/3700/3700 3764/3764/3764
f 4147/4147/4147 3639/3639/3639 3700/3700/3700
f 4148/4148/4148 3575/3575/3575 3639/3639/3639
f 4149/4149/4149 3512/3512/3512 3575/3575/3575
f 3450/3450/3450 3512/3512/3512 4149/4149/4149
f 3388/3388/3388 3450/3450/3450 4150/4150/4150
f 4152/4152/4152 3324/3324/3324 3388/3388/3388
f 3263/3263/3263 3324/3324/3324 4152/4152/4152
f 4154/4154/4154 3199/3199/3199 3263/3263/3263
f 3137/3137/3137 3199/3199/3199 4154/4154/4154
f 4156/4156/4156 3073/3073/3073 3137/3137/3137
f 3010/3010/3010 3073/3073/3073 4156/4156/4156
f 2948/2948/2948 3010/3010/3010 4157/4157/4157
f 2885/2885/2885 2948/2948/2948 4158/4158/4158
f 2823/2823/2823 2885/2885/2885 4159/4159/4159
f 2760/2760/2760 2823/2823/2823 4160/4160/4160
f 4162/4162/4162 2698/2698/2698 2760/2760/2760
f 2634/2634/2634 2698/2698/2698 4162/4162/4162
f 4164/4164/4164 2573/2573/2573 2634/2634/2634
f 4165/4165/4165 2510/2510/2510 2573/2573/2573
f 4166/4166/4166 2446/2446/2446 2510/2510/2510
f 2385/2385/2385 2446/2446/2446 4166/4166/4166
f 4168/4168/4168 2321/2321/2321 2385/2385/2385
f 2259/2259/2259 2321/2321/2321 4168/4168/4168
f 2197/2197/2197 2259/2259/2259 4169/4169/4169
f 4171/4171/4171 2133/2133/2133 2197/2197/2197
f 2070/2070/2070 2133/2133/2133 4171/4171/4171
f 2007/2007/2007 2070/2070/2070 4172/4172/4172
f 1945/1945/1945 2007/2007/2007 4173/4173/4173
f 1882/1882/1882 1945/1945/1945 4174/4174/4174
f 4176/4176/4176 1819/1819/1819 1882/1882/1882
f 4177/4177/4177 1756/1756/1756 1819/1819/1819
f 4178/4178/4178 1694/1694/1694 1756/1756/1756
f 1632/1632/1632 1694/1694/1694 4178/4178/4178
f 4180/4180/4180 1568/1568/1568 1632/1632/1632
f 1507/1507/1507 1568/1568/1568 4180/4180/4180
f 4182/4182/4182 1443/1443/1443 1507/1507/1507
f 4183/4183/4183 1380/1380/1380 1443/1443/1443
f 1319/1319/1319 1380/1380/1380 4183/4183/4183
f 4185/4185/4185 1256/1256/1256 1319/1319/1319
f 4186/4186/4186 1193/1193/1193 1256/1256/1256
f 4187/4187/4187 1130/1130/1130 1193/1193/1193
f 4188/4188/4188 1068/1068/1068 1130/1130/1130
f 4189/4189/4189 1005/1005/1005 1068/1068/1068
f 943/943/943 1005/1005/1005 4189/4189/4189
f 4191/4191/4191 879/879/879 943/943/943
f 817/817/817 879/879/879 4191/4191/4191
f 755/755/755 817/817/817 4192/4192/4192
f 4194/4194/4194 692/692/692 755/755/755
f 629/629/629 692/692/692 4194/4194/4194
f 566/566/566 629/629/629 4195/4195/4195
f 504/504/504 566/566/566 4196/4196/4196
f 4198/4198/4198 442/442/442 504/504/504
f 378/378/378 442/442/442 4198/4198/4198
f 316/316/316 378/378/378 4199/4199/4199
f 4201/4201/4201 252/252/252 316/316/316
f 190/190/190 252/252/252 4201/4201/4201
f 126/126/126 190/190/190 4202/4202/4202
f 4204/4204/4204 3/3/3 126/126/126
f 3952/3952/3952 1/1/1 3/3/3
# Vertices: 4225, normals: 4225, texture coordinates: 4225, faces: 8192

o obj2
v -3636392.25 -4850166 1
v -3636390.25 -4850168 1
v -3636390.25 -4850166 1
v -3636392.25 -4850168 -1
v -3636390.25 -4850168 -1
v -3636392.25 -4850168 1
v -3636392.25 -4850166 -1
v -3636390.25 -4850166 -1
vn -0.57733 0.57736 0.57736
vn 0.57733 -0.57736 0.57736
vn 0.57737 0.57734 0.57734
vn -0.57733 -0.57736 -0.57736
vn 0.57737 -0.57734 -0.57734
vn -0.57737 -0.57734 0.57734
vn -0.57737 0.57734 -0.57734
vn 0.57733 0.57736 -0.57736
vt 0.875 0.5
vt 0.625 0.75
vt 0.625 0.5
vt 0.375 1
vt 0.375 0.75
vt 0.625 0
vt 0.375 0.25
vt 0.375 0
vt 0.375 0.5
vt 0.125 0.75
vt 0.125 0.5
vt 0.625 0.25
vt 0.875 0.75
vt 0.625 1
usemtl mat1
f 4226/4226/4226 4227/4227/4227 4228/4228/4228
f 4227/4227/4227 4229/4229/4229 4230/4230/4230
f 4231/4231/4231 4232/4232/4232 4229/4233/4229
f 4233/4234/4233 4229/4235/4229 4232/4236/4232
f 4228/4228/4228 4230/4230/4230 4233/4234/4233
f 4226/4237/4226 4233/4234/4233 4232/4232/4232
f 4226/4226/4226 4231/4238/4231 4227/4227/4227
f 4227/4227/4227 4231/4239/4231 4229/4229/4229
f 4231/4231/4231 4226/4237/4226 4232/4232/4232
f 4233/4234/4233 4230/4230/4230 4229/4235/4229
f 4228/4228/4228 4227/4227/4227 4230/4230/4230
f 4226/4237/4226 4228/4228/4228 4233/4234/4233
# Vertices: 8, normals: 8, texture coordinates: 14, faces: 12

